No,種別(日),Type (EN),名称(日本語読み),Name (English),名称(ハングル),ペット可の根拠,広域自治体(日),Region (EN),市郡区(日),City/District (EN),住所(ハングル),電話,Instagram,公式サイト,緯度,経度,評価,口コミ数,Googleマップ,カテゴリ原文(韓)
1,ホテル,Hotel,オバンホテル&コルプ,Eoban Hotel & Golpeu,어반호텔&골프,地図データに明記,ソウル特別市,Seoul,冠岳区,Gwanak-gu,서울 관악구 난곡로64길 5,02-862-6664,,http://pf.kakao.com/_jaxnxan,37.481354,126.914972,4.0,52,"https://www.google.com/maps/search/?api=1&query=37.481354,126.914972",호텔
2,ホテル,Hotel,ロコルスチチ クリエイトタウン ソギョ,Rokeolseutichi Keurieiteo Town Seogyo,로컬스티치 크리에이터타운 서교,地図データに明記,ソウル特別市,Seoul,麻浦区,Mapo-gu,서울 마포구 월드컵북로5길 41,02-332-8601,,https://localstitch.town,37.556264,126.916805,3.0,178,"https://www.google.com/maps/search/?api=1&query=37.556264,126.916805",호텔
3,ホテル,Hotel,レスケイプ ソウル ミョンドン,Reseukeipeu Seoul Myeongdong,레스케이프 서울 명동,地図データに明記,ソウル特別市,Seoul,中区,Jung-gu,서울 중구 퇴계로 67,02-317-4000,,https://les.josunhotel.com/main.do,37.560013,126.979356,3.7,672,"https://www.google.com/maps/search/?api=1&query=37.560013,126.979356",조선호텔
4,ペンション,Pension,カイテク愛犬同伴ペンション,Gaitaek Dog Friendly Pension,가이택애견동반펜션,店名から判断,江原特別自治道,Gangwon,カンヌン市,Gangneung-si,강원특별자치도 강릉시 사천면 해안로 720,1833-9306,,,37.81914,128.890416,3.7,10,"https://www.google.com/maps/search/?api=1&query=37.81914,128.890416",펜션
5,ペンション,Pension,カンヌンデンデンイ愛犬ペンションブルー,Gangneungdaengdaengi Dog Pension Blue,강릉댕댕이애견펜션블루,店名から判断,江原特別自治道,Gangwon,カンヌン市,Gangneung-si,강원특별자치도 강릉시 연곡면 홍질목길 55-29,010-9487-0723,,https://댕댕이펜션.com/,37.864113,128.843508,,75,"https://www.google.com/maps/search/?api=1&query=37.864113,128.843508",펜션
6,ペンション,Pension,カンヌンサダハムペンション,Gangneungsadaham Pension,강릉사다함펜션,地図データに明記,江原特別自治道,Gangwon,カンヌン市,Gangneung-si,강원특별자치도 강릉시 왕산면 방터길 66,010-4009-7421,,,37.64272,128.859932,5.0,11,"https://www.google.com/maps/search/?api=1&query=37.64272,128.859932",펜션
7,ペンション,Pension,キョンポモン愛犬ペンション,Gyeongpomong Dog Pension,경포몽애견펜션,店名から判断,江原特別自治道,Gangwon,カンヌン市,Gangneung-si,강원특별자치도 강릉시 하남길 197-15,010-2191-3376,,http://gyeongpomong.co.kr/,37.808109,128.885688,5.0,48,"https://www.google.com/maps/search/?api=1&query=37.808109,128.885688",펜션
8,ペンション,Pension,キョンポコジペンション 愛犬同伴,Gyeongpokoji Pension Dog Friendly,경포코지펜션 애견동반,店名から判断,江原特別自治道,Gangwon,カンヌン市,Gangneung-si,강원특별자치도 강릉시 난설헌로219번길 22,010-5894-7753,,http://www.cozypension.co.kr,37.794288,128.913468,4.9,30,"https://www.google.com/maps/search/?api=1&query=37.794288,128.913468",펜션
9,ペンション,Pension,コジュノクハンジュムンペンション,Gojeuneokhanjumun Pension,고즈넉한주문펜션,地図データに明記,江原特別自治道,Gangwon,カンヌン市,Gangneung-si,강원특별자치도 강릉시 주문진읍 해안로 1867,,,http://www.고즈넉한주문.com,37.898256,128.834148,4.0,226,"https://www.google.com/maps/search/?api=1&query=37.898256,128.834148",펜션
10,ホテル,Hotel,セイントジョンスホテル,Seinteujonseu Hotel,세인트존스호텔,地図データに明記,江原特別自治道,Gangwon,カンヌン市,Gangneung-si,강원특별자치도 강릉시 창해로 307,033-660-9000,,https://new.stjohns.co.kr,37.791255,128.920974,2.8,2714,"https://www.google.com/maps/search/?api=1&query=37.791255,128.920974",호텔
11,ペンション,Pension,スワレ愛犬同伴ペンション,Suwarae Dog Friendly Pension,수와래애견동반펜션,店名から判断,江原特別自治道,Gangwon,カンヌン市,Gangneung-si,강원특별자치도 강릉시 사천면 순포안길 24,1833-9306,,http://suwarae.kr,37.821907,128.883474,4.5,23,"https://www.google.com/maps/search/?api=1&query=37.821907,128.883474",펜션
12,ペンション,Pension,愛犬ペンションプレンジュ,Dog Pension Peurenjeu,애견펜션프렌즈,店名から判断,江原特別自治道,Gangwon,カンヌン市,Gangneung-si,강원특별자치도 강릉시 하남길 117-4,010-8901-8555,,http://www.ilovefriends.net,37.811767,128.880535,5.0,17,"https://www.google.com/maps/search/?api=1&query=37.811767,128.880535",펜션
13,ペンション,Pension,パインヒル愛犬ペンション,Painhil Dog Pension,파인힐애견펜션,店名から判断,江原特別自治道,Gangwon,カンヌン市,Gangneung-si,강원특별자치도 강릉시 연곡면 동해대로 4371-27,070-7764-7258,,http://pineheal.coja.kr/,37.869175,128.83178,5.0,14,"https://www.google.com/maps/search/?api=1&query=37.869175,128.83178",펜션
14,ペンション,Pension,ハッピーモン愛犬ペンション,Happy Mong Dog Pension,해피몽애견펜션,地図データに明記,江原特別自治道,Gangwon,カンヌン市,Gangneung-si,강원특별자치도 강릉시 성산면 삼왕길 171-13,010-5242-2290,,http://www.happymong.kr,37.756452,128.794367,4.2,5,"https://www.google.com/maps/search/?api=1&query=37.756452,128.794367",펜션
15,ペンション,Pension,コソン ナポルリハウス 愛犬同伴 ペンション,Goseong Napolli House Dog Friendly Pension,고성 나폴리하우스 애견동반 펜션,地図データに明記,江原特別自治道,Gangwon,コソン郡,Goseong-gun,강원특별자치도 고성군 토성면 교암길 24,010-4380-0465,,https://napolihouse.kr/,38.287466,128.54788,4.2,18,"https://www.google.com/maps/search/?api=1&query=38.287466,128.54788",펜션
16,ペンション,Pension,ククファッコッヒャンギ,Gukhwakkothyanggi,국화꽃향기,地図データに明記,江原特別自治道,Gangwon,コソン郡,Goseong-gun,강원특별자치도 고성군 죽왕면 자작도선사길 120-4,033-636-5679,,http://www.kimhain.com/,38.307287,128.541428,4.0,9,"https://www.google.com/maps/search/?api=1&query=38.307287,128.541428",펜션
17,ペンション,Pension,モンステイ,Meong Stay,멍스테이,地図データに明記,江原特別自治道,Gangwon,コソン郡,Goseong-gun,강원특별자치도 고성군 죽왕면 백도해변길 78,010-2820-6530,,http://meongstay.kr,38.301842,128.545239,3.6,14,"https://www.google.com/maps/search/?api=1&query=38.301842,128.545239",펜션
18,ペンション,Pension,パダッガペンション,Badatga Pension,바닷가펜션,地図データに明記,江原特別自治道,Gangwon,コソン郡,Goseong-gun,강원특별자치도 고성군 죽왕면 천학정길 65,010-7108-6935,,,38.293984,128.547452,4.5,18,"https://www.google.com/maps/search/?api=1&query=38.293984,128.547452",펜션
19,ペンション,Pension,パダッガペンション クリスマス,Badatga Pension Keuriseumaseu,바닷가펜션 크리스마스,地図データに明記,江原特別自治道,Gangwon,コソン郡,Goseong-gun,강원특별자치도 고성군 토성면 천진해변길 62,010-4768-6788,,https://www.christmaspension.com/,38.260961,128.558678,4.9,53,"https://www.google.com/maps/search/?api=1&query=38.260961,128.558678",펜션
20,ペンション,Pension,ペルマレペンション,Belmare Pension,벨마레펜션,地図データに明記,江原特別自治道,Gangwon,コソン郡,Goseong-gun,강원특별자치도 고성군 죽왕면 괘진길 44,010-5079-5510,,,38.295488,128.547461,5.0,8,"https://www.google.com/maps/search/?api=1&query=38.295488,128.547461",펜션
21,民宿,Minbak,ソラグィジョンウォン,Seoraguijeongwon,설악의정원,地図データに明記,江原特別自治道,Gangwon,コソン郡,Goseong-gun,강원특별자치도 고성군 토성면 용원로 595,010-4310-2804,,http://seorakgarden.com,38.214577,128.517398,,15,"https://www.google.com/maps/search/?api=1&query=38.214577,128.517398",민박
22,ペンション,Pension,オジュペンション,Ojeu Pension,오즈펜션,地図データに明記,江原特別自治道,Gangwon,コソン郡,Goseong-gun,강원특별자치도 고성군 죽왕면 자작도선사길 72,010-2491-1438,,http://www.psoz.co.kr/,38.310538,128.542057,5.0,31,"https://www.google.com/maps/search/?api=1&query=38.310538,128.542057",펜션
23,ペンション,Pension,トンヘファントミンバクペンション,Donghaehwangtominbak Pension,동해황토민박펜션,地図データに明記,江原特別自治道,Gangwon,トンヘ市,Donghae-si,강원특별자치도 동해시 분토길 188-7,010-6372-6459,,http://www.동해펜션.한국,37.508721,129.095722,4.9,133,"https://www.google.com/maps/search/?api=1&query=37.508721,129.095722",펜션
24,ペンション,Pension,スターピチペンション,Star Bichi Pension,스타비치펜션,地図データに明記,江原特別自治道,Gangwon,トンヘ市,Donghae-si,강원특별자치도 동해시 망상길 39,1833-9306,,https://starbeachps.co.kr/,37.590596,129.088856,4.6,144,"https://www.google.com/maps/search/?api=1&query=37.590596,129.088856",펜션
25,民宿,Minbak,ファントフクペンション ックムィデファ,Hwangtoheuk Pension Kkumuidaehwa,황토흙펜션 꿈의대화,地図データに明記,江原特別自治道,Gangwon,トンヘ市,Donghae-si,강원특별자치도 동해시 느릅재길 326-12,010-8388-8874,,,37.559433,129.077911,5.0,20,"https://www.google.com/maps/search/?api=1&query=37.559433,129.077911",민박
26,ペンション,Pension,グリーンヒャン愛犬同伴ペンション,Green Hyang Dog Friendly Pension,그린향애견동반펜션,店名から判断,江原特別自治道,Gangwon,サムチョク市,Samcheok-si,강원특별자치도 삼척시 근덕면 용화안길 81-6,1833-9306,,http://greenhyang.kr/,37.2855,129.299655,5.0,11,"https://www.google.com/maps/search/?api=1&query=37.2855,129.299655",펜션
27,ペンション,Pension,シンナゲ愛犬ペンション,Sinnagae Dog Pension,신나개애견펜션,店名から判断,江原特別自治道,Gangwon,サムチョク市,Samcheok-si,강원특별자치도 삼척시 근덕면 덕산해안로 78,010-2989-9595,,https://joydog.co.kr,37.381881,129.243409,,19,"https://www.google.com/maps/search/?api=1&query=37.381881,129.243409",펜션
28,ペンション,Pension,ソクチョ ウォルド愛犬同伴ペンション,Sokcho Woldeu Dog Friendly Pension,속초 월드애견동반펜션,店名から判断,江原特別自治道,Gangwon,ソクチョ市,Sokcho-si,강원특별자치도 속초시 새마을13길 16,1833-9306,,https://속초월드펜션.com/,38.186246,128.604581,2.5,11,"https://www.google.com/maps/search/?api=1&query=38.186246,128.604581",펜션
29,ホテル,Hotel,ウォルドスカイホテル,Woldeuseukai Hotel,월드스카이호텔,地図データに明記,江原特別自治道,Gangwon,ソクチョ市,Sokcho-si,강원특별자치도 속초시 청초호반로 267,1670-0664,,https://www.world-sky.kr/,38.201128,128.58642,4.2,129,"https://www.google.com/maps/search/?api=1&query=38.201128,128.58642",호텔
30,ペンション,Pension,ポレストベルリペンション,Poreseuteubaelli Pension,포레스트밸리펜션,地図データに明記,江原特別自治道,Gangwon,ヤング郡,Yanggu-gun,강원특별자치도 양구군 방산면 성곡로 1562-8,010-8675-8161,,https://booking.naver.com/booking/3/bizes/546457,38.186069,127.951652,5.0,304,"https://www.google.com/maps/search/?api=1&query=38.186069,127.951652",펜션
31,ペンション,Pension,ポルラベオ 愛犬ペンション,Pollabeeo Dog Pension,폴라베어 애견펜션,地図データに明記,江原特別自治道,Gangwon,ヤング郡,Yanggu-gun,강원특별자치도 양구군 양구읍 박수근로365번길 29-23,010-2941-0603,,https://m.blog.naver.com/polar0603,38.104423,127.976997,3.0,1,"https://www.google.com/maps/search/?api=1&query=38.104423,127.976997",펜션
32,ペンション,Pension,カンイネハウス,Gangine House,강이네하우스,地図データに明記,江原特別自治道,Gangwon,ヤンヤン郡,Yangyang-gun,강원특별자치도 양양군 서면 상평1길 17-2,010-2480-2333,,,38.066925,128.583353,,7,"https://www.google.com/maps/search/?api=1&query=38.066925,128.583353",펜션
33,ペンション,Pension,クランブルーグランピング&ペンション,Geurang Blue Glamping & Pension,그랑블루글램핑&펜션,地図データに明記,江原特別自治道,Gangwon,ヤンヤン郡,Yangyang-gun,강원특별자치도 양양군 강현면 동해대로 3275,010-9968-8255,,http://www.grandblue.co.kr,38.131692,128.61927,3.0,66,"https://www.google.com/maps/search/?api=1&query=38.131692,128.61927",펜션
34,ペンション,Pension,ソクチョ愛犬ペンション ヤンヤンハッピープルレイス,Sokcho Dog Pension Yangyang Happy Peulleiseu,속초애견펜션 양양해피플레이스,地図データに明記,江原特別自治道,Gangwon,ヤンヤン郡,Yangyang-gun,강원특별자치도 양양군 강현면 중복골길 11,010-2750-2749,,http://happyplacepension.co.kr,38.14124,128.57237,3.5,36,"https://www.google.com/maps/search/?api=1&query=38.14124,128.57237",펜션
35,ペンション,Pension,ヤンヤン クルレムドク 愛犬ペンション,Yangyang Geullaemdok Dog Pension,양양 글램독 애견펜션,店名から判断,江原特別自治道,Gangwon,ヤンヤン郡,Yangyang-gun,강원특별자치도 양양군 현남면 화상천로 46,010-9397-2597,,https://site.onda.me/126265,37.927298,128.787812,4.4,84,"https://www.google.com/maps/search/?api=1&query=37.927298,128.787812",펜션
36,民宿,Minbak,ヤンヤンビンチジハウス,Yangyangbintiji House,양양빈티지하우스,地図データに明記,江原特別自治道,Gangwon,ヤンヤン郡,Yangyang-gun,강원특별자치도 양양군 손양면 수산2길 16-11,010-9062-2315,,https://vintagehouseps.imweb.me,38.077973,128.67152,4.2,7,"https://www.google.com/maps/search/?api=1&query=38.077973,128.67152",민박
37,ペンション,Pension,ヨンペンション,Yong Pension,용펜션,地図データに明記,江原特別自治道,Gangwon,ヤンヤン郡,Yangyang-gun,강원특별자치도 양양군 강현면 복골길269번길 22-23,010-3028-7086,,http://page.yapen.co.kr/45800,38.142731,128.557608,5.0,9,"https://www.google.com/maps/search/?api=1&query=38.142731,128.557608",펜션
38,ペンション,Pension,ヘットヌンチャンムン愛犬同伴オションビュペンション,Haetteuneunchangmun Dog Friendly Osyeonbyu Pension,해뜨는창문애견동반오션뷰펜션,店名から判断,江原特別自治道,Gangwon,ヤンヤン郡,Yangyang-gun,강원특별자치도 양양군 강현면 동해대로 3359,1833-9306,,http://sunrisewindow.kr,38.137971,128.615726,2.6,29,"https://www.google.com/maps/search/?api=1&query=38.137971,128.615726",펜션
39,ペンション,Pension,サラムグァジャヨンペンション,Saramgwajayeon Pension,사람과자연펜션,地図データに明記,江原特別自治道,Gangwon,ヨンウォル郡,Yeongwol-gun,강원특별자치도 영월군 주천면 평창강로 67-1,070-4364-9428,,https://hnpension.kr,37.294029,128.333323,3.1,8,"https://www.google.com/maps/search/?api=1&query=37.294029,128.333323",펜션
40,ペンション,Pension,ウォンジュ クィレ630 愛犬プールヴィラ,Wonju Gwirae 630 Dog Pool Villa,원주 귀래630 애견풀빌라,店名から判断,江原特別自治道,Gangwon,ウォンジュ市,Wonju-si,강원특별자치도 원주시 귀래면 지둔길 123,010-8792-9188,,https://cafe.naver.com/girae630,37.162116,127.838641,5.0,43,"https://www.google.com/maps/search/?api=1&query=37.162116,127.838641",펜션
41,ペンション,Pension,チョルォン ケレンシアペンション,Cheorwon Kerensia Pension,철원 케렌시아펜션,地図データに明記,江原特別自治道,Gangwon,チョルォン郡,Cheorwon-gun,강원특별자치도 철원군 동송읍 창동로 2282,010-5383-4466,,http://www.qrca.co.kr,38.182899,127.276403,4.0,32,"https://www.google.com/maps/search/?api=1&query=38.182899,127.276403",펜션
42,ペンション,Pension,トグエンステイ,Dogeuaen Stay,도그앤스테이,店名から判断,江原特別自治道,Gangwon,チュンチョン市,Chuncheon-si,강원특별자치도 춘천시 남산면 갯골길 10-13,1833-9306,,http://dogandstay.com/,37.801812,127.636355,2.5,16,"https://www.google.com/maps/search/?api=1&query=37.801812,127.636355",펜션
43,ペンション,Pension,スハニェ カムジョンニジョム,Suhanye Gamjeongnijeom,수한예 감정리점,地図データに明記,江原特別自治道,Gangwon,チュンチョン市,Chuncheon-si,강원특별자치도 춘천시 동면 연산골길 230,010-8879-4358,,https://naver.me/5UrCyQr9,37.887096,127.792961,,69,"https://www.google.com/maps/search/?api=1&query=37.887096,127.792961",펜션
44,ペンション,Pension,スハニェ チャンハンニジョム,Suhanye Janghangnijeom,수한예 장학리점,地図データに明記,江原特別自治道,Gangwon,チュンチョン市,Chuncheon-si,강원특별자치도 춘천시 동면 하일길 197,0507-1329-4358,https://www.instagram.com/s.h.y123/?hl=ko,,37.905013,127.753678,5.0,42,"https://www.google.com/maps/search/?api=1&query=37.905013,127.753678",펜션
45,ペンション,Pension,ステイルビ,Stay Rubi,스테이루비,地図データに明記,江原特別自治道,Gangwon,チュンチョン市,Chuncheon-si,강원특별자치도 춘천시 동내면 거두길 265-67,010-6365-7671,,https://m.blog.naver.com/claudiaeo,37.862127,127.784348,5.0,44,"https://www.google.com/maps/search/?api=1&query=37.862127,127.784348",펜션
46,ペンション,Pension,チュンチョン愛犬ペンション ッコッギルマン コッゲ,Chuncheon Dog Pension Kkotgilman Geotgae,춘천애견펜션 꽃길만 걷개,地図データに明記,江原特別自治道,Gangwon,チュンチョン市,Chuncheon-si,강원특별자치도 춘천시 남면 한덕발산길 61,010-4687-2097,,http://flowerdogss.com,37.680315,127.613995,5.0,7,"https://www.google.com/maps/search/?api=1&query=37.680315,127.613995",펜션
47,ペンション,Pension,トルステイ,Toreu Stay,토르스테이,地図データに明記,江原特別自治道,Gangwon,チュンチョン市,Chuncheon-si,강원특별자치도 춘천시 신북읍 문정3길 46-5,0502-5552-9946,,https://blog.naver.com/thor__stay,37.936049,127.760301,,38,"https://www.google.com/maps/search/?api=1&query=37.936049,127.760301",펜션
48,ペンション,Pension,ハッピースデイ愛犬ペンション,Happy Seudei Dog Pension,해피스데이애견펜션,地図データに明記,江原特別自治道,Gangwon,チュンチョン市,Chuncheon-si,강원특별자치도 춘천시 남산면 방하로 688-16,010-9080-8363,,https://happysday-pet.kr/,37.791504,127.532259,5.0,212,"https://www.google.com/maps/search/?api=1&query=37.791504,127.532259",펜션
49,ペンション,Pension,トグミルリ,Dogeumilli,도그밀리,地図データに明記,江原特別自治道,Gangwon,ピョンチャン郡,Pyeongchang-gun,강원특별자치도 평창군 방림면 감동지길 100,010-9010-0660,,http://dogmily.co.kr,37.47814,128.272949,5.0,8,"https://www.google.com/maps/search/?api=1&query=37.47814,128.272949",펜션
50,ペンション,Pension,ピョンチャン プルランダス 愛犬ペンション,Pyeongchang Peullandaseu Dog Pension,평창 플란다스 애견펜션,地図データに明記,江原特別自治道,Gangwon,ピョンチャン郡,Pyeongchang-gun,강원특별자치도 평창군 봉평면 흥정계곡길 394,010-2321-2024,,http://fdpension.kr/,37.642544,128.33187,3.0,7,"https://www.google.com/maps/search/?api=1&query=37.642544,128.33187",펜션
51,ペンション,Pension,ノナウリ,Neonauri,너나우리,地図データに明記,江原特別自治道,Gangwon,ホンチョン郡,Hongcheon-gun,강원특별자치도 홍천군 서면 한서로 1152,010-8994-0316,,http://www.unitogether.co.kr,37.654582,127.612711,,5,"https://www.google.com/maps/search/?api=1&query=37.654582,127.612711",펜션
52,ペンション,Pension,テンオルラ,Daengolla,댕올라,地図データに明記,江原特別自治道,Gangwon,ホンチョン郡,Hongcheon-gun,강원특별자치도 홍천군 남면 명동길35번길 71,010-808-2586,https://instagram.com/dang_hola,,37.630942,127.758807,5.0,18,"https://www.google.com/maps/search/?api=1&query=37.630942,127.758807",펜션
53,ペンション,Pension,モンバク フクジプサランペンション,Meongbak Heukjipsarang Pension,멍박 흙집사랑펜션,地図データに明記,江原特別自治道,Gangwon,ホンチョン郡,Hongcheon-gun,강원특별자치도 홍천군 북방면 성동로 1480,033-433-0099,,http://blog.naver.com/mungvac,37.817419,127.846972,1.0,0,"https://www.google.com/maps/search/?api=1&query=37.817419,127.846972",펜션
54,ペンション,Pension,パンスヒルリゾート,Banseuhil Resort,반스힐리조트,地図データに明記,江原特別自治道,Gangwon,ホンチョン郡,Hongcheon-gun,강원특별자치도 홍천군 서면 상귀량길 193,010-3300-7658,,http://www.barnshillresort.com/,37.655774,127.648369,4.0,546,"https://www.google.com/maps/search/?api=1&query=37.655774,127.648369",펜션
55,ホテル,Hotel,ソノペックラブエンリゾート ピバルヂパーク,Sonopet Club Aen Resort Bibaldi Park,소노펫클럽앤리조트 비발디파크,店名から判断,江原特別自治道,Gangwon,ホンチョン郡,Hongcheon-gun,강원특별자치도 홍천군 서면 한치골길 262,1588-4888,,https://www.sonohotelsresorts.com/daemyung.vp.sonopet.pet_randing.ds/dmparse.dm,37.648199,127.683086,4.0,687,"https://www.google.com/maps/search/?api=1&query=37.648199,127.683086",소노호텔앤리조트
56,ペンション,Pension,ッスリウェイペンション,Sseuriwei Pension,쓰리웨이펜션,地図データに明記,江原特別自治道,Gangwon,ホンチョン郡,Hongcheon-gun,강원특별자치도 홍천군 홍천읍 높은터로 330,010-3560-7778,,http://쓰리웨이펜션.urr.kr,37.639984,127.850791,,87,"https://www.google.com/maps/search/?api=1&query=37.639984,127.850791",펜션
57,ペンション,Pension,エルペロ 愛犬リゾート&ペンション,Elpero Dog Resort & Pension,엘페로 애견리조트&펜션,店名から判断,江原特別自治道,Gangwon,ホンチョン郡,Hongcheon-gun,강원특별자치도 홍천군 서면 한서로 2019,0507-1404-2032,,http://elperro.co.kr,37.624842,127.663247,5.0,33,"https://www.google.com/maps/search/?api=1&query=37.624842,127.663247",펜션
58,ペンション,Pension,オユウォン,Oyuwon,오유원,地図データに明記,江原特別自治道,Gangwon,ホンチョン郡,Hongcheon-gun,강원특별자치도 홍천군 서면 한치골길 83-5,010-8745-4775,https://instagram.com/ouwon_official,,37.62958,127.668268,5.0,63,"https://www.google.com/maps/search/?api=1&query=37.62958,127.668268",펜션
59,ペンション,Pension,ユドクピア,Yudokpia,유독피아,地図データに明記,江原特別自治道,Gangwon,ホンチョン郡,Hongcheon-gun,강원특별자치도 홍천군 내촌면 문현동길 129-13,010-6254-6842,,https://udogpia.imweb.me/Location,37.801523,128.096014,4.1,232,"https://www.google.com/maps/search/?api=1&query=37.801523,128.096014",펜션
60,ペンション,Pension,ペンションアイリス,Pension Airiseu,펜션아이리스,地図データに明記,江原特別自治道,Gangwon,ホンチョン郡,Hongcheon-gun,강원특별자치도 홍천군 서면 굴업솔골길 60-9,010-9043-8977,,http://www.pensioniris.co.kr,37.621558,127.675165,5.0,19,"https://www.google.com/maps/search/?api=1&query=37.621558,127.675165",펜션
61,ペンション,Pension,ペッチウム愛犬ペンション,Pettium Dog Pension,펫티움애견펜션,地図データに明記,江原特別自治道,Gangwon,ホンチョン郡,Hongcheon-gun,강원특별자치도 홍천군 서면 한서로 2344-14,010-2390-6336,,http://www.petium.co.kr/,37.609056,127.68833,5.0,42,"https://www.google.com/maps/search/?api=1&query=37.609056,127.68833",펜션
62,ペンション,Pension,プルステイステイペッ ホンチョン,Pul Stay Stay Pet Hongcheon,풀스테이스테이펫 홍천,店名から判断,江原特別自治道,Gangwon,ホンチョン郡,Hongcheon-gun,강원특별자치도 홍천군 화촌면 답연밭길 5,010-4335-5058,,https://staypethc.com/hongchun,37.738023,128.027861,3.1,334,"https://www.google.com/maps/search/?api=1&query=37.738023,128.027861",펜션
63,ペンション,Pension,ホンチョナデルペンション,Hongcheonadel Pension,홍천아델펜션,地図データに明記,江原特別自治道,Gangwon,ホンチョン郡,Hongcheon-gun,강원특별자치도 홍천군 서면 굴업솔골길 60,033-435-7799,,http://www.adelpension.com,37.621457,127.674412,4.9,14,"https://www.google.com/maps/search/?api=1&query=37.621457,127.674412",펜션
64,宿泊施設,Accommodation,ヒルリオンスソンマウル,Hillieonseuseonmaeul,힐리언스선마을,地図データに明記,江原特別自治道,Gangwon,ホンチョン郡,Hongcheon-gun,강원특별자치도 홍천군 서면 종자산길 122,1588-9983,,https://www.healience.co.kr/,37.651529,127.630379,3.7,402,"https://www.google.com/maps/search/?api=1&query=37.651529,127.630379",숙박
65,ペンション,Pension,トグマシル ケニスメイジョ,Dogeumasil Keniseumeijeo,도그마실 케니스메이저,地図データに明記,江原特別自治道,Gangwon,フェンソン郡,Hoengseong-gun,강원특별자치도 횡성군 횡성읍 송전로 77,0507-1341-8352,,https://www.dogmasil.com,37.534123,128.021397,,52,"https://www.google.com/maps/search/?api=1&query=37.534123,128.021397",펜션
66,ペンション,Pension,ウィドペッヴィレッジ,Wideupet Village,위드펫빌리지,店名から判断,江原特別自治道,Gangwon,フェンソン郡,Hoengseong-gun,강원특별자치도 횡성군 서원면 월송석화로 183-23,010-5069-0782,,https://withpetvillage.co.kr/,37.457227,127.807031,5.0,13,"https://www.google.com/maps/search/?api=1&query=37.457227,127.807031",펜션
67,ペンション,Pension,ペット704,Pet 704,펫704,地図データに明記,江原特別自治道,Gangwon,フェンソン郡,Hoengseong-gun,강원특별자치도 횡성군 서원면 서원서로 704,010-4402-8702,,http://pet704.co.kr,37.513191,127.800844,5.0,31,"https://www.google.com/maps/search/?api=1&query=37.513191,127.800844",펜션
68,ペンション,Pension,フェンソン モスィメルロウ プールヴィラ伴侶犬 同伴カヌン,Hoengseong Meoswimellou Pool Villa Dog Friendly Ganeung,횡성 머쉬멜로우 풀빌라반려견 동반가능,地図データに明記,江原特別自治道,Gangwon,フェンソン郡,Hoengseong-gun,강원특별자치도 횡성군 둔내면 고원로425번길 9-4,010-2248-9587,,http://www.mm-pension.com/,37.497608,128.242676,3.0,2,"https://www.google.com/maps/search/?api=1&query=37.497608,128.242676",펜션
69,ペンション,Pension,カボジャ愛犬プールヴィラペンション,Gaboja Dog Pool Villa Pension,가보자애견풀빌라펜션,店名から判断,京畿道,Gyeonggi-do,カピョン郡,Gapyeong-gun,경기 가평군 상면 서대길 55-6,1833-9306,,,37.776665,127.380675,4.8,30,"https://www.google.com/maps/search/?api=1&query=37.776665,127.380675",펜션
70,ペンション,Pension,カピョン テンデンイ愛犬ペンション シルボ,Gapyeong Daengdaengi Dog Pension Silbeo,가평 댕댕이애견펜션 실버,店名から判断,京畿道,Gyeonggi-do,カピョン郡,Gapyeong-gun,경기 가평군 가평읍 복장포길 118-5,1833-9306,,https://dangdangi.kr/,37.739406,127.50191,,64,"https://www.google.com/maps/search/?api=1&query=37.739406,127.50191",펜션
71,ペンション,Pension,カピョン チンドンデン愛犬スパプールヴィラ,Gapyeong Dingdongdaeng Dog Seupa Pool Villa,가평 딩동댕애견스파풀빌라,店名から判断,京畿道,Gyeonggi-do,カピョン郡,Gapyeong-gun,경기 가평군 상면 임초밤안골로 247-14,010-3331-0123,,,37.749882,127.365186,3.8,293,"https://www.google.com/maps/search/?api=1&query=37.749882,127.365186",펜션
72,ペンション,Pension,カピョン ップッチドク愛犬ペンション,Gapyeong Ppeuttidok Dog Pension,가평 쁘띠독애견펜션,店名から判断,京畿道,Gyeonggi-do,カピョン郡,Gapyeong-gun,경기 가평군 설악면 유명로 2526,010-5505-4452,,http://www.petitedog.kr/,37.719289,127.432772,4.6,35,"https://www.google.com/maps/search/?api=1&query=37.719289,127.432772",펜션
73,ペンション,Pension,カピョン ペンミルリ愛犬ペンション,Gapyeong Penmilli Dog Pension,가평 펫밀리애견펜션,店名から判断,京畿道,Gyeonggi-do,カピョン郡,Gapyeong-gun,경기 가평군 가평읍 잎너비길 35-237,010-3361-7008,,http://petmillieps.com,37.85063,127.511612,,25,"https://www.google.com/maps/search/?api=1&query=37.85063,127.511612",펜션
74,ペンション,Pension,カピョングルレムドク愛犬ペンション カピョンジョム,Gapyeonggeullaemdok Dog Pension Gapyeongjeom,가평글램독애견펜션 가평점,店名から判断,京畿道,Gyeonggi-do,カピョン郡,Gapyeong-gun,경기 가평군 가평읍 가화로 438-52,010-9196-2597,,https://site.onda.me/127867/,37.854398,127.508069,5.0,48,"https://www.google.com/maps/search/?api=1&query=37.854398,127.508069",펜션
75,ペンション,Pension,カピョンデンデンイ 愛犬プールヴィラペンション ブルー,Gapyeongdaengdaengi Dog Pool Villa Pension Blue,가평댕댕이 애견풀빌라펜션 블루,店名から判断,京畿道,Gyeonggi-do,カピョン郡,Gapyeong-gun,경기 가평군 가평읍 잎너비길 17-192,1833-9306,,http://gioiapoolvilla.co.kr,37.85494,127.513145,4.7,33,"https://www.google.com/maps/search/?api=1&query=37.85494,127.513145",펜션
76,ペンション,Pension,コルドスプン愛犬プールヴィラ,Goldeuseupun Dog Pool Villa,골드스푼애견풀빌라,店名から判断,京畿道,Gyeonggi-do,カピョン郡,Gapyeong-gun,경기 가평군 상면 임초밤안골로 119-100,010-7313-9059,,http://골드스푼애견풀빌라.com,37.75718,127.373232,5.0,117,"https://www.google.com/maps/search/?api=1&query=37.75718,127.373232",펜션
77,ペンション,Pension,クルレムドク愛犬ペンション チョンピョンジョム,Geullaemdok Dog Pension Cheongpyeongjeom,글램독애견펜션 청평점,店名から判断,京畿道,Gyeonggi-do,カピョン郡,Gapyeong-gun,경기 가평군 청평면 고재길 218-33,010-3590-2597,,https://site.onda.me/128658/,37.70212,127.511644,4.1,77,"https://www.google.com/maps/search/?api=1&query=37.70212,127.511644",펜션
78,ペンション,Pension,テンデンイ愛犬一棟貸しペンションポプル,Daengdaengi Dog Whole House Pension Peopeul,댕댕이애견독채펜션퍼플,店名から判断,京畿道,Gyeonggi-do,カピョン郡,Gapyeong-gun,경기 가평군 조종면 와곡길 93-70,1833-9306,https://www.instagram.com/sosin_pension/,,37.870839,127.353224,5.0,69,"https://www.google.com/maps/search/?api=1&query=37.870839,127.353224",펜션
79,ペンション,Pension,テンデンイ愛犬ペンショングリーン,Daengdaengi Dog Pension Green,댕댕이애견펜션그린,店名から判断,京畿道,Gyeonggi-do,カピョン郡,Gapyeong-gun,경기 가평군 가평읍 잎너비길 17-80,1833-9306,,https://marusanps.co.kr/,37.850365,127.509292,5.0,80,"https://www.google.com/maps/search/?api=1&query=37.850365,127.509292",펜션
80,宿泊施設,Accommodation,同伴84グランピング&プールヴィラカラバンペンション,Friendly 84 Glamping & Pool Villa Caravan Pension,동반84글램핑&풀빌라카라반펜션,地図データに明記,京畿道,Gyeonggi-do,カピョン郡,Gapyeong-gun,경기 가평군 가평읍 태봉두밀로596번길 84,070-4630-6459,,https://dongban.co.kr/,37.811198,127.429707,5.0,5,"https://www.google.com/maps/search/?api=1&query=37.811198,127.429707",글램핑장
81,ペンション,Pension,トハミブチクビル,Deuhamibutikeubil,드하미부티크빌,地図データに明記,京畿道,Gyeonggi-do,カピョン郡,Gapyeong-gun,경기 가평군 청평면 북한강로 1493-52,010-5857-1493,,https://linktr.ee/dehami,37.653083,127.376485,4.6,176,"https://www.google.com/maps/search/?api=1&query=37.653083,127.376485",펜션
82,ペンション,Pension,モンベルリ愛犬プールヴィラ,Meongbaelli Dog Pool Villa,멍밸리애견풀빌라,地図データに明記,京畿道,Gyeonggi-do,カピョン郡,Gapyeong-gun,경기 가평군 상면 수목원로164번길 16,010-5662-8910,,,37.762639,127.361856,3.2,33,"https://www.google.com/maps/search/?api=1&query=37.762639,127.361856",펜션
83,ペンション,Pension,モナコペンション,Monako Pension,모나코펜션,地図データに明記,京畿道,Gyeonggi-do,カピョン郡,Gapyeong-gun,경기 가평군 상면 임초밤안골로 252,010-9151-5687,,https://blog.naver.com/ahskzh5687,37.750549,127.364142,4.0,269,"https://www.google.com/maps/search/?api=1&query=37.750549,127.364142",펜션
84,ペンション,Pension,モモ愛犬プールヴィラ,Momo Dog Pool Villa,모모애견풀빌라,店名から判断,京畿道,Gyeonggi-do,カピョン郡,Gapyeong-gun,경기 가평군 상면 수목원로 170-5,010-8694-6334,,http://모모애견풀빌라.com/,37.763365,127.364222,5.0,119,"https://www.google.com/maps/search/?api=1&query=37.763365,127.364222",펜션
85,ペンション,Pension,モアイ 愛犬同伴プールヴィラペンション,Moai Dog Friendly Pool Villa Pension,모아이 애견동반풀빌라펜션,地図データに明記,京畿道,Gyeonggi-do,カピョン郡,Gapyeong-gun,경기 가평군 상면 수목원로164번길 29,010-3983-2789,,https://www.moaipetpoolvilla.co.kr/,37.761216,127.361504,,193,"https://www.google.com/maps/search/?api=1&query=37.761216,127.361504",펜션
86,ペンション,Pension,パビ愛犬プールヴィラ,Babi Dog Pool Villa,바비애견풀빌라,店名から判断,京畿道,Gyeonggi-do,カピョン郡,Gapyeong-gun,경기 가평군 상면 임초밤안골로 119-104,010-7903-1289,,http://xn--l89a28r0td9tcgb284fpu0a.com/,37.756849,127.372552,5.0,200,"https://www.google.com/maps/search/?api=1&query=37.756849,127.372552",펜션
87,ペンション,Pension,ポニハニ愛犬ペンション,Bonihani Dog Pension,보니하니애견펜션,店名から判断,京畿道,Gyeonggi-do,カピョン郡,Gapyeong-gun,경기 가평군 상면 임초밤안골로 153-23,010-7397-1916,,http://www.보니하니애견펜션.com,37.755155,127.371886,4.4,90,"https://www.google.com/maps/search/?api=1&query=37.755155,127.371886",펜션
88,ペンション,Pension,ピビ&ションション伴侶犬ペンション,Bibi & Syongsyong Dog Pension,비비&숑숑반려견펜션,地図データに明記,京畿道,Gyeonggi-do,カピョン郡,Gapyeong-gun,경기 가평군 상면 청군로 1556,0503-7151-5975,,https://bibisyongsyong.com/,37.821767,127.321751,5.0,153,"https://www.google.com/maps/search/?api=1&query=37.821767,127.321751",펜션
89,ペンション,Pension,スイートモン,Sweet Mong,스위트몽,地図データに明記,京畿道,Gyeonggi-do,カピョン郡,Gapyeong-gun,경기 가평군 상면 축령로 102,031-585-6155,,http://www.sweetmong.com,37.774586,127.360973,4.3,19,"https://www.google.com/maps/search/?api=1&query=37.774586,127.360973",펜션
90,ペンション,Pension,スペインマウル ラスブルランカス ペンション,Seupeinmaeul Raseubeullangkaseu Pension,스페인마을 라스블랑카스 펜션,地図データに明記,京畿道,Gyeonggi-do,カピョン郡,Gapyeong-gun,경기 가평군 청평면 남이터길 54-12,0502-5553-7660,,http://lasblancas.co.kr,37.689444,127.371647,4.1,330,"https://www.google.com/maps/search/?api=1&query=37.689444,127.371647",펜션
91,ペンション,Pension,アト愛犬同伴ペンション,Ateu Dog Friendly Pension,아트애견동반펜션,店名から判断,京畿道,Gyeonggi-do,カピョン郡,Gapyeong-gun,경기 가평군 청평면 고재길 13-30,1833-9306,,http://art-petps.kr,37.714966,127.504527,3.8,12,"https://www.google.com/maps/search/?api=1&query=37.714966,127.504527",펜션
92,ペンション,Pension,オブルリホワイトペッ,Obeulli White Pet,오블리화이트펫,店名から判断,京畿道,Gyeonggi-do,カピョン郡,Gapyeong-gun,경기 가평군 상면 임초밤안골로 251,,,http://오블리.com,37.750058,127.364251,3.6,49,"https://www.google.com/maps/search/?api=1&query=37.750058,127.364251",펜션
93,カラバン,Caravan,オルデンカラバン&ペンション,Olden Caravan & Pension,올덴카라반&펜션,地図データに明記,京畿道,Gyeonggi-do,カピョン郡,Gapyeong-gun,경기 가평군 청평면 고성리 22,010-4273-2588,,,37.702208,127.516967,,165,"https://www.google.com/maps/search/?api=1&query=37.702208,127.516967",카라반
94,ペンション,Pension,チェイモン愛犬ペンション,Jeimong Dog Pension,제이몽애견펜션,店名から判断,京畿道,Gyeonggi-do,カピョン郡,Gapyeong-gun,경기 가평군 청평면 호명리길 234,1833-9306,,https://jmongpet.co.kr,37.73412,127.471773,3.6,49,"https://www.google.com/maps/search/?api=1&query=37.73412,127.471773",펜션
95,ペンション,Pension,チェリモン愛犬プールヴィラ,Cherimong Dog Pool Villa,체리몽애견풀빌라,店名から判断,京畿道,Gyeonggi-do,カピョン郡,Gapyeong-gun,경기 가평군 상면 임초밤안골로 119-102,010-9295-2069,,http://체리몽애견풀빌라.com/,37.757204,127.37297,5.0,70,"https://www.google.com/maps/search/?api=1&query=37.757204,127.37297",펜션
96,ペンション,Pension,チェリスィ愛犬ペンション,Cheriswi Dog Pension,체리쉬애견펜션,店名から判断,京畿道,Gyeonggi-do,カピョン郡,Gapyeong-gun,경기 가평군 북면 가화로 2925,010-8914-5538,,,37.980509,127.446877,2.0,11,"https://www.google.com/maps/search/?api=1&query=37.980509,127.446877",펜션
97,ペンション,Pension,ポシーズンペルリ キェゴク愛犬ペンション,Po Season Baelli Gyegok Dog Pension,포시즌밸리 계곡애견펜션,店名から判断,京畿道,Gyeonggi-do,カピョン郡,Gapyeong-gun,경기 가평군 북면 백둔로 389,010-2565-9362,,,37.901569,127.46583,1.0,135,"https://www.google.com/maps/search/?api=1&query=37.901569,127.46583",펜션
98,ペンション,Pension,プルレイドク愛犬プールヴィラ,Peulleidok Dog Pool Villa,플레이독애견풀빌라,地図データに明記,京畿道,Gyeonggi-do,カピョン郡,Gapyeong-gun,경기 가평군 상면 수목원로 391-25,010-7596-8373,https://www.instagram.com/_playdog/,,37.746514,127.35416,4.2,182,"https://www.google.com/maps/search/?api=1&query=37.746514,127.35416",펜션
99,ペンション,Pension,ハルガンアジ,Harugangaji,하루강아지,地図データに明記,京畿道,Gyeonggi-do,カピョン郡,Gapyeong-gun,경기 가평군 상면 수목원로386번길 12-17,010-4046-4645,,,37.749139,127.352326,3.0,61,"https://www.google.com/maps/search/?api=1&query=37.749139,127.352326",펜션
100,ペンション,Pension,ハルプペンション,Hareup Pension,하릅펜션,地図データに明記,京畿道,Gyeonggi-do,カピョン郡,Gapyeong-gun,경기 가평군 북면 백둔로 61-76,010-2653-3539,,http://www.hareup.co.kr,37.896204,127.493646,4.6,99,"https://www.google.com/maps/search/?api=1&query=37.896204,127.493646",펜션
101,ペンション,Pension,ハイモン愛犬ペンション,High Mong Dog Pension,하이몽애견펜션,店名から判断,京畿道,Gyeonggi-do,カピョン郡,Gapyeong-gun,경기 가평군 상면 축령로 171-24,1833-9306,,https://himongpension.kr/main.html,37.774836,127.356131,4.7,69,"https://www.google.com/maps/search/?api=1&query=37.774836,127.356131",펜션
102,ホテル,Hotel,ソノカム コヤン,Sonokam Goyang,소노캄 고양,地図データに明記,京畿道,Gyeonggi-do,コヤン市イルサンドン区,Goyang-si Ilsandong-gu,경기 고양시 일산동구 태극로 20,1588-4888,,https://www.sonohotelsresorts.com/calm_gy/,37.661925,126.750809,3.8,721,"https://www.google.com/maps/search/?api=1&query=37.661925,126.750809",소노호텔앤리조트
103,ホテル,Hotel,ソノペックラブエンリゾート コヤン,Sonopet Club Aen Resort Goyang,소노펫클럽앤리조트 고양,地図データに明記,京畿道,Gyeonggi-do,コヤン市イルサンドン区,Goyang-si Ilsandong-gu,경기 고양시 일산동구 태극로 20,031-927-7700,,,37.661925,126.750809,4.0,9,"https://www.google.com/maps/search/?api=1&query=37.661925,126.750809",소노호텔앤리조트
104,民宿,Minbak,チョンオンペンション,Jeongon Pension,정온펜션,地図データに明記,京畿道,Gyeonggi-do,クァンジュ市,Gwangju-si,경기 광주시 퇴촌면 갈올길11번길 38,0503-7152-5997,,http://jo-pension.co.kr,37.452879,127.335411,,16,"https://www.google.com/maps/search/?api=1&query=37.452879,127.335411",민박
105,モーテル,Motel,パバホホテル,Babaho Hotel,바바호호텔,地図データに明記,京畿道,Gyeonggi-do,ナミャンジュ市,Namyangju-si,경기 남양주시 별내면 청학로 61,031-841-4577,,,37.70655,127.119454,3.3,6,"https://www.google.com/maps/search/?api=1&query=37.70655,127.119454","여관,모텔"
106,ペンション,Pension,アッチュアッチュ リョカン,Ajjeuajjeu Ryokan,아쯔아쯔 료칸,地図データに明記,京畿道,Gyeonggi-do,トンドゥチョン市,Dongducheon-si,경기 동두천시 탑신로 239,,,https://azuazu.co.kr,37.896918,127.11726,2.9,126,"https://www.google.com/maps/search/?api=1&query=37.896918,127.11726",펜션
107,ホテル,Hotel,エルリスホテル,Aelliseu Hotel,앨리스호텔,地図データに明記,京畿道,Gyeonggi-do,スウォン市パルダル区,Suwon-si Paldal-gu,경기 수원시 팔달구 인계로94번길 39-10,031-222-7326,,,37.266029,127.027731,,30,"https://www.google.com/maps/search/?api=1&query=37.266029,127.027731",호텔
108,モーテル,Motel,イロホテル ウォルゴッジジョム,Iro Hotel Wolgotjijeom,이로호텔 월곶지점,地図データに明記,京畿道,Gyeonggi-do,シフン市,Siheung-si,경기 시흥시 월곶중앙로70번안길 12,031-311-7015,,,37.391136,126.741321,4.3,2,"https://www.google.com/maps/search/?api=1&query=37.391136,126.741321","여관,모텔"
109,ホテル,Hotel,ハウンドホテル コブクソムジョム,Haundeu Hotel Geobukseomjeom,하운드호텔 거북섬점,地図データに明記,京畿道,Gyeonggi-do,シフン市,Siheung-si,경기 시흥시 거북섬1길 19,031-431-3110,,https://blog.naver.com/houndhotel-turtle,37.32641,126.675509,4.4,172,"https://www.google.com/maps/search/?api=1&query=37.32641,126.675509",호텔
110,ペンション,Pension,"テブド ハイクルレス(タンチェ,ウォクシャプ)","Daebudo High Keullaeseu ( Danche , Wokeusyap )","대부도 하이클래스(단체,워크샵)",地図データに明記,京畿道,Gyeonggi-do,アンサン市タヌォン区,Ansan-si Danwon-gu,경기 안산시 단원구 부흥로 287-173,010-2391-4744,,http://www.dbhighclass.com,37.221734,126.605218,,41,"https://www.google.com/maps/search/?api=1&query=37.221734,126.605218",펜션
111,ペンション,Pension,テブドバンヂッブル ペンション&カラバン,Daebudobanditbul Pension & Caravan,대부도반딧불 펜션&카라반,地図データに明記,京畿道,Gyeonggi-do,アンサン市タヌォン区,Ansan-si Danwon-gu,경기 안산시 단원구 돈지섬안길 16,010-6384-5629,,https://blog.naver.com/kcheenet,37.266966,126.560037,4.0,21,"https://www.google.com/maps/search/?api=1&query=37.266966,126.560037",펜션
112,ペンション,Pension,トルゴゲヒュペンション,Dolgogaehyu Pension,돌고개휴펜션,地図データに明記,京畿道,Gyeonggi-do,ヤンジュ市,Yangju-si,경기 양주시 장흥면 권율로309번길 260,010-4615-1516,,https://blog.naver.com/huepension1516,37.747723,126.948691,5.0,5,"https://www.google.com/maps/search/?api=1&query=37.747723,126.948691",펜션
113,ペンション,Pension,トキュブ 愛犬プールヴィラ,Deokyubeu Dog Pool Villa,더큐브 애견풀빌라,店名から判断,京畿道,Gyeonggi-do,ヤンピョン郡,Yangpyeong-gun,경기 양평군 단월면 양동로 223,010-9249-8654,,http://thecubepension.com,37.517565,127.680457,5.0,62,"https://www.google.com/maps/search/?api=1&query=37.517565,127.680457",펜션
114,ペンション,Pension,トグエンジョイ,Dogeuenjoi,도그엔조이,店名から判断,京畿道,Gyeonggi-do,ヤンピョン郡,Yangpyeong-gun,경기 양평군 강하면 강하1로 466-39,010-3736-4597,,https://blog.naver.com/dognjoy2019/,37.448807,127.397017,5.0,21,"https://www.google.com/maps/search/?api=1&query=37.448807,127.397017",펜션
115,ペンション,Pension,トゥドリネペンション,Dudeurine Pension,두드리네펜션,地図データに明記,京畿道,Gyeonggi-do,ヤンピョン郡,Yangpyeong-gun,경기 양평군 서종면 서정로 304,010-7900-8322,https://www.instagram.com/dodorine_h,,37.592295,127.425183,5.0,32,"https://www.google.com/maps/search/?api=1&query=37.592295,127.425183",펜션
116,ペンション,Pension,メリドグハウス,Meridogeu House,메리도그하우스,店名から判断,京畿道,Gyeonggi-do,ヤンピョン郡,Yangpyeong-gun,경기 양평군 청운면 가현길 440-1,0507-0093-1168,,https://merrydoghaus.com/,37.520645,127.72961,5.0,159,"https://www.google.com/maps/search/?api=1&query=37.520645,127.72961",펜션
117,ペンション,Pension,ピョルビッ愛犬ペンション,Byeolbit Dog Pension,별빛애견펜션,店名から判断,京畿道,Gyeonggi-do,ヤンピョン郡,Yangpyeong-gun,경기 양평군 단월면 통골길 50-21,010-5482-3399,,http://starlightpension.net/,37.602085,127.679426,5.0,35,"https://www.google.com/maps/search/?api=1&query=37.602085,127.679426",펜션
118,ペンション,Pension,アンドポピ愛犬ペンション,and Peopi Dog Pension,앤드퍼피애견펜션,地図データに明記,京畿道,Gyeonggi-do,ヤンピョン郡,Yangpyeong-gun,경기 양평군 단월면 윗고북길 33-5,010-2489-2408,,https://lojgojarfq.qshop.ai,37.588953,127.584718,4.9,10,"https://www.google.com/maps/search/?api=1&query=37.588953,127.584718",펜션
119,ホテル,Hotel,ヤンピョンムンホリダラク,Yangpyeongmunhoridarak,양평문호리다락,地図データに明記,京畿道,Gyeonggi-do,ヤンピョン郡,Yangpyeong-gun,경기 양평군 서종면 길곡2길 5,070-4103-4765,,,37.620844,127.35299,3.3,17,"https://www.google.com/maps/search/?api=1&query=37.620844,127.35299",호텔
120,ペンション,Pension,ヤンピョンハヌルホス愛犬同伴ペンション,Yangpyeonghaneulhosu Dog Friendly Pension,양평하늘호수애견동반펜션,地図データに明記,京畿道,Gyeonggi-do,ヤンピョン郡,Yangpyeong-gun,경기 양평군 지평면 월산저수지길 18,010-6682-2489,,,37.473566,127.650146,,63,"https://www.google.com/maps/search/?api=1&query=37.473566,127.650146",펜션
121,ペンション,Pension,テラペンション,Tera Pension,테라펜션,地図データに明記,京畿道,Gyeonggi-do,ヤンピョン郡,Yangpyeong-gun,경기 양평군 서종면 서능로 89,010-5218-0790,,http://www.terapension.co.kr,37.584203,127.397866,5.0,10,"https://www.google.com/maps/search/?api=1&query=37.584203,127.397866",펜션
122,ペンション,Pension,ペッリポブルリク,Petripeobeullik,펫리퍼블릭,店名から判断,京畿道,Gyeonggi-do,ヤンピョン郡,Yangpyeong-gun,경기 양평군 용문면 중원산로 521-12,010-9524-6302,,,37.546768,127.617856,,50,"https://www.google.com/maps/search/?api=1&query=37.546768,127.617856",펜션
123,ペンション,Pension,クルムモンステイ,Gureummeong Stay,구름멍스테이,地図データに明記,京畿道,Gyeonggi-do,ヨジュ市,Yeoju-si,경기 여주시 북내면 운촌2길 110-14,010-2722-9166,,,37.320529,127.717418,,6,"https://www.google.com/maps/search/?api=1&query=37.320529,127.717418",펜션
124,ペンション,Pension,トブルステイットットモン愛犬ペンション,Deobeul Stay Ttottomeong Dog Pension,더블스테이또또멍애견펜션,地図データに明記,京畿道,Gyeonggi-do,ヨンチョン郡,Yeoncheon-gun,경기 연천군 미산면 노아로 670-71,010-8561-0990,,http://더블스테이또또멍.com,38.018643,126.96333,5.0,56,"https://www.google.com/maps/search/?api=1&query=38.018643,126.96333",펜션
125,キャンプ場,Campsite,ヨンチョンキャンプ場,Yeoncheon Campsite,연천캠핑장,地図データに明記,京畿道,Gyeonggi-do,ヨンチョン郡,Yeoncheon-gun,경기 연천군 미산면 숭의전로222번길 133,010-3365-0121,,https://www.camfit.co.kr/camp/63326c4f1c6d4b001e224255,38.018722,126.955108,4.4,3,"https://www.google.com/maps/search/?api=1&query=38.018722,126.955108","야영,캠핑장"
126,ペンション,Pension,ッカサド215,Kkasadeu 215,까사드215,地図データに明記,京畿道,Gyeonggi-do,イチョン市,Icheon-si,경기 이천시 호법면 관진로 32,0502-5552-6376,https://www.instagram.com/casa_de_215,,37.212604,127.395749,5.0,73,"https://www.google.com/maps/search/?api=1&query=37.212604,127.395749",펜션
127,ペンション,Pension,シビルォロイル,Sibirworoil,십일월오일,地図データに明記,京畿道,Gyeonggi-do,イチョン市,Icheon-si,경기 이천시 모가면 군들로82번길 39,,,,37.170892,127.495116,,30,"https://www.google.com/maps/search/?api=1&query=37.170892,127.495116",펜션
128,ペンション,Pension,オブルラヂプールヴィラ,Obeulladi Pool Villa,오블라디풀빌라,地図データに明記,京畿道,Gyeonggi-do,パジュ市,Paju-si,경기 파주시 문산읍 문현말길 113-2,031-954-1836,,http://obladi.hana-pnc.co.kr/,37.846941,126.770802,,49,"https://www.google.com/maps/search/?api=1&query=37.846941,126.770802",펜션
129,ホテル,Hotel,パークピュテラスホテル,Park Byu Terrace Hotel,파크뷰테라스호텔,地図データに明記,京畿道,Gyeonggi-do,パジュ市,Paju-si,경기 파주시 소리천로 39,031-947-7177,,https://pvterrace.co.kr,37.716383,126.762045,3.7,135,"https://www.google.com/maps/search/?api=1&query=37.716383,126.762045",호텔
130,ペンション,Pension,サヌルト愛犬同伴ペンション,Sanulteo Dog Friendly Pension,산울터애견동반펜션,店名から判断,京畿道,Gyeonggi-do,ポチョン市,Pocheon-si,경기 포천시 이동면 늠바위길 148-169,010-5227-1803,,http://산울터애견펜션.com/,38.025692,127.388161,3.9,1,"https://www.google.com/maps/search/?api=1&query=38.025692,127.388161",펜션
131,ペンション,Pension,セビョクジョン 愛犬ペンション,Saebyeokjong Dog Pension,새벽종 애견펜션,地図データに明記,京畿道,Gyeonggi-do,ポチョン市,Pocheon-si,경기 포천시 화현면 화동로348번길 38-120,010-9353-4155,,http://www.finebell.com,37.89323,127.307269,3.7,7,"https://www.google.com/maps/search/?api=1&query=37.89323,127.307269",펜션
132,ペンション,Pension,ッスダムッスダム愛犬ペンション,Sseudamsseudam Dog Pension,쓰담쓰담애견펜션,店名から判断,京畿道,Gyeonggi-do,ポチョン市,Pocheon-si,경기 포천시 일동면 사기막길 67-4,010-3723-3512,,https://www.쓰담쓰담펜션.com,37.965112,127.338296,4.3,74,"https://www.google.com/maps/search/?api=1&query=37.965112,127.338296",펜션
133,ペンション,Pension,オソオシゲニャン,Eoseoosigaenyang,어서오시개냥,地図データに明記,京畿道,Gyeonggi-do,ポチョン市,Pocheon-si,경기 포천시 이동면 화동로 2236-19,1833-9306,,https://welcomedogandcat.co.kr,38.044258,127.374972,3.7,113,"https://www.google.com/maps/search/?api=1&query=38.044258,127.374972",펜션
134,ペンション,Pension,ポチョン ハヌルグァバラムィホスペンション愛犬同伴,Pocheon Haneulgwabaramuihosu Pension Dog Friendly,포천 하늘과바람의호수펜션애견동반,店名から判断,京畿道,Gyeonggi-do,ポチョン市,Pocheon-si,경기 포천시 일동면 운악청계로1480번길 43,010-3771-1480,,http://www.lakevill.co.kr,37.939934,127.340633,4.4,12,"https://www.google.com/maps/search/?api=1&query=37.939934,127.340633",펜션
135,ペンション,Pension,ポチョルロクスジェイ愛犬ペンション,Pocheolleokseujei Dog Pension,포천럭스제이애견펜션,店名から判断,京畿道,Gyeonggi-do,ポチョン市,Pocheon-si,경기 포천시 영북면 여우고개로 53,1833-9306,,https://luxjay.co.kr/,38.059633,127.330664,5.0,26,"https://www.google.com/maps/search/?api=1&query=38.059633,127.330664",펜션
136,ペンション,Pension,ポポペンション,Popo Pension,포포펜션,地図データに明記,京畿道,Gyeonggi-do,ポチョン市,Pocheon-si,경기 포천시 화현면 봉화로 315-69,,,http://popopension.com/,37.874858,127.275349,5.0,24,"https://www.google.com/maps/search/?api=1&query=37.874858,127.275349",펜션
137,ペンション,Pension,プレンジュキジュプールヴィラ,Peurenjeukijeu Pool Villa,프렌즈키즈풀빌라,地図データに明記,京畿道,Gyeonggi-do,ポチョン市,Pocheon-si,경기 포천시 영북면 산정호수로 999,070-4468-1612,,http://friendkids.kr/,38.092421,127.318685,3.4,20,"https://www.google.com/maps/search/?api=1&query=38.092421,127.318685",펜션
138,ペンション,Pension,ピプル愛犬一棟貸しペンション,Pipeul Dog Whole House Pension,피플애견독채펜션,地図データに明記,京畿道,Gyeonggi-do,ポチョン市,Pocheon-si,경기 포천시 영북면 산정호수로 999,031-581-1185,,http://friendkids.kr,38.092354,127.318771,4.5,23,"https://www.google.com/maps/search/?api=1&query=38.092354,127.318771",펜션
139,ペンション,Pension,チェブポレスト,Jebuporeseuteu,제부포레스트,地図データに明記,京畿道,Gyeonggi-do,ファソン市マンセ区,Hwaseong-si Manse-gu,경기 화성시 만세구 서신면 해안길442번길 25,010-3909-7748,,http://www.jebuforest.com/,37.173904,126.625315,,93,"https://www.google.com/maps/search/?api=1&query=37.173904,126.625315",펜션
140,ペンション,Pension,カジョドプルハウスペンション,Gajodopul House Pension,가조도풀하우스펜션,地図データに明記,慶尚南道,Gyeongsangnam-do,コジェ市,Geoje-si,경남 거제시 사등면 가조로 1292-37,010-4456-1014,,http://www.gajofullhouse.kr,34.959629,128.524095,3.5,17,"https://www.google.com/maps/search/?api=1&query=34.959629,128.524095",펜션
141,ペンション,Pension,コジェヘドヂガジャ愛犬ペンション,Geojehaedodigaja Dog Pension,거제해돋이가자애견펜션,店名から判断,慶尚南道,Gyeongsangnam-do,コジェ市,Geoje-si,경남 거제시 장목면 신촌길 13-9,010-7715-6117,,http://soos5150.com,34.998648,128.692341,3.7,18,"https://www.google.com/maps/search/?api=1&query=34.998648,128.692341",펜션
142,ペンション,Pension,グリーンヒュペンション,Green Hyu Pension,그린휴펜션,地図データに明記,慶尚南道,Gyeongsangnam-do,コジェ市,Geoje-si,경남 거제시 일운면 망치3길 3,010-9778-8009,,http://greenhue.net,34.812896,128.667541,4.9,12,"https://www.google.com/maps/search/?api=1&query=34.812896,128.667541",펜션
143,ペンション,Pension,テングルル,Daenggureureu,댕구르르,地図データに明記,慶尚南道,Gyeongsangnam-do,コジェ市,Geoje-si,경남 거제시 둔덕면 거림1길 29,010-4385-2567,http://www.instagram.com/daeng_grrr,,34.853516,128.510499,,10,"https://www.google.com/maps/search/?api=1&query=34.853516,128.510499",펜션
144,ペンション,Pension,トクドク愛犬プールヴィラペンション,Dokdok Dog Pool Villa Pension,독독애견풀빌라펜션,店名から判断,慶尚南道,Gyeongsangnam-do,コジェ市,Geoje-si,경남 거제시 사등면 가조로 640-31,010-8925-9700,,http://www.3dogdog.com,34.962556,128.51869,4.0,18,"https://www.google.com/maps/search/?api=1&query=34.962556,128.51869",펜션
145,ペンション,Pension,ブルーペリペンション,Blue Beri Pension,블루베리펜션,地図データに明記,慶尚南道,Gyeongsangnam-do,コジェ市,Geoje-si,경남 거제시 동부면 학동6길 56,1833-9306,,https://blueberryps.kr,34.7714,128.638412,5.0,3,"https://www.google.com/maps/search/?api=1&query=34.7714,128.638412",펜션
146,ペンション,Pension,ブルーケスル愛犬ペンション,Blue Kaeseul Dog Pension,블루캐슬애견펜션,地図データに明記,慶尚南道,Gyeongsangnam-do,コジェ市,Geoje-si,경남 거제시 일운면 거제대로 1477,010-5602-2918,,http://블루케슬애견펜션.com/,34.79095,128.665204,4.8,89,"https://www.google.com/maps/search/?api=1&query=34.79095,128.665204",펜션
147,ペンション,Pension,ピチブルー愛犬ペンション,Bichi Blue Dog Pension,비치블루애견펜션,店名から判断,慶尚南道,Gyeongsangnam-do,コジェ市,Geoje-si,경남 거제시 장목면 옥포대첩로 1354,010-2352-5870,,https://www.geojebeachblue.com/,34.971431,128.697467,5.0,162,"https://www.google.com/maps/search/?api=1&query=34.971431,128.697467",펜션
148,ペンション,Pension,ピチホワイト愛犬ペンション,Bichi White Dog Paensyeon,비치화이트애견팬션,店名から判断,慶尚南道,Gyeongsangnam-do,コジェ市,Geoje-si,경남 거제시 장목면 옥포대첩로 1356,1833-9306,,https://beachwhite.kr/,34.971559,128.697351,5.0,0,"https://www.google.com/maps/search/?api=1&query=34.971559,128.697351",펜션
149,ペンション,Pension,サンタモニカペンション,Santamonika Pension,산타모니카펜션,地図データに明記,慶尚南道,Gyeongsangnam-do,コジェ市,Geoje-si,경남 거제시 거제면 거제남서로 3955,010-6888-6646,,http://santamonica.co.kr,34.834999,128.557678,,7,"https://www.google.com/maps/search/?api=1&query=34.834999,128.557678",펜션
150,ペンション,Pension,エルピラペンション,Elpira Pension,엘피라펜션,地図データに明記,慶尚南道,Gyeongsangnam-do,コジェ市,Geoje-si,경남 거제시 남부면 거제남서로 370,010-2861-0048,http://www.instagram.com/elpirapension,,34.715425,128.621876,5.0,9,"https://www.google.com/maps/search/?api=1&query=34.715425,128.621876",펜션
151,ペンション,Pension,ヨウル愛犬ペンション,Yeoul Dog Pension,여울애견펜션,店名から判断,慶尚南道,Gyeongsangnam-do,コジェ市,Geoje-si,경남 거제시 남부면 거제남서로 324-2,010-9121-3923,,https://gjyeoul.co.kr,34.716016,128.626152,5.0,162,"https://www.google.com/maps/search/?api=1&query=34.716016,128.626152",펜션
152,ペンション,Pension,オションステイ,Osyeon Stay,오션스테이,地図データに明記,慶尚南道,Gyeongsangnam-do,コジェ市,Geoje-si,경남 거제시 거제면 거제남서로 3687-37,010-8986-8838,,http://oceanstay21.iwinv.net/,34.854738,128.574681,4.9,292,"https://www.google.com/maps/search/?api=1&query=34.854738,128.574681",펜션
153,ペンション,Pension,オションテラ,Osyeontera,오션테라,地図データに明記,慶尚南道,Gyeongsangnam-do,コジェ市,Geoje-si,경남 거제시 장목면 율천두모로 139-17,055-636-5400,,,34.976294,128.69395,4.2,72,"https://www.google.com/maps/search/?api=1&query=34.976294,128.69395",펜션
154,ペンション,Pension,ウェドベルリ愛犬ペンション,Oedobelli Dog Pension,외도벨리애견펜션,店名から判断,慶尚南道,Gyeongsangnam-do,コジェ市,Geoje-si,경남 거제시 일운면 망양2길 19-6,010-5759-7779,,https://blog.naver.com/woogie0404,34.814147,128.67583,,62,"https://www.google.com/maps/search/?api=1&query=34.814147,128.67583",펜션
155,ペンション,Pension,イリオン愛犬ペンション,Irion Dog Pension,이리온애견펜션,店名から判断,慶尚南道,Gyeongsangnam-do,コジェ市,Geoje-si,경남 거제시 장목면 거제북로 2738-8,010-7363-2250,,http://erionpension.com,34.997445,128.692141,,4,"https://www.google.com/maps/search/?api=1&query=34.997445,128.692141",펜션
156,ペンション,Pension,ハモニピルペンション,Hamonipil Pension,하모니필펜션,地図データに明記,慶尚南道,Gyeongsangnam-do,コジェ市,Geoje-si,경남 거제시 문동4길 83-12,055-637-8803,,http://dotharmonyfill.dothome.co.kr,34.861134,128.658487,5.0,46,"https://www.google.com/maps/search/?api=1&query=34.861134,128.658487",펜션
157,ペンション,Pension,ヒュイレンペンション&ケムピン,Hyuiren Pension & Kaemping,휴일엔펜션&캠핑,地図データに明記,慶尚南道,Gyeongsangnam-do,コチャン郡,Geochang-gun,경남 거창군 북상면 병곡길 187,010-9399-4897,,http://holidayn.co.kr,35.791831,127.788969,5.0,20,"https://www.google.com/maps/search/?api=1&query=35.791831,127.788969",펜션
158,ペンション,Pension,ソプン愛犬カフェ&ペンション,Sopung Dog Cafe & Pension,소풍애견카페&펜션,店名から判断,慶尚南道,Gyeongsangnam-do,コソン郡,Goseong-gun,경남 고성군 삼산면 공룡로 1661-1,010-3866-6439,,https://blog.naver.com/bb6435,34.956087,128.242303,1.0,0,"https://www.google.com/maps/search/?api=1&query=34.956087,128.242303",펜션
159,ペンション,Pension,ナムヘ リュエルリ 愛犬同伴ペンション,Namhae Ryuaelli Dog Friendly Pension,남해 류앤리 애견동반펜션,店名から判断,慶尚南道,Gyeongsangnam-do,ナムヘ郡,Namhae-gun,경남 남해군 창선면 동부대로 2689-3,1833-9306,,https://ryuandlee.kr/,34.895467,128.014196,5.0,47,"https://www.google.com/maps/search/?api=1&query=34.895467,128.014196",펜션
160,ペンション,Pension,ナムヘデンデンイ愛犬ペンションブルー,Namhaedaengdaengi Dog Pension Blue,남해댕댕이애견펜션블루,店名から判断,慶尚南道,Gyeongsangnam-do,ナムヘ郡,Namhae-gun,경남 남해군 미조면 동부대로14번길 25-55,1833-9306,,http://byeol-damda.kr/,34.730242,128.033514,4.0,44,"https://www.google.com/maps/search/?api=1&query=34.730242,128.033514",펜션
161,ペンション,Pension,チプールヴィラ 愛犬ペンション,Di Pool Villa Dog Pension,디풀빌라 애견펜션,地図データに明記,慶尚南道,Gyeongsangnam-do,ナムヘ郡,Namhae-gun,경남 남해군 미조면 미조로 164,010-2451-8001,,http://www.dpool.co.kr,34.707725,128.050578,5.0,136,"https://www.google.com/maps/search/?api=1&query=34.707725,128.050578",펜션
162,ペンション,Pension,リムッシサイドプールヴィラペンション,Rimssi Side Pool Villa Pension,림씨사이드풀빌라펜션,地図データに明記,慶尚南道,Gyeongsangnam-do,ナムヘ郡,Namhae-gun,경남 남해군 삼동면 양화금로 329-33,0503-7152-6508,,http://www.림씨사이드풀빌라.com,34.81448,128.062292,5.0,33,"https://www.google.com/maps/search/?api=1&query=34.81448,128.062292",펜션
163,ペンション,Pension,モンマルットオンドク愛犬ペンション,Meongmareutteueondeok Dog Pension,멍마르뜨언덕애견펜션,店名から判断,慶尚南道,Gyeongsangnam-do,ナムヘ郡,Namhae-gun,경남 남해군 서면 남서대로 2092-39,,,,34.840157,127.823973,,71,"https://www.google.com/maps/search/?api=1&query=34.840157,127.823973",펜션
164,ペンション,Pension,オヌ ノウルビッ,Eoneu Noeulbit,어느 노을빛,地図データに明記,慶尚南道,Gyeongsangnam-do,ナムヘ郡,Namhae-gun,경남 남해군 서면 남서대로 1965-42,010-8530-9788,,http://namhaesunset.shop,34.82976,127.818154,3.0,17,"https://www.google.com/maps/search/?api=1&query=34.82976,127.818154",펜션
165,ペンション,Pension,ヨハネスペンション,Yohaneseu Pension,요하네스펜션,地図データに明記,慶尚南道,Gyeongsangnam-do,ナムヘ郡,Namhae-gun,경남 남해군 삼동면 독일로 61-27,010-9213-8668,,,34.798498,128.039684,4.0,2,"https://www.google.com/maps/search/?api=1&query=34.798498,128.039684",펜션
166,ペンション,Pension,チョンジョンビョルォン ヘビチェペンション,Cheongjeongbyeorwon Haebichae Pension,청정별원 해비채펜션,地図データに明記,慶尚南道,Gyeongsangnam-do,ナムヘ郡,Namhae-gun,경남 남해군 상주면 남해대로495번길 77,010-8220-5533,,http://pf.kakao.com/_axexcxkb,34.718043,128.008263,,1,"https://www.google.com/maps/search/?api=1&query=34.718043,128.008263",펜션
167,ペンション,Pension,パレサ愛犬プールヴィラ,Paresa Dog Pool Villa,파레사애견풀빌라,店名から判断,慶尚南道,Gyeongsangnam-do,ナムヘ郡,Namhae-gun,경남 남해군 창선면 동부대로 1974-37,010-8580-4960,,http://www.paresa.kr/,34.837632,128.008453,4.2,39,"https://www.google.com/maps/search/?api=1&query=34.837632,128.008453",펜션
168,ペンション,Pension,ハルイン愛犬ペンション,Haruin Dog Pension,하루인애견펜션,店名から判断,慶尚南道,Gyeongsangnam-do,ナムヘ郡,Namhae-gun,경남 남해군 미조면 동부대로 581,,,,34.760112,128.052191,4.7,8,"https://www.google.com/maps/search/?api=1&query=34.760112,128.052191",펜션
169,ペンション,Pension,サムソリ,Samseori,삼서리,地図データに明記,慶尚南道,Gyeongsangnam-do,ミリャン市,Miryang-si,경남 밀양시 상남면 내금길 80-12,010-7115-7387,,https://blog.naver.com/samseori,35.432757,128.7577,,23,"https://www.google.com/maps/search/?api=1&query=35.432757,128.7577",펜션
170,ペンション,Pension,ステイハンガロイ,Stay Hangaroi,스테이한가로이,地図データに明記,慶尚南道,Gyeongsangnam-do,ミリャン市,Miryang-si,경남 밀양시 산내면 산내용전3길 23-1,010-9479-4054,,https://blog.naver.com/favorite_yoon,35.556451,128.858326,5.0,25,"https://www.google.com/maps/search/?api=1&query=35.556451,128.858326",펜션
171,ペンション,Pension,タムスロプゲ,Tamseureopgae,탐스럽개,地図データに明記,慶尚南道,Gyeongsangnam-do,ミリャン市,Miryang-si,경남 밀양시 단장면 단장로 866,010-3373-1444,,https://탐스럽개.com,35.471508,128.860011,5.0,26,"https://www.google.com/maps/search/?api=1&query=35.471508,128.860011",펜션
172,ペンション,Pension,ペンションピネタ,Pension Pineta,펜션피네타,地図データに明記,慶尚南道,Gyeongsangnam-do,ミリャン市,Miryang-si,경남 밀양시 삼랑진읍 행곡3길 55-36,0507-1354-8663,https://instagram.com/pansion_pineta,,35.43016,128.908207,5.0,11,"https://www.google.com/maps/search/?api=1&query=35.43016,128.908207",펜션
173,ペンション,Pension,トグプリドム,Dogeupeurideom,도그프리덤,店名から判断,慶尚南道,Gyeongsangnam-do,サチョン市,Sacheon-si,경남 사천시 서포면 질구지길 37,,,,35.021965,127.997759,,12,"https://www.google.com/maps/search/?api=1&query=35.021965,127.997759",펜션
174,ペンション,Pension,メリワル,Meriwal,메리왈,地図データに明記,慶尚南道,Gyeongsangnam-do,サチョン市,Sacheon-si,경남 사천시 서포면 제비길 74,010-2577-9750,,https://naver.me/5zvhICkp,34.978839,127.946983,4.2,25,"https://www.google.com/maps/search/?api=1&query=34.978839,127.946983",펜션
175,ペンション,Pension,パドゥギ ペット ペンション,Badugi Pet Pension,바두기 펫 펜션,店名から判断,慶尚南道,Gyeongsangnam-do,サチョン市,Sacheon-si,경남 사천시 서포면 제비길 72,010-9687-9119,https://www.instagram.com/badugipet,,34.978923,127.946682,4.5,39,"https://www.google.com/maps/search/?api=1&query=34.978923,127.946682",펜션
176,モーテル,Motel,プラウンドトホテル サムチョンポハンジョム,Beuraundoteu Hotel Samcheonpohangjeom,브라운도트호텔 삼천포항점,地図データに明記,慶尚南道,Gyeongsangnam-do,サチョン市,Sacheon-si,경남 사천시 수남길 33,0507-1377-8988,,http://browndot-samcheonpo.jalib.site/,34.928366,128.072278,4.3,30,"https://www.google.com/maps/search/?api=1&query=34.928366,128.072278","여관,모텔"
177,宿泊施設,Accommodation,ピトノウルスプグランピング,Bitonoeulsup Glamping,비토노을숲글램핑,地図データに明記,慶尚南道,Gyeongsangnam-do,サチョン市,Sacheon-si,경남 사천시 서포면 거북길 254,1555-6254,https://www.instagram.com/sunset.glamping,,34.972267,127.964141,3.9,302,"https://www.google.com/maps/search/?api=1&query=34.972267,127.964141",글램핑장
178,ペンション,Pension,シュシュ愛犬ペンション,Syusyu Dog Pension,슈슈애견펜션,店名から判断,慶尚南道,Gyeongsangnam-do,サチョン市,Sacheon-si,경남 사천시 서포면 다평로 12-10,,,http://www.chouchou.kr,34.980721,127.942644,5.0,19,"https://www.google.com/maps/search/?api=1&query=34.980721,127.942644",펜션
179,ペンション,Pension,サンチョンバイブ,Sancheongbaibeu,산청바이브,地図データに明記,慶尚南道,Gyeongsangnam-do,サンチョン郡,Sancheong-gun,경남 산청군 신안면 중촌갈전로711번길 32-5,010-4682-6136,,,35.361929,127.98635,5.0,31,"https://www.google.com/maps/search/?api=1&query=35.361929,127.98635",펜션
180,ペンション,Pension,ステイ トラン,Stay Dorang,스테이 도랑,地図データに明記,慶尚南道,Gyeongsangnam-do,ヤンサン市,Yangsan-si,경남 양산시 동면 창기2길 17-12,0507-1403-2052,https://instagram.com/dorang_stay,,35.336554,129.1214,,39,"https://www.google.com/maps/search/?api=1&query=35.336554,129.1214",펜션
181,ペンション,Pension,ヨンフィジェ 愛犬プールヴィラ ネウォンサジョム,Yeonhuijae Dog Pool Villa Naewonsajeom,연희재 애견풀빌라 내원사점,店名から判断,慶尚南道,Gyeongsangnam-do,ヤンサン市,Yangsan-si,경남 양산시 하북면 삼리길 106-10,010-7544-7408,,https://site.onda.me/137964,35.446734,129.084041,2.3,21,"https://www.google.com/maps/search/?api=1&query=35.446734,129.084041",펜션
182,民宿,Minbak,トク一棟貸し,Dok Whole House,독독채,地図データに明記,慶尚南道,Gyeongsangnam-do,チャンニョン郡,Changnyeong-gun,경남 창녕군 부곡면 청암1길 42-13,010-4761-7648,,,35.408067,128.615774,,26,"https://www.google.com/maps/search/?api=1&query=35.408067,128.615774",민박
183,ペンション,Pension,サラン愛犬ペンション,Sarang Dog Pension,사랑애견펜션,地図データに明記,慶尚南道,Gyeongsangnam-do,チャンニョン郡,Changnyeong-gun,경남 창녕군 영산면 적지길 102-29,010-4098-2185,,,35.468961,128.553138,5.0,2,"https://www.google.com/maps/search/?api=1&query=35.468961,128.553138",펜션
184,ホテル,Hotel,アモルホテル,Amoreu Hotel,아모르호텔,地図データに明記,慶尚南道,Gyeongsangnam-do,チャンウォン市マサンハプポ区,Changwon-si Masanhappo-gu,경남 창원시 마산합포구 수산1길 3,055-245-1960,,http://www.hotelamor.co.kr,35.1983,128.572703,4.7,19,"https://www.google.com/maps/search/?api=1&query=35.1983,128.572703",호텔
185,ペンション,Pension,クルレムドク愛犬ペンション トンヨンジョム,Geullaemdok Dog Pension Tongyeongjeom,글램독애견펜션 통영점,地図データに明記,慶尚南道,Gyeongsangnam-do,トンヨン市,Tongyeong-si,경남 통영시 광도면 용호로 285-16,010-3516-2597,,https://glamdog.kr/,34.872677,128.391398,4.0,60,"https://www.google.com/maps/search/?api=1&query=34.872677,128.391398",펜션
186,ペンション,Pension,ララ愛犬ペンション,Rara Dog Pension,라라애견펜션,店名から判断,慶尚南道,Gyeongsangnam-do,トンヨン市,Tongyeong-si,경남 통영시 산양읍 척포길 115-27,,,,34.768987,128.420284,5.0,122,"https://www.google.com/maps/search/?api=1&query=34.768987,128.420284",펜션
187,ペンション,Pension,クルレド モン,Keulledeu Mong,클레드 몽,地図データに明記,慶尚南道,Gyeongsangnam-do,トンヨン市,Tongyeong-si,경남 통영시 산양읍 물개길 37-33,010-6374-1435,,https://m.blog.naver.com/lifetrac,34.770037,128.421258,,33,"https://www.google.com/maps/search/?api=1&query=34.770037,128.421258",펜션
188,ペンション,Pension,トンヨングガネペンション,Tongyeonggugane Pension,통영구가네펜션,地図データに明記,慶尚南道,Gyeongsangnam-do,トンヨン市,Tongyeong-si,경남 통영시 광도면 덕포로 237,010-5234-4871,,https://blog.naver.com/gugane2018,34.906236,128.418187,5.0,290,"https://www.google.com/maps/search/?api=1&query=34.906236,128.418187",펜션
189,ペンション,Pension,ハハホホプレンド 愛犬同伴ペンション,Hahahohopeurendeu Dog Friendly Pension,하하호호프렌드 애견동반펜션,地図データに明記,慶尚南道,Gyeongsangnam-do,トンヨン市,Tongyeong-si,경남 통영시 산양읍 풍화일주로 1401-25,010-3006-9270,,,34.827389,128.374947,4.8,39,"https://www.google.com/maps/search/?api=1&query=34.827389,128.374947",펜션
190,ペンション,Pension,ハドン チリサン サンセソリ ペンション,Hadong Jirisan Sansaesori Pension,하동 지리산 산새소리 펜션,地図データに明記,慶尚南道,Gyeongsangnam-do,ハドン郡,Hadong-gun,경남 하동군 화개면 신촌도심길 61,010-8850-2077,,https://sansaesorips.com,35.218132,127.648306,4.9,9,"https://www.google.com/maps/search/?api=1&query=35.218132,127.648306",펜션
191,ペンション,Pension,サシジャンチョン,Sasijangcheong,사시장청,地図データに明記,慶尚南道,Gyeongsangnam-do,ハプチョン郡,Hapcheon-gun,경남 합천군 대양면 안금길 427-4,010-4563-0524,https://instagram.com/seasontree_103,,35.484968,128.199381,4.0,27,"https://www.google.com/maps/search/?api=1&query=35.484968,128.199381",펜션
192,ペンション,Pension,JS愛犬プールヴィラ,JS Dog Pool Villa,JS애견풀빌라,地図データに明記,慶尚北道,Gyeongsangbuk-do,キョンジュ市,Gyeongju-si,경북 경주시 천북면 목실길 10-38,02-899-7475,,http://jsresort.kr/,35.875252,129.273282,3.5,149,"https://www.google.com/maps/search/?api=1&query=35.875252,129.273282",펜션
193,ペンション,Pension,カンアジットル,Gangajitteul,강아지뜰,地図データに明記,慶尚北道,Gyeongsangbuk-do,キョンジュ市,Gyeongju-si,경북 경주시 외동읍 신계길 109,010-6367-2121,,http://kangajipul.co.kr/,35.769652,129.321018,,70,"https://www.google.com/maps/search/?api=1&query=35.769652,129.321018",펜션
194,ペンション,Pension,ケインゴンガン,Gaeingonggan,개인공간,地図データに明記,慶尚北道,Gyeongsangbuk-do,キョンジュ市,Gyeongju-si,경북 경주시 천북면 산업로 4694-23,010-3034-0295,https://instagram.com/gaeingongan_pension,,35.893874,129.240687,5.0,84,"https://www.google.com/maps/search/?api=1&query=35.893874,129.240687",펜션
195,ペンション,Pension,キョンジュ アウンダウン愛犬一棟貸しペンション,Gyeongju Aungdaung Dog Whole House Pension,경주 아웅다웅애견독채펜션,店名から判断,慶尚北道,Gyeongsangbuk-do,キョンジュ市,Gyeongju-si,경북 경주시 외동읍 앞등길 14-6,1660-0828,,,35.761913,129.325299,,3,"https://www.google.com/maps/search/?api=1&query=35.761913,129.325299",펜션
196,ペンション,Pension,キョンジュ チャムマクウナチム 愛犬同伴ペンション,Gyeongju Chammakeunachim Dog Friendly Pension,경주 참맑은아침 애견동반펜션,地図データに明記,慶尚北道,Gyeongsangbuk-do,キョンジュ市,Gyeongju-si,경북 경주시 하동1길 32-1,010-3968-8357,,https://clearmorning.kr,35.795342,129.310351,4.2,2,"https://www.google.com/maps/search/?api=1&query=35.795342,129.310351",펜션
197,ペンション,Pension,キョンジュ ポスペッ愛犬ペンション,Gyeongju Peoseupet Dog Pension,경주 퍼스펫애견펜션,店名から判断,慶尚北道,Gyeongsangbuk-do,キョンジュ市,Gyeongju-si,경북 경주시 효현동 631-3,1833-9306,,https://perspet.kr/,35.830586,129.167414,1.3,28,"https://www.google.com/maps/search/?api=1&query=35.830586,129.167414",펜션
198,ペンション,Pension,キョンジュジャン,Gyeongjujang,경주장,地図データに明記,慶尚北道,Gyeongsangbuk-do,キョンジュ市,Gyeongju-si,경북 경주시 태종로 801,1833-9306,,http://경주장.com/,35.841391,129.215399,,22,"https://www.google.com/maps/search/?api=1&query=35.841391,129.215399",펜션
199,ペンション,Pension,キョンジュケスチン愛犬同伴ペンション,Gyeongjukaeseuting Dog Friendly Pension,경주캐스팅애견동반펜션,店名から判断,慶尚北道,Gyeongsangbuk-do,キョンジュ市,Gyeongju-si,경북 경주시 감포읍 동해안로 1957-2,1833-9306,,http://g-casting.net,35.782064,129.490032,3.5,8,"https://www.google.com/maps/search/?api=1&query=35.782064,129.490032",펜션
200,ペンション,Pension,一棟貸し愛犬ステイ,Whole House Dog Stay,독채애견스테이,店名から判断,慶尚北道,Gyeongsangbuk-do,キョンジュ市,Gyeongju-si,경북 경주시 강동면 왕신숲골안길 31-93,010-2185-5421,,https://dogchaestay.kr/,35.970416,129.295169,,40,"https://www.google.com/maps/search/?api=1&query=35.970416,129.295169",펜션
201,ペンション,Pension,ラグスヒルプールヴィラペンション,Raguseuhil Pool Villa Pension,라구스힐풀빌라펜션,地図データに明記,慶尚北道,Gyeongsangbuk-do,キョンジュ市,Gyeongju-si,경북 경주시 천군1길 8-20,010-7148-2024,,http://www.lacushill.co.kr,35.834524,129.275318,4.5,64,"https://www.google.com/maps/search/?api=1&query=35.834524,129.275318",펜션
202,ペンション,Pension,ララレンド愛犬プールヴィラペンション,Rararaendeu Dog Pool Villa Pension,라라랜드애견풀빌라펜션,店名から判断,慶尚北道,Gyeongsangbuk-do,キョンジュ市,Gyeongju-si,경북 경주시 하동1길 45-6,,,,35.794099,129.308766,4.8,35,"https://www.google.com/maps/search/?api=1&query=35.794099,129.308766",펜션
203,ペンション,Pension,ロイス愛犬プールヴィラ,Roiseu Dog Pool Villa,로이스애견풀빌라,地図データに明記,慶尚北道,Gyeongsangbuk-do,キョンジュ市,Gyeongju-si,경북 경주시 산내면 문복로 357-96,,,https://로이스애견풀빌라.com,35.665773,129.054219,,24,"https://www.google.com/maps/search/?api=1&query=35.665773,129.054219",펜션
204,ペンション,Pension,ロハスペンション,Rohaseu Pension,로하스펜션,地図データに明記,慶尚北道,Gyeongsangbuk-do,キョンジュ市,Gyeongju-si,경북 경주시 하동1길 22-2,054-777-7897,,http://www.penlohas.kr/,35.796114,129.311144,5.0,8,"https://www.google.com/maps/search/?api=1&query=35.796114,129.311144",펜션
205,ペンション,Pension,ペルルスロジュペンション,Belluseurojeu Pension,벨루스로즈펜션,地図データに明記,慶尚北道,Gyeongsangbuk-do,キョンジュ市,Gyeongju-si,경북 경주시 북군길 107-19,010-7659-5000,,,35.859001,129.260227,,88,"https://www.google.com/maps/search/?api=1&query=35.859001,129.260227",펜션
206,ペンション,Pension,ピョルビッキジュ愛犬プールヴィラ,Byeolbitkijeu Dog Pool Villa,별빛키즈애견풀빌라,店名から判断,慶尚北道,Gyeongsangbuk-do,キョンジュ市,Gyeongju-si,경북 경주시 양남면 산에들레안길 88,010-3284-5379,,,35.682807,129.393907,,82,"https://www.google.com/maps/search/?api=1&query=35.682807,129.393907",펜션
207,ペンション,Pension,ソロクステイ,Sorok Stay,소록스테이,地図データに明記,慶尚北道,Gyeongsangbuk-do,キョンジュ市,Gyeongju-si,경북 경주시 외동읍 신계길 82,010-2570-3745,,http://www.sorokstay.com/,35.76827,129.318593,4.1,262,"https://www.google.com/maps/search/?api=1&query=35.76827,129.318593",펜션
208,ペンション,Pension,ソムマ愛犬プールヴィラ,Somma Dog Pool Villa,솜마애견풀빌라,店名から判断,慶尚北道,Gyeongsangbuk-do,キョンジュ市,Gyeongju-si,경북 경주시 새골1길 13-12,010-4278-0963,,http://솜마애견풀빌라.com/,35.788638,129.30744,,33,"https://www.google.com/maps/search/?api=1&query=35.788638,129.30744",펜션
209,ペンション,Pension,スィオト愛犬プールヴィラ,Swioteu Dog Pool Villa,쉬오트애견풀빌라,店名から判断,慶尚北道,Gyeongsangbuk-do,キョンジュ市,Gyeongju-si,경북 경주시 새골길 85,010-7907-0800,,http://쉬오트애견풀빌라.com,35.790166,129.30626,,44,"https://www.google.com/maps/search/?api=1&query=35.790166,129.30626",펜션
210,ペンション,Pension,エスエンビプールヴィラホステル,Eseuaenbi Pool Villa Hoseutel,에스앤비풀빌라호스텔,地図データに明記,慶尚北道,Gyeongsangbuk-do,キョンジュ市,Gyeongju-si,경북 경주시 감포읍 감포로 250,0502-5554-5390,,http://에스앤비풀빌라.kr/,35.810246,129.509648,,131,"https://www.google.com/maps/search/?api=1&query=35.810246,129.509648",펜션
211,ペンション,Pension,オアシス愛犬ペンション,Oasiseu Dog Pension,오아시스애견펜션,店名から判断,慶尚北道,Gyeongsangbuk-do,キョンジュ市,Gyeongju-si,경북 경주시 새골길 85-17,010-9543-0025,,http://www.oasispen.kr,35.790974,129.305382,3.3,13,"https://www.google.com/maps/search/?api=1&query=35.790974,129.305382",펜션
212,ペンション,Pension,オプス11 プールヴィラ,Opuseu 11 Pool Villa,오푸스11 풀빌라,地図データに明記,慶尚北道,Gyeongsangbuk-do,キョンジュ市,Gyeongju-si,경북 경주시 천북면 천강로 166-45,010-2459-7711,,,35.903692,129.279944,4.1,78,"https://www.google.com/maps/search/?api=1&query=35.903692,129.279944",펜션
213,ペンション,Pension,ウェルコムドク愛犬ペンション,Welkeomdok Dog Pension,웰컴독애견펜션,店名から判断,慶尚北道,Gyeongsangbuk-do,キョンジュ市,Gyeongju-si,경북 경주시 양남면 서왕길 121,010-7670-3249,,http://welcomedog.co.kr/,35.676848,129.414293,5.0,12,"https://www.google.com/maps/search/?api=1&query=35.676848,129.414293",펜션
214,ペンション,Pension,イオスプールヴィラ,Ioseu Pool Villa,이오스풀빌라,地図データに明記,慶尚北道,Gyeongsangbuk-do,キョンジュ市,Gyeongju-si,경북 경주시 감포읍 동해안로 2706,0503-7150-8039,,http://eospoolvilla.com/,35.840964,129.517473,,105,"https://www.google.com/maps/search/?api=1&query=35.840964,129.517473",펜션
215,ペンション,Pension,チョウニニョンペンション,Joeuninyeon Pension,좋은인연펜션,地図データに明記,慶尚北道,Gyeongsangbuk-do,キョンジュ市,Gyeongju-si,경북 경주시 새골길 174,010-6269-2845,,http://www.8513.co.kr,35.796777,129.311367,5.0,2,"https://www.google.com/maps/search/?api=1&query=35.796777,129.311367",펜션
216,ペンション,Pension,パパヤペンション,Papaya Pension,파파야펜션,地図データに明記,慶尚北道,Gyeongsangbuk-do,キョンジュ市,Gyeongju-si,경북 경주시 북군길 169-6,1833-9306,,http://www.papayapension.kr,35.862991,129.257191,,35,"https://www.google.com/maps/search/?api=1&query=35.862991,129.257191",펜션
217,ペンション,Pension,ペッステイ1455,Pet Stay 1455,펫스테이1455,店名から判断,慶尚北道,Gyeongsangbuk-do,キョンジュ市,Gyeongju-si,경북 경주시 외외길 176-67,0502-5550-4695,,http://petstay1455.co.kr/,35.817489,129.171917,5.0,137,"https://www.google.com/maps/search/?api=1&query=35.817489,129.171917",펜션
218,ペンション,Pension,プルロピ愛犬プールヴィラ,Peulleopi Dog Pool Villa,플러피애견풀빌라,店名から判断,慶尚北道,Gyeongsangbuk-do,キョンジュ市,Gyeongju-si,경북 경주시 감포읍 전촌전동길 63-4,,,,35.795639,129.487203,,56,"https://www.google.com/maps/search/?api=1&query=35.795639,129.487203",펜션
219,ペンション,Pension,ヘッサルガドク愛犬ペンション,Haetsalgadeuk Dog Pension,햇살가득애견펜션,店名から判断,慶尚北道,Gyeongsangbuk-do,キョンジュ市,Gyeongju-si,경북 경주시 하동1길 39-5,,https://www.instagram.com/sunnypetpension/,,35.794276,129.310228,5.0,0,"https://www.google.com/maps/search/?api=1&query=35.794276,129.310228",펜션
220,民宿,Minbak,ヘンボクハンガムポミンバク,Haengbokhangampominbak,행복한감포민박,地図データに明記,慶尚北道,Gyeongsangbuk-do,キョンジュ市,Gyeongju-si,경북 경주시 감포읍 연동길 61-3,010-8442-1729,,http://blog.naver.com/liber205,35.839952,129.518314,,0,"https://www.google.com/maps/search/?api=1&query=35.839952,129.518314",민박
221,民宿,Minbak,ヘルポドク愛犬ペンション,Helpeodok Dog Pension,헬퍼독애견펜션,地図データに明記,慶尚北道,Gyeongsangbuk-do,キョンジュ市,Gyeongju-si,경북 경주시 양남면 서왕길 127,010-3883-2965,,http://www.헬퍼독.kr,35.677662,129.414014,5.0,75,"https://www.google.com/maps/search/?api=1&query=35.677662,129.414014",민박
222,ペンション,Pension,オセク愛犬ペンション,Osaek Dog Pension,오색애견펜션,店名から判断,慶尚北道,Gyeongsangbuk-do,キムチョン市,Gimcheon-si,경북 김천시 남면 오봉로 362,010-4868-7969,,http://오색애견펜션.com/,36.110571,128.247192,3.7,22,"https://www.google.com/maps/search/?api=1&query=36.110571,128.247192",펜션
223,ペンション,Pension,ッキルッキラノルジャ,Kkilkkiranolja,낄낄아놀자,地図データに明記,慶尚北道,Gyeongsangbuk-do,ムンギョン市,Mungyeong-si,경북 문경시 영순면 삼강로 1313,010-9193-1233,,https://blog.naver.com/hongyang24,36.570778,128.28258,5.0,19,"https://www.google.com/maps/search/?api=1&query=36.570778,128.28258",펜션
224,宿泊施設,Accommodation,タンサンハノクペンション,Dansanhanok Pension,단산한옥펜션,地図データに明記,慶尚北道,Gyeongsangbuk-do,ムンギョン市,Mungyeong-si,경북 문경시 문경읍 문경골프장길 27-16,,,https://blog.naver.com/dansan0412,36.734382,128.148541,3.0,2,"https://www.google.com/maps/search/?api=1&query=36.734382,128.148541",한옥숙소
225,宿泊施設,Accommodation,ムンギョンハノクペンション,Mungyeonghanok Pension,문경한옥펜션,地図データに明記,慶尚北道,Gyeongsangbuk-do,ムンギョン市,Mungyeong-si,경북 문경시 문경읍 문경골프장길 27-18,010-6855-3252,https://www.instagram.com/mungyeong__house/,,36.734056,128.148558,5.0,10,"https://www.google.com/maps/search/?api=1&query=36.734056,128.148558",한옥숙소
226,ペンション,Pension,ヘジョクソンペンション,Haejeokseon Pension,해적선펜션,地図データに明記,慶尚北道,Gyeongsangbuk-do,アンドン市,Andong-si,경북 안동시 충효로 4406,010-2710-3555,,http://andongviking.com,36.547567,128.738675,4.1,74,"https://www.google.com/maps/search/?api=1&query=36.547567,128.738675",펜션
227,カラバン,Caravan,トストリム ペンション & カラバン,Deoseuteurim Pension & Caravan,더스트림 펜션 & 카라반,地図データに明記,慶尚北道,Gyeongsangbuk-do,ヨンドク郡,Yeongdeok-gun,경북 영덕군 강구면 영덕대게로 577,054-734-3080,,http://www.thestreampension.com/,36.393323,129.414473,4.5,120,"https://www.google.com/maps/search/?api=1&query=36.393323,129.414473",카라반
228,ペンション,Pension,トウォン愛犬同伴ペンション,Deowon Dog Friendly Pension,더원애견동반펜션,店名から判断,慶尚北道,Gyeongsangbuk-do,ヨンドク郡,Yeongdeok-gun,경북 영덕군 남정면 동해대로 4054,010-7556-9231,,http://yd-theone.co.kr,36.32093,129.38026,3.5,39,"https://www.google.com/maps/search/?api=1&query=36.32093,129.38026",펜션
229,ペンション,Pension,ブルーマリンペンション,Blue Marin Pension,블루마린펜션,地図データに明記,慶尚北道,Gyeongsangbuk-do,ヨンドク郡,Yeongdeok-gun,경북 영덕군 강구면 영덕대게로 573,054-734-4429,,http://bluemarinepension.co.kr/,36.392943,129.413837,4.0,7,"https://www.google.com/maps/search/?api=1&query=36.392943,129.413837",펜션
230,ペンション,Pension,ハヌラレチョッドンネ 愛犬ペンション,Haneuraraecheotdongne Dog Pension,하늘아래첫동네 애견펜션,店名から判断,慶尚北道,Gyeongsangbuk-do,ヨンドク郡,Yeongdeok-gun,경북 영덕군 영덕읍 매령길 363-36,02-899-7475,,,36.445171,129.427177,3.5,16,"https://www.google.com/maps/search/?api=1&query=36.445171,129.427177",펜션
231,ペンション,Pension,ステイヨンヤン,Stay Yeongyang,스테이영양,地図データに明記,慶尚北道,Gyeongsangbuk-do,ヨンヤン郡,Yeongyang-gun,경북 영양군 일월면 주실길 25-15,010-8393-0203,https://www.instagram.com/stay_yeongyang/,,36.720731,129.099924,,31,"https://www.google.com/maps/search/?api=1&query=36.720731,129.099924",펜션
232,ペンション,Pension,ペッテギネハウス,Baettaegine House,배때기네하우스,地図データに明記,慶尚北道,Gyeongsangbuk-do,ヨンジュ市,Yeongju-si,경북 영주시 문수면 종릉로8번길 21-9,0503-7153-6433,,http://map.naver.com/p/entry/place/1358626115,36.749416,128.630903,4.3,31,"https://www.google.com/maps/search/?api=1&query=36.749416,128.630903",펜션
233,民宿,Minbak,カムチョンジェ,Gamcheonjae,감천재,地図データに明記,慶尚北道,Gyeongsangbuk-do,イェチョン郡,Yecheon-gun,경북 예천군 감천면 진작길 35,010-7276-4459,https://www.instagram.com/gamcheonjae,,36.745868,128.504618,5.0,39,"https://www.google.com/maps/search/?api=1&query=36.745868,128.504618",민박
234,ペンション,Pension,ラメルペンション,Ramereu Pension,라메르펜션,地図データに明記,慶尚北道,Gyeongsangbuk-do,ウルジン郡,Uljin-gun,경북 울진군 매화면 망양정로 309,010-2729-9570,,https://blog.naver.com/lamergood,36.909401,129.415175,4.5,39,"https://www.google.com/maps/search/?api=1&query=36.909401,129.415175",펜션
235,ペンション,Pension,ウルジン ウォルソンソルモリペンション,Uljin Wolsongsolmeori Pension,울진 월송솔머리펜션,地図データに明記,慶尚北道,Gyeongsangbuk-do,ウルジン郡,Uljin-gun,경북 울진군 평해읍 월송길 68-14,010-6796-4679,https://www.instagram.com/wolsong.pinehead,,36.735253,129.461254,5.0,13,"https://www.google.com/maps/search/?api=1&query=36.735253,129.461254",펜션
236,ペンション,Pension,モンハルペンション,Meongharu Pension,멍하루펜션,地図データに明記,慶尚北道,Gyeongsangbuk-do,チョンド郡,Cheongdo-gun,경북 청도군 청도읍 구미길 85,010-5133-0010,https://instagram.com/mung.haru?igshid=YmMyMTA2M2Y=,,35.633548,128.760177,5.0,19,"https://www.google.com/maps/search/?api=1&query=35.633548,128.760177",펜션
237,ペンション,Pension,メジョンドシゴル,Mejongdeusigoreu,메종드시고르,地図データに明記,慶尚北道,Gyeongsangbuk-do,チョンド郡,Cheongdo-gun,경북 청도군 이서면 보리미길 44-3,0507-1334-0377,https://www.instagram.com/maisonde_sigor/,,35.672635,128.665471,,93,"https://www.google.com/maps/search/?api=1&query=35.672635,128.665471",펜션
238,ペンション,Pension,ステイインポシーズン,Stay Inpo Season,스테이인포시즌,地図データに明記,慶尚北道,Gyeongsangbuk-do,チョンド郡,Cheongdo-gun,경북 청도군 매전면 예전길 79-12,010-4362-2318,http://www.instagram.com/stayin4s_official,,35.628826,128.816,,33,"https://www.google.com/maps/search/?api=1&query=35.628826,128.816",펜션
239,ペンション,Pension,シンナンダ愛犬グランピングペンション,Sinnanda Dog Glamping Pension,신난다애견글램핑펜션,店名から判断,慶尚北道,Gyeongsangbuk-do,チョンド郡,Cheongdo-gun,경북 청도군 각북면 송내길 57-13,02-899-7475,,http://sinnanda.kr,35.720229,128.573317,4.5,59,"https://www.google.com/maps/search/?api=1&query=35.720229,128.573317",펜션
240,ペンション,Pension,チョンドドポレプールヴィラ,Cheongdodeopore Pool Villa,청도더포레풀빌라,地図データに明記,慶尚北道,Gyeongsangbuk-do,チョンド郡,Cheongdo-gun,경북 청도군 각남면 구곡1길 66-32,070-4468-1613,,http://the-foret.kr/,35.637315,128.66813,3.3,141,"https://www.google.com/maps/search/?api=1&query=35.637315,128.66813",펜션
241,ペンション,Pension,チョンドタイムニスプールヴィラペンション,Cheongdotaimniseu Pool Villa Pension,청도타임리스풀빌라펜션,地図データに明記,慶尚北道,Gyeongsangbuk-do,チョンド郡,Cheongdo-gun,경북 청도군 매전면 오남길 271-35,010-8882-5709,https://www.instagram.com/timeless_poolvilla/,,35.644824,128.899521,,250,"https://www.google.com/maps/search/?api=1&query=35.644824,128.899521",펜션
242,ペンション,Pension,ステイチキタカプールヴィラ,Stay Tikitaka Pool Villa,스테이티키타카풀빌라,地図データに明記,慶尚北道,Gyeongsangbuk-do,ポハン市ナム区,Pohang-si Nam-gu,경북 포항시 남구 장기면 동해안로 3707,010-4833-3707,,http://tikitaka-poolvilla.co.kr,35.907525,129.518502,5.0,207,"https://www.google.com/maps/search/?api=1&query=35.907525,129.518502",펜션
243,ペンション,Pension,ペッグランピング&プルグランピング,Pet Glamping & Pul Glamping,펫글램핑&풀글램핑,店名から判断,慶尚北道,Gyeongsangbuk-do,ポハン市ナム区,Pohang-si Nam-gu,경북 포항시 남구 호미곶면 일출로 606-37,010-5888-4411,,http://www.pet-glamping.kr,36.042988,129.580448,3.3,433,"https://www.google.com/maps/search/?api=1&query=36.042988,129.580448",펜션
244,ペンション,Pension,ポハン マダマネットプールヴィラ愛犬同伴カヌン,Pohang Madamanetteu Pool Villa Dog Friendly Ganeung,포항 마담아네뜨풀빌라애견동반가능,地図データに明記,慶尚北道,Gyeongsangbuk-do,ポハン市ナム区,Pohang-si Nam-gu,경북 포항시 남구 장기면 영암길 14,010-5142-3738,,https://site.onda.me/136932,35.904995,129.526429,3.5,102,"https://www.google.com/maps/search/?api=1&query=35.904995,129.526429",펜션
245,ペンション,Pension,ホワイト7 愛犬プールヴィラ,White 7 Dog Pool Villa,화이트7 애견풀빌라,店名から判断,慶尚北道,Gyeongsangbuk-do,ポハン市ナム区,Pohang-si Nam-gu,경북 포항시 남구 구룡포읍 일출로 350,070-4468-1614,,http://white7.kr,36.024395,129.57605,3.0,77,"https://www.google.com/maps/search/?api=1&query=36.024395,129.57605",펜션
246,ペンション,Pension,ステイキブク,Stay Gibuk,스테이기북,地図データに明記,慶尚北道,Gyeongsangbuk-do,ポハン市プク区,Pohang-si Buk-gu,경북 포항시 북구 기북면 기북로 728-40,,https://www.instagram.com/stay_gibuk,,36.147621,129.185384,5.0,11,"https://www.google.com/maps/search/?api=1&query=36.147621,129.185384",펜션
247,ペンション,Pension,スロウペンション,Slow Pension,슬로우펜션,地図データに明記,慶尚北道,Gyeongsangbuk-do,ポハン市プク区,Pohang-si Buk-gu,경북 포항시 북구 죽장면 죽장로1933번길 17-28,0507-1317-3890,https://www.instagram.com/slowpension,,36.257115,129.212882,5.0,6,"https://www.google.com/maps/search/?api=1&query=36.257115,129.212882",펜션
248,ペンション,Pension,ユニ プールヴィラペンション,Yuni Pool Villa Pension,유니 풀빌라펜션,地図データに明記,慶尚北道,Gyeongsangbuk-do,ポハン市プク区,Pohang-si Buk-gu,경북 포항시 북구 송라면 해안로 2841,010-3556-0064,,http://www.unipoolvilla.kr,36.234476,129.381015,5.0,11,"https://www.google.com/maps/search/?api=1&query=36.234476,129.381015",펜션
249,ペンション,Pension,ステイテンデン,Stay Daengdaeng,스테이댕댕,地図データに明記,大邱広域市,Daegu,トン区,Dong-gu,대구 동구 구암3길 13,010-7657-9313,https://www.instagram.com/staydangdang/?hl=ko,,35.951481,128.677711,,19,"https://www.google.com/maps/search/?api=1&query=35.951481,128.677711",펜션
250,ペンション,Pension,チャンテサンヒュペンション,Jangtaesanhyu Pension,장태산휴펜션,地図データに明記,大田広域市,Daejeon,ソ区,Seo-gu,대전 서구 장안로 573-1,010-2309-9023,,http://장태산휴펜션.com,36.212398,127.33743,4.6,14,"https://www.google.com/maps/search/?api=1&query=36.212398,127.33743",펜션
251,ペンション,Pension,コマペンション,Goma Pension,고마펜션,地図データに明記,釜山広域市,Busan,キジャン郡,Gijang-gun,부산 기장군 기장읍 기장해안로 899-2,010-2000-4966,,,35.235016,129.243208,5.0,5,"https://www.google.com/maps/search/?api=1&query=35.235016,129.243208",펜션
252,宿泊施設,Accommodation,ノムボ25 キジャンヨンファリジョム,Neombeo 25 Gijangyeonhwarijeom,넘버25 기장연화리점,地図データに明記,釜山広域市,Busan,キジャン郡,Gijang-gun,부산 기장군 기장읍 연화길 64,051-723-2527,,http://www.hotelsouthkorea.com/gijang-no-25-hotel/,35.219182,129.226403,3.6,13,"https://www.google.com/maps/search/?api=1&query=35.219182,129.226403",숙박
253,ペンション,Pension,アルリガムソンステイ,Alligamseong Stay,안리감성스테이,地図データに明記,釜山広域市,Busan,スヨン区,Suyeong-gu,부산 수영구 민락수변로 13-1,,,,35.154627,129.124157,5.0,46,"https://www.google.com/maps/search/?api=1&query=35.154627,129.124157",펜션
254,ホテル,Hotel,コネクトオションホテル,Keonekteuosyeon Hotel,커넥트오션호텔,地図データに明記,釜山広域市,Busan,中区,Jung-gu,부산 중구 대교로 115-1,051-466-7890,,http://pf.kakao.com/_LJjxmxj/chat,35.100442,129.037395,3.8,56,"https://www.google.com/maps/search/?api=1&query=35.100442,129.037395",호텔
255,ホテル,Hotel,トペッテル,Deopettel,더펫텔,店名から判断,釜山広域市,Busan,ヘウンデ区,Haeundae-gu,부산 해운대구 해운대해변로197번길 12,051-999-2000,,http://thepetel.com,35.159206,129.153091,3.6,19,"https://www.google.com/maps/search/?api=1&query=35.159206,129.153091",호텔
256,ペンション,Pension,ステイオン プールヴィラ,Stay On Pool Villa,스테이온 풀빌라,地図データに明記,釜山広域市,Busan,ヘウンデ区,Haeundae-gu,부산 해운대구 달맞이길62번길 53,010-2615-2595,,https://naver.me/GDNadOtT,35.157576,129.172849,5.0,84,"https://www.google.com/maps/search/?api=1&query=35.157576,129.172849",펜션
257,ホテル,Hotel,ヘウンデヨンムパラドホテル,Haeundaeyeongmuparadeu Hotel,해운대영무파라드호텔,地図データに明記,釜山広域市,Busan,ヘウンデ区,Haeundae-gu,부산 해운대구 해운대해변로298번길 25,051-743-0003,,https://ymparade.kr,35.1609,129.166483,3.8,120,"https://www.google.com/maps/search/?api=1&query=35.1609,129.166483",호텔
258,宿泊施設,Accommodation,ロコルスチチ チョンジャジャン,Rokeolseutichi Cheongjajang,로컬스티치 청자장,地図データに明記,世宗特別自治市,Sejong,セジョントクビョルジャチ市,Sejongteukbyeoljachi-si,세종특별자치시 조치원읍 문화로 8,010-2604-1081,https://www.instagram.com/localstitch_chungjajang/,,36.602251,127.301292,4.1,9,"https://www.google.com/maps/search/?api=1&query=36.602251,127.301292",숙박
259,ペンション,Pension,パダソプン愛犬ペンション,Badasopung Dog Pension,바다소풍애견펜션,地図データに明記,蔚山広域市,Ulsan,プク区,Buk-gu,울산 북구 용바위1길 32,010-7609-8599,,http://www.바다소풍애견펜션.com,35.583111,129.456483,5.0,24,"https://www.google.com/maps/search/?api=1&query=35.583111,129.456483",펜션
260,ペンション,Pension,メルシ愛犬ペンション,Mereusi Dog Pension,메르시애견펜션,店名から判断,蔚山広域市,Ulsan,ウルジュ郡,Ulju-gun,울산 울주군 상북면 삽재로 39-2,,,,35.619944,129.064135,,20,"https://www.google.com/maps/search/?api=1&query=35.619944,129.064135",펜션
261,民宿,Minbak,メルシプールヴィラペンション,Mereusi Pool Villa Pension,메르시풀빌라펜션,地図データに明記,蔚山広域市,Ulsan,ウルジュ郡,Ulju-gun,울산 울주군 상북면 삽재로 39,0503-7153-0565,,http://blog.naver.com/myzinny1,35.619596,129.064036,4.2,32,"https://www.google.com/maps/search/?api=1&query=35.619596,129.064036",민박
262,ペンション,Pension,モリ,Mori,모리,地図データに明記,蔚山広域市,Ulsan,ウルジュ郡,Ulju-gun,울산 울주군 상북면 덕현남천길 13,010-8051-3091,,https://moristay.imweb.me,35.629251,129.051479,,25,"https://www.google.com/maps/search/?api=1&query=35.629251,129.051479",펜션
263,ペンション,Pension,トマネ愛犬一棟貸しペンション,Tomane Dog Whole House Pension,토마네애견독채펜션,地図データに明記,蔚山広域市,Ulsan,ウルジュ郡,Ulju-gun,울산 울주군 서생면 해맞이로 1271-36,010-2765-5055,https://www.instagram.com/tomane_villa/,,35.364034,129.353798,5.0,12,"https://www.google.com/maps/search/?api=1&query=35.364034,129.353798",펜션
264,ペンション,Pension,カンファヒルストリ愛犬同伴ペンション,Ganghwahilseutori Dog Friendly Pension,강화힐스토리애견동반펜션,店名から判断,仁川広域市,Incheon,カンファ郡,Ganghwa-gun,인천 강화군 화도면 해안남로 1669-8,032-937-5403,,,37.594547,126.437353,,4,"https://www.google.com/maps/search/?api=1&query=37.594547,126.437353",펜션
265,ペンション,Pension,ケシンナモン,Gaesinnameong,개신나멍,地図データに明記,仁川広域市,Incheon,カンファ郡,Ganghwa-gun,인천 강화군 하점면 창후로 83-18,010-2067-1048,,https://blog.naver.com/dogsinna_mung/223059313118,37.762037,126.373496,5.0,21,"https://www.google.com/maps/search/?api=1&query=37.762037,126.373496",펜션
266,ペンション,Pension,ラウプ愛犬同伴ペンション,Raup Dog Friendly Pension,라웁애견동반펜션,店名から判断,仁川広域市,Incheon,カンファ郡,Ganghwa-gun,인천 강화군 삼산면 어류정길212번길 33-1,1833-9306,,https://pslaube.co.kr,37.652725,126.332302,3.0,6,"https://www.google.com/maps/search/?api=1&query=37.652725,126.332302",펜션
267,宿泊施設,Accommodation,ロクキスタジオ,Reokki Studio,럭키스튜디오,地図データに明記,仁川広域市,Incheon,カンファ郡,Ganghwa-gun,인천 강화군 송해면 장정양오길 287-24,0507-1357-9176,,,37.79338,126.445859,,3,"https://www.google.com/maps/search/?api=1&query=37.79338,126.445859",숙박
268,ペンション,Pension,ロマンチカ 愛犬ペンション,Romantika Dog Pension,로만티카 애견펜션,店名から判断,仁川広域市,Incheon,カンファ郡,Ganghwa-gun,인천 강화군 화도면 해안남로 1986,010-3786-0032,,http://www.romantica2010.com,37.604193,126.411662,4.8,93,"https://www.google.com/maps/search/?api=1&query=37.604193,126.411662",펜션
269,ペンション,Pension,リニスハウス,Riniseu House,리니스하우스,地図データに明記,仁川広域市,Incheon,カンファ郡,Ganghwa-gun,인천 강화군 양도면 강화남로 1077-23,010-8315-4673,,https://m.blog.naver.com/lenishouse,37.690599,126.416993,5.0,22,"https://www.google.com/maps/search/?api=1&query=37.690599,126.416993",펜션
270,ペンション,Pension,マルチェルロ,Mareuchello,마르첼로,地図データに明記,仁川広域市,Incheon,カンファ郡,Ganghwa-gun,인천 강화군 불은면 불은남로 239-16,0503-7153-8204,,https://www.bookinghub.co.kr/marcello,37.671807,126.50851,5.0,28,"https://www.google.com/maps/search/?api=1&query=37.671807,126.50851",펜션
271,ペンション,Pension,ピュナインペンション,Byunain Pension,뷰나인펜션,地図データに明記,仁川広域市,Incheon,カンファ郡,Ganghwa-gun,인천 강화군 화도면 해안남로 2709-8,010-9184-8624,,http://www.view9.co.kr,37.636044,126.378073,4.4,46,"https://www.google.com/maps/search/?api=1&query=37.636044,126.378073",펜션
272,ペンション,Pension,オナド153,Eonadeo 153,어나더153,地図データに明記,仁川広域市,Incheon,カンファ郡,Ganghwa-gun,인천 강화군 화도면 해안남로 1669-12,010-3131-5113,,http://www.another153.net,37.594392,126.437677,,37,"https://www.google.com/maps/search/?api=1&query=37.594392,126.437677",펜션
273,ペンション,Pension,イェンナレグムジャンヂ,Yennaregeumjandi,옛날에금잔디,地図データに明記,仁川広域市,Incheon,カンファ郡,Ganghwa-gun,인천 강화군 내가면 강화서로225번길 18-1,070-8262-6731,,https://www.golden-grass.com/,37.716123,126.389254,4.0,15,"https://www.google.com/maps/search/?api=1&query=37.716123,126.389254",펜션
274,ペンション,Pension,ユプルレイスインピニチ,Yupeulleiseuinpiniti,유플레이스인피니티,地図データに明記,仁川広域市,Incheon,カンファ郡,Ganghwa-gun,인천 강화군 화도면 해안남로1502번길 19-8,010-5924-5005,,https://m.place.naver.com/accommodation/1825461724/home?businessCategory=pension,37.595086,126.454683,5.0,44,"https://www.google.com/maps/search/?api=1&query=37.595086,126.454683",펜션
275,ペンション,Pension,イハンペンション,Ihan Pension,이한펜션,地図データに明記,仁川広域市,Incheon,カンファ郡,Ganghwa-gun,인천 강화군 화도면 해안남로 1600-10,,,,37.596067,126.44548,5.0,3,"https://www.google.com/maps/search/?api=1&query=37.596067,126.44548",펜션
276,ペンション,Pension,トペンション,Teo Pension,터펜션,地図データに明記,仁川広域市,Incheon,カンファ郡,Ganghwa-gun,인천 강화군 화도면 해안남로 2297-26,010-8681-5228,,http://teopension.co.kr/,37.611254,126.384843,,26,"https://www.google.com/maps/search/?api=1&query=37.611254,126.384843",펜션
277,ペンション,Pension,ペンション ナポルリ,Pension Napolli,펜션 나폴리,地図データに明記,仁川広域市,Incheon,カンファ郡,Ganghwa-gun,인천 강화군 화도면 해안남로 2291,010-4539-7636,,http://나폴리펜션.com,37.608734,126.385283,5.0,195,"https://www.google.com/maps/search/?api=1&query=37.608734,126.385283",펜션
278,宿泊施設,Accommodation,ハルモン 愛犬ペンション,Harumeong Dog Pension,하루멍 애견펜션,地図データに明記,仁川広域市,Incheon,カンファ郡,Ganghwa-gun,인천 강화군 교동면 교동동로 317-22,010-5012-8178,,,37.790213,126.297985,3.4,47,"https://www.google.com/maps/search/?api=1&query=37.790213,126.297985",숙박
279,ホテル,Hotel,ホテルトヂジャイノス インチョンジョム,Hotel Deodijaineoseu Incheonjeom,호텔더디자이너스 인천점,地図データに明記,仁川広域市,Incheon,ナムドン区,Namdong-gu,인천 남동구 남동대로765번길 8,032-429-7478,,http://designersincheon.com/,37.451025,126.707095,3.5,95,"https://www.google.com/maps/search/?api=1&query=37.451025,126.707095",호텔
280,ホテル,Hotel,パチルムホテル ヨジョン,Patirum Hotel Yeojeong,파티룸호텔 여정,地図データに明記,仁川広域市,Incheon,ミチュホル区,Michuhol-gu,인천 미추홀구 미추홀대로734번길 31-1,0502-5550-0591,https://www.instagram.com/partyeojeong/,,37.463192,126.682211,4.0,79,"https://www.google.com/maps/search/?api=1&query=37.463192,126.682211",호텔
281,ペンション,Pension,ガーデンナイン インチョンソンナムジョム,Garden Nain Incheonseongnamjeom,가든나인 인천석남점,地図データに明記,仁川広域市,Incheon,ソヘ区,Seohae-gu,인천 서해구 새오개로16번길 6-8,010-3133-5594,https://instagram.com/9arden_9?igshid=MzMyNGUyNmU2YQ==,,37.511098,126.665752,5.0,34,"https://www.google.com/maps/search/?api=1&query=37.511098,126.665752",펜션
282,ホテル,Hotel,オクウッドプリミオ インチョン,Okeu Wood Peurimieo Incheon,오크우드프리미어 인천,地図データに明記,仁川広域市,Incheon,ヨンス区,Yeonsu-gu,인천 연수구 컨벤시아대로 165,032-726-2000,,http://oakwoodpremier.co.kr/,37.389143,126.644217,4.3,710,"https://www.google.com/maps/search/?api=1&query=37.389143,126.644217",호텔
283,宿泊施設,Accommodation,トウィクエン リゾート,Deowikeuaen Resort,더위크앤 리조트,地図データに明記,仁川広域市,Incheon,ヨンジョン区,Yeongjong-gu,인천 영종구 용유서로 379,032-745-0000,,https://www.theweekandresort.com/,37.450624,126.370757,3.8,727,"https://www.google.com/maps/search/?api=1&query=37.450624,126.370757","콘도,리조트"
284,宿泊施設,Accommodation,エボビュペンション,Ebeobyu Pension,에버뷰펜션,地図データに明記,仁川広域市,Incheon,ヨンジョン区,Yeongjong-gu,인천 영종구 용유서로348번길 16,010-3601-6265,,http://www.evervieww.com/,37.449912,126.375139,4.7,77,"https://www.google.com/maps/search/?api=1&query=37.449912,126.375139",유스호스텔
285,ペンション,Pension,プルレイハウンド,Peulleihaundeu,플레이하운드,地図データに明記,仁川広域市,Incheon,ヨンジョン区,Yeongjong-gu,인천 영종구 용유서로450번길 41-21,010-2068-8588,https://www.instagram.com/play.hound/,,37.459724,126.374924,5.0,34,"https://www.google.com/maps/search/?api=1&query=37.459724,126.374924",펜션
286,ペンション,Pension,ヘドゥンシルペンション,Haedungsil Pension,해둥실펜션,地図データに明記,仁川広域市,Incheon,ヨンジョン区,Yeongjong-gu,인천 영종구 큰무리로 36,,https://www.instagram.com/sundungsil/,,37.403434,126.409936,4.3,11,"https://www.google.com/maps/search/?api=1&query=37.403434,126.409936",펜션
287,ペンション,Pension,ロブルリペッ108愛犬ペンション,Reobeullipet 108 Dog Pension,러블리펫108애견펜션,店名から判断,仁川広域市,Incheon,オンジン郡,Ongjin-gun,인천 옹진군 영흥면 선재로 76-27,010-7375-2275,,http://www.lovely-pet108.co.kr,37.236478,126.530907,3.4,50,"https://www.google.com/maps/search/?api=1&query=37.236478,126.530907",펜션
288,ペンション,Pension,ロマスパペンション,Romaseupa Pension,로마스파펜션,地図データに明記,仁川広域市,Incheon,オンジン郡,Ongjin-gun,인천 옹진군 영흥면 선재로306번길 27-87,1833-9306,,http://romaspa.co.kr/,37.256318,126.518106,2.0,2,"https://www.google.com/maps/search/?api=1&query=37.256318,126.518106",펜션
289,ペンション,Pension,ミリネペッハウス,Mirinaepet House,미리내펫하우스,店名から判断,仁川広域市,Incheon,オンジン郡,Ongjin-gun,인천 옹진군 영흥면 영흥서로 477,010-4689-7882,,http://www.mirinaepet-house.com/,37.277952,126.456177,5.0,17,"https://www.google.com/maps/search/?api=1&query=37.277952,126.456177",펜션
290,ペンション,Pension,ステイトク 1ホジョム,Stay Dok 1 Hojeom,스테이독 1호점,地図データに明記,仁川広域市,Incheon,オンジン郡,Ongjin-gun,인천 옹진군 영흥면 선재로 264,010-8896-6560,https://www.instagram.com/staydog_,,37.250556,126.521825,3.7,16,"https://www.google.com/maps/search/?api=1&query=37.250556,126.521825",펜션
291,ペンション,Pension,ヨンフンドノウレンバダ愛犬同伴ペンション,Yeongheungdonoeuraenbada Dog Friendly Pension,영흥도노을앤바다애견동반펜션,店名から判断,仁川広域市,Incheon,オンジン郡,Ongjin-gun,인천 옹진군 영흥면 영흥서로 465-22,1833-9306,,https://sunset-sea.kr/,37.279308,126.457079,3.8,19,"https://www.google.com/maps/search/?api=1&query=37.279308,126.457079",펜션
292,宿泊施設,Accommodation,ハイプルレイムステイ,High Peulleim Stay,하이플레임스테이,地図データに明記,仁川広域市,Incheon,オンジン郡,Ongjin-gun,인천 옹진군 영흥면 선재로306번길 27-63,0502-5552-3400,,https://hiflame-stay.co.kr,37.256652,126.516997,,12,"https://www.google.com/maps/search/?api=1&query=37.256652,126.516997",숙박
293,キャンプ場,Campsite,ットゥッチアモ,Ttuttiamo,뚜띠아모,地図データに明記,全南光州統合特別市,Jeonnam-Gwangju,コフン郡,Goheung-gun,전남광주통합특별시 고흥군 동일면 성두구룡길 88,061-832-5555,,http://ttuttiamo.co.kr,34.524666,127.441056,5.0,50,"https://www.google.com/maps/search/?api=1&query=34.524666,127.441056","야영,캠핑장"
294,ペンション,Pension,アロセギダ,Arosaegida,아로새기다,地図データに明記,全南光州統合特別市,Jeonnam-Gwangju,コフン郡,Goheung-gun,전남광주통합특별시 고흥군 동강면 동강당곡길 139-48,010-8287-5142,https://www.instagram.com/arsgd_aro/,,34.800076,127.329462,5.0,48,"https://www.google.com/maps/search/?api=1&query=34.800076,127.329462",펜션
295,ペンション,Pension,コクソンギチャマウル 愛犬同伴ペンション,Gokseonggichamaeul Dog Friendly Pension,곡성기차마을 애견동반펜션,店名から判断,全南光州統合特別市,Jeonnam-Gwangju,コクソン郡,Gokseong-gun,전남광주통합특별시 곡성군 삼기면 곡순로 1043-40,,,,35.219271,127.231603,,37,"https://www.google.com/maps/search/?api=1&query=35.219271,127.231603",펜션
296,ペンション,Pension,ススガオク,Susugaok,수수가옥,地図データに明記,全南光州統合特別市,Jeonnam-Gwangju,コクソン郡,Gokseong-gun,전남광주통합특별시 곡성군 석곡면 연동길 67-1,010-6452-0902,https://www.instagram.com/susu_stay/,,35.165404,127.244923,,18,"https://www.google.com/maps/search/?api=1&query=35.165404,127.244923",펜션
297,ペンション,Pension,トランギル愛犬ペンション,Deurangil Dog Pension,들안길애견펜션,店名から判断,全南光州統合特別市,Jeonnam-Gwangju,クリェ郡,Gurye-gun,전남광주통합특별시 구례군 문척면 산치1길 1-40,010-3620-0051,,,35.144013,127.509824,4.6,16,"https://www.google.com/maps/search/?api=1&query=35.144013,127.509824",펜션
298,ペンション,Pension,スミョドル397ペンション,Seumyeodeul 397 Pension,스며들397펜션,地図データに明記,全南光州統合特別市,Jeonnam-Gwangju,クリェ郡,Gurye-gun,전남광주통합특별시 구례군 광의면 매천로 397,010-7726-1012,,https://blog.naver.com/smd397,35.261023,127.46686,5.0,25,"https://www.google.com/maps/search/?api=1&query=35.261023,127.46686",펜션
299,ペンション,Pension,マハンノンウォン,Mahannongwon,마한농원,地図データに明記,全南光州統合特別市,Jeonnam-Gwangju,ナジュ市,Naju-si,전남광주통합특별시 나주시 동방1길 35-12,0502-5553-7056,,https://booking.naver.com/booking/3/bizes/546560,34.97965,126.67861,5.0,19,"https://www.google.com/maps/search/?api=1&query=34.97965,126.67861",펜션
300,ペンション,Pension,クルミペンション,Gureumi Pension,구르미펜션,地図データに明記,全南光州統合特別市,Jeonnam-Gwangju,タミャン郡,Damyang-gun,전남광주통합특별시 담양군 월산면 오성내동길 72-5,010-4407-7820,,http://www.goormi.co.kr/,35.367046,126.957653,4.3,44,"https://www.google.com/maps/search/?api=1&query=35.367046,126.957653",펜션
301,ペンション,Pension,タミャン ピミルィムン愛犬一棟貸しペンション,Damyang Bimiruimun Dog Whole House Pension,담양 비밀의문애견독채펜션,店名から判断,全南光州統合特別市,Jeonnam-Gwangju,タミャン郡,Damyang-gun,전남광주통합특별시 담양군 월산면 월광로 326-20,,,,35.35586,126.970275,,2,"https://www.google.com/maps/search/?api=1&query=35.35586,126.970275",펜션
302,モーテル,Motel,ニュエボグリーンホテル,Nyuebeo Green Hotel,뉴에버그린호텔,地図データに明記,全南光州統合特別市,Jeonnam-Gwangju,モクポ市,Mokpo-si,전남광주통합특별시 목포시 하당남부로 59,061-285-1991,,,34.800398,126.430409,4.0,32,"https://www.google.com/maps/search/?api=1&query=34.800398,126.430409","여관,모텔"
303,ペンション,Pension,クンナイッドグ,Gunnaitdogeu,굿나잇도그,店名から判断,全南光州統合特別市,Jeonnam-Gwangju,ムアン郡,Muan-gun,전남광주통합특별시 무안군 청계면 복길로 164-21,010-2005-5774,,,34.900494,126.402199,,80,"https://www.google.com/maps/search/?api=1&query=34.900494,126.402199",펜션
304,ペンション,Pension,オベルマン愛犬プールヴィラ,Obereumang Dog Pool Villa,오베르망애견풀빌라,店名から判断,全南光州統合特別市,Jeonnam-Gwangju,ムアン郡,Muan-gun,전남광주통합특별시 무안군 망운면 청운로 857-10,02-899-7475,,http://오베르망.com,34.977575,126.379636,2.0,56,"https://www.google.com/maps/search/?api=1&query=34.977575,126.379636",펜션
305,ペンション,Pension,ヘンボクハンハルペンション,Haengbokhanharu Pension,행복한하루펜션,地図データに明記,全南光州統合特別市,Jeonnam-Gwangju,スンチョン市,Suncheon-si,전남광주통합특별시 순천시 대대2길 46-9,010-5610-1749,,http://www.happydayone.co.kr,34.892002,127.508982,5.0,5,"https://www.google.com/maps/search/?api=1&query=34.892002,127.508982",펜션
306,ペンション,Pension,ネモ愛犬同伴プールヴィラペンション,Nemo Dog Friendly Pool Villa Pension,네모애견동반풀빌라펜션,店名から判断,全南光州統合特別市,Jeonnam-Gwangju,ヨス市,Yeosu-si,전남광주통합특별시 여수시 소라면 궁항길 115-14,010-6300-3766,,,34.778131,127.572108,,61,"https://www.google.com/maps/search/?api=1&query=34.778131,127.572108",펜션
307,ペンション,Pension,ヌッキム愛犬同伴 プールヴィラペンション,Neukkim Dog Friendly Pool Villa Pension,느낌애견동반 풀빌라펜션,店名から判断,全南光州統合特別市,Jeonnam-Gwangju,ヨス市,Yeosu-si,전남광주통합특별시 여수시 돌산읍 계동로 426,1833-9306,,,34.672625,127.782177,5.0,34,"https://www.google.com/maps/search/?api=1&query=34.672625,127.782177",펜션
308,民宿,Minbak,ヴィレッジ ピオ,Village Pieo,빌리지 피어,地図データに明記,全南光州統合特別市,Jeonnam-Gwangju,ヨス市,Yeosu-si,전남광주통합특별시 여수시 돌산읍 계동로 393,010-2564-4440,https://www.instagram.com/p/CRvTE_rlzG7/,,34.66985,127.782649,5.0,89,"https://www.google.com/maps/search/?api=1&query=34.66985,127.782649",민박
309,民宿,Minbak,ソルゴジペンション,Solgoji Pension,솔고지펜션,地図データに明記,全南光州統合特別市,Jeonnam-Gwangju,ヨス市,Yeosu-si,전남광주통합특별시 여수시 화정면 백야로 156-82,010-6283-3026,,https://link.inpock.co.kr/solgoji,34.608538,127.639363,5.0,7,"https://www.google.com/maps/search/?api=1&query=34.608538,127.639363",민박
310,ペンション,Pension,ステイナンマン 愛犬プールヴィラ,Stay Nangman Dog Pool Villa,스테이낭만 애견풀빌라,店名から判断,全南光州統合特別市,Jeonnam-Gwangju,ヨス市,Yeosu-si,전남광주통합특별시 여수시 돌산읍 평사로 499,010-8704-7441,,,34.663415,127.741345,4.5,173,"https://www.google.com/maps/search/?api=1&query=34.663415,127.741345",펜션
311,ペンション,Pension,ステイモン愛犬スパペンション,Stay Meong Dog Seupa Pension,스테이멍애견스파펜션,店名から判断,全南光州統合特別市,Jeonnam-Gwangju,ヨス市,Yeosu-si,전남광주통합특별시 여수시 돌산읍 향일암로 717,1833-9306,,http://staymung.co.kr/,34.623969,127.791667,5.0,4,"https://www.google.com/maps/search/?api=1&query=34.623969,127.791667",펜션
312,ペンション,Pension,アンダンテスパペンション,Andanteseupa Pension,안단테스파펜션,地図データに明記,全南光州統合特別市,Jeonnam-Gwangju,ヨス市,Yeosu-si,전남광주통합특별시 여수시 돌산읍 평사로 335,010-9045-6606,,http://ysandante.co.kr/,34.655487,127.726844,5.0,19,"https://www.google.com/maps/search/?api=1&query=34.655487,127.726844",펜션
313,ペンション,Pension,ヨス カルペヂエムペンション,Yeosu Kareupediem Pension,여수 카르페디엠펜션,地図データに明記,全南光州統合特別市,Jeonnam-Gwangju,ヨス市,Yeosu-si,전남광주통합특별시 여수시 돌산읍 돌산로 673,010-8029-2827,,http://www.carpediemyeosu.com,34.59426,127.759607,5.0,17,"https://www.google.com/maps/search/?api=1&query=34.59426,127.759607",펜션
314,ペンション,Pension,ヨスガジョクペンション&愛犬ペンション&タンチェペンション&チョンウォニイェップン一棟貸しペンション,Yeosugajok Pension & Dog Pension & Danche Pension & Jeongwoniyeppeun Whole House Pension,여수가족펜션&애견펜션&단체펜션&정원이예쁜독채펜션,店名から判断,全南光州統合特別市,Jeonnam-Gwangju,ヨス市,Yeosu-si,전남광주통합특별시 여수시 학동서4길 39,010-5691-7527,,http://여수단체독채펜션.kr,34.763674,127.658032,4.8,4,"https://www.google.com/maps/search/?api=1&query=34.763674,127.658032",펜션
315,ペンション,Pension,ヨスナンマン愛犬ペンション,Yeosunangman Dog Pension,여수낭만애견펜션,店名から判断,全南光州統合特別市,Jeonnam-Gwangju,ヨス市,Yeosu-si,전남광주통합특별시 여수시 돌산읍 평사로 499,,,,34.663415,127.741338,1.7,59,"https://www.google.com/maps/search/?api=1&query=34.663415,127.741338",펜션
316,ペンション,Pension,ヨスダオム,Yeosudaom,여수다옴,地図データに明記,全南光州統合特別市,Jeonnam-Gwangju,ヨス市,Yeosu-si,전남광주통합특별시 여수시 돌산읍 돌산로 3090,061-642-1056,,http://yeosudaom.kr,34.698741,127.762461,5.0,2,"https://www.google.com/maps/search/?api=1&query=34.698741,127.762461",펜션
317,ペンション,Pension,ヨスデンデンイ 愛犬カジョクペンション コルド,Yeosudaengdaengi Dog Gajok Pension Goldeu,여수댕댕이 애견가족펜션 골드,店名から判断,全南光州統合特別市,Jeonnam-Gwangju,ヨス市,Yeosu-si,전남광주통합특별시 여수시 돌산읍 평사로 481,1833-9306,,https://www.ysea.co.kr/,34.66234,127.73983,2.0,39,"https://www.google.com/maps/search/?api=1&query=34.66234,127.73983",펜션
318,ペンション,Pension,ヨスドグポルスン愛犬ペンション,Yeosudogeupeolseun Dog Pension,여수도그펄슨애견펜션,地図データに明記,全南光州統合特別市,Jeonnam-Gwangju,ヨス市,Yeosu-si,전남광주통합특별시 여수시 돌산읍 마상포길 39-2,010-5325-0611,,http://www.dogpulson.co.kr,34.710526,127.768397,5.0,141,"https://www.google.com/maps/search/?api=1&query=34.710526,127.768397",펜션
319,ペンション,Pension,ヨスミュジコルハウス,Yeosumyujikeol House,여수뮤지컬하우스,地図データに明記,全南光州統合特別市,Jeonnam-Gwangju,ヨス市,Yeosu-si,전남광주통합특별시 여수시 율촌면 두언길 106-31,061-692-6900,,http://musicalhouse.co.kr,34.829071,127.535713,5.0,289,"https://www.google.com/maps/search/?api=1&query=34.829071,127.535713",펜션
320,ペンション,Pension,ヨスステイモン愛犬ペンション,Yeosu Stay Meong Dog Pension,여수스테이멍애견펜션,店名から判断,全南光州統合特別市,Jeonnam-Gwangju,ヨス市,Yeosu-si,전남광주통합특별시 여수시 돌산읍 향일암로 721,,,,34.624159,127.791733,,93,"https://www.google.com/maps/search/?api=1&query=34.624159,127.791733",펜션
321,ペンション,Pension,ヨスアイランド愛犬同伴ペンション,Yeosu Island Dog Friendly Pension,여수아일랜드애견동반펜션,店名から判断,全南光州統合特別市,Jeonnam-Gwangju,ヨス市,Yeosu-si,전남광주통합특별시 여수시 화양면 옥천로 1063-15,1833-9306,,https://ysisland.kr,34.74428,127.585118,,6,"https://www.google.com/maps/search/?api=1&query=34.74428,127.585118",펜션
322,ペンション,Pension,ウドゥリポペッ 愛犬ペンション,Uduripopet Dog Pension,우두리포펫 애견펜션,店名から判断,全南光州統合特別市,Jeonnam-Gwangju,ヨス市,Yeosu-si,전남광주통합특별시 여수시 돌산읍 돌산로 3508,010-9077-7173,,https://uduripet.imweb.me,34.725124,127.747592,4.2,64,"https://www.google.com/maps/search/?api=1&query=34.725124,127.747592",펜션
323,宿泊施設,Accommodation,ホヤステイ,Hoya Stay,호야스테이,地図データに明記,全南光州統合特別市,Jeonnam-Gwangju,ヨス市,Yeosu-si,전남광주통합특별시 여수시 국동남6길 49-10,010-7359-5202,https://www.instagram.com/hoya_stay,,34.727032,127.719087,3.0,283,"https://www.google.com/maps/search/?api=1&query=34.727032,127.719087",숙박
324,ペンション,Pension,ファヤンヨンガステイ,Hwayangyeonga Stay,화양연가스테이,地図データに明記,全南光州統合特別市,Jeonnam-Gwangju,ヨス市,Yeosu-si,전남광주통합특별시 여수시 화양면 화양로 1328-23,010-9897-1441,https://www.instagram.com/yeonga_stay/,,34.699235,127.61276,5.0,6,"https://www.google.com/maps/search/?api=1&query=34.699235,127.61276",펜션
325,ペンション,Pension,ソランノモジャヨンソグロ,Soranneomeojayeonsogeuro,솔안넘어자연속으로,地図データに明記,全南光州統合特別市,Jeonnam-Gwangju,ヨングァン郡,Yeonggwang-gun,전남광주통합특별시 영광군 법성면 용성월산로6길 153-16,010-6623-3480,,,35.358213,126.511426,5.0,5,"https://www.google.com/maps/search/?api=1&query=35.358213,126.511426",펜션
326,宿泊施設,Accommodation,ヨンアミョンフィハノクペンション,Yeongamyeonhuihanok Pension,영암연희한옥펜션,地図データに明記,全南光州統合特別市,Jeonnam-Gwangju,ヨンアム郡,Yeongam-gun,전남광주통합특별시 영암군 군서면 왕인로 690-17,010-2357-2315,,http://yeonheehanok.imweb.me,34.7737,126.645222,5.0,108,"https://www.google.com/maps/search/?api=1&query=34.7737,126.645222",한옥숙소
327,宿泊施設,Accommodation,ワンドルミアホテルエンリゾート,Wandorumia Hotel Aen Resort,완도루미아호텔앤리조트,地図データに明記,全南光州統合特別市,Jeonnam-Gwangju,ワンド郡,Wando-gun,전남광주통합특별시 완도군 신지면 울몰길 49,061-554-1000,,,34.331059,126.834364,4.4,25,"https://www.google.com/maps/search/?api=1&query=34.331059,126.834364","콘도,리조트"
328,ペンション,Pension,ソルレイクペンション,Solleikeu Pension,솔레이크펜션,地図データに明記,全南光州統合特別市,Jeonnam-Gwangju,チャンソン郡,Jangseong-gun,전남광주통합특별시 장성군 삼계면 정각길 9,0502-5552-4655,,http://www.sollake.co.kr,35.247356,126.675165,,0,"https://www.google.com/maps/search/?api=1&query=35.247356,126.675165",펜션
329,ペンション,Pension,ホンギルドンゴンガンペンション,Honggildonggeongang Pension,홍길동건강펜션,地図データに明記,全南光州統合特別市,Jeonnam-Gwangju,チャンソン郡,Jangseong-gun,전남광주통합특별시 장성군 황룡면 금호초지길 24-31,010-7185-1886,,,35.326232,126.719341,5.0,155,"https://www.google.com/maps/search/?api=1&query=35.326232,126.719341",펜션
330,ペンション,Pension,コルドマウンチンハウス,Goldeumauntin House,골드마운틴하우스,地図データに明記,全南光州統合特別市,Jeonnam-Gwangju,チンド郡,Jindo-gun,전남광주통합특별시 진도군 고군면 원포길 226,010-4663-8605,,http://jindorest.com,34.481916,126.377273,4.8,29,"https://www.google.com/maps/search/?api=1&query=34.481916,126.377273",펜션
331,宿泊施設,Accommodation,クムホファスンスパリゾート,Geumhohwasunseupa Resort,금호화순스파리조트,地図データに明記,全南光州統合特別市,Jeonnam-Gwangju,ファスン郡,Hwasun-gun,전남광주통합특별시 화순군 백아면 옥리길 14-21,061-370-5000,,https://www.kumhoresort.co.kr,35.163467,127.083844,4.0,91,"https://www.google.com/maps/search/?api=1&query=35.163467,127.083844",금호리조트
332,ペンション,Pension,愛犬同伴 ペンション,Dog Friendly Pension,애견동반 펜션,店名から判断,全南光州統合特別市,Jeonnam-Gwangju,ファスン郡,Hwasun-gun,전남광주통합특별시 화순군 한천면 용암길 48-27,,,,34.971493,126.991595,,0,"https://www.google.com/maps/search/?api=1&query=34.971493,126.991595",펜션
333,ペンション,Pension,ステイポレスト 愛犬ペンション,Stay Poreseuteu Dog Pension,스테이포레스트 애견펜션,地図データに明記,全北特別自治道,Jeonbuk,クンサン市,Gunsan-si,전북특별자치도 군산시 옥구읍 옥구남로 31-16,063-466-1993,http://www.instagram.com/gunsan_littleforest,,35.919992,126.686543,,11,"https://www.google.com/maps/search/?api=1&query=35.919992,126.686543",펜션
334,ホテル,Hotel,ホテルナウン,Hotel Naun,호텔나운,地図データに明記,全北特別自治道,Jeonbuk,クンサン市,Gunsan-si,전북특별자치도 군산시 현충로 84,010-2954-2744,https://www.instagram.com/hotel_naun/,,35.962663,126.689432,4.6,68,"https://www.google.com/maps/search/?api=1&query=35.962663,126.689432",호텔
335,宿泊施設,Accommodation,サギェオクセム,Sagyeoksaem,사계옥샘,地図データに明記,全北特別自治道,Jeonbuk,ナムォン市,Namwon-si,전북특별자치도 남원시 옥샘길 42-21,0502-5553-8185,,https://link.inpock.co.kr/4seasons_oksaem,35.411077,127.387617,,64,"https://www.google.com/maps/search/?api=1&query=35.411077,127.387617",한옥숙소
336,ペンション,Pension,インカペンション,Ingka Pension,잉카펜션,地図データに明記,全北特別自治道,Jeonbuk,ムジュ郡,Muju-gun,전북특별자치도 무주군 적상면 치마재로 328-8,010-4650-8434,,https://incaps.kr/,35.925623,127.703066,5.0,12,"https://www.google.com/maps/search/?api=1&query=35.925623,127.703066",펜션
337,ペンション,Pension,プアン ピョンサンプロバンス愛犬ペンション,Buan Byeonsanpeurobangseu Dog Pension,부안 변산프로방스애견펜션,店名から判断,全北特別自治道,Jeonbuk,プアン郡,Buan-gun,전북특별자치도 부안군 변산면 변산로 3209-1,,,,35.600505,126.485648,4.0,35,"https://www.google.com/maps/search/?api=1&query=35.600505,126.485648",펜션
338,ペンション,Pension,テンデンポレスト,Daengdaengporeseuteu,댕댕포레스트,地図データに明記,全北特別自治道,Jeonbuk,ワンジュ郡,Wanju-gun,전북특별자치도 완주군 운주면 숯고개길 370-1,010-8252-7206,,https://blog.naver.com/dengdengforest,36.095477,127.336455,,31,"https://www.google.com/maps/search/?api=1&query=36.095477,127.336455",펜션
339,ペンション,Pension,テルルナ,Delluna,델루나,地図データに明記,全北特別自治道,Jeonbuk,ワンジュ郡,Wanju-gun,전북특별자치도 완주군 소양면 송광수만로 169,063-246-7134,,http://www.delluna.kr/,35.876521,127.244168,5.0,24,"https://www.google.com/maps/search/?api=1&query=35.876521,127.244168",펜션
340,ペンション,Pension,チオマイペッ,Dieo My Pet,디어마이펫,地図データに明記,全北特別自治道,Jeonbuk,ワンジュ郡,Wanju-gun,전북특별자치도 완주군 상관면 월암길 30-42,010-4796-6534,,,35.777899,127.204845,5.0,27,"https://www.google.com/maps/search/?api=1&query=35.777899,127.204845",펜션
341,ペンション,Pension,イスペンション,Isu Pension,이수펜션,地図データに明記,全北特別自治道,Jeonbuk,ワンジュ郡,Wanju-gun,전북특별자치도 완주군 상관면 상관소양로 691-10,010-7679-3240,,https://blog.naver.com/eunsill2009,35.812776,127.25208,5.0,1,"https://www.google.com/maps/search/?api=1&query=35.812776,127.25208",펜션
342,ペンション,Pension,イクサン タルグァ7ペンス,Iksan Dalgwa 7 Penseu,익산 달과7펜스,地図データに明記,全北特別自治道,Jeonbuk,イクサン市,Iksan-si,전북특별자치도 익산시 삼기면 현동길 4,010-4807-5241,https://www.instagram.com/moon_7pence,,36.024534,127.017112,,22,"https://www.google.com/maps/search/?api=1&query=36.024534,127.017112",펜션
343,ホテル,Hotel,メジョンドオニュホテル チョンジュハノンマウルジョム,Mejongdeuonyu Hotel Jeonjuhanongmaeuljeom,메종드온유호텔 전주한옥마을점,地図データに明記,全北特別自治道,Jeonbuk,チョンジュ市トクジン区,Jeonju-si Deokjin-gu,전북특별자치도 전주시 덕진구 아중4길 9-3,070-7709-7192,https://www.instagram.com/maisonde_onu/,,35.830336,127.174392,4.5,151,"https://www.google.com/maps/search/?api=1&query=35.830336,127.174392",호텔
344,ペンション,Pension,ランナン&ランゲ,Rangnang & Ranggae,랑랑&랑개,地図データに明記,全北特別自治道,Jeonbuk,チョンジュ市ワンサン区,Jeonju-si Wansan-gu,전북특별자치도 전주시 완산구 객원길 57-28,010-9634-4653,,https://blog.naver.com/125ranggae,35.795942,127.1734,,4,"https://www.google.com/maps/search/?api=1&query=35.795942,127.1734",펜션
345,宿泊施設,Accommodation,チョンジュ一棟貸しペンション トキナ,Jeonju Whole House Pension Deokina,전주독채펜션 더키나,地図データに明記,全北特別自治道,Jeonbuk,チョンジュ市ワンサン区,Jeonju-si Wansan-gu,전북특별자치도 전주시 완산구 신기마을길 31-1,010-3655-0224,,https://m.blog.naver.com/pkina1/222409699079,35.772656,127.130743,5.0,7,"https://www.google.com/maps/search/?api=1&query=35.772656,127.130743",숙박
346,ホテル,Hotel,チョンジュホテルタビン,Jeonju Hotel Dabin,전주호텔다빈,地図データに明記,全北特別自治道,Jeonbuk,チョンジュ市ワンサン区,Jeonju-si Wansan-gu,전북특별자치도 전주시 완산구 팔달로 160,063-229-8000,,https://booking.naver.com/booking/3/bizes/1015446,35.816792,127.147813,3.9,12,"https://www.google.com/maps/search/?api=1&query=35.816792,127.147813",호텔
347,民宿,Minbak,ソテジョン ロウハウス,Sotaejeong Rou House,소태정 로우하우스,地図データに明記,全北特別自治道,Jeonbuk,チナン郡,Jinan-gun,전북특별자치도 진안군 부귀면 소태정길 121-2,010-7531-2904,,http://blog.naver.com/loudevil,35.852336,127.329577,,0,"https://www.google.com/maps/search/?api=1&query=35.852336,127.329577",민박
348,ペンション,Pension,カムニュメ,Gamunyume,가문유메,地図データに明記,済州特別自治道,Jeju,ソグィポ市,Seogwipo-si,제주특별자치도 서귀포시 염돈로 63-6,010-5034-8798,,,33.254587,126.49162,5.0,111,"https://www.google.com/maps/search/?api=1&query=33.254587,126.49162",펜션
349,ペンション,Pension,コソン2119,Goseong 2119,고성2119,地図データに明記,済州特別自治道,Jeju,ソグィポ市,Seogwipo-si,제주특별자치도 서귀포시 성산읍 서성일로1136번길 10-1,010-4693-5404,,https://blog.naver.com/mjjinu,33.444023,126.899753,,7,"https://www.google.com/maps/search/?api=1&query=33.444023,126.899753",펜션
350,宿泊施設,Accommodation,クリノリヴィレッジ,Geurineori Village,그리너리빌리지,地図データに明記,済州特別自治道,Jeju,ソグィポ市,Seogwipo-si,제주특별자치도 서귀포시 소보리당로 200,010-4855-2628,,https://m.blog.naver.com/shf1210,33.261579,126.384151,4.8,71,"https://www.google.com/maps/search/?api=1&query=33.261579,126.384151",숙박
351,ペンション,Pension,プルランヂヤ,Beullandiya,블란디야,地図データに明記,済州特別自治道,Jeju,ソグィポ市,Seogwipo-si,제주특별자치도 서귀포시 법환로 15,064-739-1182,https://www.instagram.com/blandiya2023/,,33.236624,126.513565,3.0,89,"https://www.google.com/maps/search/?api=1&query=33.236624,126.513565",펜션
352,ペンション,Pension,ソグィポ タワプールヴィラ愛犬同伴ペンション,Seogwipo Dawa Pool Villa Dog Friendly Pension,서귀포 다와풀빌라애견동반펜션,店名から判断,済州特別自治道,Jeju,ソグィポ市,Seogwipo-si,제주특별자치도 서귀포시 안덕면 소기왓로 81-4,010-5276-1903,,http://www.jejudawa.kr,33.242396,126.368051,3.5,160,"https://www.google.com/maps/search/?api=1&query=33.242396,126.368051",펜션
353,ペンション,Pension,ソグィポヌルバダ愛犬同伴ペンション,Seogwiponeulbada Dog Friendly Pension,서귀포늘바다애견동반펜션,店名から判断,済州特別自治道,Jeju,ソグィポ市,Seogwipo-si,제주특별자치도 서귀포시 안덕면 대평로 38,070-4364-9474,,http://www.oceanlogps.kr,33.237243,126.363609,4.3,63,"https://www.google.com/maps/search/?api=1&query=33.237243,126.363609",펜션
354,ペンション,Pension,スェソッカクチョニルペンション,Soesokkakcheonil Pension,쇠소깍천일펜션,地図データに明記,済州特別自治道,Jeju,ソグィポ市,Seogwipo-si,제주특별자치도 서귀포시 남원읍 하례로 100,,,,33.258858,126.624371,4.8,0,"https://www.google.com/maps/search/?api=1&query=33.258858,126.624371",펜션
355,ペンション,Pension,スィムモンステイ,Swimmeong Stay,쉼멍스테이,地図データに明記,済州特別自治道,Jeju,ソグィポ市,Seogwipo-si,제주특별자치도 서귀포시 대정읍 신영로 16-14,0502-5551-8650,,http://pf.kakao.com/_yabQb,33.223636,126.245981,5.0,27,"https://www.google.com/maps/search/?api=1&query=33.223636,126.245981",펜션
356,ペンション,Pension,ステイパンハナ,Stay Banhana,스테이반하나,地図データに明記,済州特別自治道,Jeju,ソグィポ市,Seogwipo-si,제주특별자치도 서귀포시 남원읍 태신해안로 129,0503-7153-9631,,,33.292085,126.762313,4.9,34,"https://www.google.com/maps/search/?api=1&query=33.292085,126.762313",펜션
357,民宿,Minbak,ステイイドン,Stay Ideun,스테이이든,地図データに明記,済州特別自治道,Jeju,ソグィポ市,Seogwipo-si,제주특별자치도 서귀포시 표선면 일주동로 5675,010-8011-5856,,https://stayeden.co.kr/,33.338049,126.844125,,20,"https://www.google.com/maps/search/?api=1&query=33.338049,126.844125",민박
358,ペンション,Pension,ッシエルロペンション,Ssiello Pension,씨엘로펜션,地図データに明記,済州特別自治道,Jeju,ソグィポ市,Seogwipo-si,제주특별자치도 서귀포시 남원읍 신례로 101-4,010-3220-0505,,,33.27509,126.638351,4.5,19,"https://www.google.com/maps/search/?api=1&query=33.27509,126.638351",펜션
359,ペンション,Pension,アランチア ペンション,Aranchia Pension,아란치아 펜션,地図データに明記,済州特別自治道,Jeju,ソグィポ市,Seogwipo-si,제주특별자치도 서귀포시 염돈로 65,010-2578-3164,,,33.254591,126.491986,,40,"https://www.google.com/maps/search/?api=1&query=33.254591,126.491986",펜션
360,民宿,Minbak,アルムダウンホヤネ,Areumdaunhoyane,아름다운호야네,地図データに明記,済州特別自治道,Jeju,ソグィポ市,Seogwipo-si,제주특별자치도 서귀포시 표선면 토산중앙로 487-134,010-2162-3699,https://instagram.com/aho__stay,,33.33016,126.760547,4.6,65,"https://www.google.com/maps/search/?api=1&query=33.33016,126.760547",민박
361,ペンション,Pension,イェイチュサンジャン,Yeicheusanjang,예이츠산장,地図データに明記,済州特別自治道,Jeju,ソグィポ市,Seogwipo-si,제주특별자치도 서귀포시 남원읍 516로 918,064-767-3846,,http://www.yeatsvil.co.kr,33.325729,126.601038,4.5,3,"https://www.google.com/maps/search/?api=1&query=33.325729,126.601038",펜션
362,宿泊施設,Accommodation,オンドストーンペンション,Ondeo Stone Pension,온더스톤펜션,地図データに明記,済州特別自治道,Jeju,ソグィポ市,Seogwipo-si,제주특별자치도 서귀포시 성산읍 해맞이해안로 2746,,,https://blog.naver.com/rvex93/222913347719,33.470254,126.917847,,168,"https://www.google.com/maps/search/?api=1&query=33.470254,126.917847",숙박
363,ペンション,Pension,イルヘペンション,Ilhae Pension,일해펜션,地図データに明記,済州特別自治道,Jeju,ソグィポ市,Seogwipo-si,제주특별자치도 서귀포시 성산읍 환해장성로 233-22,010-4100-1045,,http://일해펜션.com/,33.389052,126.888756,4.5,0,"https://www.google.com/maps/search/?api=1&query=33.389052,126.888756",펜션
364,ペンション,Pension,チェジュ オアシスヒュヤンペンション,Jeju Oasiseuhyuyang Pension,제주 오아시스휴양펜션,地図データに明記,済州特別自治道,Jeju,ソグィポ市,Seogwipo-si,제주특별자치도 서귀포시 상효로 74-10,,,,33.266623,126.599263,1.0,61,"https://www.google.com/maps/search/?api=1&query=33.266623,126.599263",펜션
365,ペンション,Pension,チェジュダオンジェ,Jejudaonjae,제주다온재,地図データに明記,済州特別自治道,Jeju,ソグィポ市,Seogwipo-si,제주특별자치도 서귀포시 성산읍 산성효자로114번길 125-10,064-784-5090,,http://www.jejudaonjae.com,33.45492,126.907433,4.9,29,"https://www.google.com/maps/search/?api=1&query=33.45492,126.907433",펜션
366,民宿,Minbak,チェジュエソ,Jejuaeseo,제주애서,地図データに明記,済州特別自治道,Jeju,ソグィポ市,Seogwipo-si,제주특별자치도 서귀포시 성산읍 신산중앙로 5-12,,,,33.380983,126.878093,,1,"https://www.google.com/maps/search/?api=1&query=33.380983,126.878093",민박
367,ペンション,Pension,チェジュエコスウィチュ,Jejuekoseuwicheu,제주에코스위츠,地図データに明記,済州特別自治道,Jeju,ソグィポ市,Seogwipo-si,제주특별자치도 서귀포시 중문상로 207-13,064-738-9975,,http://jejueco.com/wordpress/,33.2654,126.427736,4.5,17,"https://www.google.com/maps/search/?api=1&query=33.2654,126.427736",펜션
368,ペンション,Pension,チェジュイソ,Jejuiseo,제주이서,地図データに明記,済州特別自治道,Jeju,ソグィポ市,Seogwipo-si,제주특별자치도 서귀포시 성산읍 신천서로 85-3,010-6644-9922,https://www.instagram.com/jeju2liseo,,33.340172,126.854971,2.5,0,"https://www.google.com/maps/search/?api=1&query=33.340172,126.854971",펜션
369,ペンション,Pension,トトウィ パダ,Totoui Bada,토토의 바다,地図データに明記,済州特別自治道,Jeju,ソグィポ市,Seogwipo-si,제주특별자치도 서귀포시 표선면 토산중앙로49번길 21,010-9330-3699,,,33.308929,126.77571,4.3,7,"https://www.google.com/maps/search/?api=1&query=33.308929,126.77571",펜션
370,ペンション,Pension,ハジェンタウンペンション,Hajen Town Pension,하젠타운펜션,地図データに明記,済州特別自治道,Jeju,ソグィポ市,Seogwipo-si,제주특별자치도 서귀포시 표선면 토산중앙로 140,010-9090-5064,,,33.317996,126.774506,5.0,4,"https://www.google.com/maps/search/?api=1&query=33.317996,126.774506",펜션
371,ペンション,Pension,ヘルメンハウス,Hereumen House,헤르멘하우스,地図データに明記,済州特別自治道,Jeju,ソグィポ市,Seogwipo-si,제주특별자치도 서귀포시 대정읍 평화로 85,0507-1374-6898,,http://www.hermenhouse.com,33.256961,126.286513,3.2,57,"https://www.google.com/maps/search/?api=1&query=33.256961,126.286513",펜션
372,民宿,Minbak,ホンシネペンション,Hongsine Pension,홍시네펜션,地図データに明記,済州特別自治道,Jeju,ソグィポ市,Seogwipo-si,제주특별자치도 서귀포시 대정읍 무릉중앙로 83,010-4193-5709,,,33.266435,126.195686,,2,"https://www.google.com/maps/search/?api=1&query=33.266435,126.195686",민박
373,ペンション,Pension,フィゲ愛犬ペンション,Hwige Dog Paensyeon,휘게애견팬션,店名から判断,済州特別自治道,Jeju,ソグィポ市,Seogwipo-si,제주특별자치도 서귀포시 성산읍 삼달신풍로 35-5,,,,33.368182,126.834938,4.5,9,"https://www.google.com/maps/search/?api=1&query=33.368182,126.834938",펜션
374,ペンション,Pension,ケムソンドエウォル,Gaemseongdeuaewol,갬성드애월,地図データに明記,済州特別自治道,Jeju,チェジュ市,Jeju-si,제주특별자치도 제주시 애월읍 애월해안로 274,,,,33.468367,126.34043,5.0,6,"https://www.google.com/maps/search/?api=1&query=33.468367,126.34043",펜션
375,ペンション,Pension,クィドクグィドクペンション,Gwideokgwideok Pension,귀덕귀덕펜션,地図データに明記,済州特別自治道,Jeju,チェジュ市,Jeju-si,제주특별자치도 제주시 한림읍 귀덕남동1길 54,0502-5550-5443,,https://blog.naver.com/separator,33.422839,126.302276,,19,"https://www.google.com/maps/search/?api=1&query=33.422839,126.302276",펜션
376,ペンション,Pension,タルビチョンド,Dalbichondo,달빛온도,地図データに明記,済州特別自治道,Jeju,チェジュ市,Jeju-si,제주특별자치도 제주시 애월읍 곽납로 160-6,,http://instagram.com/comodoen_casa,,33.440564,126.3267,,3,"https://www.google.com/maps/search/?api=1&query=33.440564,126.3267",펜션
377,ペンション,Pension,タルシ,Dalsi,달시,地図データに明記,済州特別自治道,Jeju,チェジュ市,Jeju-si,제주특별자치도 제주시 한림읍 한림로 372-6,0502-5552-3878,,https://blog.naver.com/dalsi3726,33.395397,126.243518,4.6,11,"https://www.google.com/maps/search/?api=1&query=33.395397,126.243518",펜션
378,ペンション,Pension,トバウム,Deobaum,더바움,地図データに明記,済州特別自治道,Jeju,チェジュ市,Jeju-si,제주특별자치도 제주시 애월읍 하소로 784-10,,,,33.415786,126.396386,,5,"https://www.google.com/maps/search/?api=1&query=33.415786,126.396386",펜션
379,ペンション,Pension,トポレストハソロ,Deoporeseuteuhasoro,더포레스트하소로,地図データに明記,済州特別自治道,Jeju,チェジュ市,Jeju-si,제주특별자치도 제주시 애월읍 하소로 784-10,,https://instagram.com/hasoro_thefor.rest,,33.415773,126.396395,,11,"https://www.google.com/maps/search/?api=1&query=33.415773,126.396395",펜션
380,ペンション,Pension,ットルレミジプ,Ttollaemijip,똘내미집,地図データに明記,済州特別自治道,Jeju,チェジュ市,Jeju-si,제주특별자치도 제주시 한림읍 협재로 45,010-6212-3795,,http://www.ddolnaemihouse.com,33.394042,126.247389,4.0,15,"https://www.google.com/maps/search/?api=1&query=33.394042,126.247389",펜션
381,ホテル,Hotel,ットレビホテル,Tteurebi Hotel,뜨레비호텔,地図データに明記,済州特別自治道,Jeju,チェジュ市,Jeju-si,제주특별자치도 제주시 연동7길 8,064-713-5011,,https://www.trevihotel.co.kr/,33.489193,126.490575,3.8,28,"https://www.google.com/maps/search/?api=1&query=33.489193,126.490575",호텔
382,ペンション,Pension,ラリジョブ一棟貸しペンション,Rarijeobeu Whole House Pension,라리저브독채펜션,地図データに明記,済州特別自治道,Jeju,チェジュ市,Jeju-si,제주특별자치도 제주시 구좌읍 하도13길 27,010-2267-2449,,,33.510369,126.889163,4.8,34,"https://www.google.com/maps/search/?api=1&query=33.510369,126.889163",펜션
383,ペンション,Pension,モンモンプルレイス,Meongmeongpeulleiseu,멍멍플레이스,地図データに明記,済州特別自治道,Jeju,チェジュ市,Jeju-si,제주특별자치도 제주시 애월읍 소길남길 244-5,010-5171-4665,https://www.instagram.com/jeju__mmplays/,,33.416271,126.379461,3.7,16,"https://www.google.com/maps/search/?api=1&query=33.416271,126.379461",펜션
384,ペンション,Pension,パラドンバダ,Baradeonbada,바라던바다,地図データに明記,済州特別自治道,Jeju,チェジュ市,Jeju-si,제주특별자치도 제주시 구좌읍 김월남길 111,010-9951-8096,https://www.instagram.com/gaheuline/,,33.548355,126.77192,1.0,7,"https://www.google.com/maps/search/?api=1&query=33.548355,126.77192",펜션
385,ペンション,Pension,パモス愛犬ペンション,Bamoseu Dog Pension,바모스애견펜션,地図データに明記,済州特別自治道,Jeju,チェジュ市,Jeju-si,제주특별자치도 제주시 조천읍 조천남4길 60,010-8548-3710,,,33.529209,126.640445,4.0,8,"https://www.google.com/maps/search/?api=1&query=33.529209,126.640445",펜션
386,ペンション,Pension,サギェジョルソンダン,Sagyejeolsongdang,사계절송당,地図データに明記,済州特別自治道,Jeju,チェジュ市,Jeju-si,제주특별자치도 제주시 구좌읍 중산간동로 2042-8,0502-5552-8562,,,33.474088,126.761113,4.0,8,"https://www.google.com/maps/search/?api=1&query=33.474088,126.761113",펜션
387,ペンション,Pension,ソギルステイ,Sogil Stay,소길스테이,地図データに明記,済州特別自治道,Jeju,チェジュ市,Jeju-si,제주특별자치도 제주시 애월읍 장소로 147-23,010-8381-9764,,http://blog.naver.com/thrlffl,33.439202,126.383868,5.0,3,"https://www.google.com/maps/search/?api=1&query=33.439202,126.383868",펜션
388,ペンション,Pension,ステイ トノ,Stay Dono,스테이 도노,地図データに明記,済州特別自治道,Jeju,チェジュ市,Jeju-si,제주특별자치도 제주시 조천읍 와흘상서1길 4-4,010-3129-8145,,https://blog.naver.com/stay_dono,33.49472,126.633859,,9,"https://www.google.com/maps/search/?api=1&query=33.49472,126.633859",펜션
389,ペンション,Pension,ステイトゥモラク,Stay Dumorak,스테이두모락,地図データに明記,済州特別自治道,Jeju,チェジュ市,Jeju-si,제주특별자치도 제주시 한경면 복호로 93-1,0502-5553-2054,,http://naver.me/GRu8sNmJ,33.342302,126.199686,5.0,38,"https://www.google.com/maps/search/?api=1&query=33.342302,126.199686",펜션
390,ペンション,Pension,ステイパイジェイ,Stay Baijei,스테이바이제이,地図データに明記,済州特別自治道,Jeju,チェジュ市,Jeju-si,제주특별자치도 제주시 애월읍 어도봉남길 25-1,010-7203-5518,https://www.instagram.com/staybyj_hudam/,,33.416342,126.302827,,7,"https://www.google.com/maps/search/?api=1&query=33.416342,126.302827",펜션
391,ペンション,Pension,ステイクイヂ,Stay Kuidi,스테이쿠이디,地図データに明記,済州特別自治道,Jeju,チェジュ市,Jeju-si,제주특별자치도 제주시 한림읍 귀덕14길 59,010-5743-5422,,https://www.stayquidi.com,33.438498,126.2959,,5,"https://www.google.com/maps/search/?api=1&query=33.438498,126.2959",펜션
392,ペンション,Pension,アロムタロムハウス,Aromtarom House,아롬타롬하우스,地図データに明記,済州特別自治道,Jeju,チェジュ市,Jeju-si,제주특별자치도 제주시 조천읍 조함해안로 142-44,0502-5551-2443,,,33.545247,126.641409,4.2,8,"https://www.google.com/maps/search/?api=1&query=33.545247,126.641409",펜션
393,ペンション,Pension,オアジェジュ,Oajeju,오아제주,地図データに明記,済州特別自治道,Jeju,チェジュ市,Jeju-si,제주특별자치도 제주시 조천읍 대흘5길 88-4,0503-7151-5556,https://instagram.com/oaa.jeju?igshid=MWI4MTIyMDE=,,33.497442,126.669603,,19,"https://www.google.com/maps/search/?api=1&query=33.497442,126.669603",펜션
394,ペンション,Pension,チェジュデンデンイ愛犬ペンション ブラック,Jejudaengdaengi Dog Pension Black,제주댕댕이애견펜션 블랙,店名から判断,済州特別自治道,Jeju,チェジュ市,Jeju-si,제주특별자치도 제주시 애월읍 광령평화2길 116-20,1833-9306,,https://제주댕댕이애견펜션.kr/,33.43469,126.432659,5.0,53,"https://www.google.com/maps/search/?api=1&query=33.43469,126.432659",펜션
395,ペンション,Pension,チェジュ一棟貸しペンションチャクジガムソンスクソ クルミビョルドン,Jeju Whole House Pension Jakujigamseongsukso Gureumibyeoldong,제주독채펜션자쿠지감성숙소 구르미별동,地図データに明記,済州特別自治道,Jeju,チェジュ市,Jeju-si,제주특별자치도 제주시 구좌읍 세화합전1길 34-12,0502-5553-8298,https://www.instagram.com/gurmistars,,33.512644,126.862124,4.0,56,"https://www.google.com/maps/search/?api=1&query=33.512644,126.862124",펜션
396,ペンション,Pension,チェジュドレゴンハウス,Jejudeuregon House,제주드레곤하우스,地図データに明記,済州特別自治道,Jeju,チェジュ市,Jeju-si,제주특별자치도 제주시 한경면 연명로 13-2,,,https://www.facebook.com/jejudragonhouse,33.29283,126.235134,,0,"https://www.google.com/maps/search/?api=1&query=33.29283,126.235134",펜션
397,民宿,Minbak,チェジュモンドル,Jejumongdol,제주몽돌,地図データに明記,済州特別自治道,Jeju,チェジュ市,Jeju-si,제주특별자치도 제주시 테우해안로 3,010-3785-6144,https://www.instagram.com/jejumongdol,,33.494481,126.436574,5.0,2,"https://www.google.com/maps/search/?api=1&query=33.494481,126.436574",민박
398,ペンション,Pension,チェジュ愛犬チョンムン エンジェルハウス,Jeju Dog Jeonmun Enjel House,제주애견전문 엔젤하우스,地図データに明記,済州特別自治道,Jeju,チェジュ市,Jeju-si,제주특별자치도 제주시 애월읍 신엄안3길 95,010-3679-5869,,http://www.angelhouse.kr/,33.472398,126.357777,5.0,345,"https://www.google.com/maps/search/?api=1&query=33.472398,126.357777",펜션
399,ペンション,Pension,チェジュエダンビ,Jejuaedanbi,제주애단비,地図データに明記,済州特別自治道,Jeju,チェジュ市,Jeju-si,제주특별자치도 제주시 한림읍 귀덕5길 20-1,,,,33.441491,126.28147,5.0,5,"https://www.google.com/maps/search/?api=1&query=33.441491,126.28147",펜션
400,ペンション,Pension,チェジュポレスターヒル,Jejupore Star Hil,제주포레스타힐,地図データに明記,済州特別自治道,Jeju,チェジュ市,Jeju-si,제주특별자치도 제주시 주르레남길 81-26,010-4321-5289,,https://www.forestarheal.com,33.439732,126.476897,5.0,3,"https://www.google.com/maps/search/?api=1&query=33.439732,126.476897",펜션
401,ペンション,Pension,テラスヒル,Terrace Hil,테라스힐,地図データに明記,済州特別自治道,Jeju,チェジュ市,Jeju-si,제주특별자치도 제주시 아봉로 346,0507-1350-3478,,https://terracehilljeju.com/,33.470375,126.572742,4.3,0,"https://www.google.com/maps/search/?api=1&query=33.470375,126.572742",펜션
402,ペンション,Pension,テバジュ,Tebajeu,테바즈,地図データに明記,済州特別自治道,Jeju,チェジュ市,Jeju-si,제주특별자치도 제주시 조천읍 일주동로 1594,0503-7154-1046,,https://linktr.ee/tebaz,33.551492,126.7036,5.0,10,"https://www.google.com/maps/search/?api=1&query=33.551492,126.7036",펜션
403,民宿,Minbak,パランサンジャ,Paransangja,파란상자,地図データに明記,済州特別自治道,Jeju,チェジュ市,Jeju-si,제주특별자치도 제주시 구좌읍 한동북1길 34-2,010-4093-9943,,http://blog.naver.com/paransangza,33.541134,126.828658,5.0,1,"https://www.google.com/maps/search/?api=1&query=33.541134,126.828658",민박
404,ペンション,Pension,ペンションミラ,Pension Mira,펜션미라,地図データに明記,済州特別自治道,Jeju,チェジュ市,Jeju-si,제주특별자치도 제주시 한경면 금등대안1길 61-3,,,,33.343009,126.215671,5.0,1,"https://www.google.com/maps/search/?api=1&query=33.343009,126.215671",펜션
405,宿泊施設,Accommodation,ハドガウリネ,Hadogaeurine,하도가을이네,地図データに明記,済州特別自治道,Jeju,チェジュ市,Jeju-si,제주특별자치도 제주시 구좌읍 하도3길 108-13,,,,33.526591,126.882296,5.0,5,"https://www.google.com/maps/search/?api=1&query=33.526591,126.882296",숙박
406,ペンション,Pension,ヘリエンソダムペンション,Haeriaensodam Pension,해리앤소담펜션,地図データに明記,済州特別自治道,Jeju,チェジュ市,Jeju-si,제주특별자치도 제주시 애월읍 중산간서로 6566-3,064-745-1969,https://www.instagram.com/harrysodam,,33.46256,126.431046,3.9,317,"https://www.google.com/maps/search/?api=1&query=33.46256,126.431046",펜션
407,ペンション,Pension,ホテルピンコ,Hotel Pinko,호텔핀코,地図データに明記,済州特別自治道,Jeju,チェジュ市,Jeju-si,제주특별자치도 제주시 구좌읍 해맞이해안로 2428-2,,https://www.instagram.com/hotel_finnko,,33.488897,126.906052,,20,"https://www.google.com/maps/search/?api=1&query=33.488897,126.906052",펜션
408,ペンション,Pension,ヒュイネウォルペンション,Hyuinaewol Pension,휴인애월펜션,地図データに明記,済州特別自治道,Jeju,チェジュ市,Jeju-si,제주특별자치도 제주시 애월읍 곽납로 37,010-4631-0650,,https://homepage.staymg.com/제주휴인애월펜션,33.444585,126.315227,4.2,1,"https://www.google.com/maps/search/?api=1&query=33.444585,126.315227",펜션
409,ペンション,Pension,ライムヒュロジュマリペンション,Raimhyurojeumari Pension,라임휴로즈마리펜션,地図データに明記,忠清南道,Chungcheongnam-do,コンジュ市,Gongju-si,충남 공주시 반포면 사봉길 107-2,010-2478-7179,,,36.362921,127.265577,5.0,12,"https://www.google.com/maps/search/?api=1&query=36.362921,127.265577",펜션
410,ペンション,Pension,トシュナ愛犬ペンション,Deosyuna Dog Pension,더슈나애견펜션,地図データに明記,忠清南道,Chungcheongnam-do,クムサン郡,Geumsan-gun,충남 금산군 진산면 살구정길 178-13,010-2933-2278,,http://www.더슈나애견펜션.com,36.159014,127.327944,5.0,8,"https://www.google.com/maps/search/?api=1&query=36.159014,127.327944",펜션
411,宿泊施設,Accommodation,ハノクステイヨベク,Hanok Stay Yeobaek,한옥스테이여백,地図データに明記,忠清南道,Chungcheongnam-do,クムサン郡,Geumsan-gun,충남 금산군 금성면 큰말길 97-6,010-5389-1621,https://www.instagram.com/yeobaek_hanok,,36.137384,127.47928,,39,"https://www.google.com/maps/search/?api=1&query=36.137384,127.47928",한옥숙소
412,ペンション,Pension,プリドクペンション,Peuridok Pension,프리독펜션,地図データに明記,忠清南道,Chungcheongnam-do,ノンサン市,Nonsan-si,충남 논산시 연산면 계백송정3길 25-7,010-8428-3716,,http://프리독펜션.com,36.222757,127.228367,4.9,94,"https://www.google.com/maps/search/?api=1&query=36.222757,127.228367",펜션
413,ペンション,Pension,ラルチェ365 ペンション,Raruche 365 Pension,라루체365 펜션,地図データに明記,忠清南道,Chungcheongnam-do,タンジン市,Dangjin-si,충남 당진시 신평면 맷돌포길 49,010-2685-1386,,,36.910233,126.812885,,16,"https://www.google.com/maps/search/?api=1&query=36.910233,126.812885",펜션
414,ペンション,Pension,スチュピン,Seutyuping,스튜핑,地図データに明記,忠清南道,Chungcheongnam-do,タンジン市,Dangjin-si,충남 당진시 면천면 밖여름길 22-45,,https://www.instagram.com/stuping_dog,,36.793621,126.650907,,8,"https://www.google.com/maps/search/?api=1&query=36.793621,126.650907",펜션
415,ペンション,Pension,テチョニェップンペンション,Daecheonyeppeun Pension,대천예쁜펜션,地図データに明記,忠清南道,Chungcheongnam-do,ポリョン市,Boryeong-si,충남 보령시 고잠2길 12-17,010-4025-1222,,http://www.daecheonpension.kr,36.311758,126.51679,5.0,5,"https://www.google.com/maps/search/?api=1&query=36.311758,126.51679",펜션
416,民宿,Minbak,トノルジャ 愛犬ペンション,Deonolja Dog Pension,더놀자 애견펜션,地図データに明記,忠清南道,Chungcheongnam-do,ポリョン市,Boryeong-si,충남 보령시 웅천읍 삼정골길 86,010-4739-6306,,"https://map.naver.com/v5/search/%EB%AC%B4%EC%B0%BD%ED%8F%AC%20%ED%8E%9C%EC%85%98/place/1836795887?placePath=%3Fentry=pll%26from=nx%26fromNxList=true&c=14085270.0312249,4335093.9169339,14,0,0,0,dh",36.25007,126.546934,5.0,19,"https://www.google.com/maps/search/?api=1&query=36.25007,126.546934",민박
417,ペンション,Pension,ノウレバンハダ,Noeurebanhada,노을에반하다,地図データに明記,忠清南道,Chungcheongnam-do,ソサン市,Seosan-si,충남 서산시 지곡면 왕산길 16-4,010-8647-8712,,http://noban.co.kr,36.87185,126.373199,5.0,28,"https://www.google.com/maps/search/?api=1&query=36.87185,126.373199",펜션
418,ホテル,Hotel,ホテル24STプリスチジ,Hotel 24ST Peuriseutiji,호텔24ST프리스티지,地図データに明記,忠清南道,Chungcheongnam-do,ソサン市,Seosan-si,충남 서산시 읍내1로 24,010-2599-5112,,https://booking.naver.com/booking/3/bizes/632006,36.779305,126.451324,,15,"https://www.google.com/maps/search/?api=1&query=36.779305,126.451324",호텔
419,ペンション,Pension,ファーストステイ,First Stay,퍼스트스테이,地図データに明記,忠清南道,Chungcheongnam-do,アサン市,Asan-si,충남 아산시 음봉면 음봉로337번길 19-52,0502-5554-1659,,https://www.firststay.co.kr,36.849105,127.047699,5.0,51,"https://www.google.com/maps/search/?api=1&query=36.849105,127.047699",펜션
420,ペンション,Pension,プルペンション オヨワユ,Pul Pension Eoyeowayu,풀펜션 어여와유,地図データに明記,忠清南道,Chungcheongnam-do,アサン市,Asan-si,충남 아산시 음봉면 신정리길 79-9,010-8078-0875,https://www.instagram.com/eoyeowayu,,36.872139,127.019359,5.0,16,"https://www.google.com/maps/search/?api=1&query=36.872139,127.019359",펜션
421,ペンション,Pension,コジュknock,Gojeu knock,고즈knock,地図データに明記,忠清南道,Chungcheongnam-do,イェサン郡,Yesan-gun,충남 예산군 덕산면 둔지미1길 27-4,,,,36.676938,126.64006,,0,"https://www.google.com/maps/search/?api=1&query=36.676938,126.64006",펜션
422,ホテル,Hotel,ソリュン ホテル by アヌク チョナン,Soryun Hotel by Aneuk Cheonan,소륜 호텔 by 아늑 천안,地図データに明記,忠清南道,Chungcheongnam-do,チョナン市トンナム区,Cheonan-si Dongnam-gu,충남 천안시 동남구 만남의길 21,041-556-6162,,,36.82374,127.166435,4.1,11,"https://www.google.com/maps/search/?api=1&query=36.82374,127.166435",호텔
423,ペンション,Pension,ヒュペンション,Hyu Pension,휴펜션,地図データに明記,忠清南道,Chungcheongnam-do,チョナン市トンナム区,Cheonan-si Dongnam-gu,충남 천안시 동남구 광덕면 휴암1길 16,010-9207-3003,,http://www.hyupension.com,36.678044,127.05754,5.0,3,"https://www.google.com/maps/search/?api=1&query=36.678044,127.05754",펜션
424,ホテル,Hotel,アヌク ホテル チョナニョク 2,Aneuk Hotel Cheonanyeok 2,아늑 호텔 천안역 2,地図データに明記,忠清南道,Chungcheongnam-do,チョナン市ソブク区,Cheonan-si Seobuk-gu,충남 천안시 서북구 양지21길 37,041-592-9740,,,36.812739,127.140024,4.3,45,"https://www.google.com/maps/search/?api=1&query=36.812739,127.140024",호텔
425,ペンション,Pension,ケスター,Gae Star,개스타,地図データに明記,忠清南道,Chungcheongnam-do,テアン郡,Taean-gun,충남 태안군 안면읍 삼봉길 96-5,010-8811-1479,,http://gaestar.com,36.57146,126.325763,5.0,34,"https://www.google.com/maps/search/?api=1&query=36.57146,126.325763",펜션
426,ペンション,Pension,コルドオションペンション,Goldeuosyeon Pension,골드오션펜션,地図データに明記,忠清南道,Chungcheongnam-do,テアン郡,Taean-gun,충남 태안군 남면 몽산포길 75-6,041-672-7627,,http://goldocean.kr,36.672472,126.287807,5.0,36,"https://www.google.com/maps/search/?api=1&query=36.672472,126.287807",펜션
427,ペンション,Pension,クリダスム ステイ,Geuridasum Stay,그리다숨 스테이,地図データに明記,忠清南道,Chungcheongnam-do,テアン郡,Taean-gun,충남 태안군 안면읍 안수터길 75-2,010-5829-0900,,http://그리다숨.com,36.516895,126.367165,4.6,29,"https://www.google.com/maps/search/?api=1&query=36.516895,126.367165",펜션
428,ペンション,Pension,ッコンッチゴ愛犬ペンション,Kkonttigo Dog Pension,꼰띠고애견펜션,店名から判断,忠清南道,Chungcheongnam-do,テアン郡,Taean-gun,충남 태안군 안면읍 붓드기길 76,010-7322-9336,,http://contigodog.com,36.556724,126.339183,4.8,34,"https://www.google.com/maps/search/?api=1&query=36.556724,126.339183",펜션
429,ペンション,Pension,ッコッギルッタラペンション,Kkotgilttara Pension,꽃길따라펜션,地図データに明記,忠清南道,Chungcheongnam-do,テアン郡,Taean-gun,충남 태안군 안면읍 해안관광로 859,010-8308-0332,,,36.571954,126.317704,5.0,0,"https://www.google.com/maps/search/?api=1&query=36.571954,126.317704",펜션
430,ペンション,Pension,ッコッジヘソンペンション,Kkotjihaesong Pension,꽃지해송펜션,地図データに明記,忠清南道,Chungcheongnam-do,テアン郡,Taean-gun,충남 태안군 안면읍 꽃지2길 35-9,010-3205-4250,,https://kkotjihaesongpension.qshop.ai/,36.492941,126.337967,4.7,3,"https://www.google.com/maps/search/?api=1&query=36.492941,126.337967",펜션
431,ペンション,Pension,ックムックヌンダラクバンペンション,Kkumkkuneundarakbang Pension,꿈꾸는다락방펜션,地図データに明記,忠清南道,Chungcheongnam-do,テアン郡,Taean-gun,충남 태안군 안면읍 해안관광로 730-3,,,http://꿈꾸는다락방.kr/,36.563369,126.325816,5.0,30,"https://www.google.com/maps/search/?api=1&query=36.563369,126.325816",펜션
432,ペンション,Pension,ナウリペンション,Nauri Pension,나우리펜션,地図データに明記,忠清南道,Chungcheongnam-do,テアン郡,Taean-gun,충남 태안군 안면읍 삼봉길 94,010-8185-9988,,,36.570769,126.325788,5.0,12,"https://www.google.com/maps/search/?api=1&query=36.570769,126.325788",펜션
433,ペンション,Pension,ットランチェ愛犬プールヴィラグランピング,Tteuranchae Dog Pool Villa Glamping,뜰안채애견풀빌라글램핑,店名から判断,忠清南道,Chungcheongnam-do,テアン郡,Taean-gun,충남 태안군 안면읍 해안관광로 276-72,010-8736-5477,,,36.524209,126.335806,,6,"https://www.google.com/maps/search/?api=1&query=36.524209,126.335806",펜션
434,ペンション,Pension,ラオン愛犬ペンション,Raon Dog Pension,라온애견펜션,店名から判断,忠清南道,Chungcheongnam-do,テアン郡,Taean-gun,충남 태안군 남면 진산1길 229-76,010-9918-1830,,http://www.raon-house.kr,36.712567,126.274522,5.0,24,"https://www.google.com/maps/search/?api=1&query=36.712567,126.274522",펜션
435,ペンション,Pension,リメムボ愛犬同伴ペンション,Rimembeo Dog Friendly Pension,리멤버애견동반펜션,店名から判断,忠清南道,Chungcheongnam-do,テアン郡,Taean-gun,충남 태안군 고남면 누동로 19,1833-9306,,http://리멤버.kr,36.431438,126.40315,4.5,9,"https://www.google.com/maps/search/?api=1&query=36.431438,126.40315",펜션
436,ペンション,Pension,モンスクラブ愛犬プールヴィラ,Meongseu Club Dog Pool Villa,멍스클럽애견풀빌라,店名から判断,忠清南道,Chungcheongnam-do,テアン郡,Taean-gun,충남 태안군 안면읍 해안관광로 918,,,http://mungsclub.co.kr,36.57713,126.319239,5.0,38,"https://www.google.com/maps/search/?api=1&query=36.57713,126.319239",펜션
437,ペンション,Pension,ミノドペンション,Mineodo Pension,민어도펜션,地図データに明記,忠清南道,Chungcheongnam-do,テアン郡,Taean-gun,충남 태안군 원북면 발전로 633-45,010-2511-8172,,http://www.mineodo.co.kr,36.911428,126.246879,4.3,34,"https://www.google.com/maps/search/?api=1&query=36.911428,126.246879",펜션
438,ペンション,Pension,パダビペンション,Badabi Pension,바다비펜션,地図データに明記,忠清南道,Chungcheongnam-do,テアン郡,Taean-gun,충남 태안군 고남면 편교동길 122,010-3301-0317,,http://바다비.kr/,36.440776,126.406038,2.3,41,"https://www.google.com/maps/search/?api=1&query=36.440776,126.406038",펜션
439,ペンション,Pension,パラマレソルペンション,Baramaraesol Pension,바람아래솔펜션,地図データに明記,忠清南道,Chungcheongnam-do,テアン郡,Taean-gun,충남 태안군 고남면 큰장돌길 93-19,010-4083-7074,,http://www.solpension.co.kr/,36.416985,126.378462,,4,"https://www.google.com/maps/search/?api=1&query=36.416985,126.378462",펜션
440,ペンション,Pension,ソナムリゾート,Sonamu Resort,소나무리조트,地図データに明記,忠清南道,Chungcheongnam-do,テアン郡,Taean-gun,충남 태안군 남면 몽산포길 179,010-8335-4310,,http://www.pineresort.co.kr/,36.674912,126.278712,1.0,8,"https://www.google.com/maps/search/?api=1&query=36.674912,126.278712",펜션
441,ゲストハウス,Guesthouse,ソプンゲストハウス&レドッソンセッペンション,Sopung Guesthouse & Redeusseonset Pension,소풍게스트하우스&레드썬셋펜션,地図データに明記,忠清南道,Chungcheongnam-do,テアン郡,Taean-gun,충남 태안군 안면읍 해안관광로 202-14,010-2406-2804,,http://naver.me/F5uro6V2,36.520061,126.331065,,11,"https://www.google.com/maps/search/?api=1&query=36.520061,126.331065",게스트하우스
442,ペンション,Pension,ソルレウムペンション,Sollaeeum Pension,솔내음펜션,地図データに明記,忠清南道,Chungcheongnam-do,テアン郡,Taean-gun,충남 태안군 안면읍 방포로 54-33,010-9416-3963,,https://solnaumpension.kr,36.513738,126.337991,4.3,22,"https://www.google.com/maps/search/?api=1&query=36.513738,126.337991",펜션
443,ペンション,Pension,ソルメイトペンション,Solmeiteu Pension,솔메이트펜션,地図データに明記,忠清南道,Chungcheongnam-do,テアン郡,Taean-gun,충남 태안군 안면읍 밧개길 165-17,010-2482-5545,,http://solmateps.kr/,36.530323,126.33287,5.0,21,"https://www.google.com/maps/search/?api=1&query=36.530323,126.33287",펜션
444,ペンション,Pension,ソルプルンヒャンギ愛犬,Solpureunhyanggi Dog,솔푸른향기애견,地図データに明記,忠清南道,Chungcheongnam-do,テアン郡,Taean-gun,충남 태안군 안면읍 수해길 85-71,,,http://www.ssolblue.co.kr/,36.600311,126.350413,3.9,14,"https://www.google.com/maps/search/?api=1&query=36.600311,126.350413",펜션
445,ペンション,Pension,シュガモンペンション,Syugamong Pension,슈가몽펜션,地図データに明記,忠清南道,Chungcheongnam-do,テアン郡,Taean-gun,충남 태안군 안면읍 방죽길 106,010-6325-1183,,http://sugarmong.com,36.568955,126.327081,5.0,44,"https://www.google.com/maps/search/?api=1&query=36.568955,126.327081",펜션
446,ペンション,Pension,スカイエンスパペンション,Seukaienseupa Pension,스카이엔스파펜션,地図データに明記,忠清南道,Chungcheongnam-do,テアン郡,Taean-gun,충남 태안군 안면읍 삼봉길 116,010-3620-5586,,http://www.skynspa.kr/html/intro.html,36.570189,126.323925,4.5,36,"https://www.google.com/maps/search/?api=1&query=36.570189,126.323925",펜션
447,ペンション,Pension,シゴルットンゲ愛犬ペンション,Sigolttonggae Dog Pension,시골똥개애견펜션,店名から判断,忠清南道,Chungcheongnam-do,テアン郡,Taean-gun,충남 태안군 안면읍 해안관광로 81-6,010-7937-2072,,,36.510439,126.334183,4.8,44,"https://www.google.com/maps/search/?api=1&query=36.510439,126.334183",펜션
448,ペンション,Pension,ッソンシャインペンション,Sseonsyain Pension,썬샤인펜션,地図データに明記,忠清南道,Chungcheongnam-do,テアン郡,Taean-gun,충남 태안군 안면읍 밧개길 165-13,,,,36.530633,126.332817,5.0,35,"https://www.google.com/maps/search/?api=1&query=36.530633,126.332817",펜션
449,ペンション,Pension,アンミョンド パダジョンウォンペンション チョンウォンドン 愛犬 同伴,Anmyeondo Badajeongwon Pension Jeongwondong Dog Friendly,안면도 바다정원펜션 정원동 애견 동반,店名から判断,忠清南道,Chungcheongnam-do,テアン郡,Taean-gun,충남 태안군 안면읍 해안관광로 58,010-9031-3142,,http://www.7seagarden.co.kr,36.509545,126.337161,3.0,6,"https://www.google.com/maps/search/?api=1&query=36.509545,126.337161",펜션
450,ペンション,Pension,アンミョンド ポピ21愛犬ペンション,Anmyeondo Peopi 21 Dog Pension,안면도 퍼피21애견펜션,地図データに明記,忠清南道,Chungcheongnam-do,テアン郡,Taean-gun,충남 태안군 안면읍 해안관광로 954-51,010-5383-1812,,http://www.puppy21.com/,36.577137,126.321507,4.8,34,"https://www.google.com/maps/search/?api=1&query=36.577137,126.321507",펜션
451,ペンション,Pension,アンミョンドイルマレ,Anmyeondoilmare,안면도일마레,地図データに明記,忠清南道,Chungcheongnam-do,テアン郡,Taean-gun,충남 태안군 안면읍 풍어제길 65-1,1833-9306,,https://황도일마레.kr/,36.599919,126.381145,,4,"https://www.google.com/maps/search/?api=1&query=36.599919,126.381145",펜션
452,ペンション,Pension,アンミョンドポピステイ オンススヨンジャン愛犬ペンション,Anmyeondopeopi Stay Onsusuyeongjang Dog Pension,안면도퍼피스테이 온수수영장애견펜션,地図データに明記,忠清南道,Chungcheongnam-do,テアン郡,Taean-gun,충남 태안군 안면읍 해안관광로 276-72,010-8932-6197,,http://puppystay.co.kr,36.524208,126.335808,,24,"https://www.google.com/maps/search/?api=1&query=36.524208,126.335808",펜션
453,ペンション,Pension,アンミョン愛犬同伴ペンションプリドク,Anmyeon Dog Friendly Pension Peuridok,안면애견동반펜션프리독,地図データに明記,忠清南道,Chungcheongnam-do,テアン郡,Taean-gun,충남 태안군 안면읍 해안관광로 276-96,010-9298-3664,,http://freedogpension.com/,36.525238,126.335723,4.3,22,"https://www.google.com/maps/search/?api=1&query=36.525238,126.335723",펜션
454,ペンション,Pension,アルロハオエ愛犬プールヴィラペンション,Allohaoe Dog Pool Villa Pension,알로하오에애견풀빌라펜션,店名から判断,忠清南道,Chungcheongnam-do,テアン郡,Taean-gun,충남 태안군 안면읍 라암로 130,010-5509-0525,,http://www.alohaoe.co.kr,36.513685,126.362509,2.7,50,"https://www.google.com/maps/search/?api=1&query=36.513685,126.362509",펜션
455,ペンション,Pension,愛犬ペンション トルボム,Dog Pension Dolbom,애견펜션 돌봄,店名から判断,忠清南道,Chungcheongnam-do,テアン郡,Taean-gun,충남 태안군 안면읍 통샘길 256-5,010-5220-2775,,,36.576308,126.361626,5.0,81,"https://www.google.com/maps/search/?api=1&query=36.576308,126.361626",펜션
456,ペンション,Pension,愛犬プールヴィラ トグデイペンション,Dog Pool Villa Dogeudei Pension,애견풀빌라 도그데이펜션,地図データに明記,忠清南道,Chungcheongnam-do,テアン郡,Taean-gun,충남 태안군 안면읍 해안관광로 841,0503-7150-8906,,https://naver.me/Fcmlc4EI,36.570409,126.318527,5.0,49,"https://www.google.com/maps/search/?api=1&query=36.570409,126.318527",펜션
457,ペンション,Pension,エボグリーン愛犬ペンション,Ebeo Green Dog Pension,에버그린애견펜션,地図データに明記,忠清南道,Chungcheongnam-do,テアン郡,Taean-gun,충남 태안군 안면읍 해안관광로 276-46,010-3643-5400,,https://evergreenpension.co.kr,36.525181,126.335118,2.2,32,"https://www.google.com/maps/search/?api=1&query=36.525181,126.335118",펜션
458,ペンション,Pension,ヨヨジェ,Yeoyeojae,여여재,地図データに明記,忠清南道,Chungcheongnam-do,テアン郡,Taean-gun,충남 태안군 남면 몽대로 448,070-3223-1183,,http://yeoyeojae.com/default/,36.676381,126.274121,5.0,14,"https://www.google.com/maps/search/?api=1&query=36.676381,126.274121",펜션
459,ペンション,Pension,オショニニスープリペンション,Osyeonini Soup Ri Pension,오션이니스프리펜션,地図データに明記,忠清南道,Chungcheongnam-do,テアン郡,Taean-gun,충남 태안군 이원면 원이로 2434-4,010-2253-0238,,http://www.oceaninnisfree.com,36.935579,126.304301,5.0,8,"https://www.google.com/maps/search/?api=1&query=36.935579,126.304301",펜션
460,ペンション,Pension,チョイ&ワン 愛犬ペンション,Joi & One Dog Pension,조이&원 애견펜션,地図データに明記,忠清南道,Chungcheongnam-do,テアン郡,Taean-gun,충남 태안군 안면읍 안면대로 3343-10,010-3436-9757,https://www.instagram.com/pension.joyone,,36.484563,126.362304,4.6,176,"https://www.google.com/maps/search/?api=1&query=36.484563,126.362304",펜션
461,ペンション,Pension,テアンナジュングルットゥク愛犬ペンション&テヒョンギョンペンション,Taeannajeungulttuk Dog Pension & Daehyeonggyeon Pension,태안낮은굴뚝애견펜션&대형견펜션,店名から判断,忠清南道,Chungcheongnam-do,テアン郡,Taean-gun,충남 태안군 이원면 사관로 245-63,010-3922-4363,,https://lowstack.co.kr/,36.868324,126.294432,5.0,7,"https://www.google.com/maps/search/?api=1&query=36.868324,126.294432",펜션
462,ペンション,Pension,テアン愛犬ペンション,Taean Dog Pension,태안애견펜션,地図データに明記,忠清南道,Chungcheongnam-do,テアン郡,Taean-gun,충남 태안군 안면읍 해안관광로 81-3,010-5833-1895,,http://www.5959pension.kr,36.510514,126.334546,5.0,40,"https://www.google.com/maps/search/?api=1&query=36.510514,126.334546",펜션
463,ペンション,Pension,テヤンウンガドクヒ愛犬ペンション,Taeyangeungadeukhi Dog Pension,태양은가득히애견펜션,店名から判断,忠清南道,Chungcheongnam-do,テアン郡,Taean-gun,충남 태안군 안면읍 삼봉길 112,010-8687-1131,,http://www.태양은가득히펜션.com/,36.570521,126.324067,3.7,11,"https://www.google.com/maps/search/?api=1&query=36.570521,126.324067",펜션
464,ペンション,Pension,パラドクスペンション,Paradokseu Pension,파라독스펜션,地図データに明記,忠清南道,Chungcheongnam-do,テアン郡,Taean-gun,충남 태안군 남면 마검포길 162-31,010-5123-9685,,http://www.paradog.kr,36.620514,126.304415,3.0,0,"https://www.google.com/maps/search/?api=1&query=36.620514,126.304415",펜션
465,ペンション,Pension,ポピハウス 愛犬ペンション,Peopi House Dog Pension,퍼피하우스 애견펜션,店名から判断,忠清南道,Chungcheongnam-do,テアン郡,Taean-gun,충남 태안군 안면읍 해안관광로 276-72,010-4358-6023,,http://www.puppyhaus.co.kr,36.524209,126.335806,,10,"https://www.google.com/maps/search/?api=1&query=36.524209,126.335806",펜션
466,ペンション,Pension,ハヌルNペンション,Haneul N Pension,하늘N펜션,地図データに明記,忠清南道,Chungcheongnam-do,テアン郡,Taean-gun,충남 태안군 안면읍 꽃지해안로 466-3,010-8831-5586,,http://www.skynpension.co.kr,36.505045,126.342455,3.9,24,"https://www.google.com/maps/search/?api=1&query=36.505045,126.342455",펜션
467,ペンション,Pension,ヘイドグウィ ットラク,Heidogeuui Tteurak,헤이도그의 뜨락,地図データに明記,忠清南道,Chungcheongnam-do,テアン郡,Taean-gun,충남 태안군 고남면 안면대로 4199-57,010-3953-1389,,http://www.ddrakpension.co.kr,36.427329,126.404388,3.7,41,"https://www.google.com/maps/search/?api=1&query=36.427329,126.404388",펜션
468,ペンション,Pension,クェサンガムジャネ一棟貸しペンション,Goesangamjane Whole House Pension,괴산감자네독채펜션,地図データに明記,忠清北道,Chungcheongbuk-do,クェサン郡,Goesan-gun,충북 괴산군 청천면 거봉2길 90,,,,36.713214,127.798427,5.0,1,"https://www.google.com/maps/search/?api=1&query=36.713214,127.798427",펜션
469,ペンション,Pension,クェサングルレムハウス 愛犬ペンション,Goesangeullaem House Dog Pension,괴산글램하우스 애견펜션,店名から判断,忠清北道,Chungcheongbuk-do,クェサン郡,Goesan-gun,충북 괴산군 청천면 괴산로새민이길 63-53,070-4364-9312,,https://glamhouse.co.kr/,36.626797,127.74994,3.7,8,"https://www.google.com/maps/search/?api=1&query=36.626797,127.74994",펜션
470,ホテル,Hotel,チョンミョンホテル,Cheongmyeong Hotel,청명호텔,地図データに明記,忠清北道,Chungcheongbuk-do,クェサン郡,Goesan-gun,충북 괴산군 청천면 원후평2길 37-31,010-2965-7770,,https://booking.naver.com/booking/3/bizes/1456684?area=plt,36.656971,127.749262,4.8,67,"https://www.google.com/maps/search/?api=1&query=36.656971,127.749262",호텔
471,ペンション,Pension,カンアジプル愛犬ペンション,Gangajipul Dog Pension,강아지풀애견펜션,店名から判断,忠清北道,Chungcheongbuk-do,タニャン郡,Danyang-gun,충북 단양군 가곡면 남한강로 691,,,,37.035286,128.397508,5.0,14,"https://www.google.com/maps/search/?api=1&query=37.035286,128.397508",펜션
472,ペンション,Pension,タニャン テンデンイ愛犬ペンション,Danyang Daengdaengi Dog Pension,단양 댕댕이애견펜션,店名から判断,忠清北道,Chungcheongbuk-do,タニャン郡,Danyang-gun,충북 단양군 단성면 사인암로 42-27,,,,36.887303,128.305973,5.0,10,"https://www.google.com/maps/search/?api=1&query=36.887303,128.305973",펜션
473,ペンション,Pension,テンデンイ愛犬カジョクペンションブラック,Daengdaengi Dog Gajok Pension Black,댕댕이애견가족펜션블랙,店名から判断,忠清北道,Chungcheongbuk-do,タニャン郡,Danyang-gun,충북 단양군 단성면 사인암로 42-25,1833-9306,,,36.88709,128.306425,3.0,10,"https://www.google.com/maps/search/?api=1&query=36.88709,128.306425",펜션
474,ペンション,Pension,テンデンイ愛犬カジョクペンションチョンウォン,Daengdaengi Dog Gajok Pension Jeongwon,댕댕이애견가족펜션정원,店名から判断,忠清北道,Chungcheongbuk-do,タニャン郡,Danyang-gun,충북 단양군 단성면 사인암로 42-23,1833-9306,,https://doggardenps.kr/,36.887233,128.306454,1.0,0,"https://www.google.com/maps/search/?api=1&query=36.887233,128.306454",펜션
475,ペンション,Pension,マチュピチュ愛犬ペンション,Machupichu Dog Pension,마추피추애견펜션,店名から判断,忠清北道,Chungcheongbuk-do,タニャン郡,Danyang-gun,충북 단양군 단성면 사인암로 42-27,02-1833-9306,,http://machupicchups.kr/,36.887299,128.305973,5.0,0,"https://www.google.com/maps/search/?api=1&query=36.887299,128.305973",펜션
476,ペンション,Pension,ヴィラトク愛犬ペンション,Villa Dok Dog Pension,빌라독애견펜션,店名から判断,忠清北道,Chungcheongbuk-do,タニャン郡,Danyang-gun,충북 단양군 어상천면 어상천로 630,,,,37.080559,128.376032,5.0,5,"https://www.google.com/maps/search/?api=1&query=37.080559,128.376032",펜션
477,ペンション,Pension,セモハウス愛犬ペンション,Semo House Dog Pension,세모하우스애견펜션,店名から判断,忠清北道,Chungcheongbuk-do,タニャン郡,Danyang-gun,충북 단양군 어상천면 심곡4길 18,010-7556-2264,,,37.057972,128.377155,5.0,31,"https://www.google.com/maps/search/?api=1&query=37.057972,128.377155",펜션
478,ペンション,Pension,オクチョンジャン,Okcheonjang,옥천장,地図データに明記,忠清北道,Chungcheongbuk-do,オクチョン郡,Okcheon-gun,충북 옥천군 옥천읍 삼청1길 115,010-5766-1973,https://www.instagram.com/okcheon_jang,,36.276262,127.571322,5.0,15,"https://www.google.com/maps/search/?api=1&query=36.276262,127.571322",펜션
479,ペンション,Pension,イルゴンゴングハウス,Ilgonggonggu House,일공공구하우스,地図データに明記,忠清北道,Chungcheongbuk-do,チンチョン郡,Jincheon-gun,충북 진천군 광혜원면 구암2길 74-18,010-9050-4378,https://www.instagram.com/1009_house/,,36.990244,127.409031,,0,"https://www.google.com/maps/search/?api=1&query=36.990244,127.409031",펜션
480,ペンション,Pension,ヌリダ愛犬ペンション,Nurida Dog Pension,누리다애견펜션,店名から判断,忠清北道,Chungcheongbuk-do,チョンジュ市ソウォン区,Cheongju-si Seowon-gu,충북 청주시 서원구 남이면 청남로 1073-74,,,,36.548128,127.42309,5.0,15,"https://www.google.com/maps/search/?api=1&query=36.548128,127.42309",펜션
481,ペンション,Pension,セギョワル,Segyowareu,세교와르,地図データに明記,忠清北道,Chungcheongbuk-do,チョンジュ市チョンウォン区,Cheongju-si Cheongwon-gu,충북 청주시 청원구 내수읍 세교2길 31-20,010-8381-3297,https://www.instagram.com/segyowaar,,36.70509,127.564823,5.0,20,"https://www.google.com/maps/search/?api=1&query=36.70509,127.564823",펜션
482,宿泊施設,Accommodation,レイクガーデンペンション,Reikeu Garden Pension,레이크가든펜션,地図データに明記,忠清北道,Chungcheongbuk-do,チュンジュ市,Chungju-si,충북 충주시 중앙탑면 반천안길 59,0502-5554-0214,,https://naver.me/IIdXUnFY,37.038246,127.856326,4.7,22,"https://www.google.com/maps/search/?api=1&query=37.038246,127.856326",숙박
483,宿泊施設,Accommodation,ケンシントンリゾート チュンジュ,Kensingteon Resort Chungju,켄싱턴리조트 충주,地図データに明記,忠清北道,Chungcheongbuk-do,チュンジュ市,Chungju-si,충북 충주시 앙성면 산전장수1길 103,043-857-0055,,http://www.kensington.co.kr/rcj,37.101889,127.796251,,282,"https://www.google.com/maps/search/?api=1&query=37.101889,127.796251",켄싱턴리조트
