No,種別/Kind,店名(日本語読み),Name (English),店名(ハングル),ジャンル(日),Cuisine (EN),料理(日),Dishes (EN),犬の同伴,テラス席/Terrace,最寄り駅(日),Nearest station (EN),駅まで(m),エリア(日),Area (EN),区(日),District (EN),住所(ハングル),電話,Instagram,公式サイト,緯度,経度,位置精度,評価,口コミ数,業態,Googleマップ,NAVERマップ,DiningCode,カテゴリ原文(韓)
1,ごはん/Meal,ピザエクスプレス,Pizza Express Garosugil,피자익스프레스 가로수길,ピザ,Pizza,ピザ,"Pizza, Pizzeria",店内OK / Indoors OK,なし/No,シンサ（新沙）,Sinsa,670,カロスギル,Garosu-gil,江南区,Gangnam-gu,서울특별시 강남구 압구정로10길 28 지하1층,070-5222-1910,https://instagram.com/pizzaexpress_kr,,37.5218105,127.0219646,店舗単位,4.2,13,一般飲食店,https://www.google.com/maps/search/?api=1&query=37.5218105%2C127.0219646,https://map.naver.com/p/search/%ED%94%BC%EC%9E%90%EC%9D%B5%EC%8A%A4%ED%94%84%EB%A0%88%EC%8A%A4%20%EA%B0%80%EB%A1%9C%EC%88%98%EA%B8%B8%20%EC%84%9C%EC%9A%B8%ED%8A%B9%EB%B3%84%EC%8B%9C%20%EA%B0%95%EB%82%A8%EA%B5%AC%20%EC%95%95%EA%B5%AC%EC%A0%95%EB%A1%9C10%EA%B8%B8%2028%20%EC%A7%80%ED%95%981%EC%B8%B5,https://www.diningcode.com/profile.php?rid=KscONk1BrLxf,"피자, 피자집"
2,カフェ/Cafe,トクスアイランド ノンヒョン,Dokseu Island Nonhyeon,독스아일랜드 논현,カフェ・軽食,Cafe & Snacks,,,店内OK / Indoors OK,なし/No,ハクドン（鶴洞）,Hak-dong,290,ノンヒョンドン,Nonhyeon-dong,江南区,Gangnam-gu,서울특별시 강남구 학동로33길 24,,,,37.5162309,127.0323023,通り単位,,0,軽飲食店,https://www.google.com/maps/search/?api=1&query=37.5162309%2C127.0323023,https://map.naver.com/p/search/%EB%8F%85%EC%8A%A4%EC%95%84%EC%9D%BC%EB%9E%9C%EB%93%9C%20%EB%85%BC%ED%98%84%20%EC%84%9C%EC%9A%B8%ED%8A%B9%EB%B3%84%EC%8B%9C%20%EA%B0%95%EB%82%A8%EA%B5%AC%20%ED%95%99%EB%8F%99%EB%A1%9C33%EA%B8%B8%2024,,
3,カフェ/Cafe,マムマエンドク カンナムグチョンヨク,Mammaaendok Gangnamgucheongyeok,맘마앤독 강남구청역,カフェ,Cafe,カフェ・手作り,"Cafe, Handmade",店内OK / Indoors OK,なし/No,カンナムグチョン（江南区庁）,Gangnam-gu Office,250,ノンヒョンドン,Nonhyeon-dong,江南区,Gangnam-gu,서울특별시 강남구 선릉로125길 10 1층,02-6487-5803,https://www.instagram.com/mommandog,,37.514924,127.0410529,店舗単位,,0,軽飲食店,https://www.google.com/maps/search/?api=1&query=37.514924%2C127.0410529,https://map.naver.com/p/search/%EB%A7%98%EB%A7%88%EC%95%A4%EB%8F%85%20%EA%B0%95%EB%82%A8%EA%B5%AC%EC%B2%AD%EC%97%AD%20%EC%84%9C%EC%9A%B8%ED%8A%B9%EB%B3%84%EC%8B%9C%20%EA%B0%95%EB%82%A8%EA%B5%AC%20%EC%84%A0%EB%A6%89%EB%A1%9C125%EA%B8%B8%2010%201%EC%B8%B5,https://www.diningcode.com/profile.php?rid=rR9immnarPqJ,"카페, 핸드메이드"
4,ごはん/Meal,モスガーデン,Moseu Garden Nonhyeon,모스가든 논현,ブランチ,Brunch,ブランチ・洋食レストラン,"Brunch, Restaurant",店内OK / Indoors OK,なし/No,ハクドン（鶴洞）,Hak-dong,370,論峴洞（ノンヒョンドン）,Nonhyeon-dong,江南区,Gangnam-gu,서울특별시 강남구 논현로139길 12,0507-1489-1988,https://www.instagram.com/moss.garden.official/,,37.5166598,127.0283711,店舗単位,3.5,14,一般飲食店,https://www.google.com/maps/search/?api=1&query=37.5166598%2C127.0283711,https://map.naver.com/p/search/%EB%AA%A8%EC%8A%A4%EA%B0%80%EB%93%A0%20%EB%85%BC%ED%98%84%20%EC%84%9C%EC%9A%B8%ED%8A%B9%EB%B3%84%EC%8B%9C%20%EA%B0%95%EB%82%A8%EA%B5%AC%20%EB%85%BC%ED%98%84%EB%A1%9C139%EA%B8%B8%2012,https://www.diningcode.com/profile.php?rid=z0qgKaBzG0aO,"브런치, 레스토랑"
5,ごはん/Meal,ミミミ シンノンヒョン,Mimimi Sinnonhyeon,미미미 신논현,レストラン,Restaurant,,,店内OK / Indoors OK,なし/No,シンノンヒョン（新論峴）,Sinnonhyeon,200,ノンヒョンドン,Nonhyeon-dong,江南区,Gangnam-gu,서울특별시 강남구 강남대로116길 10 5층,02-2135-5515,https://www.instagram.com/mimimi_sinnonhyun,,37.5061328,127.0249011,店舗単位,,0,一般飲食店,https://www.google.com/maps/search/?api=1&query=37.5061328%2C127.0249011,https://map.naver.com/p/search/%EB%AF%B8%EB%AF%B8%EB%AF%B8%20%EC%8B%A0%EB%85%BC%ED%98%84%20%EC%84%9C%EC%9A%B8%ED%8A%B9%EB%B3%84%EC%8B%9C%20%EA%B0%95%EB%82%A8%EA%B5%AC%20%EA%B0%95%EB%82%A8%EB%8C%80%EB%A1%9C116%EA%B8%B8%2010%205%EC%B8%B5,https://www.diningcode.com/profile.php?rid=Dln2GvVVM1BB,
6,ごはん/Meal,ヨンドンポチャナ,Yeongdongpochana Nonhyeondong,영동포차나 논현동,タイ料理,Thai,タイ屋台料理,Thai,店内OK / Indoors OK,なし/No,カンナムグチョン（江南区庁）,Gangnam-gu Office,590,論峴洞（ノンヒョンドン）,Nonhyeon-dong,江南区,Gangnam-gu,서울특별시 강남구 언주로148길 14 나동 2층 208호,02-518-5130,https://instagram.com/yd.pochana,,37.5206302,127.0361626,店舗単位,4.5,3,一般飲食店,https://www.google.com/maps/search/?api=1&query=37.5206302%2C127.0361626,https://map.naver.com/p/search/%EC%98%81%EB%8F%99%ED%8F%AC%EC%B0%A8%EB%82%98%20%EB%85%BC%ED%98%84%EB%8F%99%20%EC%84%9C%EC%9A%B8%ED%8A%B9%EB%B3%84%EC%8B%9C%20%EA%B0%95%EB%82%A8%EA%B5%AC%20%EC%96%B8%EC%A3%BC%EB%A1%9C148%EA%B8%B8%2014%20%EB%82%98%EB%8F%99%202%EC%B8%B5%20208%ED%98%B8,https://www.diningcode.com/profile.php?rid=bgRRMy8S3FmW,태국음식
7,ごはん/Meal,イェゴオプイ ホンスルバ ノンヒョン,Yegoeopi Honsulba Nonhyeon,예고없이 혼술바 논현,バー・居酒屋,Bar & Pub,,,店内OK / Indoors OK,なし/No,ノンヒョン（論峴）,Nonhyeon,390,ノンヒョンドン,Nonhyeon-dong,江南区,Gangnam-gu,서울특별시 강남구 학동로4길 49 지하1층,,,,37.5084029,127.0243908,店舗単位,,0,一般飲食店,https://www.google.com/maps/search/?api=1&query=37.5084029%2C127.0243908,https://map.naver.com/p/search/%EC%98%88%EA%B3%A0%EC%97%86%EC%9D%B4%20%ED%98%BC%EC%88%A0%EB%B0%94%20%EB%85%BC%ED%98%84%20%EC%84%9C%EC%9A%B8%ED%8A%B9%EB%B3%84%EC%8B%9C%20%EA%B0%95%EB%82%A8%EA%B5%AC%20%ED%95%99%EB%8F%99%EB%A1%9C4%EA%B8%B8%2049%20%EC%A7%80%ED%95%981%EC%B8%B5,https://www.diningcode.com/profile.php?rid=ebyJcWViNM1j,
8,カフェ/Cafe,チャボイ ノンヒョンドン,CHA.BOEE,차보이 논현동,カフェ,Cafe,カフェ・スイカジュース,"Cafe, Watermelon Juice",店内OK / Indoors OK,なし/No,カンナムグチョン（江南区庁）,Gangnam-gu Office,510,ノンヒョンドン,Nonhyeon-dong,江南区,Gangnam-gu,서울특별시 강남구 도산대로50길 25 1층,,https://www.instagram.com/cha.boee/,,37.5207843,127.0377911,店舗単位,,0,一般飲食店,https://www.google.com/maps/search/?api=1&query=37.5207843%2C127.0377911,https://map.naver.com/p/search/%EC%B0%A8%EB%B3%B4%EC%9D%B4%20%EB%85%BC%ED%98%84%EB%8F%99%20%EC%84%9C%EC%9A%B8%ED%8A%B9%EB%B3%84%EC%8B%9C%20%EA%B0%95%EB%82%A8%EA%B5%AC%20%EB%8F%84%EC%82%B0%EB%8C%80%EB%A1%9C50%EA%B8%B8%2025%201%EC%B8%B5,https://www.diningcode.com/profile.php?rid=TVw6flx2KxCy,"카페, 수박주스"
9,カフェ/Cafe,カフェ エンバイコン,Cafe Enbaikon Nonhyeonjeom,카페 엔바이콘 논현점,カフェ,Cafe,ブランチ・コーヒー,"Cafe, Brunch",店内OK / Indoors OK,あり/Yes,シンサ（新沙）,Sinsa,330,論峴洞（ノンヒョンドン）,Nonhyeon-dong,江南区,Gangnam-gu,"서울특별시 강남구 논현로149길 66 지하 1,2층",,,,37.5172519,127.0229663,店舗単位,4.4,2,一般飲食店,https://www.google.com/maps/search/?api=1&query=37.5172519%2C127.0229663,https://map.naver.com/p/search/%EC%B9%B4%ED%8E%98%20%EC%97%94%EB%B0%94%EC%9D%B4%EC%BD%98%20%EB%85%BC%ED%98%84%EC%A0%90%20%EC%84%9C%EC%9A%B8%ED%8A%B9%EB%B3%84%EC%8B%9C%20%EA%B0%95%EB%82%A8%EA%B5%AC%20%EB%85%BC%ED%98%84%EB%A1%9C149%EA%B8%B8%2066%20%EC%A7%80%ED%95%98%201%2C2%EC%B8%B5,https://www.diningcode.com/profile.php?rid=SFHZBpEPCyPL,"카페, 브런치"
10,カフェ/Cafe,カフェアムステルダム ハクドンヨク,Cafe Amseutereudam Hakdongyeok,카페암스테르담 학동역,コーヒー専門,Specialty Coffee,コーヒー・カフェ,"Coffee, Cafe",店内OK / Indoors OK,あり/Yes,ハクドン（鶴洞）,Hak-dong,190,ノンヒョンドン,Nonhyeon-dong,江南区,Gangnam-gu,서울특별시 강남구 학동로31길 13 1층,010-4775-1720,https://www.instagram.com/_cafeamsterdam?igsh=ZGh2cHluZ24ybDRl,,37.5154868,127.0317326,店舗単位,,0,軽飲食店,https://www.google.com/maps/search/?api=1&query=37.5154868%2C127.0317326,https://map.naver.com/p/search/%EC%B9%B4%ED%8E%98%EC%95%94%EC%8A%A4%ED%85%8C%EB%A5%B4%EB%8B%B4%20%ED%95%99%EB%8F%99%EC%97%AD%20%EC%84%9C%EC%9A%B8%ED%8A%B9%EB%B3%84%EC%8B%9C%20%EA%B0%95%EB%82%A8%EA%B5%AC%20%ED%95%99%EB%8F%99%EB%A1%9C31%EA%B8%B8%2013%201%EC%B8%B5,https://www.diningcode.com/profile.php?rid=o3e6O1tHCWxv,"커피, 카페"
11,ごはん/Meal,ククヒエンコプヒ,Kukhiaenkeophi,쿡히앤컵히,レストラン,Restaurant,,,店内OK / Indoors OK,なし/No,ノンヒョン（論峴）,Nonhyeon,210,ノンヒョンドン,Nonhyeon-dong,江南区,Gangnam-gu,서울특별시 강남구 학동로3길 49,,,,37.5127816,127.0221977,通り単位,,0,一般飲食店,https://www.google.com/maps/search/?api=1&query=37.5127816%2C127.0221977,https://map.naver.com/p/search/%EC%BF%A1%ED%9E%88%EC%95%A4%EC%BB%B5%ED%9E%88%20%EC%84%9C%EC%9A%B8%ED%8A%B9%EB%B3%84%EC%8B%9C%20%EA%B0%95%EB%82%A8%EA%B5%AC%20%ED%95%99%EB%8F%99%EB%A1%9C3%EA%B8%B8%2049,,
12,ごはん/Meal,ピザサマンダ カンナムグチョンジョム,Pizza Samanda Gangnamgucheongjeom,피자사만다 강남구청점,ピザ,Pizza,ピザ・チーズバーガー,"Pizza, Cheeseburger",店内OK / Indoors OK,なし/No,カンナムグチョン（江南区庁）,Gangnam-gu Office,290,ノンヒョンドン,Nonhyeon-dong,江南区,Gangnam-gu,서울특별시 강남구 선릉로125길 5-6 1층,,,,37.514595,127.0415471,店舗単位,,0,一般飲食店,https://www.google.com/maps/search/?api=1&query=37.514595%2C127.0415471,https://map.naver.com/p/search/%ED%94%BC%EC%9E%90%EC%82%AC%EB%A7%8C%EB%8B%A4%20%EA%B0%95%EB%82%A8%EA%B5%AC%EC%B2%AD%EC%A0%90%20%EC%84%9C%EC%9A%B8%ED%8A%B9%EB%B3%84%EC%8B%9C%20%EA%B0%95%EB%82%A8%EA%B5%AC%20%EC%84%A0%EB%A6%89%EB%A1%9C125%EA%B8%B8%205-6%201%EC%B8%B5,https://www.diningcode.com/profile.php?rid=roH5vGt0yAMy,"피자, 치즈버거"
13,カフェ/Cafe,ナウィモヤン ソンルンヨク,my shape,나의모양 선릉역,ジェラート・かき氷,Gelato & Ice,カフェ・アイスクリーム,"Cafe, Ice Cream",店内OK / Indoors OK,なし/No,ソンルン（宣陵）,Seolleung,510,テチドン,Daechi-dong,江南区,Gangnam-gu,서울특별시 강남구 역삼로69길 5 1층 101호,010-4440-4433,,,37.5019604,127.0538163,店舗単位,,0,一般飲食店,https://www.google.com/maps/search/?api=1&query=37.5019604%2C127.0538163,https://map.naver.com/p/search/%EB%82%98%EC%9D%98%EB%AA%A8%EC%96%91%20%EC%84%A0%EB%A6%89%EC%97%AD%20%EC%84%9C%EC%9A%B8%ED%8A%B9%EB%B3%84%EC%8B%9C%20%EA%B0%95%EB%82%A8%EA%B5%AC%20%EC%97%AD%EC%82%BC%EB%A1%9C69%EA%B8%B8%205%201%EC%B8%B5%20101%ED%98%B8,https://www.diningcode.com/profile.php?rid=DRr4oS6g6CXY,"카페, 아이스크림"
14,ごはん/Meal,トラキ,TRAKII,트래키 양재역,ハンバーガー,Burger,自家製バーガー,Craft Burger,店内OK / Indoors OK,なし/No,ヤンジェ,Yangjae,210,道谷／良才（トゴク·ヤンジェ）,Dogok·Yangjae,江南区,Gangnam-gu,서울 강남구 강남대로42길 23 101호,070-8857-4000,https://www.instagram.com/trakii.official,,37.4855544,127.0359896,店舗単位,,0,一般飲食店,https://www.google.com/maps/search/?api=1&query=37.4855544%2C127.0359896,https://map.naver.com/p/search/%ED%8A%B8%EB%9E%98%ED%82%A4%20%EC%96%91%EC%9E%AC%EC%97%AD%20%EC%84%9C%EC%9A%B8%20%EA%B0%95%EB%82%A8%EA%B5%AC%20%EA%B0%95%EB%82%A8%EB%8C%80%EB%A1%9C42%EA%B8%B8%2023%20101%ED%98%B8,https://www.diningcode.com/profile.php?rid=Vdgv5HSfSxkV,수제버거
15,カフェ/Cafe,プルロレッフラワーカフェ ヤンジェチョン,Peulroret Flower Cafe Yangjaecheon,플로렛플라워카페 양재천,ジェラート・かき氷,Gelato & Ice,カフェ・かき氷,"Cafe, Bingsu",店内OK / Indoors OK,あり/Yes,メボン,Maebong,520,トゴクドン,Dogok-dong,江南区,Gangnam-gu,서울특별시 강남구 양재천로 185 다보빌딩 1층,02-575-0725,https://www.instagram.com/floretflower.cafe/,,37.4824289,127.0460838,店舗単位,,0,軽飲食店,https://www.google.com/maps/search/?api=1&query=37.4824289%2C127.0460838,https://map.naver.com/p/search/%ED%94%8C%EB%A1%9C%EB%A0%9B%ED%94%8C%EB%9D%BC%EC%9B%8C%EC%B9%B4%ED%8E%98%20%EC%96%91%EC%9E%AC%EC%B2%9C%20%EC%84%9C%EC%9A%B8%ED%8A%B9%EB%B3%84%EC%8B%9C%20%EA%B0%95%EB%82%A8%EA%B5%AC%20%EC%96%91%EC%9E%AC%EC%B2%9C%EB%A1%9C%20185%20%EB%8B%A4%EB%B3%B4%EB%B9%8C%EB%94%A9%201%EC%B8%B5,https://www.diningcode.com/profile.php?rid=dPQtyCB66cvV,"카페, 빙수"
16,ごはん/Meal,ポンミルガ カンナムグチョンジョム,Bongmilga Gangnamgucheongjeom,봉밀가 강남구청점,麺料理,Noodles,平壌冷麺,Pyongyang Naengmyeon,店内OK / Indoors OK,なし/No,カンナムグチョン（江南区庁）,Gangnam-gu Office,160,サムソンドン,Samseong-dong,江南区,Gangnam-gu,서울특별시 강남구 선릉로 664 건설빌딩,02-546-2305,https://www.instagram.com/bongmilga_official,,37.5158308,127.0420315,店舗単位,4.4,60,一般飲食店,https://www.google.com/maps/search/?api=1&query=37.5158308%2C127.0420315,https://map.naver.com/p/search/%EB%B4%89%EB%B0%80%EA%B0%80%20%EA%B0%95%EB%82%A8%EA%B5%AC%EC%B2%AD%EC%A0%90%20%EC%84%9C%EC%9A%B8%ED%8A%B9%EB%B3%84%EC%8B%9C%20%EA%B0%95%EB%82%A8%EA%B5%AC%20%EC%84%A0%EB%A6%89%EB%A1%9C%20664%20%EA%B1%B4%EC%84%A4%EB%B9%8C%EB%94%A9,https://www.diningcode.com/profile.php?rid=X4j61Xt53DOZ,평양냉면
17,ごはん/Meal,ドラボウル 新沙,Doraboul Sinsajeom,도라보울 신사점,カレー,Curry,スープカレー,"Curry, Soup Curry",店内OK / Indoors OK,なし/No,シンサ（新沙）,Sinsa,720,新沙（シンサ）,Sinsa,江南区,Gangnam-gu,서울특별시 강남구 논현로175길 101-5 1층,02-6952-7242,,,37.5223924,127.0213747,店舗単位,,0,一般飲食店,https://www.google.com/maps/search/?api=1&query=37.5223924%2C127.0213747,https://map.naver.com/p/search/%EB%8F%84%EB%9D%BC%EB%B3%B4%EC%9A%B8%20%EC%8B%A0%EC%82%AC%EC%A0%90%20%EC%84%9C%EC%9A%B8%ED%8A%B9%EB%B3%84%EC%8B%9C%20%EA%B0%95%EB%82%A8%EA%B5%AC%20%EB%85%BC%ED%98%84%EB%A1%9C175%EA%B8%B8%20101-5%201%EC%B8%B5,https://www.diningcode.com/profile.php?rid=vB5LFBRFURhW,"카레, 스프카레"
18,ごはん/Meal,ワンズドク,Wangseudeok Sinsayeok,왕스덕 신사역,中華,Chinese,北京ダック,Peking Duck,店内OK / Indoors OK,なし/No,シンサ（新沙）,Sinsa,330,新沙（シンサ）,Sinsa,江南区,Gangnam-gu,서울특별시 강남구 도산대로 130 하림타워 지하 1층,02-540-8524,,,37.5172609,127.0230251,店舗単位,4,9,一般飲食店,https://www.google.com/maps/search/?api=1&query=37.5172609%2C127.0230251,https://map.naver.com/p/search/%EC%99%95%EC%8A%A4%EB%8D%95%20%EC%8B%A0%EC%82%AC%EC%97%AD%20%EC%84%9C%EC%9A%B8%ED%8A%B9%EB%B3%84%EC%8B%9C%20%EA%B0%95%EB%82%A8%EA%B5%AC%20%EB%8F%84%EC%82%B0%EB%8C%80%EB%A1%9C%20130%20%ED%95%98%EB%A6%BC%ED%83%80%EC%9B%8C%20%EC%A7%80%ED%95%98%201%EC%B8%B5,https://www.diningcode.com/profile.php?rid=iGdOlKB19vcj,베이징덕
19,ごはん/Meal,ロデオラ アプグジョンロデオ,Rodeora Apgujeongrodeo,로데오라 압구정로데오,スペイン料理,Spanish,居酒屋・タパス,"Bar, Tapas",店内OK / Indoors OK,なし/No,アプグジョン（狎鴎亭）,Apgujeong,780,シンサドン,Sinsa-dong,江南区,Gangnam-gu,서울특별시 강남구 압구정로50길 28 상가 101동 1층 154호,,,,37.5264007,127.037392,店舗単位,,0,一般飲食店,https://www.google.com/maps/search/?api=1&query=37.5264007%2C127.037392,https://map.naver.com/p/search/%EB%A1%9C%EB%8D%B0%EC%98%A4%EB%9D%BC%20%EC%95%95%EA%B5%AC%EC%A0%95%EB%A1%9C%EB%8D%B0%EC%98%A4%20%EC%84%9C%EC%9A%B8%ED%8A%B9%EB%B3%84%EC%8B%9C%20%EA%B0%95%EB%82%A8%EA%B5%AC%20%EC%95%95%EA%B5%AC%EC%A0%95%EB%A1%9C50%EA%B8%B8%2028%20%EC%83%81%EA%B0%80%20101%EB%8F%99%201%EC%B8%B5%20154%ED%98%B8,https://www.diningcode.com/profile.php?rid=mrxGnSI6b4Nu,"술집, 타파스"
20,カフェ/Cafe,メスィコーヒー シンサ,Mesh Coffee-24,메쉬커피 신사,コーヒー専門,Specialty Coffee,,,店内OK / Indoors OK,なし/No,シンサ（新沙）,Sinsa,600,シンサドン,Sinsa-dong,江南区,Gangnam-gu,서울특별시 강남구 도산대로17길 8 1층 101호 메쉬커피,,https://www.instagram.com/mesh_coffee_24hr,,37.5192778,127.025035,店舗単位,,0,一般飲食店,https://www.google.com/maps/search/?api=1&query=37.5192778%2C127.025035,https://map.naver.com/p/search/%EB%A9%94%EC%89%AC%EC%BB%A4%ED%94%BC%20%EC%8B%A0%EC%82%AC%20%EC%84%9C%EC%9A%B8%ED%8A%B9%EB%B3%84%EC%8B%9C%20%EA%B0%95%EB%82%A8%EA%B5%AC%20%EB%8F%84%EC%82%B0%EB%8C%80%EB%A1%9C17%EA%B8%B8%208%201%EC%B8%B5%20101%ED%98%B8%20%EB%A9%94%EC%89%AC%EC%BB%A4%ED%94%BC,https://www.diningcode.com/profile.php?rid=q8TepJafbQS1,
21,ごはん/Meal,チチグリル アプグジョン,Titigeuril Apgujeong,티티그릴 압구정,タイ料理,Thai,タイ料理,Thai,店内OK / Indoors OK,あり/Yes,アプグジョン（狎鴎亭）,Apgujeong,550,シンサドン,Sinsa-dong,江南区,Gangnam-gu,서울특별시 강남구 논현로152길 37 1층,010-9868-5130,https://www.instagram.com/ttgrill_,,37.5217414,127.0311539,店舗単位,5,1,一般飲食店,https://www.google.com/maps/search/?api=1&query=37.5217414%2C127.0311539,https://map.naver.com/p/search/%ED%8B%B0%ED%8B%B0%EA%B7%B8%EB%A6%B4%20%EC%95%95%EA%B5%AC%EC%A0%95%20%EC%84%9C%EC%9A%B8%ED%8A%B9%EB%B3%84%EC%8B%9C%20%EA%B0%95%EB%82%A8%EA%B5%AC%20%EB%85%BC%ED%98%84%EB%A1%9C152%EA%B8%B8%2037%201%EC%B8%B5,https://www.diningcode.com/profile.php?rid=BFNtmhjHH199,태국음식
22,カフェ/Cafe,クレスタウン 狎鴎亭,Keure Star Un Apgujeongjeom,크레스타운 압구정점,カフェ,Cafe,コーヒー・デザート,"Cafe, Coffee",店内OK / Indoors OK,なし/No,アプグジョン（狎鴎亭）,Apgujeong,760,狎鴎亭（アプグジョン）,Apgujeong,江南区,Gangnam-gu,"서울특별시 강남구 압구정로46길 5-2 1층 104호, 105호",02-511-3323,https://www.instagram.com/crestowncoffee_official,,37.5279654,127.0368352,店舗単位,4.7,2,一般飲食店,https://www.google.com/maps/search/?api=1&query=37.5279654%2C127.0368352,https://map.naver.com/p/search/%ED%81%AC%EB%A0%88%EC%8A%A4%ED%83%80%EC%9A%B4%20%EC%95%95%EA%B5%AC%EC%A0%95%EC%A0%90%20%EC%84%9C%EC%9A%B8%ED%8A%B9%EB%B3%84%EC%8B%9C%20%EA%B0%95%EB%82%A8%EA%B5%AC%20%EC%95%95%EA%B5%AC%EC%A0%95%EB%A1%9C46%EA%B8%B8%205-2%201%EC%B8%B5%20104%ED%98%B8%2C%20105%ED%98%B8,https://www.diningcode.com/profile.php?rid=wqXFVxMbk9iq,"카페, 커피"
23,ごはん/Meal,モモコの台所,Momoko Bueok Yangjaecheon,모모코 부엌 양재천,中央アジア料理,Central Asian,ウイグル料理・クリームマッコリ,"Uyghur, Cream Makgeolli",店内OK / Indoors OK,あり/Yes,メボン,Maebong,670,良才川（ヤンジェチョン）,Yangjaecheon,江南区,Gangnam-gu,서울특별시 강남구 논현로24길 9 1층,,,,37.4815788,127.0439018,店舗単位,,0,一般飲食店,https://www.google.com/maps/search/?api=1&query=37.4815788%2C127.0439018,https://map.naver.com/p/search/%EB%AA%A8%EB%AA%A8%EC%BD%94%20%EB%B6%80%EC%97%8C%20%EC%96%91%EC%9E%AC%EC%B2%9C%20%EC%84%9C%EC%9A%B8%ED%8A%B9%EB%B3%84%EC%8B%9C%20%EA%B0%95%EB%82%A8%EA%B5%AC%20%EB%85%BC%ED%98%84%EB%A1%9C24%EA%B8%B8%209%201%EC%B8%B5,https://www.diningcode.com/profile.php?rid=2Dpkb2jAorcT,"위구르요리, 크림막걸리"
24,カフェ/Cafe,アロハタートル,Alrohateoteul Yangjaecheon,알로하터틀 양재천,カフェ,Cafe,アサイーボウル・スムージー,"Cafe, Acai Bowl",店内OK / Indoors OK,なし/No,メボン,Maebong,620,良才川（ヤンジェチョン）,Yangjaecheon,江南区,Gangnam-gu,"서울특별시 강남구 양재천로 169 지하1층, 지상1층 알로하터틀",070-8672-7945,https://www.instagram.com/alohaturtle_official,,37.4817033,127.0449277,店舗単位,4,1,一般飲食店,https://www.google.com/maps/search/?api=1&query=37.4817033%2C127.0449277,https://map.naver.com/p/search/%EC%95%8C%EB%A1%9C%ED%95%98%ED%84%B0%ED%8B%80%20%EC%96%91%EC%9E%AC%EC%B2%9C%20%EC%84%9C%EC%9A%B8%ED%8A%B9%EB%B3%84%EC%8B%9C%20%EA%B0%95%EB%82%A8%EA%B5%AC%20%EC%96%91%EC%9E%AC%EC%B2%9C%EB%A1%9C%20169%20%EC%A7%80%ED%95%981%EC%B8%B5%2C%20%EC%A7%80%EC%83%811%EC%B8%B5%20%EC%95%8C%EB%A1%9C%ED%95%98%ED%84%B0%ED%8B%80,https://www.diningcode.com/profile.php?rid=nDw2rdGA5gZk,"카페, 아사이볼"
25,カフェ/Cafe,ペリハウンド ヨクサムドン,BERRY HOUND,베리하운드 역삼동,スイーツ,Sweets,デザート・生いちご,"Dessert, Fresh Strawberry",店内OK / Indoors OK,なし/No,ヨクサム（駅三）,Yeoksam,560,ヨクサムドン,Yeoksam-dong,江南区,Gangnam-gu,서울특별시 강남구 언주로75길 20 1층,,,,37.4985305,127.0426753,店舗単位,,0,一般飲食店,https://www.google.com/maps/search/?api=1&query=37.4985305%2C127.0426753,https://map.naver.com/p/search/%EB%B2%A0%EB%A6%AC%ED%95%98%EC%9A%B4%EB%93%9C%20%EC%97%AD%EC%82%BC%EB%8F%99%20%EC%84%9C%EC%9A%B8%ED%8A%B9%EB%B3%84%EC%8B%9C%20%EA%B0%95%EB%82%A8%EA%B5%AC%20%EC%96%B8%EC%A3%BC%EB%A1%9C75%EA%B8%B8%2020%201%EC%B8%B5,https://www.diningcode.com/profile.php?rid=S4JjhnTnECLw,"디저트, 생딸기"
26,カフェ/Cafe,プロベルコーヒーロースタリー ヨクサミョク,Beurobel Coffee Roastery Yeoksamyeok,브로벨커피로스터리 역삼역,コーヒー専門,Specialty Coffee,カフェ・自家焙煎カフェ,"Cafe, Roastery Cafe",店内OK / Indoors OK,なし/No,ヨクサム（駅三）,Yeoksam,240,ヨクサムドン,Yeoksam-dong,江南区,Gangnam-gu,서울특별시 강남구 테헤란로25길 15-10 1층,010-7170-5528,,,37.5017818,127.0345206,店舗単位,,0,一般飲食店,https://www.google.com/maps/search/?api=1&query=37.5017818%2C127.0345206,https://map.naver.com/p/search/%EB%B8%8C%EB%A1%9C%EB%B2%A8%EC%BB%A4%ED%94%BC%EB%A1%9C%EC%8A%A4%ED%84%B0%EB%A6%AC%20%EC%97%AD%EC%82%BC%EC%97%AD%20%EC%84%9C%EC%9A%B8%ED%8A%B9%EB%B3%84%EC%8B%9C%20%EA%B0%95%EB%82%A8%EA%B5%AC%20%ED%85%8C%ED%97%A4%EB%9E%80%EB%A1%9C25%EA%B8%B8%2015-10%201%EC%B8%B5,https://www.diningcode.com/profile.php?rid=tHbYlmMVKqNW,"카페, 로스터리카페"
27,カフェ/Cafe,ハイコーヒー,High Coffee,하이커피,コーヒー専門,Specialty Coffee,,,店内OK / Indoors OK,なし/No,ヨクサム（駅三）,Yeoksam,920,ヨクサムドン,Yeoksam-dong,江南区,Gangnam-gu,서울특별시 강남구 도곡로21길 15,,,,37.4927026,127.0387264,建物単位,,0,一般飲食店,https://www.google.com/maps/search/?api=1&query=37.4927026%2C127.0387264,https://map.naver.com/p/search/%ED%95%98%EC%9D%B4%EC%BB%A4%ED%94%BC%20%EC%84%9C%EC%9A%B8%ED%8A%B9%EB%B3%84%EC%8B%9C%20%EA%B0%95%EB%82%A8%EA%B5%AC%20%EB%8F%84%EA%B3%A1%EB%A1%9C21%EA%B8%B8%2015,,
28,カフェ/Cafe,ヘモスミス コーヒー,Hemeoseumiseu Coffee,헤머스미스 커피,コーヒー専門,Specialty Coffee,,,店内OK / Indoors OK,なし/No,オンジュ（彦州）,Eonju,120,ヨクサムドン,Yeoksam-dong,江南区,Gangnam-gu,서울특별시 강남구 봉은사로26길 25,,,,37.5064498,127.0330983,通り単位,,0,軽飲食店,https://www.google.com/maps/search/?api=1&query=37.5064498%2C127.0330983,https://map.naver.com/p/search/%ED%97%A4%EB%A8%B8%EC%8A%A4%EB%AF%B8%EC%8A%A4%20%EC%BB%A4%ED%94%BC%20%EC%84%9C%EC%9A%B8%ED%8A%B9%EB%B3%84%EC%8B%9C%20%EA%B0%95%EB%82%A8%EA%B5%AC%20%EB%B4%89%EC%9D%80%EC%82%AC%EB%A1%9C26%EA%B8%B8%2025,,
29,カフェ/Cafe,コーヒーインリュ ケポジョム,Coffee Inryu Gaepojeom,커피인류 개포점,コーヒー専門,Specialty Coffee,カフェ・コーヒー,"Cafe, Coffee",店内OK / Indoors OK,なし/No,テチョン,Daecheong,350,イルォンドン,Irwon-dong,江南区,Gangnam-gu,서울특별시 강남구 영동대로 22,02-6925-0124,,,37.4922518,127.0759879,店舗単位,,0,軽飲食店,https://www.google.com/maps/search/?api=1&query=37.4922518%2C127.0759879,https://map.naver.com/p/search/%EC%BB%A4%ED%94%BC%EC%9D%B8%EB%A5%98%20%EA%B0%9C%ED%8F%AC%EC%A0%90%20%EC%84%9C%EC%9A%B8%ED%8A%B9%EB%B3%84%EC%8B%9C%20%EA%B0%95%EB%82%A8%EA%B5%AC%20%EC%98%81%EB%8F%99%EB%8C%80%EB%A1%9C%2022,https://www.diningcode.com/profile.php?rid=QW5f2J7f4Bph,"카페, 커피"
30,カフェ/Cafe,ペッタリウム チョンダムジョム,Pettarium Cheongdamjeom,펫타리움 청담점,ドッグカフェ,Dog Cafe,,,店内OK / Indoors OK,なし/No,チョンダム（清潭）,Cheongdam,490,チョンダムドン,Cheongdam-dong,江南区,Gangnam-gu,서울특별시 강남구 영동대로 725,02-413-1700,https://www.instagram.com/petarium_official1,,37.5224778,127.0551562,建物単位,,0,軽飲食店,https://www.google.com/maps/search/?api=1&query=37.5224778%2C127.0551562,https://map.naver.com/p/search/%ED%8E%AB%ED%83%80%EB%A6%AC%EC%9B%80%20%EC%B2%AD%EB%8B%B4%EC%A0%90%20%EC%84%9C%EC%9A%B8%ED%8A%B9%EB%B3%84%EC%8B%9C%20%EA%B0%95%EB%82%A8%EA%B5%AC%20%EC%98%81%EB%8F%99%EB%8C%80%EB%A1%9C%20725,,
31,カフェ/Cafe,エイチエムポセンド コドク,Eichiaempeosaendeu Godeok,에이치앰퍼샌드 고덕,コーヒー専門,Specialty Coffee,コーヒー・カフェ,"Coffee, Cafe",店内OK / Indoors OK,なし/No,サンイルドン（上一洞）,Sangil-dong,520,コドクドン,Godeok-dong,江東区,Gangdong-gu,서울특별시 강동구 고덕로83길 156 1층,0502-5552-7087,,https://smartstore.naver.com/hampersand,37.5614788,127.1663265,店舗単位,5,2,一般飲食店,https://www.google.com/maps/search/?api=1&query=37.5614788%2C127.1663265,https://map.naver.com/p/search/%EC%97%90%EC%9D%B4%EC%B9%98%EC%95%B0%ED%8D%BC%EC%83%8C%EB%93%9C%20%EA%B3%A0%EB%8D%95%20%EC%84%9C%EC%9A%B8%ED%8A%B9%EB%B3%84%EC%8B%9C%20%EA%B0%95%EB%8F%99%EA%B5%AC%20%EA%B3%A0%EB%8D%95%EB%A1%9C83%EA%B8%B8%20156%201%EC%B8%B5,https://www.diningcode.com/profile.php?rid=pKNqvoTBLc3S,"커피, 카페"
32,カフェ/Cafe,カフェソソ オルリムピク パークポレオン トゥンチョン,Cafe Soso Olrimpik Park Poreon Dunchon,카페소소 올림픽 파크포레온 둔촌,スイーツ,Sweets,デザート・カフェ,"Dessert, Cafe",店内OK / Indoors OK,なし/No,トゥンチョノリュン（土村五輪）,Dunchon Oryun,90,トゥンチョンドン,Dunchon-dong,江東区,Gangdong-gu,서울 강동구 양재대로 1300 올림픽 파크포레온 스테이션9 1층 124호,,,,37.5204843,127.1390289,店舗単位,4.5,2,軽飲食店,https://www.google.com/maps/search/?api=1&query=37.5204843%2C127.1390289,https://map.naver.com/p/search/%EC%B9%B4%ED%8E%98%EC%86%8C%EC%86%8C%20%EC%98%AC%EB%A6%BC%ED%94%BD%20%ED%8C%8C%ED%81%AC%ED%8F%AC%EB%A0%88%EC%98%A8%20%EB%91%94%EC%B4%8C%20%EC%84%9C%EC%9A%B8%20%EA%B0%95%EB%8F%99%EA%B5%AC%20%EC%96%91%EC%9E%AC%EB%8C%80%EB%A1%9C%201300%20%EC%98%AC%EB%A6%BC%ED%94%BD%20%ED%8C%8C%ED%81%AC%ED%8F%AC%EB%A0%88%EC%98%A8%20%EC%8A%A4%ED%85%8C%EC%9D%B4%EC%85%989%201%EC%B8%B5%20124%ED%98%B8,https://www.diningcode.com/profile.php?rid=alcTRKQ8bP5c,"디저트, 카페"
33,カフェ/Cafe,ノスチ サンイルジョム,Noseuti Sangiljeom,노스티 상일점,茶カフェ,Tea House,カフェ・ブレンドティー,"Cafe, Blended Tea",店内OK / Indoors OK,なし/No,カンイル,Gangil,900,サンイルドン,Sangil-dong,江東区,Gangdong-gu,서울특별시 강동구 상일로7길 11 1층,02-6949-2075,https://www.instagram.com/nosty.official/,,37.5498728,127.1722627,店舗単位,4,1,一般飲食店,https://www.google.com/maps/search/?api=1&query=37.5498728%2C127.1722627,https://map.naver.com/p/search/%EB%85%B8%EC%8A%A4%ED%8B%B0%20%EC%83%81%EC%9D%BC%EC%A0%90%20%EC%84%9C%EC%9A%B8%ED%8A%B9%EB%B3%84%EC%8B%9C%20%EA%B0%95%EB%8F%99%EA%B5%AC%20%EC%83%81%EC%9D%BC%EB%A1%9C7%EA%B8%B8%2011%201%EC%B8%B5,https://www.diningcode.com/profile.php?rid=8kY38fMwizAB,"카페, 블렌딩티"
34,カフェ/Cafe,レインウェイコーヒー ソンネ,Rain Wei Coffee Seongnae,레인웨이커피 성내,コーヒー専門,Specialty Coffee,カフェ・フォカッチャ,"Cafe, Focaccia",店内OK / Indoors OK,なし/No,カンドン（江東）,Gangdong,470,ソンネドン,Seongnae-dong,江東区,Gangdong-gu,서울특별시 강동구 천호대로170길 87 103호 레인웨이커피,,,,37.5316311,127.1317863,店舗単位,3.6,2,一般飲食店,https://www.google.com/maps/search/?api=1&query=37.5316311%2C127.1317863,https://map.naver.com/p/search/%EB%A0%88%EC%9D%B8%EC%9B%A8%EC%9D%B4%EC%BB%A4%ED%94%BC%20%EC%84%B1%EB%82%B4%20%EC%84%9C%EC%9A%B8%ED%8A%B9%EB%B3%84%EC%8B%9C%20%EA%B0%95%EB%8F%99%EA%B5%AC%20%EC%B2%9C%ED%98%B8%EB%8C%80%EB%A1%9C170%EA%B8%B8%2087%20103%ED%98%B8%20%EB%A0%88%EC%9D%B8%EC%9B%A8%EC%9D%B4%EC%BB%A4%ED%94%BC,https://www.diningcode.com/profile.php?rid=gFUfYBbhIaxa,"카페, 포카치아"
35,カフェ/Cafe,オピロプ ソンネドン,Eopireop Seongnaedong,어피럽 성내동,ジェラート・かき氷,Gelato & Ice,かき氷・マンゴーかき氷,"Bingsu, Mango Bingsu",店内OK / Indoors OK,なし/No,トゥンチョンドン（遁村洞）,Dunchon-dong,600,ソンネドン,Seongnae-dong,江東区,Gangdong-gu,서울특별시 강동구 성안로 25 1층,0507-1314-8679,https://www.instagram.com/apieceof.love?igsh=MWRrNm0yemQwd2d2&utm_source=qr,,37.5261492,127.1297225,店舗単位,5,1,軽飲食店,https://www.google.com/maps/search/?api=1&query=37.5261492%2C127.1297225,https://map.naver.com/p/search/%EC%96%B4%ED%94%BC%EB%9F%BD%20%EC%84%B1%EB%82%B4%EB%8F%99%20%EC%84%9C%EC%9A%B8%ED%8A%B9%EB%B3%84%EC%8B%9C%20%EA%B0%95%EB%8F%99%EA%B5%AC%20%EC%84%B1%EC%95%88%EB%A1%9C%2025%201%EC%B8%B5,https://www.diningcode.com/profile.php?rid=Xu6sx6IZgxln,"빙수, 망고빙수"
36,カフェ/Cafe,オントルド チョンホヨク,UNTOLD,언톨드 천호역,スイーツ,Sweets,カフェ・デザート,"Cafe, Dessert",店内OK / Indoors OK,なし/No,チョンホ（千戸）,Cheonho,380,ソンネドン,Seongnae-dong,江東区,Gangdong-gu,서울특별시 강동구 올림픽로60길 14 1층 101호,010-7634-3883,https://www.instagram.com/untold_388,,37.535104,127.1231105,店舗単位,,0,一般飲食店,https://www.google.com/maps/search/?api=1&query=37.535104%2C127.1231105,https://map.naver.com/p/search/%EC%96%B8%ED%86%A8%EB%93%9C%20%EC%B2%9C%ED%98%B8%EC%97%AD%20%EC%84%9C%EC%9A%B8%ED%8A%B9%EB%B3%84%EC%8B%9C%20%EA%B0%95%EB%8F%99%EA%B5%AC%20%EC%98%AC%EB%A6%BC%ED%94%BD%EB%A1%9C60%EA%B8%B8%2014%201%EC%B8%B5%20101%ED%98%B8,https://www.diningcode.com/profile.php?rid=QTnHm9L0bQys,"카페, 디저트"
37,カフェ/Cafe,ウィルリオムコーヒー カンドングチョンヨク,Wilrieom Coffee Gangdonggucheongyeok,윌리엄커피 강동구청역,ブックカフェ,Book Cafe,カフェ・ブックカフェ,"Cafe, Book Cafe",店内OK / Indoors OK,あり/Yes,カンドングチョン（江東区庁）,Gangdong-gu Office,270,ソンネドン,Seongnae-dong,江東区,Gangdong-gu,서울특별시 강동구 풍성로 92 한스빌딩,02-472-4164,https://www.instagram.com/jyj_brunch_cafe,,37.532669,127.1224599,店舗単位,3.2,9,一般飲食店,https://www.google.com/maps/search/?api=1&query=37.532669%2C127.1224599,https://map.naver.com/p/search/%EC%9C%8C%EB%A6%AC%EC%97%84%EC%BB%A4%ED%94%BC%20%EA%B0%95%EB%8F%99%EA%B5%AC%EC%B2%AD%EC%97%AD%20%EC%84%9C%EC%9A%B8%ED%8A%B9%EB%B3%84%EC%8B%9C%20%EA%B0%95%EB%8F%99%EA%B5%AC%20%ED%92%8D%EC%84%B1%EB%A1%9C%2092%20%ED%95%9C%EC%8A%A4%EB%B9%8C%EB%94%A9,https://www.diningcode.com/profile.php?rid=3eygxpxwptmT,"카페, 북카페"
38,ごはん/Meal,タイジュコーヒー カンドングチョンヨク,TIES COFFEE,타이즈커피 강동구청역,ブランチ,Brunch,カフェ・フレンチトースト,"Cafe, French Toast",店内OK / Indoors OK,あり/Yes,カンドングチョン（江東区庁）,Gangdong-gu Office,320,ソンネドン,Seongnae-dong,江東区,Gangdong-gu,서울특별시 강동구 풍성로 99 1층,070-8211-0757,https://www.instagram.com/tiescoffee,,37.5326116,127.1233662,店舗単位,4.5,1,軽飲食店,https://www.google.com/maps/search/?api=1&query=37.5326116%2C127.1233662,https://map.naver.com/p/search/%ED%83%80%EC%9D%B4%EC%A6%88%EC%BB%A4%ED%94%BC%20%EA%B0%95%EB%8F%99%EA%B5%AC%EC%B2%AD%EC%97%AD%20%EC%84%9C%EC%9A%B8%ED%8A%B9%EB%B3%84%EC%8B%9C%20%EA%B0%95%EB%8F%99%EA%B5%AC%20%ED%92%8D%EC%84%B1%EB%A1%9C%2099%201%EC%B8%B5,https://www.diningcode.com/profile.php?rid=ukVJj9UFceJJ,"카페, 프렌치토스트"
39,カフェ/Cafe,ッコメ131 アムサヨク,Kkome 131 Amsayeok,꼬메131 암사역,スイーツ,Sweets,カフェ・デザート,"Cafe, Dessert",店内OK / Indoors OK,なし/No,アムサ（岩寺）,Amsa,190,アムサドン,Amsa-dong,江東区,Gangdong-gu,서울특별시 강동구 올림픽로91길 30 힐스테이트 상가 1층,010-9929-0540,https://www.instagram.com/comme.131,,37.549356,127.125613,店舗単位,4.3,4,一般飲食店,https://www.google.com/maps/search/?api=1&query=37.549356%2C127.125613,https://map.naver.com/p/search/%EA%BC%AC%EB%A9%94131%20%EC%95%94%EC%82%AC%EC%97%AD%20%EC%84%9C%EC%9A%B8%ED%8A%B9%EB%B3%84%EC%8B%9C%20%EA%B0%95%EB%8F%99%EA%B5%AC%20%EC%98%AC%EB%A6%BC%ED%94%BD%EB%A1%9C91%EA%B8%B8%2030%20%ED%9E%90%EC%8A%A4%ED%85%8C%EC%9D%B4%ED%8A%B8%20%EC%83%81%EA%B0%80%201%EC%B8%B5,https://www.diningcode.com/profile.php?rid=PIHg7FBD4bxU,"카페, 디저트"
40,ごはん/Meal,リクコーヒークラブ アムサ,Rikeu Coffee Club Amsa,리크커피클럽 암사,サンドイッチ・サラダ,Sandwich & Salad,カフェ・サンドイッチ,"Cafe, Sandwich",店内OK / Indoors OK,なし/No,アムサ（岩寺）,Amsa,300,アムサドン,Amsa-dong,江東区,Gangdong-gu,서울특별시 강동구 암사길 9 1층 101호,,https://www.instagram.com/likcoffeeclub,,37.5511385,127.1306298,店舗単位,,0,一般飲食店,https://www.google.com/maps/search/?api=1&query=37.5511385%2C127.1306298,https://map.naver.com/p/search/%EB%A6%AC%ED%81%AC%EC%BB%A4%ED%94%BC%ED%81%B4%EB%9F%BD%20%EC%95%94%EC%82%AC%20%EC%84%9C%EC%9A%B8%ED%8A%B9%EB%B3%84%EC%8B%9C%20%EA%B0%95%EB%8F%99%EA%B5%AC%20%EC%95%94%EC%82%AC%EA%B8%B8%209%201%EC%B8%B5%20101%ED%98%B8,https://www.diningcode.com/profile.php?rid=cfcQLsVOlA0j,"카페, 샌드위치"
41,カフェ/Cafe,カフェ イユ アムサドン,Cafe Iyu Amsadong,카페 이유 암사동,コーヒー専門,Specialty Coffee,コーヒー・カフェ,"Coffee, Cafe",店内OK / Indoors OK,あり/Yes,アムサ（岩寺）,Amsa,500,アムサドン,Amsa-dong,江東区,Gangdong-gu,서울특별시 강동구 고덕로 52-18,070-8887-6262,https://instagram.com/cafe.leeu,,37.5538992,127.1306473,店舗単位,4,1,一般飲食店,https://www.google.com/maps/search/?api=1&query=37.5538992%2C127.1306473,https://map.naver.com/p/search/%EC%B9%B4%ED%8E%98%20%EC%9D%B4%EC%9C%A0%20%EC%95%94%EC%82%AC%EB%8F%99%20%EC%84%9C%EC%9A%B8%ED%8A%B9%EB%B3%84%EC%8B%9C%20%EA%B0%95%EB%8F%99%EA%B5%AC%20%EA%B3%A0%EB%8D%95%EB%A1%9C%2052-18,https://www.diningcode.com/profile.php?rid=2iuGWDJ5wwBW,"커피, 카페"
42,カフェ/Cafe,マシッスコーヒー チョンホ,massiss,마시쓰커피 천호,スイーツ,Sweets,カフェ・クッキー,"Cafe, Cookie",店内OK / Indoors OK,なし/No,チョンホ（千戸）,Cheonho,220,チョンホドン,Cheonho-dong,江東区,Gangdong-gu,서울특별시 강동구 천호대로151길 31 1층,,https://www.instagram.com/massiss_coffee/,,37.5405052,127.123201,店舗単位,4,3,軽飲食店,https://www.google.com/maps/search/?api=1&query=37.5405052%2C127.123201,https://map.naver.com/p/search/%EB%A7%88%EC%8B%9C%EC%93%B0%EC%BB%A4%ED%94%BC%20%EC%B2%9C%ED%98%B8%20%EC%84%9C%EC%9A%B8%ED%8A%B9%EB%B3%84%EC%8B%9C%20%EA%B0%95%EB%8F%99%EA%B5%AC%20%EC%B2%9C%ED%98%B8%EB%8C%80%EB%A1%9C151%EA%B8%B8%2031%201%EC%B8%B5,https://www.diningcode.com/profile.php?rid=1Ajv96roIsen,"카페, 쿠키"
43,カフェ/Cafe,パビル クブンダリヨク,Babil,바빌 굽은다리역,コーヒー専門,Specialty Coffee,カフェ・コーヒー,"Cafe, Coffee",店内OK / Indoors OK,なし/No,クブンダリ,Gubeundari,310,チョンホドン,Cheonho-dong,江東区,Gangdong-gu,서울특별시 강동구 양재대로125길 47 1층,,https://instagram.com/babil_coffee_dessert,,37.5446876,127.139668,店舗単位,4.4,3,軽飲食店,https://www.google.com/maps/search/?api=1&query=37.5446876%2C127.139668,https://map.naver.com/p/search/%EB%B0%94%EB%B9%8C%20%EA%B5%BD%EC%9D%80%EB%8B%A4%EB%A6%AC%EC%97%AD%20%EC%84%9C%EC%9A%B8%ED%8A%B9%EB%B3%84%EC%8B%9C%20%EA%B0%95%EB%8F%99%EA%B5%AC%20%EC%96%91%EC%9E%AC%EB%8C%80%EB%A1%9C125%EA%B8%B8%2047%201%EC%B8%B5,https://www.diningcode.com/profile.php?rid=n4lEHPKMztdu,"카페, 커피"
44,カフェ/Cafe,ポトオン チョンホ,Beoteoon Cheonho,버터온 천호,スイーツ,Sweets,デザート・カフェ,"Dessert, Cafe",店内OK / Indoors OK,なし/No,アムサ（岩寺）,Amsa,520,チョンホドン,Cheonho-dong,江東区,Gangdong-gu,서울특별시 강동구 천중로 39 1층 4호,0507-1309-9352,https://www.instagram.com/butteron_,,37.5454926,127.1264901,店舗単位,5,1,軽飲食店,https://www.google.com/maps/search/?api=1&query=37.5454926%2C127.1264901,https://map.naver.com/p/search/%EB%B2%84%ED%84%B0%EC%98%A8%20%EC%B2%9C%ED%98%B8%20%EC%84%9C%EC%9A%B8%ED%8A%B9%EB%B3%84%EC%8B%9C%20%EA%B0%95%EB%8F%99%EA%B5%AC%20%EC%B2%9C%EC%A4%91%EB%A1%9C%2039%201%EC%B8%B5%204%ED%98%B8,https://www.diningcode.com/profile.php?rid=5xTaQaQfXwxf,"디저트, 카페"
45,ごはん/Meal,ヘイムシ チョンホ,haeimsi,해임시 천호,韓国料理,Korean,ワインバー・カンテンジャン,"Wine Bar, Soybean Stew",店内OK / Indoors OK,なし/No,チョンホ（千戸）,Cheonho,370,チョンホドン,Cheonho-dong,江東区,Gangdong-gu,서울특별시 강동구 천호대로157길 26 4층,0507-1360-0065,https://instagram.com/haeimsi,,37.5388549,127.1275552,店舗単位,4.1,8,一般飲食店,https://www.google.com/maps/search/?api=1&query=37.5388549%2C127.1275552,https://map.naver.com/p/search/%ED%95%B4%EC%9E%84%EC%8B%9C%20%EC%B2%9C%ED%98%B8%20%EC%84%9C%EC%9A%B8%ED%8A%B9%EB%B3%84%EC%8B%9C%20%EA%B0%95%EB%8F%99%EA%B5%AC%20%EC%B2%9C%ED%98%B8%EB%8C%80%EB%A1%9C157%EA%B8%B8%2026%204%EC%B8%B5,https://www.diningcode.com/profile.php?rid=5URl9b2dfdHg,"와인바, 강된장"
46,カフェ/Cafe,コム ポル コーヒー スユヨク,come for coffee,컴 폴 커피 수유역,コーヒー専門,Specialty Coffee,コーヒー・カフェ,"Coffee, Cafe",店内OK / Indoors OK,あり/Yes,スユ（水踰）,Suyu,410,ポンドン,Beon-dong,江北区,Gangbuk-gu,서울특별시 강북구 덕릉로 130 1층 컴 폴 커피,070-7720-1028,https://www.instagram.com/come_for_coffee,,37.634841,127.0280985,店舗単位,4.2,7,一般飲食店,https://www.google.com/maps/search/?api=1&query=37.634841%2C127.0280985,https://map.naver.com/p/search/%EC%BB%B4%20%ED%8F%B4%20%EC%BB%A4%ED%94%BC%20%EC%88%98%EC%9C%A0%EC%97%AD%20%EC%84%9C%EC%9A%B8%ED%8A%B9%EB%B3%84%EC%8B%9C%20%EA%B0%95%EB%B6%81%EA%B5%AC%20%EB%8D%95%EB%A6%89%EB%A1%9C%20130%201%EC%B8%B5%20%EC%BB%B4%20%ED%8F%B4%20%EC%BB%A4%ED%94%BC,https://www.diningcode.com/profile.php?rid=84I7bTz17VV5,"커피, 카페"
47,ごはん/Meal,ララブレッド スユジョム,Rara Bread Suyujeom,라라브레드 수유점,イタリアン,Italian,コーヒー・パスタ,"Coffee, Pasta",店内OK / Indoors OK,あり/Yes,スユ（水踰）,Suyu,280,スユドン,Suyu-dong,江北区,Gangbuk-gu,서울특별시 강북구 노해로14길 8 1층,,,,37.6394101,127.023087,店舗単位,5,1,一般飲食店,https://www.google.com/maps/search/?api=1&query=37.6394101%2C127.023087,https://map.naver.com/p/search/%EB%9D%BC%EB%9D%BC%EB%B8%8C%EB%A0%88%EB%93%9C%20%EC%88%98%EC%9C%A0%EC%A0%90%20%EC%84%9C%EC%9A%B8%ED%8A%B9%EB%B3%84%EC%8B%9C%20%EA%B0%95%EB%B6%81%EA%B5%AC%20%EB%85%B8%ED%95%B4%EB%A1%9C14%EA%B8%B8%208%201%EC%B8%B5,https://www.diningcode.com/profile.php?rid=qTQdkZtTyhJ2,"커피, 파스타"
48,カフェ/Cafe,スェルィコーヒー スユ,shall we coffee,쉘위커피 수유,スイーツ,Sweets,コーヒー・クッキー,"Coffee, Cookie",店内OK / Indoors OK,なし/No,スユ（水踰）,Suyu,660,スユドン,Suyu-dong,江北区,Gangbuk-gu,서울특별시 강북구 노해로 90,02-903-1810,https://www.instagram.com/shall_we_coffee,,37.6435757,127.0230351,店舗単位,,0,一般飲食店,https://www.google.com/maps/search/?api=1&query=37.6435757%2C127.0230351,https://map.naver.com/p/search/%EC%89%98%EC%9C%84%EC%BB%A4%ED%94%BC%20%EC%88%98%EC%9C%A0%20%EC%84%9C%EC%9A%B8%ED%8A%B9%EB%B3%84%EC%8B%9C%20%EA%B0%95%EB%B6%81%EA%B5%AC%20%EB%85%B8%ED%95%B4%EB%A1%9C%2090,https://www.diningcode.com/profile.php?rid=oSw9WYyIHHgM,"커피, 쿠키"
49,ごはん/Meal,アジブランチ プクハンサン,Aji Brunch Bukhansan,아지브런치 북한산,ブランチ,Brunch,ブランチ,Brunch,店内OK / Indoors OK,あり/Yes,,,,スユドン,Suyu-dong,江北区,Gangbuk-gu,서울특별시 강북구 4.19로17길 14-1 1층,010-9869-0305,https://www.instagram.com/aji_brunch,,37.6442839,127.0056693,店舗単位,,0,一般飲食店,https://www.google.com/maps/search/?api=1&query=37.6442839%2C127.0056693,https://map.naver.com/p/search/%EC%95%84%EC%A7%80%EB%B8%8C%EB%9F%B0%EC%B9%98%20%EB%B6%81%ED%95%9C%EC%82%B0%20%EC%84%9C%EC%9A%B8%ED%8A%B9%EB%B3%84%EC%8B%9C%20%EA%B0%95%EB%B6%81%EA%B5%AC%204.19%EB%A1%9C17%EA%B8%B8%2014-1%201%EC%B8%B5,https://www.diningcode.com/profile.php?rid=IEit8KzodhOe,브런치
50,ごはん/Meal,オアシス ミュジクポプ スユヨク,Oasiseu Myujikpeop Suyuyeok,오아시스 뮤직펍 수유역,バー・居酒屋,Bar & Pub,パブ・ミュージックパブ,"Pub, Music Pub",店内OK / Indoors OK,なし/No,スユ（水踰）,Suyu,240,スユドン,Suyu-dong,江北区,Gangbuk-gu,서울특별시 강북구 노해로8가길 34 2층,010-6752-1751,,https://naver.me/5OQyoHpw,37.6394992,127.0237541,店舗単位,,0,一般飲食店,https://www.google.com/maps/search/?api=1&query=37.6394992%2C127.0237541,https://map.naver.com/p/search/%EC%98%A4%EC%95%84%EC%8B%9C%EC%8A%A4%20%EB%AE%A4%EC%A7%81%ED%8E%8D%20%EC%88%98%EC%9C%A0%EC%97%AD%20%EC%84%9C%EC%9A%B8%ED%8A%B9%EB%B3%84%EC%8B%9C%20%EA%B0%95%EB%B6%81%EA%B5%AC%20%EB%85%B8%ED%95%B4%EB%A1%9C8%EA%B0%80%EA%B8%B8%2034%202%EC%B8%B5,https://www.diningcode.com/profile.php?rid=NtEGHt229Qs4,"펍, 뮤직펍"
51,カフェ/Cafe,チプモンク カオリヨク,Chipmeongkeu Gaoriyeok,칩멍크 가오리역,ブックカフェ,Book Cafe,カフェ・ブックカフェ,"Cafe, Book Cafe",店内OK / Indoors OK,なし/No,スユ（水踰）,Suyu,720,スユドン,Suyu-dong,江北区,Gangbuk-gu,서울특별시 강북구 삼양로98길 7 1층,0503-7150-9987,https://www.instagram.com/chipmunk_suyu,,37.6387268,127.0176481,店舗単位,4.7,3,一般飲食店,https://www.google.com/maps/search/?api=1&query=37.6387268%2C127.0176481,https://map.naver.com/p/search/%EC%B9%A9%EB%A9%8D%ED%81%AC%20%EA%B0%80%EC%98%A4%EB%A6%AC%EC%97%AD%20%EC%84%9C%EC%9A%B8%ED%8A%B9%EB%B3%84%EC%8B%9C%20%EA%B0%95%EB%B6%81%EA%B5%AC%20%EC%82%BC%EC%96%91%EB%A1%9C98%EA%B8%B8%207%201%EC%B8%B5,https://www.diningcode.com/profile.php?rid=jEuqeII5AGWr,"카페, 북카페"
52,カフェ/Cafe,チチル スユ,Titil Suyu,티틸 수유,スイーツ,Sweets,カフェ・デザート,"Cafe, Dessert",店内OK / Indoors OK,なし/No,スユ（水踰）,Suyu,280,スユドン,Suyu-dong,江北区,Gangbuk-gu,서울특별시 강북구 노해로 42 2F,070-8836-5121,https://www.instagram.com/ttyl_seoul,,37.6391246,127.0229277,店舗単位,4.3,12,一般飲食店,https://www.google.com/maps/search/?api=1&query=37.6391246%2C127.0229277,https://map.naver.com/p/search/%ED%8B%B0%ED%8B%B8%20%EC%88%98%EC%9C%A0%20%EC%84%9C%EC%9A%B8%ED%8A%B9%EB%B3%84%EC%8B%9C%20%EA%B0%95%EB%B6%81%EA%B5%AC%20%EB%85%B8%ED%95%B4%EB%A1%9C%2042%202F,https://www.diningcode.com/profile.php?rid=OmmNzj9Z7Fa8,"카페, 디저트"
53,ごはん/Meal,パジョクチナ,Pajokuchina,파조쿠치나,イタリアン,Italian,パスタ・ワイン,"Pasta, Wine",店内OK / Indoors OK,なし/No,スユ（水踰）,Suyu,1270,スユドン,Suyu-dong,江北区,Gangbuk-gu,서울특별시 강북구 인수봉로 239,070-4129-8640,,,37.6402685,127.0115668,店舗単位,4.9,6,軽飲食店,https://www.google.com/maps/search/?api=1&query=37.6402685%2C127.0115668,https://map.naver.com/p/search/%ED%8C%8C%EC%A1%B0%EC%BF%A0%EC%B9%98%EB%82%98%20%EC%84%9C%EC%9A%B8%ED%8A%B9%EB%B3%84%EC%8B%9C%20%EA%B0%95%EB%B6%81%EA%B5%AC%20%EC%9D%B8%EC%88%98%EB%B4%89%EB%A1%9C%20239,https://www.diningcode.com/profile.php?rid=YV1SYxGA5n6e,"파스타, 와인"
54,ごはん/Meal,チョニラン ミョンテラン チキンイラン コンハンドン,Jeonirang Myeongtaerang Chicken Irang Gonghangdong,전이랑 명태랑 치킨이랑 공항동,チキン,Fried Chicken,チヂミ居酒屋・スケトウダラ,"Jeon (Korean Pancake), Pollack",店内OK / Indoors OK,なし/No,コンハンシジャン（空港市場）,Airport Market,200,コンハンドン,Gonghang-dong,江西区,Gangseo-gu,서울특별시 강서구 방화대로21길 67 1층,02-2661-0883,,,37.5636366,126.8128486,店舗単位,,0,一般飲食店,https://www.google.com/maps/search/?api=1&query=37.5636366%2C126.8128486,https://map.naver.com/p/search/%EC%A0%84%EC%9D%B4%EB%9E%91%20%EB%AA%85%ED%83%9C%EB%9E%91%20%EC%B9%98%ED%82%A8%EC%9D%B4%EB%9E%91%20%EA%B3%B5%ED%95%AD%EB%8F%99%20%EC%84%9C%EC%9A%B8%ED%8A%B9%EB%B3%84%EC%8B%9C%20%EA%B0%95%EC%84%9C%EA%B5%AC%20%EB%B0%A9%ED%99%94%EB%8C%80%EB%A1%9C21%EA%B8%B8%2067%201%EC%B8%B5,https://www.diningcode.com/profile.php?rid=PlLPsMofSqdb,"전집, 명태"
55,カフェ/Cafe,ムムム パルサン,Mumumu Balsan,무무무 발산,カフェ,Cafe,カフェ・オレンジビアンコ,"Cafe, Orange Bianco",店内OK / Indoors OK,あり/Yes,ウジャンサン（雨装山）,Ujangsan,560,ネバルサンドン,Naebalsan-dong,江西区,Gangseo-gu,서울특별시 강서구 강서로47길 60 1층 카페 무무무,,https://www.instagram.com/cafe_moomoomoo,,37.5530526,126.8328354,店舗単位,4.6,5,軽飲食店,https://www.google.com/maps/search/?api=1&query=37.5530526%2C126.8328354,https://map.naver.com/p/search/%EB%AC%B4%EB%AC%B4%EB%AC%B4%20%EB%B0%9C%EC%82%B0%20%EC%84%9C%EC%9A%B8%ED%8A%B9%EB%B3%84%EC%8B%9C%20%EA%B0%95%EC%84%9C%EA%B5%AC%20%EA%B0%95%EC%84%9C%EB%A1%9C47%EA%B8%B8%2060%201%EC%B8%B5%20%EC%B9%B4%ED%8E%98%20%EB%AC%B4%EB%AC%B4%EB%AC%B4,https://www.diningcode.com/profile.php?rid=64dZmzy35kN8,"카페, 오렌지비앙코"
56,カフェ/Cafe,プラウンッシ 2ホジョム,Beuraunssi 2 Hojeom,브라운씨 2호점,カフェ,Cafe,カフェ・カイマク,"Cafe, Kaymak",店内OK / Indoors OK,なし/No,ウジャンサン（雨装山）,Ujangsan,230,ネバルサンドン,Naebalsan-dong,江西区,Gangseo-gu,서울특별시 강서구 강서로47가길 33 덕산빌딩 104호 브라운씨 카페,,https://www.instagram.com/brownccafe,,37.5509474,126.8358113,店舗単位,5,4,一般飲食店,https://www.google.com/maps/search/?api=1&query=37.5509474%2C126.8358113,https://map.naver.com/p/search/%EB%B8%8C%EB%9D%BC%EC%9A%B4%EC%94%A8%202%ED%98%B8%EC%A0%90%20%EC%84%9C%EC%9A%B8%ED%8A%B9%EB%B3%84%EC%8B%9C%20%EA%B0%95%EC%84%9C%EA%B5%AC%20%EA%B0%95%EC%84%9C%EB%A1%9C47%EA%B0%80%EA%B8%B8%2033%20%EB%8D%95%EC%82%B0%EB%B9%8C%EB%94%A9%20104%ED%98%B8%20%EB%B8%8C%EB%9D%BC%EC%9A%B4%EC%94%A8%20%EC%B9%B4%ED%8E%98,https://www.diningcode.com/profile.php?rid=cvTsIaC7HkXh,"카페, 카이막"
57,カフェ/Cafe,カフェイノピス トンチョニョク,INNER PEACE,카페이너피스 등촌역,コーヒー専門,Specialty Coffee,コーヒー・カフェ,"Coffee, Cafe",店内OK / Indoors OK,あり/Yes,トンチョン（登村）,Deungchon,370,トンチョンドン,Deungchon-dong,江西区,Gangseo-gu,서울특별시 강서구 양천로66길 6 삼성한사랑1차아파트 상가 1층 105호,0507-1361-7736,https://www.instagram.com/cafe.inner_peace,,37.5544599,126.865132,店舗単位,,0,軽飲食店,https://www.google.com/maps/search/?api=1&query=37.5544599%2C126.865132,https://map.naver.com/p/search/%EC%B9%B4%ED%8E%98%EC%9D%B4%EB%84%88%ED%94%BC%EC%8A%A4%20%EB%93%B1%EC%B4%8C%EC%97%AD%20%EC%84%9C%EC%9A%B8%ED%8A%B9%EB%B3%84%EC%8B%9C%20%EA%B0%95%EC%84%9C%EA%B5%AC%20%EC%96%91%EC%B2%9C%EB%A1%9C66%EA%B8%B8%206%20%EC%82%BC%EC%84%B1%ED%95%9C%EC%82%AC%EB%9E%911%EC%B0%A8%EC%95%84%ED%8C%8C%ED%8A%B8%20%EC%83%81%EA%B0%80%201%EC%B8%B5%20105%ED%98%B8,https://www.diningcode.com/profile.php?rid=L1fDNu2OM74i,"커피, 카페"
58,ごはん/Meal,ト ワセボ マゴク,the whatever,더 왓에버 마곡,ブランチ,Brunch,ブランチ・ワイン,"Brunch, Wine",店内OK / Indoors OK,あり/Yes,マゴク（麻谷）,Magok,410,マゴクドン,Magok-dong,江西区,Gangseo-gu,서울특별시 강서구 마곡중앙2로 15 테크노타워2 1층,02-6952-8577,https://www.instagram.com/thewhatever_seoul,,37.5582574,126.8286518,店舗単位,4.2,11,一般飲食店,https://www.google.com/maps/search/?api=1&query=37.5582574%2C126.8286518,https://map.naver.com/p/search/%EB%8D%94%20%EC%99%93%EC%97%90%EB%B2%84%20%EB%A7%88%EA%B3%A1%20%EC%84%9C%EC%9A%B8%ED%8A%B9%EB%B3%84%EC%8B%9C%20%EA%B0%95%EC%84%9C%EA%B5%AC%20%EB%A7%88%EA%B3%A1%EC%A4%91%EC%95%992%EB%A1%9C%2015%20%ED%85%8C%ED%81%AC%EB%85%B8%ED%83%80%EC%9B%8C2%201%EC%B8%B5,https://www.diningcode.com/profile.php?rid=ia1ceQzTXHbD,"브런치, 와인"
59,ごはん/Meal,ソウランシムジョンユク マゴクジョム,Seouransimjeongyuk Magokjeom,서울안심정육 마곡점,焼肉,Korean BBQ,焼肉・韓牛,"Korean BBQ, Korean Beef",店内OK / Indoors OK,なし/No,パルサン（鉢山）,Balsan,200,マゴクドン,Magok-dong,江西区,Gangseo-gu,"서울특별시 강서구 마곡중앙6로 76-3 지하1층 B01호, B02호",0507-1369-3033,,https://naver.me/5AgVLqyR,37.5597175,126.8357946,店舗単位,3.6,3,一般飲食店,https://www.google.com/maps/search/?api=1&query=37.5597175%2C126.8357946,https://map.naver.com/p/search/%EC%84%9C%EC%9A%B8%EC%95%88%EC%8B%AC%EC%A0%95%EC%9C%A1%20%EB%A7%88%EA%B3%A1%EC%A0%90%20%EC%84%9C%EC%9A%B8%ED%8A%B9%EB%B3%84%EC%8B%9C%20%EA%B0%95%EC%84%9C%EA%B5%AC%20%EB%A7%88%EA%B3%A1%EC%A4%91%EC%95%996%EB%A1%9C%2076-3%20%EC%A7%80%ED%95%981%EC%B8%B5%20B01%ED%98%B8%2C%20B02%ED%98%B8,https://www.diningcode.com/profile.php?rid=4Mb14kqmC4qc,"고깃집, 한우"
60,ごはん/Meal,アウオルッコルラ マゴク,Aueorukkolra Magok,아우어루꼴라 마곡,ピザ,Pizza,ピザ・プルコギピザ,"Pizza, Bulgogi Pizza",店内OK / Indoors OK,なし/No,マゴク（麻谷）,Magok,310,マゴクドン,Magok-dong,江西区,Gangseo-gu,서울특별시 강서구 마곡중앙6로 10 1층 113호,010-5886-6027,,,37.5603987,126.8282291,店舗単位,4.6,8,一般飲食店,https://www.google.com/maps/search/?api=1&query=37.5603987%2C126.8282291,https://map.naver.com/p/search/%EC%95%84%EC%9A%B0%EC%96%B4%EB%A3%A8%EA%BC%B4%EB%9D%BC%20%EB%A7%88%EA%B3%A1%20%EC%84%9C%EC%9A%B8%ED%8A%B9%EB%B3%84%EC%8B%9C%20%EA%B0%95%EC%84%9C%EA%B5%AC%20%EB%A7%88%EA%B3%A1%EC%A4%91%EC%95%996%EB%A1%9C%2010%201%EC%B8%B5%20113%ED%98%B8,https://www.diningcode.com/profile.php?rid=014E8WhdwgXi,"피자, 불고기피자"
61,カフェ/Cafe,オロードサイド マゴク,Eo Road Side Magok,어로드사이드 마곡,カフェ,Cafe,カフェ・もちもちクッキー,"Cafe, Chewy Cookie",店内OK / Indoors OK,あり/Yes,マゴクナル（麻谷）,Magongnaru,130,マゴクドン,Magok-dong,江西区,Gangseo-gu,서울특별시 강서구 마곡중앙5로 6 보타닉푸르지오시티 상가2층 226호,010-6381-3826,https://www.instagram.com/aroadsidecafe,,37.5671767,126.8271195,店舗単位,4.6,10,一般飲食店,https://www.google.com/maps/search/?api=1&query=37.5671767%2C126.8271195,https://map.naver.com/p/search/%EC%96%B4%EB%A1%9C%EB%93%9C%EC%82%AC%EC%9D%B4%EB%93%9C%20%EB%A7%88%EA%B3%A1%20%EC%84%9C%EC%9A%B8%ED%8A%B9%EB%B3%84%EC%8B%9C%20%EA%B0%95%EC%84%9C%EA%B5%AC%20%EB%A7%88%EA%B3%A1%EC%A4%91%EC%95%995%EB%A1%9C%206%20%EB%B3%B4%ED%83%80%EB%8B%89%ED%91%B8%EB%A5%B4%EC%A7%80%EC%98%A4%EC%8B%9C%ED%8B%B0%20%EC%83%81%EA%B0%802%EC%B8%B5%20226%ED%98%B8,https://www.diningcode.com/profile.php?rid=XO8xFW0vqPYM,"카페, 두쫀쿠"
62,カフェ/Cafe,コストムコーヒー マゴクナルジョム,Keoseuteom Coffee Magoknarujeom,커스텀커피 마곡나루점,コーヒー専門,Specialty Coffee,コーヒー・ラテ,"Coffee, Latte",店内OK / Indoors OK,なし/No,マゴクナル（麻谷）,Magongnaru,410,マゴクドン,Magok-dong,江西区,Gangseo-gu,서울특별시 강서구 마곡서로 170 1층 105호,0507-1386-7094,https://www.instagram.com/kustom_mgnaru,,37.5694041,126.8256112,店舗単位,4.4,2,軽飲食店,https://www.google.com/maps/search/?api=1&query=37.5694041%2C126.8256112,https://map.naver.com/p/search/%EC%BB%A4%EC%8A%A4%ED%85%80%EC%BB%A4%ED%94%BC%20%EB%A7%88%EA%B3%A1%EB%82%98%EB%A3%A8%EC%A0%90%20%EC%84%9C%EC%9A%B8%ED%8A%B9%EB%B3%84%EC%8B%9C%20%EA%B0%95%EC%84%9C%EA%B5%AC%20%EB%A7%88%EA%B3%A1%EC%84%9C%EB%A1%9C%20170%201%EC%B8%B5%20105%ED%98%B8,https://www.diningcode.com/profile.php?rid=QoKN3WMUcY4U,"커피, 라떼"
63,カフェ/Cafe,コモレビ マゴク,Komorebi Magok,코모레비 마곡,コーヒー専門,Specialty Coffee,コーヒー・カフェ,"Coffee, Cafe",店内OK / Indoors OK,あり/Yes,マゴク（麻谷）,Magok,320,マゴクドン,Magok-dong,江西区,Gangseo-gu,서울특별시 강서구 마곡서로 101 1층 152호 코모레비,,,,37.5629961,126.8237452,店舗単位,4.5,2,一般飲食店,https://www.google.com/maps/search/?api=1&query=37.5629961%2C126.8237452,https://map.naver.com/p/search/%EC%BD%94%EB%AA%A8%EB%A0%88%EB%B9%84%20%EB%A7%88%EA%B3%A1%20%EC%84%9C%EC%9A%B8%ED%8A%B9%EB%B3%84%EC%8B%9C%20%EA%B0%95%EC%84%9C%EA%B5%AC%20%EB%A7%88%EA%B3%A1%EC%84%9C%EB%A1%9C%20101%201%EC%B8%B5%20152%ED%98%B8%20%EC%BD%94%EB%AA%A8%EB%A0%88%EB%B9%84,https://www.diningcode.com/profile.php?rid=L0RhTZCkOqmh,"커피, 카페"
64,カフェ/Cafe,フルプ ロースターズ マゴク,Hurup Roasters Magok,후룹 로스터스 마곡,コーヒー専門,Specialty Coffee,コーヒー・自家焙煎,"Coffee, Roasting",店内OK / Indoors OK,なし/No,パルサン（鉢山）,Balsan,480,マゴクドン,Magok-dong,江西区,Gangseo-gu,서울특별시 강서구 마곡중앙6로 45 리더스퀘어 B동 1층 118호,070-7543-6545,https://www.instagram.com/hooroop_roasters,,37.5607235,126.8328,店舗単位,4.3,5,一般飲食店,https://www.google.com/maps/search/?api=1&query=37.5607235%2C126.8328,https://map.naver.com/p/search/%ED%9B%84%EB%A3%B9%20%EB%A1%9C%EC%8A%A4%ED%84%B0%EC%8A%A4%20%EB%A7%88%EA%B3%A1%20%EC%84%9C%EC%9A%B8%ED%8A%B9%EB%B3%84%EC%8B%9C%20%EA%B0%95%EC%84%9C%EA%B5%AC%20%EB%A7%88%EA%B3%A1%EC%A4%91%EC%95%996%EB%A1%9C%2045%20%EB%A6%AC%EB%8D%94%EC%8A%A4%ED%80%98%EC%96%B4%20B%EB%8F%99%201%EC%B8%B5%20118%ED%98%B8,https://www.diningcode.com/profile.php?rid=pji7mIKDakBi,"커피, 로스팅"
65,ごはん/Meal,フィフィイッ マゴク,Huihuiit Magok,희희잇 마곡,ブランチ,Brunch,ブランチ,Brunch,店内OK / Indoors OK,なし/No,マゴク（麻谷）,Magok,480,マゴクドン,Magok-dong,江西区,Gangseo-gu,서울특별시 강서구 마곡중앙4로 22 파인스퀘어 A동 117호,02-6015-5271,https://www.instagram.com/heeheeeat.official,,37.5583164,126.8295995,店舗単位,3.7,3,一般飲食店,https://www.google.com/maps/search/?api=1&query=37.5583164%2C126.8295995,https://map.naver.com/p/search/%ED%9D%AC%ED%9D%AC%EC%9E%87%20%EB%A7%88%EA%B3%A1%20%EC%84%9C%EC%9A%B8%ED%8A%B9%EB%B3%84%EC%8B%9C%20%EA%B0%95%EC%84%9C%EA%B5%AC%20%EB%A7%88%EA%B3%A1%EC%A4%91%EC%95%994%EB%A1%9C%2022%20%ED%8C%8C%EC%9D%B8%EC%8A%A4%ED%80%98%EC%96%B4%20A%EB%8F%99%20117%ED%98%B8,https://www.diningcode.com/profile.php?rid=yIZrTYLoV9Fw,브런치
66,ごはん/Meal,ヒソヒソ マゴク,HisoHiso,히소히소 마곡,サンドイッチ・サラダ,Sandwich & Salad,カフェ・フルーツサンド,"Cafe, Fruit Sando",店内OK / Indoors OK,なし/No,マゴクナル（麻谷）,Magongnaru,470,マゴクドン,Magok-dong,江西区,Gangseo-gu,서울특별시 강서구 마곡서로 175 407동 상가 1층 103호,0503-7151-4843,https://www.instagram.com/_hisohiso,,37.5697384,126.8250621,店舗単位,5,1,一般飲食店,https://www.google.com/maps/search/?api=1&query=37.5697384%2C126.8250621,https://map.naver.com/p/search/%ED%9E%88%EC%86%8C%ED%9E%88%EC%86%8C%20%EB%A7%88%EA%B3%A1%20%EC%84%9C%EC%9A%B8%ED%8A%B9%EB%B3%84%EC%8B%9C%20%EA%B0%95%EC%84%9C%EA%B5%AC%20%EB%A7%88%EA%B3%A1%EC%84%9C%EB%A1%9C%20175%20407%EB%8F%99%20%EC%83%81%EA%B0%80%201%EC%B8%B5%20103%ED%98%B8,https://www.diningcode.com/profile.php?rid=WDYvOFMNIH4m,"카페, 후르츠산도"
67,カフェ/Cafe,オボブルコーヒー パンファドン,abovl,어보블커피 방화동,コーヒー専門,Specialty Coffee,コーヒー・カフェ,"Coffee, Cafe",店内OK / Indoors OK,あり/Yes,シンバンファ（新傍花）,Sinbanghwa,340,パンファドン,Banghwa-dong,江西区,Gangseo-gu,서울특별시 강서구 양천로24길 66 1층,,,,37.570394,126.8153303,店舗単位,4,2,一般飲食店,https://www.google.com/maps/search/?api=1&query=37.570394%2C126.8153303,https://map.naver.com/p/search/%EC%96%B4%EB%B3%B4%EB%B8%94%EC%BB%A4%ED%94%BC%20%EB%B0%A9%ED%99%94%EB%8F%99%20%EC%84%9C%EC%9A%B8%ED%8A%B9%EB%B3%84%EC%8B%9C%20%EA%B0%95%EC%84%9C%EA%B5%AC%20%EC%96%91%EC%B2%9C%EB%A1%9C24%EA%B8%B8%2066%201%EC%B8%B5,https://www.diningcode.com/profile.php?rid=w0jRtSpWLRoK,"커피, 카페"
68,カフェ/Cafe,チョガクジプ シンバンファヨク,Jogakjip Sinbanghwayeok,조각집 신방화역,スイーツ,Sweets,カフェ・デザート,"Cafe, Dessert",店内OK / Indoors OK,なし/No,シンバンファ（新傍花）,Sinbanghwa,120,パンファドン,Banghwa-dong,江西区,Gangseo-gu,서울특별시 강서구 방화대로33길 13 1층 조각집.카페,02-2038-8264,https://www.instagram.com/jogakzip.cafe,,37.5684203,126.8158008,店舗単位,,0,一般飲食店,https://www.google.com/maps/search/?api=1&query=37.5684203%2C126.8158008,https://map.naver.com/p/search/%EC%A1%B0%EA%B0%81%EC%A7%91%20%EC%8B%A0%EB%B0%A9%ED%99%94%EC%97%AD%20%EC%84%9C%EC%9A%B8%ED%8A%B9%EB%B3%84%EC%8B%9C%20%EA%B0%95%EC%84%9C%EA%B5%AC%20%EB%B0%A9%ED%99%94%EB%8C%80%EB%A1%9C33%EA%B8%B8%2013%201%EC%B8%B5%20%EC%A1%B0%EA%B0%81%EC%A7%91.%EC%B9%B4%ED%8E%98,https://www.diningcode.com/profile.php?rid=052X7n30yQWX,"카페, 디저트"
69,カフェ/Cafe,プルルイド ヨムチャンドン,FLUID,플루이드 염창동,スイーツ,Sweets,カフェ・エッグタルト,"Cafe, Egg Tart",店内OK / Indoors OK,なし/No,ヨムチャン（塩倉）,Yeomchang,530,ヨムチャンドン,Yeomchang-dong,江西区,Gangseo-gu,서울특별시 강서구 공항대로65길 82 1층 플루이드,,https://www.instagram.com/fluid_coffee/,,37.5506872,126.8715225,店舗単位,5,1,一般飲食店,https://www.google.com/maps/search/?api=1&query=37.5506872%2C126.8715225,https://map.naver.com/p/search/%ED%94%8C%EB%A3%A8%EC%9D%B4%EB%93%9C%20%EC%97%BC%EC%B0%BD%EB%8F%99%20%EC%84%9C%EC%9A%B8%ED%8A%B9%EB%B3%84%EC%8B%9C%20%EA%B0%95%EC%84%9C%EA%B5%AC%20%EA%B3%B5%ED%95%AD%EB%8C%80%EB%A1%9C65%EA%B8%B8%2082%201%EC%B8%B5%20%ED%94%8C%EB%A3%A8%EC%9D%B4%EB%93%9C,https://www.diningcode.com/profile.php?rid=ppXUQAP16w1V,"카페, 에그타르트"
70,カフェ/Cafe,ヘイドグリーン プチョン,Heideo Green Bucheon,헤이더그린 부천,ドッグカフェ,Dog Cafe,ドッグカフェ,Dog Cafe,店内OK / Indoors OK,あり/Yes,,,,オスェドン,Osoe-dong,江西区,Gangseo-gu,서울특별시 강서구 대장로 58,,https://www.instagram.com/hey_the_green/,,37.542469,126.7942684,店舗単位,3.9,6,一般飲食店,https://www.google.com/maps/search/?api=1&query=37.542469%2C126.7942684,https://map.naver.com/p/search/%ED%97%A4%EC%9D%B4%EB%8D%94%EA%B7%B8%EB%A6%B0%20%EB%B6%80%EC%B2%9C%20%EC%84%9C%EC%9A%B8%ED%8A%B9%EB%B3%84%EC%8B%9C%20%EA%B0%95%EC%84%9C%EA%B5%AC%20%EB%8C%80%EC%9E%A5%EB%A1%9C%2058,https://www.diningcode.com/profile.php?rid=DyzirTQ7I6B4,애견카페
71,ごはん/Meal,ッカチジプ ッカチサニョクボンジョム,Kkachijip Kkachisanyeokbonjeom,까치집 까치산역본점,韓国料理,Korean,居酒屋・モダン韓国料理,"Bar, Modern Korean",店内OK / Indoors OK,なし/No,ッカチサン（山）,Kkachisan,390,ファゴクドン,Hwagok-dong,江西区,Gangseo-gu,서울특별시 강서구 강서로5나길 16 1층,02-2138-2538,https://www.instagram.com/kkachijip/,,37.5287104,126.8474408,店舗単位,4.5,1,一般飲食店,https://www.google.com/maps/search/?api=1&query=37.5287104%2C126.8474408,https://map.naver.com/p/search/%EA%B9%8C%EC%B9%98%EC%A7%91%20%EA%B9%8C%EC%B9%98%EC%82%B0%EC%97%AD%EB%B3%B8%EC%A0%90%20%EC%84%9C%EC%9A%B8%ED%8A%B9%EB%B3%84%EC%8B%9C%20%EA%B0%95%EC%84%9C%EA%B5%AC%20%EA%B0%95%EC%84%9C%EB%A1%9C5%EB%82%98%EA%B8%B8%2016%201%EC%B8%B5,https://www.diningcode.com/profile.php?rid=B3Bbh1cx5iDf,"술집, 퓨전한식"
72,カフェ/Cafe,シムプルメト コーヒー ロースターズ SIMPLE MATTER,Simpeulmaeteo Coffee Roasters SIMPLE MATTER,심플매터 커피 로스터스 SIMPLE MATTER,コーヒー専門,Specialty Coffee,,,店内OK / Indoors OK,なし/No,ッカチサン（山）,Kkachisan,410,ファゴクドン,Hwagok-dong,江西区,Gangseo-gu,서울특별시 강서구 강서로7길 31,,,,37.5292593,126.8435368,通り単位,,0,一般飲食店,https://www.google.com/maps/search/?api=1&query=37.5292593%2C126.8435368,https://map.naver.com/p/search/%EC%8B%AC%ED%94%8C%EB%A7%A4%ED%84%B0%20%EC%BB%A4%ED%94%BC%20%EB%A1%9C%EC%8A%A4%ED%84%B0%EC%8A%A4%20SIMPLE%20MATTER%20%EC%84%9C%EC%9A%B8%ED%8A%B9%EB%B3%84%EC%8B%9C%20%EA%B0%95%EC%84%9C%EA%B5%AC%20%EA%B0%95%EC%84%9C%EB%A1%9C7%EA%B8%B8%2031,,
73,ごはん/Meal,ウォニリャンニョムダクバル カンソグチョン,Woniryangnyeomdakbal Gangseogucheong,원일양념닭발 강서구청,チキン,Fried Chicken,鶏足・熟成バーベキュー,"Chicken Feet, Aged BBQ",店内OK / Indoors OK,なし/No,カヤン（加陽）,Gayang,990,ファゴクドン,Hwagok-dong,江西区,Gangseo-gu,서울특별시 강서구 화곡로58길 22-8 계단1층 원일닭발,0503-7153-4604,,,37.5526081,126.8518186,店舗単位,,0,一般飲食店,https://www.google.com/maps/search/?api=1&query=37.5526081%2C126.8518186,https://map.naver.com/p/search/%EC%9B%90%EC%9D%BC%EC%96%91%EB%85%90%EB%8B%AD%EB%B0%9C%20%EA%B0%95%EC%84%9C%EA%B5%AC%EC%B2%AD%20%EC%84%9C%EC%9A%B8%ED%8A%B9%EB%B3%84%EC%8B%9C%20%EA%B0%95%EC%84%9C%EA%B5%AC%20%ED%99%94%EA%B3%A1%EB%A1%9C58%EA%B8%B8%2022-8%20%EA%B3%84%EB%8B%A81%EC%B8%B5%20%EC%9B%90%EC%9D%BC%EB%8B%AD%EB%B0%9C,https://www.diningcode.com/profile.php?rid=5urhEgyazQvQ,"닭발, 숙성바베큐"
74,カフェ/Cafe,イルドコーヒー ファゴクドン,Ildo Coffee Hwagokdong,일도커피 화곡동,コーヒー専門,Specialty Coffee,コーヒー・カフェ,"Coffee, Cafe",店内OK / Indoors OK,あり/Yes,ファゴク（禾谷）,Hwagok,420,ファゴクドン,Hwagok-dong,江西区,Gangseo-gu,서울특별시 강서구 강서로 210 101호 일도커피,0502-5552-4080,https://www.instagram.com/ildo_coffee,,37.5447494,126.8376587,店舗単位,4.4,3,軽飲食店,https://www.google.com/maps/search/?api=1&query=37.5447494%2C126.8376587,https://map.naver.com/p/search/%EC%9D%BC%EB%8F%84%EC%BB%A4%ED%94%BC%20%ED%99%94%EA%B3%A1%EB%8F%99%20%EC%84%9C%EC%9A%B8%ED%8A%B9%EB%B3%84%EC%8B%9C%20%EA%B0%95%EC%84%9C%EA%B5%AC%20%EA%B0%95%EC%84%9C%EB%A1%9C%20210%20101%ED%98%B8%20%EC%9D%BC%EB%8F%84%EC%BB%A4%ED%94%BC,https://www.diningcode.com/profile.php?rid=rbB0H3gItrcE,"커피, 카페"
75,ごはん/Meal,カフェ チソト ッカチサニョク,Cafe Tisoteu Kkachisanyeok,카페 티소트 까치산역,サンドイッチ・サラダ,Sandwich & Salad,カフェ・サンドイッチ,"Cafe, Sandwich",店内OK / Indoors OK,なし/No,ッカチサン（山）,Kkachisan,120,ファゴクドン,Hwagok-dong,江西区,Gangseo-gu,서울특별시 강서구 강서로12길 15 1층,070-8287-1154,,,37.5317124,126.8477993,店舗単位,5,2,軽飲食店,https://www.google.com/maps/search/?api=1&query=37.5317124%2C126.8477993,https://map.naver.com/p/search/%EC%B9%B4%ED%8E%98%20%ED%8B%B0%EC%86%8C%ED%8A%B8%20%EA%B9%8C%EC%B9%98%EC%82%B0%EC%97%AD%20%EC%84%9C%EC%9A%B8%ED%8A%B9%EB%B3%84%EC%8B%9C%20%EA%B0%95%EC%84%9C%EA%B5%AC%20%EA%B0%95%EC%84%9C%EB%A1%9C12%EA%B8%B8%2015%201%EC%B8%B5,https://www.diningcode.com/profile.php?rid=sbhU99ES4YnJ,"카페, 샌드위치"
76,カフェ/Cafe,クリームピム ファゴクドン,Cream Beam,크림빔 화곡동,スイーツ,Sweets,クロッフル・ドバイ風,"Croffle, Dubai Style",店内OK / Indoors OK,なし/No,ッカチサン（山）,Kkachisan,620,ファゴクドン,Hwagok-dong,江西区,Gangseo-gu,서울특별시 강서구 강서로15길 119 1층 크림빔,02-6951-0312,https://www.instagram.com/creambeam_official?igsh=MW4zb290MTZpMjE0ZA==,,37.5318836,126.8394481,店舗単位,5,1,一般飲食店,https://www.google.com/maps/search/?api=1&query=37.5318836%2C126.8394481,https://map.naver.com/p/search/%ED%81%AC%EB%A6%BC%EB%B9%94%20%ED%99%94%EA%B3%A1%EB%8F%99%20%EC%84%9C%EC%9A%B8%ED%8A%B9%EB%B3%84%EC%8B%9C%20%EA%B0%95%EC%84%9C%EA%B5%AC%20%EA%B0%95%EC%84%9C%EB%A1%9C15%EA%B8%B8%20119%201%EC%B8%B5%20%ED%81%AC%EB%A6%BC%EB%B9%94,https://www.diningcode.com/profile.php?rid=1yAyZPZXXWmW,"크로플, 두바이"
77,カフェ/Cafe,メクルロ コーヒー ソウルデイプグヨク,Mekeulreo Coffee Seouldaeipguyeok,메클러 커피 서울대입구역,コーヒー専門,Specialty Coffee,コーヒー・カフェ,"Coffee, Cafe",店内OK / Indoors OK,あり/Yes,ソウルデイプグ（大入口）,Seoul Nat'l Univ.,170,ポンチョンドン,Bongcheon-dong,冠岳区,Gwanak-gu,서울특별시 관악구 봉천로49길 6 1층,0502-5551-9790,https://www.instagram.com/mekle.coffee,,37.4826809,126.9519975,店舗単位,5,1,一般飲食店,https://www.google.com/maps/search/?api=1&query=37.4826809%2C126.9519975,https://map.naver.com/p/search/%EB%A9%94%ED%81%B4%EB%9F%AC%20%EC%BB%A4%ED%94%BC%20%EC%84%9C%EC%9A%B8%EB%8C%80%EC%9E%85%EA%B5%AC%EC%97%AD%20%EC%84%9C%EC%9A%B8%ED%8A%B9%EB%B3%84%EC%8B%9C%20%EA%B4%80%EC%95%85%EA%B5%AC%20%EB%B4%89%EC%B2%9C%EB%A1%9C49%EA%B8%B8%206%201%EC%B8%B5,https://www.diningcode.com/profile.php?rid=lpWgBCPVLsSX,"커피, 카페"
78,ごはん/Meal,ピエンド ソウルデイプグヨク,B&D,비엔드 서울대입구역,サンドイッチ・サラダ,Sandwich & Salad,カフェ・サンド,"Cafe, Sando",店内OK / Indoors OK,なし/No,ソウルデイプグ（大入口）,Seoul Nat'l Univ.,570,ポンチョンドン,Bongcheon-dong,冠岳区,Gwanak-gu,서울특별시 관악구 은천로 177 1층 102호,,https://www.instagram.com/bnd.coffee/,,37.4860008,126.9549505,店舗単位,,0,軽飲食店,https://www.google.com/maps/search/?api=1&query=37.4860008%2C126.9549505,https://map.naver.com/p/search/%EB%B9%84%EC%97%94%EB%93%9C%20%EC%84%9C%EC%9A%B8%EB%8C%80%EC%9E%85%EA%B5%AC%EC%97%AD%20%EC%84%9C%EC%9A%B8%ED%8A%B9%EB%B3%84%EC%8B%9C%20%EA%B4%80%EC%95%85%EA%B5%AC%20%EC%9D%80%EC%B2%9C%EB%A1%9C%20177%201%EC%B8%B5%20102%ED%98%B8,https://www.diningcode.com/profile.php?rid=YuwQrjP48RMz,"카페, 산도"
79,カフェ/Cafe,スプリングモーメント ナクソンデ,Spring moment,스프링모먼트 낙성대,スイーツ,Sweets,カフェ・フィナンシェ,"Cafe, Financier",店内OK / Indoors OK,なし/No,ナクソンデ（落星垈）,Nakseongdae,170,ポンチョンドン,Bongcheon-dong,冠岳区,Gwanak-gu,서울특별시 관악구 낙성대역3길 24 1층 102호,0502-5552-6362,https://www.instagram.com/__springmoment,,37.4756776,126.9627526,店舗単位,,0,一般飲食店,https://www.google.com/maps/search/?api=1&query=37.4756776%2C126.9627526,https://map.naver.com/p/search/%EC%8A%A4%ED%94%84%EB%A7%81%EB%AA%A8%EB%A8%BC%ED%8A%B8%20%EB%82%99%EC%84%B1%EB%8C%80%20%EC%84%9C%EC%9A%B8%ED%8A%B9%EB%B3%84%EC%8B%9C%20%EA%B4%80%EC%95%85%EA%B5%AC%20%EB%82%99%EC%84%B1%EB%8C%80%EC%97%AD3%EA%B8%B8%2024%201%EC%B8%B5%20102%ED%98%B8,https://www.diningcode.com/profile.php?rid=LQxIOZtZ7nTX,"카페, 휘낭시에"
80,カフェ/Cafe,エルヂ シャロスギル,errd,에르디 샤로수길,コーヒー専門,Specialty Coffee,カフェ・コーヒー,"Cafe, Coffee",店内OK / Indoors OK,あり/Yes,ナクソンデ（落星垈）,Nakseongdae,440,ポンチョンドン,Bongcheon-dong,冠岳区,Gwanak-gu,서울특별시 관악구 관악로12길 113 대원빌딩 1층 에르디 카페,0507-1336-6851,https://www.instagram.com/errd.seoul/,,37.4773802,126.9585018,店舗単位,4.6,8,一般飲食店,https://www.google.com/maps/search/?api=1&query=37.4773802%2C126.9585018,https://map.naver.com/p/search/%EC%97%90%EB%A5%B4%EB%94%94%20%EC%83%A4%EB%A1%9C%EC%88%98%EA%B8%B8%20%EC%84%9C%EC%9A%B8%ED%8A%B9%EB%B3%84%EC%8B%9C%20%EA%B4%80%EC%95%85%EA%B5%AC%20%EA%B4%80%EC%95%85%EB%A1%9C12%EA%B8%B8%20113%20%EB%8C%80%EC%9B%90%EB%B9%8C%EB%94%A9%201%EC%B8%B5%20%EC%97%90%EB%A5%B4%EB%94%94%20%EC%B9%B4%ED%8E%98,https://www.diningcode.com/profile.php?rid=hQeGMszVJl0R,"카페, 커피"
81,ごはん/Meal,オクゴジプ ナクソンデ,Okgojip Nakseongdae,옥고집 낙성대,焼肉,Korean BBQ,焼肉・ルーフトップ,"Korean BBQ, Rooftop",店内OK / Indoors OK,あり/Yes,ナクソンデ（落星垈）,Nakseongdae,370,ポンチョンドン,Bongcheon-dong,冠岳区,Gwanak-gu,서울특별시 관악구 인헌길 14 5층,,,,37.4749874,126.9667008,店舗単位,5,2,一般飲食店,https://www.google.com/maps/search/?api=1&query=37.4749874%2C126.9667008,https://map.naver.com/p/search/%EC%98%A5%EA%B3%A0%EC%A7%91%20%EB%82%99%EC%84%B1%EB%8C%80%20%EC%84%9C%EC%9A%B8%ED%8A%B9%EB%B3%84%EC%8B%9C%20%EA%B4%80%EC%95%85%EA%B5%AC%20%EC%9D%B8%ED%97%8C%EA%B8%B8%2014%205%EC%B8%B5,https://www.diningcode.com/profile.php?rid=6IqxNBb1ZAJm,"고기집, 루프탑"
82,カフェ/Cafe,コンパタテ シャロスギル,Konpatate Syarosugil,콘파타테 샤로수길,カフェ,Cafe,カフェ・じゃがいも,"Cafe, Potato",店内OK / Indoors OK,なし/No,ソウルデイプグ（大入口）,Seoul Nat'l Univ.,530,ポンチョンドン,Bongcheon-dong,冠岳区,Gwanak-gu,서울특별시 관악구 관악로12길 72 지층 1호,,https://www.instagram.com/Conpatate.seoul,,37.4773916,126.956283,店舗単位,4,1,軽飲食店,https://www.google.com/maps/search/?api=1&query=37.4773916%2C126.956283,https://map.naver.com/p/search/%EC%BD%98%ED%8C%8C%ED%83%80%ED%85%8C%20%EC%83%A4%EB%A1%9C%EC%88%98%EA%B8%B8%20%EC%84%9C%EC%9A%B8%ED%8A%B9%EB%B3%84%EC%8B%9C%20%EA%B4%80%EC%95%85%EA%B5%AC%20%EA%B4%80%EC%95%85%EB%A1%9C12%EA%B8%B8%2072%20%EC%A7%80%EC%B8%B5%201%ED%98%B8,https://www.diningcode.com/profile.php?rid=8RQeFoHG8uRI,"카페, 감자"
83,カフェ/Cafe,トゥチチ シャロスギル,Tuchichi Syarosugil,투치치 샤로수길,スイーツ,Sweets,デザート・デザートカフェ,"Dessert, Dessert Cafe",店内OK / Indoors OK,なし/No,ソウルデイプグ（大入口）,Seoul Nat'l Univ.,280,ポンチョンドン,Bongcheon-dong,冠岳区,Gwanak-gu,서울특별시 관악구 관악로14길 30 1층,0507-1347-5833,,https://www.tuccicci.com/,37.4789485,126.9541813,店舗単位,,0,一般飲食店,https://www.google.com/maps/search/?api=1&query=37.4789485%2C126.9541813,https://map.naver.com/p/search/%ED%88%AC%EC%B9%98%EC%B9%98%20%EC%83%A4%EB%A1%9C%EC%88%98%EA%B8%B8%20%EC%84%9C%EC%9A%B8%ED%8A%B9%EB%B3%84%EC%8B%9C%20%EA%B4%80%EC%95%85%EA%B5%AC%20%EA%B4%80%EC%95%85%EB%A1%9C14%EA%B8%B8%2030%201%EC%B8%B5,https://www.diningcode.com/profile.php?rid=JF6KJ1JLzHu0,"디저트, 디저트카페"
84,カフェ/Cafe,トレム ソウル シャロスギル,Trem Seoul,트램 서울 샤로수길,スイーツ,Sweets,カフェ・テリーヌ,"Cafe, Terrine",店内OK / Indoors OK,あり/Yes,ソウルデイプグ（大入口）,Seoul Nat'l Univ.,250,ポンチョンドン,Bongcheon-dong,冠岳区,Gwanak-gu,서울특별시 관악구 남부순환로226길 23-10 1층 101호,02-882-6350,https://www.instagram.com/trem_seoul,,37.4793925,126.9543062,店舗単位,4.6,16,一般飲食店,https://www.google.com/maps/search/?api=1&query=37.4793925%2C126.9543062,https://map.naver.com/p/search/%ED%8A%B8%EB%9E%A8%20%EC%84%9C%EC%9A%B8%20%EC%83%A4%EB%A1%9C%EC%88%98%EA%B8%B8%20%EC%84%9C%EC%9A%B8%ED%8A%B9%EB%B3%84%EC%8B%9C%20%EA%B4%80%EC%95%85%EA%B5%AC%20%EB%82%A8%EB%B6%80%EC%88%9C%ED%99%98%EB%A1%9C226%EA%B8%B8%2023-10%201%EC%B8%B5%20101%ED%98%B8,https://www.diningcode.com/profile.php?rid=sn0Zc5HIJgoo,"카페, 테린느"
85,カフェ/Cafe,ENOLA TON COFFEE シンデバンヨク,ENOLA TON COFFEE Sindaebangyeok,ENOLA TON COFFEE 신대방역,コーヒー専門,Specialty Coffee,コーヒー・カフェ,"Coffee, Cafe",店内OK / Indoors OK,あり/Yes,シンデバン（新大方）,Sindaebang,130,シンリムドン,Sinrim-dong,冠岳区,Gwanak-gu,서울특별시 관악구 신사로 114 1층,010-2362-1071,http://www.instagram.com/enola_ton_coffee,,37.4877777,126.9148276,店舗単位,4,1,一般飲食店,https://www.google.com/maps/search/?api=1&query=37.4877777%2C126.9148276,https://map.naver.com/p/search/ENOLA%20TON%20COFFEE%20%EC%8B%A0%EB%8C%80%EB%B0%A9%EC%97%AD%20%EC%84%9C%EC%9A%B8%ED%8A%B9%EB%B3%84%EC%8B%9C%20%EA%B4%80%EC%95%85%EA%B5%AC%20%EC%8B%A0%EC%82%AC%EB%A1%9C%20114%201%EC%B8%B5,https://www.diningcode.com/profile.php?rid=jLKRj7jJ6ohc,"커피, 카페"
86,カフェ/Cafe,cafe ACC,cafe ACC,cafe ACC,カフェ・軽食,Cafe & Snacks,,,店内OK / Indoors OK,なし/No,,,,シンリムドン,Sinrim-dong,冠岳区,Gwanak-gu,서울특별시 관악구 호암로20길 17,,,,37.4673819,126.9344159,通り単位,,0,軽飲食店,https://www.google.com/maps/search/?api=1&query=37.4673819%2C126.9344159,https://map.naver.com/p/search/cafe%20ACC%20%EC%84%9C%EC%9A%B8%ED%8A%B9%EB%B3%84%EC%8B%9C%20%EA%B4%80%EC%95%85%EA%B5%AC%20%ED%98%B8%EC%95%94%EB%A1%9C20%EA%B8%B8%2017,,
87,ごはん/Meal,ミニモモルデイ シンデバンヨク,Minimeomoldei Sindaebangyeok,미니멈올데이 신대방역,ブランチ,Brunch,ブランチ,Brunch,店内OK / Indoors OK,なし/No,シンデバン（新大方）,Sindaebang,370,シンリムドン,Sinrim-dong,冠岳区,Gwanak-gu,서울특별시 관악구 남부순환로153길 56 1층,0502-5551-5587,https://instagram.com/minimum_all_day,,37.4847014,126.915555,店舗単位,,0,一般飲食店,https://www.google.com/maps/search/?api=1&query=37.4847014%2C126.915555,https://map.naver.com/p/search/%EB%AF%B8%EB%8B%88%EB%A9%88%EC%98%AC%EB%8D%B0%EC%9D%B4%20%EC%8B%A0%EB%8C%80%EB%B0%A9%EC%97%AD%20%EC%84%9C%EC%9A%B8%ED%8A%B9%EB%B3%84%EC%8B%9C%20%EA%B4%80%EC%95%85%EA%B5%AC%20%EB%82%A8%EB%B6%80%EC%88%9C%ED%99%98%EB%A1%9C153%EA%B8%B8%2056%201%EC%B8%B5,https://www.diningcode.com/profile.php?rid=TanJrIZ0wZ57,브런치
88,ごはん/Meal,シンリミャンミョンソ,Sinrimyangmyeonso,신림양면소,イタリアン,Italian,モダン韓国料理・パスタ,"Modern Korean, Pasta",店内OK / Indoors OK,なし/No,シンリム（新林）,Sillim,510,シンリムドン,Sinrim-dong,冠岳区,Gwanak-gu,서울특별시 관악구 신림로 387 2층 1호,,https://www.instagram.com/yangmyeonso,,37.4886601,126.9280791,店舗単位,4.8,14,一般飲食店,https://www.google.com/maps/search/?api=1&query=37.4886601%2C126.9280791,https://map.naver.com/p/search/%EC%8B%A0%EB%A6%BC%EC%96%91%EB%A9%B4%EC%86%8C%20%EC%84%9C%EC%9A%B8%ED%8A%B9%EB%B3%84%EC%8B%9C%20%EA%B4%80%EC%95%85%EA%B5%AC%20%EC%8B%A0%EB%A6%BC%EB%A1%9C%20387%202%EC%B8%B5%201%ED%98%B8,https://www.diningcode.com/profile.php?rid=xl2XySSKJEZh,"퓨전한식, 파스타"
89,カフェ/Cafe,イントゥコーヒー,Intu Coffee,인투커피,コーヒー専門,Specialty Coffee,カフェ・アメリカーノ,"Cafe, Americano",店内OK / Indoors OK,あり/Yes,シンデバン（新大方）,Sindaebang,440,シンリムドン,Sinrim-dong,冠岳区,Gwanak-gu,서울특별시 관악구 난곡로 331 1층,02-6083-1170,https://www.instagram.com/into_coffee,,37.4836381,126.9139963,店舗単位,4.6,11,一般飲食店,https://www.google.com/maps/search/?api=1&query=37.4836381%2C126.9139963,https://map.naver.com/p/search/%EC%9D%B8%ED%88%AC%EC%BB%A4%ED%94%BC%20%EC%84%9C%EC%9A%B8%ED%8A%B9%EB%B3%84%EC%8B%9C%20%EA%B4%80%EC%95%85%EA%B5%AC%20%EB%82%9C%EA%B3%A1%EB%A1%9C%20331%201%EC%B8%B5,https://www.diningcode.com/profile.php?rid=93A0Y1iNqKhP,"카페, 아메리카노"
90,ごはん/Meal,ポグピザハウス シンリムジョム,Peogeu Pizza House Sinrimjeom,퍼그피자하우스 신림점,ピザ,Pizza,ピザ,"Pizza, Pizzeria",店内OK / Indoors OK,なし/No,シンリム（新林）,Sillim,270,シンリムドン,Sinrim-dong,冠岳区,Gwanak-gu,서울특별시 관악구 신림로 363 지상층,0507-1302-3657,,"https://map.naver.com/p/entry/place/2056451281?lng=126.9289676&lat=37.4865633&placePath=/home?from=map&fromPanelNum=1&additionalHeight=76&timestamp=202603261539&locale=ko&svcName=map_pcv5&searchType=place&c=15.00,0,0,0,dh",37.4865633,126.9289676,店舗単位,4.9,7,一般飲食店,https://www.google.com/maps/search/?api=1&query=37.4865633%2C126.9289676,https://map.naver.com/p/search/%ED%8D%BC%EA%B7%B8%ED%94%BC%EC%9E%90%ED%95%98%EC%9A%B0%EC%8A%A4%20%EC%8B%A0%EB%A6%BC%EC%A0%90%20%EC%84%9C%EC%9A%B8%ED%8A%B9%EB%B3%84%EC%8B%9C%20%EA%B4%80%EC%95%85%EA%B5%AC%20%EC%8B%A0%EB%A6%BC%EB%A1%9C%20363%20%EC%A7%80%EC%83%81%EC%B8%B5,https://www.diningcode.com/profile.php?rid=o60cRiEzWQIx,"피자, 피자집"
91,カフェ/Cafe,ポポ アーカイブ シンリム,POPO archive,포포 아카이브 신림,カフェ,Cafe,アメリカーノ・カフェラテ,"Americano, Cafe Latte",店内OK / Indoors OK,なし/No,ポンチョン（奉天）,Bongcheon,790,シンリムドン,Sinrim-dong,冠岳区,Gwanak-gu,서울특별시 관악구 신림로36길 10 1층,,,,37.4759951,126.9380372,店舗単位,,0,軽飲食店,https://www.google.com/maps/search/?api=1&query=37.4759951%2C126.9380372,https://map.naver.com/p/search/%ED%8F%AC%ED%8F%AC%20%EC%95%84%EC%B9%B4%EC%9D%B4%EB%B8%8C%20%EC%8B%A0%EB%A6%BC%20%EC%84%9C%EC%9A%B8%ED%8A%B9%EB%B3%84%EC%8B%9C%20%EA%B4%80%EC%95%85%EA%B5%AC%20%EC%8B%A0%EB%A6%BC%EB%A1%9C36%EA%B8%B8%2010%201%EC%B8%B5,https://www.diningcode.com/profile.php?rid=UOlAcRgKubJb,"아메리카노, 카페라떼"
92,カフェ/Cafe,フフラウンジ ソウルデベンチョタウンヨクジョム,Huhu Lounge Seouldaebencheo Town Yeokjeom,후후라운지 서울대벤처타운역점,スイーツ,Sweets,カフェ・ケーキ,"Cafe, Cake",店内OK / Indoors OK,なし/No,ポンチョン（奉天）,Bongcheon,1500,シンリムドン,Sinrim-dong,冠岳区,Gwanak-gu,서울특별시 관악구 호암로26가길 8 1층 후후라운지 2호점,070-8838-0564,,https://www.huhulounge.com,37.4704844,126.9339481,店舗単位,,0,一般飲食店,https://www.google.com/maps/search/?api=1&query=37.4704844%2C126.9339481,https://map.naver.com/p/search/%ED%9B%84%ED%9B%84%EB%9D%BC%EC%9A%B4%EC%A7%80%20%EC%84%9C%EC%9A%B8%EB%8C%80%EB%B2%A4%EC%B2%98%ED%83%80%EC%9A%B4%EC%97%AD%EC%A0%90%20%EC%84%9C%EC%9A%B8%ED%8A%B9%EB%B3%84%EC%8B%9C%20%EA%B4%80%EC%95%85%EA%B5%AC%20%ED%98%B8%EC%95%94%EB%A1%9C26%EA%B0%80%EA%B8%B8%208%201%EC%B8%B5%20%ED%9B%84%ED%9B%84%EB%9D%BC%EC%9A%B4%EC%A7%80%202%ED%98%B8%EC%A0%90,https://www.diningcode.com/profile.php?rid=xLw2N7ii0E1R,"카페, 케이크"
93,カフェ/Cafe,"？コーヒー,MOCC","？ Coffee ,MOCC","？커피,MOCC",コーヒー専門,Specialty Coffee,,,店内OK / Indoors OK,なし/No,,,,シンリムドン,Sinrim-dong,冠岳区,Gwanak-gu,서울특별시 관악구 미성길 7,,,,37.4738135,126.9132145,通り単位,,0,軽飲食店,https://www.google.com/maps/search/?api=1&query=37.4738135%2C126.9132145,https://map.naver.com/p/search/%EF%BC%9F%EC%BB%A4%ED%94%BC%2CMOCC%20%EC%84%9C%EC%9A%B8%ED%8A%B9%EB%B3%84%EC%8B%9C%20%EA%B4%80%EC%95%85%EA%B5%AC%20%EB%AF%B8%EC%84%B1%EA%B8%B8%207,,
94,ごはん/Meal,グレベル,Geurebereu Guuidong,그레베르 구의동,イタリアン,Italian,パスタ・ピザ,"Pasta, Pizza",店内OK / Indoors OK,なし/No,カンビョン（江辺）,Gangbyeon,800,広壮洞（クァンジャンドン）,Gwangjang-dong,広津区,Gwangjin-gu,서울특별시 광진구 광나루로 595 상가동 1층 그레베르,02-455-1223,https://www.instagram.com/gre_vert,,37.5422785,127.0950313,店舗単位,3.6,5,一般飲食店,https://www.google.com/maps/search/?api=1&query=37.5422785%2C127.0950313,https://map.naver.com/p/search/%EA%B7%B8%EB%A0%88%EB%B2%A0%EB%A5%B4%20%EA%B5%AC%EC%9D%98%EB%8F%99%20%EC%84%9C%EC%9A%B8%ED%8A%B9%EB%B3%84%EC%8B%9C%20%EA%B4%91%EC%A7%84%EA%B5%AC%20%EA%B4%91%EB%82%98%EB%A3%A8%EB%A1%9C%20595%20%EC%83%81%EA%B0%80%EB%8F%99%201%EC%B8%B5%20%EA%B7%B8%EB%A0%88%EB%B2%A0%EB%A5%B4,https://www.diningcode.com/profile.php?rid=rD6BAb8a1KoJ,"파스타, 피자"
95,カフェ/Cafe,ポトロムブチク クァンジャンジョム,Beoteoreombutikeu Gwangjangjeom,버터럼부티크 광장점,カフェ,Cafe,カフェ・カイマク,"Cafe, Kaymak",店内OK / Indoors OK,なし/No,クァンナル,Gwangnaru,410,クァンジャンドン,Gwangjang-dong,広津区,Gwangjin-gu,서울특별시 광진구 아차산로76길 28 1~2층,,,,37.5470923,127.1076563,店舗単位,,0,一般飲食店,https://www.google.com/maps/search/?api=1&query=37.5470923%2C127.1076563,https://map.naver.com/p/search/%EB%B2%84%ED%84%B0%EB%9F%BC%EB%B6%80%ED%8B%B0%ED%81%AC%20%EA%B4%91%EC%9E%A5%EC%A0%90%20%EC%84%9C%EC%9A%B8%ED%8A%B9%EB%B3%84%EC%8B%9C%20%EA%B4%91%EC%A7%84%EA%B5%AC%20%EC%95%84%EC%B0%A8%EC%82%B0%EB%A1%9C76%EA%B8%B8%2028%201~2%EC%B8%B5,https://www.diningcode.com/profile.php?rid=LlBbv6wVF1Xn,"카페, 카이막"
96,カフェ/Cafe,ウィアコーヒーカンパニー クァンジャンドン,Wia Coffee Company Gwangjangdong,위아커피컴퍼니 광장동,コーヒー専門,Specialty Coffee,カフェ・くるみ饅頭,"Cafe, Walnut Cake",店内OK / Indoors OK,なし/No,クァンナル,Gwangnaru,850,クァンジャンドン,Gwangjang-dong,広津区,Gwangjin-gu,서울특별시 광진구 아차산로78길 44,02-457-6580,,https://smartstore.naver.com/wercoffee,37.5508692,127.1101115,店舗単位,5,1,軽飲食店,https://www.google.com/maps/search/?api=1&query=37.5508692%2C127.1101115,https://map.naver.com/p/search/%EC%9C%84%EC%95%84%EC%BB%A4%ED%94%BC%EC%BB%B4%ED%8D%BC%EB%8B%88%20%EA%B4%91%EC%9E%A5%EB%8F%99%20%EC%84%9C%EC%9A%B8%ED%8A%B9%EB%B3%84%EC%8B%9C%20%EA%B4%91%EC%A7%84%EA%B5%AC%20%EC%95%84%EC%B0%A8%EC%82%B0%EB%A1%9C78%EA%B8%B8%2044,https://www.diningcode.com/profile.php?rid=DcahShriuKqu,"카페, 호두과자"
97,カフェ/Cafe,クリームベーグル,Cream Bagel,크림베이글,ベーカリー,Bakery,ベーグル・クリームベーグル,"Bagel, Cream Bagel",店内OK / Indoors OK,あり/Yes,クァンナル,Gwangnaru,390,クァンジャンドン,Gwangjang-dong,広津区,Gwangjin-gu,서울특별시 광진구 아차산로76길 34 1층,010-9278-2967,https://www.instagram.com/creambagel2022/,,37.5468385,127.1075206,店舗単位,4.5,10,一般飲食店,https://www.google.com/maps/search/?api=1&query=37.5468385%2C127.1075206,https://map.naver.com/p/search/%ED%81%AC%EB%A6%BC%EB%B2%A0%EC%9D%B4%EA%B8%80%20%EC%84%9C%EC%9A%B8%ED%8A%B9%EB%B3%84%EC%8B%9C%20%EA%B4%91%EC%A7%84%EA%B5%AC%20%EC%95%84%EC%B0%A8%EC%82%B0%EB%A1%9C76%EA%B8%B8%2034%201%EC%B8%B5,https://www.diningcode.com/profile.php?rid=OZEPgVCy7KGq,"베이글, 크림베이글"
98,ごはん/Meal,パルォル・チャンチナル,Parwoljanchitnal Gwangjangdong,팔월잔칫날 광장동,焼肉,Korean BBQ,サムギョプサル（豚焼肉）,"Samgyeopsal, Pork",店内OK / Indoors OK,なし/No,クァンナル,Gwangnaru,470,広壮洞（クァンジャンドン）,Gwangjang-dong,広津区,Gwangjin-gu,서울특별시 광진구 아차산로76길 5 1층,010-5083-8798,https://www.instagram.com/8august_2016,,37.5479534,127.1076413,店舗単位,3.8,7,一般飲食店,https://www.google.com/maps/search/?api=1&query=37.5479534%2C127.1076413,https://map.naver.com/p/search/%ED%8C%94%EC%9B%94%EC%9E%94%EC%B9%AB%EB%82%A0%20%EA%B4%91%EC%9E%A5%EB%8F%99%20%EC%84%9C%EC%9A%B8%ED%8A%B9%EB%B3%84%EC%8B%9C%20%EA%B4%91%EC%A7%84%EA%B5%AC%20%EC%95%84%EC%B0%A8%EC%82%B0%EB%A1%9C76%EA%B8%B8%205%201%EC%B8%B5,https://www.diningcode.com/profile.php?rid=CYR90QgK1gUw,"삼겹살, 돼지고기"
99,ごはん/Meal,スキプ クウィドン,SKIPPP,스킵 구의동,ブランチ,Brunch,ブランチ,Brunch,店内OK / Indoors OK,なし/No,カンビョン（江辺）,Gangbyeon,650,クウィドン,Guui-dong,広津区,Gwangjin-gu,서울특별시 광진구 아차산로65길 14 1층,,,,37.5409715,127.0940731,店舗単位,,0,一般飲食店,https://www.google.com/maps/search/?api=1&query=37.5409715%2C127.0940731,https://map.naver.com/p/search/%EC%8A%A4%ED%82%B5%20%EA%B5%AC%EC%9D%98%EB%8F%99%20%EC%84%9C%EC%9A%B8%ED%8A%B9%EB%B3%84%EC%8B%9C%20%EA%B4%91%EC%A7%84%EA%B5%AC%20%EC%95%84%EC%B0%A8%EC%82%B0%EB%A1%9C65%EA%B8%B8%2014%201%EC%B8%B5,https://www.diningcode.com/profile.php?rid=ksaH464pBfvx,브런치
100,カフェ/Cafe,ステレオコーヒー,Seutereo Coffee,스테레오커피,コーヒー専門,Specialty Coffee,,,店内OK / Indoors OK,なし/No,カンビョン（江辺）,Gangbyeon,210,クウィドン,Guui-dong,広津区,Gwangjin-gu,서울특별시 광진구 구의강변로 64,,https://www.instagram.com/stereocoffee_seoul/,,37.5360881,127.0927194,建物単位,,0,一般飲食店,https://www.google.com/maps/search/?api=1&query=37.5360881%2C127.0927194,https://map.naver.com/p/search/%EC%8A%A4%ED%85%8C%EB%A0%88%EC%98%A4%EC%BB%A4%ED%94%BC%20%EC%84%9C%EC%9A%B8%ED%8A%B9%EB%B3%84%EC%8B%9C%20%EA%B4%91%EC%A7%84%EA%B5%AC%20%EA%B5%AC%EC%9D%98%EA%B0%95%EB%B3%80%EB%A1%9C%2064,,
101,ごはん/Meal,ウォンジョハラボジソンドゥブ,Wonjoharabeojisondubu,원조할아버지손두부,バー・居酒屋,Bar & Pub,豆腐・マッコリ,"Tofu, Makgeolli",店内OK / Indoors OK,なし/No,アチャサン（峨嵯山）,Achasan,470,クウィドン,Guui-dong,広津区,Gwangjin-gu,서울특별시 광진구 자양로 324,02-447-6540,,,37.5541006,127.0941681,店舗単位,4.6,74,一般飲食店,https://www.google.com/maps/search/?api=1&query=37.5541006%2C127.0941681,https://map.naver.com/p/search/%EC%9B%90%EC%A1%B0%ED%95%A0%EC%95%84%EB%B2%84%EC%A7%80%EC%86%90%EB%91%90%EB%B6%80%20%EC%84%9C%EC%9A%B8%ED%8A%B9%EB%B3%84%EC%8B%9C%20%EA%B4%91%EC%A7%84%EA%B5%AC%20%EC%9E%90%EC%96%91%EB%A1%9C%20324,https://www.diningcode.com/profile.php?rid=mcR0rPqKYFHb,"두부, 막걸리"
102,カフェ/Cafe,ウングンハン パンアッガン アチャサン,Eungeunhan Bangatgan Achasan,은근한 방앗간 아차산,コーヒー専門,Specialty Coffee,コーヒー・カフェ,"Coffee, Cafe",店内OK / Indoors OK,なし/No,アチャサン（峨嵯山）,Achasan,150,クウィドン,Guui-dong,広津区,Gwangjin-gu,서울특별시 광진구 자양로45길 16 1층,,,,37.5519478,127.0914277,店舗単位,,0,ベーカリー営業,https://www.google.com/maps/search/?api=1&query=37.5519478%2C127.0914277,https://map.naver.com/p/search/%EC%9D%80%EA%B7%BC%ED%95%9C%20%EB%B0%A9%EC%95%97%EA%B0%84%20%EC%95%84%EC%B0%A8%EC%82%B0%20%EC%84%9C%EC%9A%B8%ED%8A%B9%EB%B3%84%EC%8B%9C%20%EA%B4%91%EC%A7%84%EA%B5%AC%20%EC%9E%90%EC%96%91%EB%A1%9C45%EA%B8%B8%2016%201%EC%B8%B5,https://www.diningcode.com/profile.php?rid=u9gpraXfS76a,"커피, 카페"
103,カフェ/Cafe,カフェ イチュ クウィヨク,Cafe Icheu Guuiyeok,카페 이츠 구의역,スイーツ,Sweets,カフェ・バナナプディング,"Cafe, Banana Pudding",店内OK / Indoors OK,なし/No,クウィ（九宜）,Guui,110,クウィドン,Guui-dong,広津区,Gwangjin-gu,서울특별시 광진구 자양로18길 45 2층,010-4473-2164,https://www.instagram.com/cafe.eats.its,,37.5381284,127.0860771,店舗単位,3.8,3,一般飲食店,https://www.google.com/maps/search/?api=1&query=37.5381284%2C127.0860771,https://map.naver.com/p/search/%EC%B9%B4%ED%8E%98%20%EC%9D%B4%EC%B8%A0%20%EA%B5%AC%EC%9D%98%EC%97%AD%20%EC%84%9C%EC%9A%B8%ED%8A%B9%EB%B3%84%EC%8B%9C%20%EA%B4%91%EC%A7%84%EA%B5%AC%20%EC%9E%90%EC%96%91%EB%A1%9C18%EA%B8%B8%2045%202%EC%B8%B5,https://www.diningcode.com/profile.php?rid=W8yunIsdxUKl,"카페, 바나나푸딩"
104,カフェ/Cafe,プッシュコーヒー,Puswi Coffee Achasan,푸쉬 커피 아차산,コーヒー専門,Specialty Coffee,スペシャルティコーヒー,"Coffee, Cafe",店内OK / Indoors OK,なし/No,アチャサン（峨嵯山）,Achasan,150,九宜洞（クウィドン）,Guui-dong,広津区,Gwangjin-gu,서울특별시 광진구 자양로45길 24-3 푸쉬커피,02-455-7478,http://www.instagram.com/pushcoffee_official,,37.5523284,127.0913165,店舗単位,4.3,13,一般飲食店,https://www.google.com/maps/search/?api=1&query=37.5523284%2C127.0913165,https://map.naver.com/p/search/%ED%91%B8%EC%89%AC%20%EC%BB%A4%ED%94%BC%20%EC%95%84%EC%B0%A8%EC%82%B0%20%EC%84%9C%EC%9A%B8%ED%8A%B9%EB%B3%84%EC%8B%9C%20%EA%B4%91%EC%A7%84%EA%B5%AC%20%EC%9E%90%EC%96%91%EB%A1%9C45%EA%B8%B8%2024-3%20%ED%91%B8%EC%89%AC%EC%BB%A4%ED%94%BC,https://www.diningcode.com/profile.php?rid=QfJue9fTWa0V,"커피, 카페"
105,ごはん/Meal,ヌンドン・タコ屋,Neungdong Taco Jip Gunjayeok,능동타코집 군자역,メキシコ料理,Mexican,タコス・ケサディーヤ,"Tacos, Quesadilla",店内OK / Indoors OK,なし/No,クンジャ（君子）,Gunja,220,君子（クンジャ）,Gunja,広津区,Gwangjin-gu,서울특별시 광진구 능동로32길 5,0503-7152-4312,https://www.instagram.com/parkseonhwa8/,,37.5553088,127.0790865,店舗単位,4,4,一般飲食店,https://www.google.com/maps/search/?api=1&query=37.5553088%2C127.0790865,https://map.naver.com/p/search/%EB%8A%A5%EB%8F%99%ED%83%80%EC%BD%94%EC%A7%91%20%EA%B5%B0%EC%9E%90%EC%97%AD%20%EC%84%9C%EC%9A%B8%ED%8A%B9%EB%B3%84%EC%8B%9C%20%EA%B4%91%EC%A7%84%EA%B5%AC%20%EB%8A%A5%EB%8F%99%EB%A1%9C32%EA%B8%B8%205,https://www.diningcode.com/profile.php?rid=cj6vaQ9kbfE5,"타코, 퀘사디아"
106,カフェ/Cafe,トライブコーヒー クンジャヨク,TR!BE COFFEE,트라이브커피 군자역,コーヒー専門,Specialty Coffee,ビストロ・海老のペペロンチーノ,"Bistro, Shrimp Aglio e Olio",店内OK / Indoors OK,なし/No,クンジャ（君子）,Gunja,330,クンジャドン,Gunja-dong,広津区,Gwangjin-gu,서울특별시 광진구 면목로 25 101호,,,,37.556438,127.0759079,店舗単位,,0,一般飲食店,https://www.google.com/maps/search/?api=1&query=37.556438%2C127.0759079,https://map.naver.com/p/search/%ED%8A%B8%EB%9D%BC%EC%9D%B4%EB%B8%8C%EC%BB%A4%ED%94%BC%20%EA%B5%B0%EC%9E%90%EC%97%AD%20%EC%84%9C%EC%9A%B8%ED%8A%B9%EB%B3%84%EC%8B%9C%20%EA%B4%91%EC%A7%84%EA%B5%AC%20%EB%A9%B4%EB%AA%A9%EB%A1%9C%2025%20101%ED%98%B8,https://www.diningcode.com/profile.php?rid=z2dMg1lE19IT,"비스트로, 쉬림프알리오올리오"
107,カフェ/Cafe,クシビド クンジャヨク,Gusibido Gunjayeok,구십이도 군자역,カフェ,Cafe,カフェ・もちもちクッキー,"Cafe, Chewy Cookie",店内OK / Indoors OK,あり/Yes,クンジャ（君子）,Gunja,200,ヌンドン,Neung-dong,広津区,Gwangjin-gu,서울특별시 광진구 천호대로110길 40,,,,37.555493,127.0792878,店舗単位,5,1,一般飲食店,https://www.google.com/maps/search/?api=1&query=37.555493%2C127.0792878,https://map.naver.com/p/search/%EA%B5%AC%EC%8B%AD%EC%9D%B4%EB%8F%84%20%EA%B5%B0%EC%9E%90%EC%97%AD%20%EC%84%9C%EC%9A%B8%ED%8A%B9%EB%B3%84%EC%8B%9C%20%EA%B4%91%EC%A7%84%EA%B5%AC%20%EC%B2%9C%ED%98%B8%EB%8C%80%EB%A1%9C110%EA%B8%B8%2040,https://www.diningcode.com/profile.php?rid=npJj28AmUJ2K,"카페, 두쫀쿠"
108,ごはん/Meal,オステリア オアロ,Osteria Oaro Gunjayeok,오스테리아 오알오 군자역,イタリアン,Italian,イタリアンダイニング,"Pasta, Italian Dining",店内OK / Indoors OK,なし/No,クンジャ（君子）,Gunja,270,陵洞（ヌンドン）,Neung-dong,広津区,Gwangjin-gu,"서울특별시 광진구 능동로 282 1,2층",010-7484-0282,,,37.554946,127.0786214,店舗単位,5,1,一般飲食店,https://www.google.com/maps/search/?api=1&query=37.554946%2C127.0786214,https://map.naver.com/p/search/%EC%98%A4%EC%8A%A4%ED%85%8C%EB%A6%AC%EC%95%84%20%EC%98%A4%EC%95%8C%EC%98%A4%20%EA%B5%B0%EC%9E%90%EC%97%AD%20%EC%84%9C%EC%9A%B8%ED%8A%B9%EB%B3%84%EC%8B%9C%20%EA%B4%91%EC%A7%84%EA%B5%AC%20%EB%8A%A5%EB%8F%99%EB%A1%9C%20282%201%2C2%EC%B8%B5,https://www.diningcode.com/profile.php?rid=vjB2Tw7FCMZ0,"파스타, 이탈리안다이닝"
109,カフェ/Cafe,チェリーコーヒー 君子,Cheri Coffee Gunjajeom,체리커피 군자점,カフェ,Cafe,コーヒー・デザート,"Cafe, Coffee",店内OK / Indoors OK,なし/No,クンジャ（君子）,Gunja,240,陵洞（ヌンドン）,Neung-dong,広津区,Gwangjin-gu,서울특별시 광진구 능동로 284,02-444-7222,,https://cherrycoffee.co.kr/,37.5551555,127.0787247,店舗単位,4.1,29,一般飲食店,https://www.google.com/maps/search/?api=1&query=37.5551555%2C127.0787247,https://map.naver.com/p/search/%EC%B2%B4%EB%A6%AC%EC%BB%A4%ED%94%BC%20%EA%B5%B0%EC%9E%90%EC%A0%90%20%EC%84%9C%EC%9A%B8%ED%8A%B9%EB%B3%84%EC%8B%9C%20%EA%B4%91%EC%A7%84%EA%B5%AC%20%EB%8A%A5%EB%8F%99%EB%A1%9C%20284,https://www.diningcode.com/profile.php?rid=22R4xce5h5KK,"카페, 커피"
110,カフェ/Cafe,グッティンコーヒー,Good Thing,굿띵커피 아차산,コーヒー専門,Specialty Coffee,自家焙煎コーヒー,"Coffee, Cafe",店内OK / Indoors OK,なし/No,アチャサン（峨嵯山）,Achasan,500,峨嵯山（アチャサン）,Achasan,広津区,Gwangjin-gu,서울특별시 광진구 영화사로 51 1동 1층 101호,,https://www.instagram.com/goodthing_coffee_,,37.555702,127.0923936,店舗単位,4.5,12,軽飲食店,https://www.google.com/maps/search/?api=1&query=37.555702%2C127.0923936,https://map.naver.com/p/search/%EA%B5%BF%EB%9D%B5%EC%BB%A4%ED%94%BC%20%EC%95%84%EC%B0%A8%EC%82%B0%20%EC%84%9C%EC%9A%B8%ED%8A%B9%EB%B3%84%EC%8B%9C%20%EA%B4%91%EC%A7%84%EA%B5%AC%20%EC%98%81%ED%99%94%EC%82%AC%EB%A1%9C%2051%201%EB%8F%99%201%EC%B8%B5%20101%ED%98%B8,https://www.diningcode.com/profile.php?rid=i4DIO6xBAj5s,"커피, 카페"
111,ごはん/Meal,キジョルチョプン・ムルタッカルビ,Gijeolchopungmuldakgalbi Jayangdong,기절초풍물닭갈비 자양동,韓国料理,Korean,汁だくタッカルビ,"Soupy Dakgalbi, Camping Style",店内OK / Indoors OK,なし/No,クウィ（九宜）,Guui,710,紫陽洞（チャヤンドン）,Jayang-dong,広津区,Gwangjin-gu,서울특별시 광진구 자양로13길 88-1 1층,02-444-9222,,,37.5329754,127.0802116,店舗単位,3.8,4,一般飲食店,https://www.google.com/maps/search/?api=1&query=37.5329754%2C127.0802116,https://map.naver.com/p/search/%EA%B8%B0%EC%A0%88%EC%B4%88%ED%92%8D%EB%AC%BC%EB%8B%AD%EA%B0%88%EB%B9%84%20%EC%9E%90%EC%96%91%EB%8F%99%20%EC%84%9C%EC%9A%B8%ED%8A%B9%EB%B3%84%EC%8B%9C%20%EA%B4%91%EC%A7%84%EA%B5%AC%20%EC%9E%90%EC%96%91%EB%A1%9C13%EA%B8%B8%2088-1%201%EC%B8%B5,https://www.diningcode.com/profile.php?rid=lnJVWLLV2apT,"물닭갈비, 캠핑"
112,カフェ/Cafe,モルゲングルルト チャヤンドン,Morgenglut,모르겐글루트 자양동,スイーツ,Sweets,デザート・もちもちクッキー,"Dessert, Chewy Cookie",店内OK / Indoors OK,なし/No,コンデイプグ（建大入口）,Konkuk Univ.,720,チャヤンドン,Jayang-dong,広津区,Gwangjin-gu,서울특별시 광진구 동일로 56 상가동 1층 706호,070-4571-9706,https://www.instagram.com/morgenglut706,,37.5377465,127.0618768,店舗単位,3.6,3,一般飲食店,https://www.google.com/maps/search/?api=1&query=37.5377465%2C127.0618768,https://map.naver.com/p/search/%EB%AA%A8%EB%A5%B4%EA%B2%90%EA%B8%80%EB%A3%A8%ED%8A%B8%20%EC%9E%90%EC%96%91%EB%8F%99%20%EC%84%9C%EC%9A%B8%ED%8A%B9%EB%B3%84%EC%8B%9C%20%EA%B4%91%EC%A7%84%EA%B5%AC%20%EB%8F%99%EC%9D%BC%EB%A1%9C%2056%20%EC%83%81%EA%B0%80%EB%8F%99%201%EC%B8%B5%20706%ED%98%B8,https://www.diningcode.com/profile.php?rid=joeYqaYgIGoq,"디저트, 두쫀쿠"
113,カフェ/Cafe,ムッ ロースタリー,Mut Roastery,뭇 로스터리,コーヒー専門,Specialty Coffee,カフェ・フィルターコーヒー,"Cafe, Filter Coffee",店内OK / Indoors OK,なし/No,クウィ（九宜）,Guui,530,チャヤンドン,Jayang-dong,広津区,Gwangjin-gu,서울특별시 광진구 자양로7길 24 1층,0503-7154-2480,https://www.instagram.com/moot_roastery/,,37.5329186,127.0834519,店舗単位,,0,一般飲食店,https://www.google.com/maps/search/?api=1&query=37.5329186%2C127.0834519,https://map.naver.com/p/search/%EB%AD%87%20%EB%A1%9C%EC%8A%A4%ED%84%B0%EB%A6%AC%20%EC%84%9C%EC%9A%B8%ED%8A%B9%EB%B3%84%EC%8B%9C%20%EA%B4%91%EC%A7%84%EA%B5%AC%20%EC%9E%90%EC%96%91%EB%A1%9C7%EA%B8%B8%2024%201%EC%B8%B5,https://www.diningcode.com/profile.php?rid=btoWhXKjHGcJ,"카페, 필터커피"
114,カフェ/Cafe,オドコーヒーハウス,odee coffee house,오드커피하우스,コーヒー専門,Specialty Coffee,,,店内OK / Indoors OK,なし/No,クウィ（九宜）,Guui,700,チャヤンドン,Jayang-dong,広津区,Gwangjin-gu,서울특별시 광진구 아차산로40길 16,0503-7153-8674,https://www.instagram.com/odee_coffee_house,,37.5368909,127.0782486,建物単位,,0,一般飲食店,https://www.google.com/maps/search/?api=1&query=37.5368909%2C127.0782486,https://map.naver.com/p/search/%EC%98%A4%EB%93%9C%EC%BB%A4%ED%94%BC%ED%95%98%EC%9A%B0%EC%8A%A4%20%EC%84%9C%EC%9A%B8%ED%8A%B9%EB%B3%84%EC%8B%9C%20%EA%B4%91%EC%A7%84%EA%B5%AC%20%EC%95%84%EC%B0%A8%EC%82%B0%EB%A1%9C40%EA%B8%B8%2016,,
115,カフェ/Cafe,チュロス コーヒー アイスクリーム,Churros Coffee Ice Cream,츄로스 커피 아이스크림,ジェラート・かき氷,Gelato & Ice,チュロス,Churros,店内OK / Indoors OK,なし/No,クウィ（九宜）,Guui,880,チャヤンドン,Jayang-dong,広津区,Gwangjin-gu,서울특별시 광진구 뚝섬로 620 1층 츄로's,,https://www.instagram.com/cafe_churros/,,37.5322424,127.0784539,店舗単位,4.5,4,軽飲食店,https://www.google.com/maps/search/?api=1&query=37.5322424%2C127.0784539,https://map.naver.com/p/search/%EC%B8%84%EB%A1%9C%EC%8A%A4%20%EC%BB%A4%ED%94%BC%20%EC%95%84%EC%9D%B4%EC%8A%A4%ED%81%AC%EB%A6%BC%20%EC%84%9C%EC%9A%B8%ED%8A%B9%EB%B3%84%EC%8B%9C%20%EA%B4%91%EC%A7%84%EA%B5%AC%20%EB%9A%9D%EC%84%AC%EB%A1%9C%20620%201%EC%B8%B5%20%EC%B8%84%EB%A1%9C%27s,https://www.diningcode.com/profile.php?rid=FxWgtGBiDCk3,츄러스
116,カフェ/Cafe,カフェヨルムジプ チャヤンドン,Cafe Yeoreumjip Jayangdong,카페여름집 자양동,コーヒー専門,Specialty Coffee,カフェ・コーヒー,"Cafe, Coffee",店内OK / Indoors OK,なし/No,クウィ（九宜）,Guui,500,チャヤンドン,Jayang-dong,広津区,Gwangjin-gu,서울특별시 광진구 뚝섬로51길 57 1층,02-6398-2822,http://www.instagram.com/cafe_yeoreumjip,,37.5347715,127.081368,店舗単位,,0,一般飲食店,https://www.google.com/maps/search/?api=1&query=37.5347715%2C127.081368,https://map.naver.com/p/search/%EC%B9%B4%ED%8E%98%EC%97%AC%EB%A6%84%EC%A7%91%20%EC%9E%90%EC%96%91%EB%8F%99%20%EC%84%9C%EC%9A%B8%ED%8A%B9%EB%B3%84%EC%8B%9C%20%EA%B4%91%EC%A7%84%EA%B5%AC%20%EB%9A%9D%EC%84%AC%EB%A1%9C51%EA%B8%B8%2057%201%EC%B8%B5,https://www.diningcode.com/profile.php?rid=5vGYgNRcBPUE,"카페, 커피"
117,カフェ/Cafe,クァサン チャヤンドン,Kwasang Jayangdong,콰상 자양동,ベーカリー,Bakery,パン・ドバイ風,"Bread, Dubai Style",店内OK / Indoors OK,なし/No,チャヤン（紫陽漢江公園）,Jayang,690,チャヤンドン,Jayang-dong,広津区,Gwangjin-gu,서울특별시 광진구 자양번영로3길 3 1층,0502-5550-1559,https://www.instagram.com/cwassant__,,37.5316713,127.0745902,店舗単位,,0,ベーカリー営業,https://www.google.com/maps/search/?api=1&query=37.5316713%2C127.0745902,https://map.naver.com/p/search/%EC%BD%B0%EC%83%81%20%EC%9E%90%EC%96%91%EB%8F%99%20%EC%84%9C%EC%9A%B8%ED%8A%B9%EB%B3%84%EC%8B%9C%20%EA%B4%91%EC%A7%84%EA%B5%AC%20%EC%9E%90%EC%96%91%EB%B2%88%EC%98%81%EB%A1%9C3%EA%B8%B8%203%201%EC%B8%B5,https://www.diningcode.com/profile.php?rid=t3Z9Hr3kKKxP,"빵, 두바이"
118,ごはん/Meal,クンジャガラージ クンジャヨク,gunja garage,군자가라지 군자역,バー・居酒屋,Bar & Pub,ワインバー・シチュー,"Wine Bar, Stew",店内OK / Indoors OK,なし/No,クンジャ（君子）,Gunja,300,チュンゴクドン,Junggok-dong,広津区,Gwangjin-gu,서울특별시 광진구 용마산로3길 95 2층,,,,37.5571759,127.0829732,店舗単位,,0,一般飲食店,https://www.google.com/maps/search/?api=1&query=37.5571759%2C127.0829732,https://map.naver.com/p/search/%EA%B5%B0%EC%9E%90%EA%B0%80%EB%9D%BC%EC%A7%80%20%EA%B5%B0%EC%9E%90%EC%97%AD%20%EC%84%9C%EC%9A%B8%ED%8A%B9%EB%B3%84%EC%8B%9C%20%EA%B4%91%EC%A7%84%EA%B5%AC%20%EC%9A%A9%EB%A7%88%EC%82%B0%EB%A1%9C3%EA%B8%B8%2095%202%EC%B8%B5,https://www.diningcode.com/profile.php?rid=bzxMPA195KS4,"와인바, 스튜"
119,カフェ/Cafe,ピビビ クンジャヨク,Bite By Bite,비비비 군자역,スイーツ,Sweets,カフェ・バナナプディング,"Cafe, Banana Pudding",店内OK / Indoors OK,なし/No,クンジャ（君子）,Gunja,310,チュンゴクドン,Junggok-dong,広津区,Gwangjin-gu,서울특별시 광진구 긴고랑로14길 59 1층,070-7543-7050,https://www.instagram.com/bbb.coffeezip,,37.559962,127.0803164,店舗単位,3,1,軽飲食店,https://www.google.com/maps/search/?api=1&query=37.559962%2C127.0803164,https://map.naver.com/p/search/%EB%B9%84%EB%B9%84%EB%B9%84%20%EA%B5%B0%EC%9E%90%EC%97%AD%20%EC%84%9C%EC%9A%B8%ED%8A%B9%EB%B3%84%EC%8B%9C%20%EA%B4%91%EC%A7%84%EA%B5%AC%20%EA%B8%B4%EA%B3%A0%EB%9E%91%EB%A1%9C14%EA%B8%B8%2059%201%EC%B8%B5,https://www.diningcode.com/profile.php?rid=V0KjzsASjtRo,"카페, 바나나푸딩"
120,カフェ/Cafe,チゴレビッコーヒー アチャサン,Tigeoraebit Coffee Achasan,티거래빗커피 아차산,コーヒー専門,Specialty Coffee,コーヒー・ラテ,"Coffee, Latte",店内OK / Indoors OK,なし/No,アチャサン（峨嵯山）,Achasan,630,チュンゴクドン,Junggok-dong,広津区,Gwangjin-gu,서울특별시 광진구 긴고랑로36길 46 1층 티거래빗커피,0502-5553-0191,https://www.instagram.com/tigerabbit_coffee,,37.5573328,127.0907288,店舗単位,4.5,4,軽飲食店,https://www.google.com/maps/search/?api=1&query=37.5573328%2C127.0907288,https://map.naver.com/p/search/%ED%8B%B0%EA%B1%B0%EB%9E%98%EB%B9%97%EC%BB%A4%ED%94%BC%20%EC%95%84%EC%B0%A8%EC%82%B0%20%EC%84%9C%EC%9A%B8%ED%8A%B9%EB%B3%84%EC%8B%9C%20%EA%B4%91%EC%A7%84%EA%B5%AC%20%EA%B8%B4%EA%B3%A0%EB%9E%91%EB%A1%9C36%EA%B8%B8%2046%201%EC%B8%B5%20%ED%8B%B0%EA%B1%B0%EB%9E%98%EB%B9%97%EC%BB%A4%ED%94%BC,https://www.diningcode.com/profile.php?rid=f1fvjgC0CwuK,"커피, 라떼"
121,ごはん/Meal,ホルリバーコ クンジャ,HOLY BURGER,홀리버거 군자,ハンバーガー,Burger,自家製バーガー・アメリカン,"Craft Burger, American",店内OK / Indoors OK,あり/Yes,クンジャ（君子）,Gunja,140,チュンゴクドン,Junggok-dong,広津区,Gwangjin-gu,서울특별시 광진구 능동로 323 1층,0507-1318-9707,https://www.instagram.com/holyburger_seoul,,37.5584803,127.0800066,店舗単位,,0,一般飲食店,https://www.google.com/maps/search/?api=1&query=37.5584803%2C127.0800066,https://map.naver.com/p/search/%ED%99%80%EB%A6%AC%EB%B2%84%EA%B1%B0%20%EA%B5%B0%EC%9E%90%20%EC%84%9C%EC%9A%B8%ED%8A%B9%EB%B3%84%EC%8B%9C%20%EA%B4%91%EC%A7%84%EA%B5%AC%20%EB%8A%A5%EB%8F%99%EB%A1%9C%20323%201%EC%B8%B5,https://www.diningcode.com/profile.php?rid=UrKgtn1tOQwy,"수제버거, 미국"
122,カフェ/Cafe,ポルル コンデジョム,Poreureu Geondaejeom,포르르 건대점,スイーツ,Sweets,カフェ・スフレ,"Cafe, Souffle",店内OK / Indoors OK,なし/No,コンデイプグ（建大入口）,Konkuk Univ.,320,ファヤンドン,Hwayang-dong,広津区,Gwangjin-gu,"서울특별시 광진구 능동로 137-1 2층, 3층, 4층 루프탑",0502-5553-2638,,https://m.place.naver.com/restaurant/2095555401/home?entry=pll,37.5431985,127.0719142,店舗単位,3.5,1,一般飲食店,https://www.google.com/maps/search/?api=1&query=37.5431985%2C127.0719142,https://map.naver.com/p/search/%ED%8F%AC%EB%A5%B4%EB%A5%B4%20%EA%B1%B4%EB%8C%80%EC%A0%90%20%EC%84%9C%EC%9A%B8%ED%8A%B9%EB%B3%84%EC%8B%9C%20%EA%B4%91%EC%A7%84%EA%B5%AC%20%EB%8A%A5%EB%8F%99%EB%A1%9C%20137-1%202%EC%B8%B5%2C%203%EC%B8%B5%2C%204%EC%B8%B5%20%EB%A3%A8%ED%94%84%ED%83%91,https://www.diningcode.com/profile.php?rid=4C7LajLQfRH0,"카페, 수플레"
123,カフェ/Cafe,パンヌコーヒー クログ,Banneu Coffee Gurogu,반느커피 구로구,コーヒー専門,Specialty Coffee,カフェ・ほうじ茶,"Cafe, Hojicha",店内OK / Indoors OK,なし/No,オリュドン（梧柳洞）,Oryu-dong,500,ケボンドン,Gaebong-dong,九老区,Guro-gu,서울특별시 구로구 고척로20길 70-4 1층 반느커피,,,,37.4984083,126.8469399,店舗単位,,0,軽飲食店,https://www.google.com/maps/search/?api=1&query=37.4984083%2C126.8469399,https://map.naver.com/p/search/%EB%B0%98%EB%8A%90%EC%BB%A4%ED%94%BC%20%EA%B5%AC%EB%A1%9C%EA%B5%AC%20%EC%84%9C%EC%9A%B8%ED%8A%B9%EB%B3%84%EC%8B%9C%20%EA%B5%AC%EB%A1%9C%EA%B5%AC%20%EA%B3%A0%EC%B2%99%EB%A1%9C20%EA%B8%B8%2070-4%201%EC%B8%B5%20%EB%B0%98%EB%8A%90%EC%BB%A4%ED%94%BC,https://www.diningcode.com/profile.php?rid=eJH0rZjlzGIK,"카페, 호지차"
124,カフェ/Cafe,アンコーヒー,An Coffee,안커피,コーヒー専門,Specialty Coffee,カフェ・コーヒー,"Cafe, Coffee",店内OK / Indoors OK,あり/Yes,オリュドン（梧柳洞）,Oryu-dong,510,ケボンドン,Gaebong-dong,九老区,Guro-gu,"서울특별시 구로구 고척로22길 74 1층 103호, 104호 AN COFFEE",,https://www.instagram.com/ancoffee_seoul,,37.4983719,126.847302,店舗単位,3.8,3,軽飲食店,https://www.google.com/maps/search/?api=1&query=37.4983719%2C126.847302,https://map.naver.com/p/search/%EC%95%88%EC%BB%A4%ED%94%BC%20%EC%84%9C%EC%9A%B8%ED%8A%B9%EB%B3%84%EC%8B%9C%20%EA%B5%AC%EB%A1%9C%EA%B5%AC%20%EA%B3%A0%EC%B2%99%EB%A1%9C22%EA%B8%B8%2074%201%EC%B8%B5%20103%ED%98%B8%2C%20104%ED%98%B8%20AN%20COFFEE,https://www.diningcode.com/profile.php?rid=PZg5AFFAa9J9,"카페, coffee"
125,カフェ/Cafe,ヤミャムプレート ケボンドン,Yamyam Plate Gaebongdong,얌얌플레이트 개봉동,スイーツ,Sweets,ケーキ・レタリングケーキ,"Cake, Lettering Cake",店内OK / Indoors OK,なし/No,ケボン（開峰）,Gaebong,540,ケボンドン,Gaebong-dong,九老区,Guro-gu,서울특별시 구로구 개봉로12길 9-40,010-8288-8209,http://www.instagram.com/yamyamplate,,37.4900017,126.8568764,店舗単位,4.9,4,一般飲食店,https://www.google.com/maps/search/?api=1&query=37.4900017%2C126.8568764,https://map.naver.com/p/search/%EC%96%8C%EC%96%8C%ED%94%8C%EB%A0%88%EC%9D%B4%ED%8A%B8%20%EA%B0%9C%EB%B4%89%EB%8F%99%20%EC%84%9C%EC%9A%B8%ED%8A%B9%EB%B3%84%EC%8B%9C%20%EA%B5%AC%EB%A1%9C%EA%B5%AC%20%EA%B0%9C%EB%B4%89%EB%A1%9C12%EA%B8%B8%209-40,https://www.diningcode.com/profile.php?rid=n580gaTpVhZP,"케이크, 레터링케이크"
126,カフェ/Cafe,イェチコーヒーハウス ケボンヨク,Yeti Coffee House Gaebongyeok,예티커피하우스 개봉역,スイーツ,Sweets,カフェ・ロルケーキ,"Cafe, Rol Cake",店内OK / Indoors OK,なし/No,ケボン（開峰）,Gaebong,540,ケボンドン,Gaebong-dong,九老区,Guro-gu,서울특별시 구로구 개봉로16길 3 1층,0506-670-0679,https://www.instagram.com/yeti.coffee.house/,,37.490081,126.8564667,店舗単位,,0,ベーカリー営業,https://www.google.com/maps/search/?api=1&query=37.490081%2C126.8564667,https://map.naver.com/p/search/%EC%98%88%ED%8B%B0%EC%BB%A4%ED%94%BC%ED%95%98%EC%9A%B0%EC%8A%A4%20%EA%B0%9C%EB%B4%89%EC%97%AD%20%EC%84%9C%EC%9A%B8%ED%8A%B9%EB%B3%84%EC%8B%9C%20%EA%B5%AC%EB%A1%9C%EA%B5%AC%20%EA%B0%9C%EB%B4%89%EB%A1%9C16%EA%B8%B8%203%201%EC%B8%B5,https://www.diningcode.com/profile.php?rid=2yY0cxfLLGTS,"카페, 롤케이크"
127,ごはん/Meal,オプトゥコーヒー ケボンドン,Opeutu Coffee Gaebongdong,오프투커피 개봉동,ブランチ,Brunch,ベーカリー・フレンチトースト,"Bakery, French Toast",店内OK / Indoors OK,なし/No,ケボン（開峰）,Gaebong,530,ケボンドン,Gaebong-dong,九老区,Guro-gu,서울특별시 구로구 개봉로16길 9 1층,,,,37.4901242,126.8567186,店舗単位,,0,軽飲食店,https://www.google.com/maps/search/?api=1&query=37.4901242%2C126.8567186,https://map.naver.com/p/search/%EC%98%A4%ED%94%84%ED%88%AC%EC%BB%A4%ED%94%BC%20%EA%B0%9C%EB%B4%89%EB%8F%99%20%EC%84%9C%EC%9A%B8%ED%8A%B9%EB%B3%84%EC%8B%9C%20%EA%B5%AC%EB%A1%9C%EA%B5%AC%20%EA%B0%9C%EB%B4%89%EB%A1%9C16%EA%B8%B8%209%201%EC%B8%B5,https://www.diningcode.com/profile.php?rid=iCAvAZJFwPjF,"베이커리, 프렌치토스트"
128,ごはん/Meal,パインコーヒー ケボンドン,Fine coffee,파인커피 개봉동,ブランチ,Brunch,カフェ・フレンチトースト,"Cafe, French Toast",店内OK / Indoors OK,なし/No,ケボン（開峰）,Gaebong,700,ケボンドン,Gaebong-dong,九老区,Guro-gu,서울특별시 구로구 개봉로12길 33 1층,02-2615-2189,https://www.instagram.com/finecoffee_gb,,37.4882999,126.8582529,店舗単位,,0,一般飲食店,https://www.google.com/maps/search/?api=1&query=37.4882999%2C126.8582529,https://map.naver.com/p/search/%ED%8C%8C%EC%9D%B8%EC%BB%A4%ED%94%BC%20%EA%B0%9C%EB%B4%89%EB%8F%99%20%EC%84%9C%EC%9A%B8%ED%8A%B9%EB%B3%84%EC%8B%9C%20%EA%B5%AC%EB%A1%9C%EA%B5%AC%20%EA%B0%9C%EB%B4%89%EB%A1%9C12%EA%B8%B8%2033%201%EC%B8%B5,https://www.diningcode.com/profile.php?rid=siSabCh4DCL0,"카페, 프렌치토스트"
129,ごはん/Meal,ムンジョンソンシ チョンジプ クヂ,Munjeonseongsi Jeonjip Gudi,문전성시 전집 구디,韓国料理,Korean,チヂミ居酒屋・マッコリ,"Jeon (Korean Pancake), Makgeolli",店内OK / Indoors OK,なし/No,クロヂジトルダンジ（九老団地）,Guro Digital Complex,260,クロドン,Guro-dong,九老区,Guro-gu,서울특별시 구로구 디지털로32길 87 1층 문전성시,010-7164-4534,https://www.instagram.com/mooncrowded,,37.4831902,126.9002285,店舗単位,4.2,5,一般飲食店,https://www.google.com/maps/search/?api=1&query=37.4831902%2C126.9002285,https://map.naver.com/p/search/%EB%AC%B8%EC%A0%84%EC%84%B1%EC%8B%9C%20%EC%A0%84%EC%A7%91%20%EA%B5%AC%EB%94%94%20%EC%84%9C%EC%9A%B8%ED%8A%B9%EB%B3%84%EC%8B%9C%20%EA%B5%AC%EB%A1%9C%EA%B5%AC%20%EB%94%94%EC%A7%80%ED%84%B8%EB%A1%9C32%EA%B8%B8%2087%201%EC%B8%B5%20%EB%AC%B8%EC%A0%84%EC%84%B1%EC%8B%9C,https://www.diningcode.com/profile.php?rid=D6O84ILCQoyM,"전집, 막걸리"
130,カフェ/Cafe,エギョンドンバンカフェ モン,Aegyeondongban Cafe Meong,애견동반카페 멍,カフェ,Cafe,,,店内OK / Indoors OK,なし/No,クロ（九老）,Guro,440,クロドン,Guro-dong,九老区,Guro-gu,서울특별시 구로구 공원로 40,,,,37.5054444,126.8867572,通り単位,,0,一般飲食店,https://www.google.com/maps/search/?api=1&query=37.5054444%2C126.8867572,https://map.naver.com/p/search/%EC%95%A0%EA%B2%AC%EB%8F%99%EB%B0%98%EC%B9%B4%ED%8E%98%20%EB%A9%8D%20%EC%84%9C%EC%9A%B8%ED%8A%B9%EB%B3%84%EC%8B%9C%20%EA%B5%AC%EB%A1%9C%EA%B5%AC%20%EA%B3%B5%EC%9B%90%EB%A1%9C%2040,,
131,ごはん/Meal,ポチャ モン,Pocha Mong,포차 몽,バー・居酒屋,Bar & Pub,,,店内OK / Indoors OK,なし/No,シンドリム（新道林）,Sindorim,610,クロドン,Guro-dong,九老区,Guro-gu,서울특별시 구로구 공원로8길 45,,,,37.5034396,126.8910043,通り単位,,0,一般飲食店,https://www.google.com/maps/search/?api=1&query=37.5034396%2C126.8910043,https://map.naver.com/p/search/%ED%8F%AC%EC%B0%A8%20%EB%AA%BD%20%EC%84%9C%EC%9A%B8%ED%8A%B9%EB%B3%84%EC%8B%9C%20%EA%B5%AC%EB%A1%9C%EA%B5%AC%20%EA%B3%B5%EC%9B%90%EB%A1%9C8%EA%B8%B8%2045,,
132,ごはん/Meal,スチルハウス,STILL HAUS,스틸하우스,レストラン,Restaurant,,,店内OK / Indoors OK,なし/No,クロ（九老）,Guro,620,シンドリムドン,Sindorim-dong,九老区,Guro-gu,서울특별시 구로구 신도림로11길 14,010-3034-3147,https://instagram.com/stillhaus.seoul,,37.5085478,126.8797439,建物単位,,0,一般飲食店,https://www.google.com/maps/search/?api=1&query=37.5085478%2C126.8797439,https://map.naver.com/p/search/%EC%8A%A4%ED%8B%B8%ED%95%98%EC%9A%B0%EC%8A%A4%20%EC%84%9C%EC%9A%B8%ED%8A%B9%EB%B3%84%EC%8B%9C%20%EA%B5%AC%EB%A1%9C%EA%B5%AC%20%EC%8B%A0%EB%8F%84%EB%A6%BC%EB%A1%9C11%EA%B8%B8%2014,,
133,カフェ/Cafe,カフェ エイルリン,Cafe Eilrin,카페 에일린,スイーツ,Sweets,デザート・カフェ,"Dessert, Cafe",店内OK / Indoors OK,なし/No,オリュドン（梧柳洞）,Oryu-dong,260,オリュドン,Oryu-dong,九老区,Guro-gu,서울특별시 구로구 경인로20가길 68 상가동 109호 카페에일린,010-8284-2008,https://www.instagram.com/ymk.owner,,37.4958057,126.8467791,店舗単位,3.7,2,一般飲食店,https://www.google.com/maps/search/?api=1&query=37.4958057%2C126.8467791,https://map.naver.com/p/search/%EC%B9%B4%ED%8E%98%20%EC%97%90%EC%9D%BC%EB%A6%B0%20%EC%84%9C%EC%9A%B8%ED%8A%B9%EB%B3%84%EC%8B%9C%20%EA%B5%AC%EB%A1%9C%EA%B5%AC%20%EA%B2%BD%EC%9D%B8%EB%A1%9C20%EA%B0%80%EA%B8%B8%2068%20%EC%83%81%EA%B0%80%EB%8F%99%20109%ED%98%B8%20%EC%B9%B4%ED%8E%98%EC%97%90%EC%9D%BC%EB%A6%B0,https://www.diningcode.com/profile.php?rid=XIl6kGVAR6kT,"디저트, 카페"
134,カフェ/Cafe,ペイモスベーカリー オリュドン,Peimeoseu Bakery Oryudong,페이머스베이커리 오류동,ベーカリー,Bakery,ケーキ・フィナンシェ,"Cake, Financier",店内OK / Indoors OK,なし/No,オリュドン（梧柳洞）,Oryu-dong,380,オリュドン,Oryu-dong,九老区,Guro-gu,서울특별시 구로구 경인로19길 48-8 1층,010-2000-2000,https://www.instagram.com/_famousbakery,,37.4974569,126.8427476,店舗単位,5,1,軽飲食店,https://www.google.com/maps/search/?api=1&query=37.4974569%2C126.8427476,https://map.naver.com/p/search/%ED%8E%98%EC%9D%B4%EB%A8%B8%EC%8A%A4%EB%B2%A0%EC%9D%B4%EC%BB%A4%EB%A6%AC%20%EC%98%A4%EB%A5%98%EB%8F%99%20%EC%84%9C%EC%9A%B8%ED%8A%B9%EB%B3%84%EC%8B%9C%20%EA%B5%AC%EB%A1%9C%EA%B5%AC%20%EA%B2%BD%EC%9D%B8%EB%A1%9C19%EA%B8%B8%2048-8%201%EC%B8%B5,https://www.diningcode.com/profile.php?rid=AXBYB4FrdIhE,"케이크, 휘낭시에"
135,ごはん/Meal,カサンムルガルビ&チュクソクソブルゴギ カサンジョム,Gasanmulgalbi & Jeukseoksobulgogi Gasanjeom,가산물갈비&즉석소불고기 가산점,韓国料理,Korean,汁カルビ・イカの天ぷら,"Soupy Galbi, Fried Squid",店内OK / Indoors OK,なし/No,カサンヂジトルダンジ（加山団地）,Gasan Digital Complex,390,カサンドン,Gasan-dong,衿川区,Geumcheon-gu,서울특별시 금천구 가산디지털1로 128 STX V TOWER 110호,010-9581-8981,,,37.4770105,126.8839179,店舗単位,4.5,37,軽飲食店,https://www.google.com/maps/search/?api=1&query=37.4770105%2C126.8839179,https://map.naver.com/p/search/%EA%B0%80%EC%82%B0%EB%AC%BC%EA%B0%88%EB%B9%84%26%EC%A6%89%EC%84%9D%EC%86%8C%EB%B6%88%EA%B3%A0%EA%B8%B0%20%EA%B0%80%EC%82%B0%EC%A0%90%20%EC%84%9C%EC%9A%B8%ED%8A%B9%EB%B3%84%EC%8B%9C%20%EA%B8%88%EC%B2%9C%EA%B5%AC%20%EA%B0%80%EC%82%B0%EB%94%94%EC%A7%80%ED%84%B81%EB%A1%9C%20128%20STX%20V%20TOWER%20110%ED%98%B8,https://www.diningcode.com/profile.php?rid=Iut1GgCuEm4n,"물갈비, 오징어튀김"
136,カフェ/Cafe,ルンデザート カサン,Rung Dessert Gasan,룽디저트 가산,スイーツ,Sweets,デザート・もちもちクッキー,"Dessert, Chewy Cookie",店内OK / Indoors OK,あり/Yes,トクサン（禿山）,Doksan,930,カサンドン,Gasan-dong,衿川区,Geumcheon-gu,서울특별시 금천구 가산로5길 14 해찬행복드림아파트 101호 룽디저트,010-8173-1201,http://Instagram.com/roong_dessert,,37.4736396,126.8939825,店舗単位,5,1,一般飲食店,https://www.google.com/maps/search/?api=1&query=37.4736396%2C126.8939825,https://map.naver.com/p/search/%EB%A3%BD%EB%94%94%EC%A0%80%ED%8A%B8%20%EA%B0%80%EC%82%B0%20%EC%84%9C%EC%9A%B8%ED%8A%B9%EB%B3%84%EC%8B%9C%20%EA%B8%88%EC%B2%9C%EA%B5%AC%20%EA%B0%80%EC%82%B0%EB%A1%9C5%EA%B8%B8%2014%20%ED%95%B4%EC%B0%AC%ED%96%89%EB%B3%B5%EB%93%9C%EB%A6%BC%EC%95%84%ED%8C%8C%ED%8A%B8%20101%ED%98%B8%20%EB%A3%BD%EB%94%94%EC%A0%80%ED%8A%B8,https://www.diningcode.com/profile.php?rid=S6ASUBhsdaMM,"디저트, 두쫀쿠"
137,ごはん/Meal,パメンソン カフェ カサン,Bamaensong Cafe Gasan,밤앤송 카페 가산,サンドイッチ・サラダ,Sandwich & Salad,デザート・クロワッサンサンド,"Dessert, Croissant Sandwich",店内OK / Indoors OK,なし/No,カサンヂジトルダンジ（加山団地）,Gasan Digital Complex,1110,カサンドン,Gasan-dong,衿川区,Geumcheon-gu,서울특별시 금천구 시흥대로153길 72 1층 밤앤송 카페,010-5795-3955,https://www.instagram.com/bam.n.song_cafe,,37.4767285,126.8945143,店舗単位,,0,軽飲食店,https://www.google.com/maps/search/?api=1&query=37.4767285%2C126.8945143,https://map.naver.com/p/search/%EB%B0%A4%EC%95%A4%EC%86%A1%20%EC%B9%B4%ED%8E%98%20%EA%B0%80%EC%82%B0%20%EC%84%9C%EC%9A%B8%ED%8A%B9%EB%B3%84%EC%8B%9C%20%EA%B8%88%EC%B2%9C%EA%B5%AC%20%EC%8B%9C%ED%9D%A5%EB%8C%80%EB%A1%9C153%EA%B8%B8%2072%201%EC%B8%B5%20%EB%B0%A4%EC%95%A4%EC%86%A1%20%EC%B9%B4%ED%8E%98,https://www.diningcode.com/profile.php?rid=5xBEiXJuiqhV,"디저트, 크루아상샌드위치"
138,ごはん/Meal,トゥップル205 カサンヂジトルダンジヨク,Tuppul 205 Gasandijiteoldanjiyeok,투뿔205 가산디지털단지역,焼肉,Korean BBQ,焼肉・韓牛,"Korean BBQ, Korean Beef",店内OK / Indoors OK,なし/No,カサンヂジトルダンジ（加山団地）,Gasan Digital Complex,220,カサンドン,Gasan-dong,衿川区,Geumcheon-gu,"서울특별시 금천구 디지털로9길 99 스타밸리 1층 115, 117, 118호",,,,37.4815616,126.885067,店舗単位,5,2,一般飲食店,https://www.google.com/maps/search/?api=1&query=37.4815616%2C126.885067,https://map.naver.com/p/search/%ED%88%AC%EB%BF%94205%20%EA%B0%80%EC%82%B0%EB%94%94%EC%A7%80%ED%84%B8%EB%8B%A8%EC%A7%80%EC%97%AD%20%EC%84%9C%EC%9A%B8%ED%8A%B9%EB%B3%84%EC%8B%9C%20%EA%B8%88%EC%B2%9C%EA%B5%AC%20%EB%94%94%EC%A7%80%ED%84%B8%EB%A1%9C9%EA%B8%B8%2099%20%EC%8A%A4%ED%83%80%EB%B0%B8%EB%A6%AC%201%EC%B8%B5%20115%2C%20117%2C%20118%ED%98%B8,https://www.diningcode.com/profile.php?rid=xAUahkDL7jUJ,"고깃집, 한우"
139,カフェ/Cafe,ハーフコーヒーエクスプレス ポブルリクガサンジョム,Half Coffee Express Peobeulrikgasanjeom,하프커피익스프레스 퍼블릭가산점,コーヒー専門,Specialty Coffee,コーヒー・クリームラテ,"Coffee, Cream Latte",店内OK / Indoors OK,なし/No,カサンヂジトルダンジ（加山団地）,Gasan Digital Complex,570,カサンドン,Gasan-dong,衿川区,Geumcheon-gu,서울특별시 금천구 디지털로 178 M-B116호,0507-1418-7190,,https://하프커피.com,37.4766286,126.8871293,店舗単位,5,2,軽飲食店,https://www.google.com/maps/search/?api=1&query=37.4766286%2C126.8871293,https://map.naver.com/p/search/%ED%95%98%ED%94%84%EC%BB%A4%ED%94%BC%EC%9D%B5%EC%8A%A4%ED%94%84%EB%A0%88%EC%8A%A4%20%ED%8D%BC%EB%B8%94%EB%A6%AD%EA%B0%80%EC%82%B0%EC%A0%90%20%EC%84%9C%EC%9A%B8%ED%8A%B9%EB%B3%84%EC%8B%9C%20%EA%B8%88%EC%B2%9C%EA%B5%AC%20%EB%94%94%EC%A7%80%ED%84%B8%EB%A1%9C%20178%20M-B116%ED%98%B8,https://www.diningcode.com/profile.php?rid=gyRFVwoogKsB,"커피, 크림라떼"
140,ごはん/Meal,クァイルデイリープルッ クムチョンジョム,Gwail Daily Peurut Geumcheonjeom,과일데일리프룻 금천점,レストラン,Restaurant,,,店内OK / Indoors OK,なし/No,トクサン（禿山）,Doksan,880,トクサンドン,Doksan-dong,衿川区,Geumcheon-gu,서울특별시 금천구 가산로 71 2층 1호,,,,37.4726071,126.895201,店舗単位,,0,一般飲食店,https://www.google.com/maps/search/?api=1&query=37.4726071%2C126.895201,https://map.naver.com/p/search/%EA%B3%BC%EC%9D%BC%EB%8D%B0%EC%9D%BC%EB%A6%AC%ED%94%84%EB%A3%BB%20%EA%B8%88%EC%B2%9C%EC%A0%90%20%EC%84%9C%EC%9A%B8%ED%8A%B9%EB%B3%84%EC%8B%9C%20%EA%B8%88%EC%B2%9C%EA%B5%AC%20%EA%B0%80%EC%82%B0%EB%A1%9C%2071%202%EC%B8%B5%201%ED%98%B8,https://www.diningcode.com/profile.php?rid=H8PhJbWNnbDe,
141,ごはん/Meal,中華料理 パルゴン,Junghwayori Palgong,중화요리 팔공,中華,Chinese,ジャージャー麺・中華,Jjajangmyeon,店内OK / Indoors OK,なし/No,ポンチョン（奉天）,Bongcheon,460,禿山洞（トクサンドン）,Doksan-dong,衿川区,Geumcheon-gu,서울특별시 관악구 남부순환로 1680,02-877-9815,,,37.4841291,126.9371692,店舗単位,4.6,35,一般飲食店,https://www.google.com/maps/search/?api=1&query=37.4841291%2C126.9371692,https://map.naver.com/p/search/%EC%A4%91%ED%99%94%EC%9A%94%EB%A6%AC%20%ED%8C%94%EA%B3%B5%20%EC%84%9C%EC%9A%B8%ED%8A%B9%EB%B3%84%EC%8B%9C%20%EA%B4%80%EC%95%85%EA%B5%AC%20%EB%82%A8%EB%B6%80%EC%88%9C%ED%99%98%EB%A1%9C%201680,https://www.diningcode.com/profile.php?rid=SlU4iocpXug7,짜장면
142,カフェ/Cafe,チプス トクサンドン,Chipseu Doksandong,칩스 독산동,カフェ,Cafe,カフェ・フォカッチャ,"Cafe, Focaccia",店内OK / Indoors OK,なし/No,トクサン（禿山）,Doksan,560,トクサンドン,Doksan-dong,衿川区,Geumcheon-gu,서울특별시 금천구 두산로9길 5 1층,010-6626-9972,https://www.instagram.com/chips.town,,37.4705188,126.8925733,店舗単位,5,3,一般飲食店,https://www.google.com/maps/search/?api=1&query=37.4705188%2C126.8925733,https://map.naver.com/p/search/%EC%B9%A9%EC%8A%A4%20%EB%8F%85%EC%82%B0%EB%8F%99%20%EC%84%9C%EC%9A%B8%ED%8A%B9%EB%B3%84%EC%8B%9C%20%EA%B8%88%EC%B2%9C%EA%B5%AC%20%EB%91%90%EC%82%B0%EB%A1%9C9%EA%B8%B8%205%201%EC%B8%B5,https://www.diningcode.com/profile.php?rid=RuBO9VDF3IMB,"카페, 포카치아"
143,カフェ/Cafe,プルトア トクサンドン,pour toi,푸르토아 독산동,スイーツ,Sweets,デザート・カフェ,"Dessert, Cafe",店内OK / Indoors OK,なし/No,,,,トクサンドン,Doksan-dong,衿川区,Geumcheon-gu,서울특별시 금천구 독산로54길 41 1층,070-7777-0636,https://www.instagram.com/pourtoi_seoul,,37.4644344,126.9069917,店舗単位,5,1,一般飲食店,https://www.google.com/maps/search/?api=1&query=37.4644344%2C126.9069917,https://map.naver.com/p/search/%ED%91%B8%EB%A5%B4%ED%86%A0%EC%95%84%20%EB%8F%85%EC%82%B0%EB%8F%99%20%EC%84%9C%EC%9A%B8%ED%8A%B9%EB%B3%84%EC%8B%9C%20%EA%B8%88%EC%B2%9C%EA%B5%AC%20%EB%8F%85%EC%82%B0%EB%A1%9C54%EA%B8%B8%2041%201%EC%B8%B5,https://www.diningcode.com/profile.php?rid=4HJleXu4bv4p,"디저트, 카페"
144,ごはん/Meal,トグピエス,Dogeupieseu,도그피에스,レストラン,Restaurant,,,店内OK / Indoors OK,なし/No,クムチョングチョン（衿川区庁）,Geumcheon-gu Office,1200,シフンドン,Siheung-dong,衿川区,Geumcheon-gu,서울특별시 금천구 시흥대로39길 16,,,,37.4472936,126.9023092,建物単位,,0,一般飲食店,https://www.google.com/maps/search/?api=1&query=37.4472936%2C126.9023092,https://map.naver.com/p/search/%EB%8F%84%EA%B7%B8%ED%94%BC%EC%97%90%EC%8A%A4%20%EC%84%9C%EC%9A%B8%ED%8A%B9%EB%B3%84%EC%8B%9C%20%EA%B8%88%EC%B2%9C%EA%B5%AC%20%EC%8B%9C%ED%9D%A5%EB%8C%80%EB%A1%9C39%EA%B8%B8%2016,,
145,カフェ/Cafe,ラプレア シフンサゴリ,Lafrea,라프레아 시흥사거리,スイーツ,Sweets,カフェ・デザート,"Cafe, Dessert",店内OK / Indoors OK,なし/No,クムチョングチョン（衿川区庁）,Geumcheon-gu Office,700,シフンドン,Siheung-dong,衿川区,Geumcheon-gu,"서울특별시 금천구 시흥대로57길 5 101,102호",070-8840-2410,https://instagram.com/lafrea.coffee,,37.4525697,126.9006691,店舗単位,4.5,3,一般飲食店,https://www.google.com/maps/search/?api=1&query=37.4525697%2C126.9006691,https://map.naver.com/p/search/%EB%9D%BC%ED%94%84%EB%A0%88%EC%95%84%20%EC%8B%9C%ED%9D%A5%EC%82%AC%EA%B1%B0%EB%A6%AC%20%EC%84%9C%EC%9A%B8%ED%8A%B9%EB%B3%84%EC%8B%9C%20%EA%B8%88%EC%B2%9C%EA%B5%AC%20%EC%8B%9C%ED%9D%A5%EB%8C%80%EB%A1%9C57%EA%B8%B8%205%20101%2C102%ED%98%B8,https://www.diningcode.com/profile.php?rid=eaa60sTESSKK,"카페, 디저트"
146,ごはん/Meal,タクハンマリ コンルンボンジョム,Dakhanmari Gongreungbonjeom,닭한마리 공릉본점,麺料理,Noodles,タッカンマリ・カルグクス,"Chicken Hotpot, Knife-cut Noodles",店内OK / Indoors OK,なし/No,テルンイプグ（泰陵入口）,Taereung,400,コンルンドン,Gongreung-dong,蘆原区,Nowon-gu,서울특별시 노원구 동일로 1020,02-972-7459,,,37.621252,127.0747069,店舗単位,4.3,63,軽飲食店,https://www.google.com/maps/search/?api=1&query=37.621252%2C127.0747069,https://map.naver.com/p/search/%EB%8B%AD%ED%95%9C%EB%A7%88%EB%A6%AC%20%EA%B3%B5%EB%A6%89%EB%B3%B8%EC%A0%90%20%EC%84%9C%EC%9A%B8%ED%8A%B9%EB%B3%84%EC%8B%9C%20%EB%85%B8%EC%9B%90%EA%B5%AC%20%EB%8F%99%EC%9D%BC%EB%A1%9C%201020,https://www.diningcode.com/profile.php?rid=JrQX2fyHnJkl,"닭한마리, 칼국수"
147,カフェ/Cafe,ムイロコーヒー コンルン,MUIRO,무이로커피 공릉,スイーツ,Sweets,カフェ・パブロバ,"Cafe, Pavlova",店内OK / Indoors OK,なし/No,コンルン（孔陵）,Gongneung,350,コンルンドン,Gongreung-dong,蘆原区,Nowon-gu,서울특별시 노원구 동일로186길 77-7 1층,070-7795-3333,https://instagram.com/muiro_coffee/,,37.6258014,127.0770655,店舗単位,4.6,6,一般飲食店,https://www.google.com/maps/search/?api=1&query=37.6258014%2C127.0770655,https://map.naver.com/p/search/%EB%AC%B4%EC%9D%B4%EB%A1%9C%EC%BB%A4%ED%94%BC%20%EA%B3%B5%EB%A6%89%20%EC%84%9C%EC%9A%B8%ED%8A%B9%EB%B3%84%EC%8B%9C%20%EB%85%B8%EC%9B%90%EA%B5%AC%20%EB%8F%99%EC%9D%BC%EB%A1%9C186%EA%B8%B8%2077-7%201%EC%B8%B5,https://www.diningcode.com/profile.php?rid=8novFnl4aH4h,"카페, 파블로바"
148,カフェ/Cafe,ユガルハウス コンルン,Yugaru House Gongreung,유가루하우스 공릉,スイーツ,Sweets,デザート・フィナンシェ,"Dessert, Financier",店内OK / Indoors OK,なし/No,コンルン（孔陵）,Gongneung,260,コンルンドン,Gongreung-dong,蘆原区,Nowon-gu,서울특별시 노원구 동일로190길 53-5 지층,010-2194-0147,https://instagram.com/yoogaru.house,,37.6264618,127.0758097,店舗単位,5,1,ベーカリー営業,https://www.google.com/maps/search/?api=1&query=37.6264618%2C127.0758097,https://map.naver.com/p/search/%EC%9C%A0%EA%B0%80%EB%A3%A8%ED%95%98%EC%9A%B0%EC%8A%A4%20%EA%B3%B5%EB%A6%89%20%EC%84%9C%EC%9A%B8%ED%8A%B9%EB%B3%84%EC%8B%9C%20%EB%85%B8%EC%9B%90%EA%B5%AC%20%EB%8F%99%EC%9D%BC%EB%A1%9C190%EA%B8%B8%2053-5%20%EC%A7%80%EC%B8%B5,https://www.diningcode.com/profile.php?rid=WShLQ6kAWGvp,"디저트, 휘낭시에"
149,ごはん/Meal,チョンチュンダクガンジョン コンルン,Cheongchundakgangjeong Gongreung,청춘닭강정 공릉,チキン,Fried Chicken,タッカンジョン・焼き鳥,"Sweet Fried Chicken, Chicken Skewer",店内OK / Indoors OK,なし/No,テルンイプグ（泰陵入口）,Taereung,370,コンルンドン,Gongreung-dong,蘆原区,Nowon-gu,서울특별시 노원구 공릉로 114 1층,,,,37.6203828,127.0781418,店舗単位,,0,一般飲食店,https://www.google.com/maps/search/?api=1&query=37.6203828%2C127.0781418,https://map.naver.com/p/search/%EC%B2%AD%EC%B6%98%EB%8B%AD%EA%B0%95%EC%A0%95%20%EA%B3%B5%EB%A6%89%20%EC%84%9C%EC%9A%B8%ED%8A%B9%EB%B3%84%EC%8B%9C%20%EB%85%B8%EC%9B%90%EA%B5%AC%20%EA%B3%B5%EB%A6%89%EB%A1%9C%20114%201%EC%B8%B5,https://www.diningcode.com/profile.php?rid=GGxNUyfiqSJF,"닭강정, 닭꼬치"
150,カフェ/Cafe,コーヒースピリッ コンルン,Coffee Seupirit Gongreung,커피스피릿 공릉,スイーツ,Sweets,デザート・マンゴー,"Dessert, Mango",店内OK / Indoors OK,なし/No,コンルン（孔陵）,Gongneung,560,コンルンドン,Gongreung-dong,蘆原区,Nowon-gu,서울특별시 노원구 공릉로37길 13 1층 커피스피릿,,https://www.instagram.com/coffeespirit_official,,37.6232666,127.0786027,店舗単位,4.3,4,軽飲食店,https://www.google.com/maps/search/?api=1&query=37.6232666%2C127.0786027,https://map.naver.com/p/search/%EC%BB%A4%ED%94%BC%EC%8A%A4%ED%94%BC%EB%A6%BF%20%EA%B3%B5%EB%A6%89%20%EC%84%9C%EC%9A%B8%ED%8A%B9%EB%B3%84%EC%8B%9C%20%EB%85%B8%EC%9B%90%EA%B5%AC%20%EA%B3%B5%EB%A6%89%EB%A1%9C37%EA%B8%B8%2013%201%EC%B8%B5%20%EC%BB%A4%ED%94%BC%EC%8A%A4%ED%94%BC%EB%A6%BF,https://www.diningcode.com/profile.php?rid=2JvJLIDESAQg,"디저트, 망고"
151,カフェ/Cafe,ホイポルロイコーヒーロースターズ コンルン,HOI POLLOI COFFEE ROASTERS,호이폴로이커피로스터스 공릉,コーヒー専門,Specialty Coffee,コーヒー・カフェ,"Coffee, Cafe",店内OK / Indoors OK,なし/No,コンルン（孔陵）,Gongneung,310,コンルンドン,Gongreung-dong,蘆原区,Nowon-gu,서울특별시 노원구 동일로186길 64 상가,010-2613-5782,https://www.instagram.com/hoipolloi.coffee/,,37.6252944,127.0765572,店舗単位,4.2,12,一般飲食店,https://www.google.com/maps/search/?api=1&query=37.6252944%2C127.0765572,https://map.naver.com/p/search/%ED%98%B8%EC%9D%B4%ED%8F%B4%EB%A1%9C%EC%9D%B4%EC%BB%A4%ED%94%BC%EB%A1%9C%EC%8A%A4%ED%84%B0%EC%8A%A4%20%EA%B3%B5%EB%A6%89%20%EC%84%9C%EC%9A%B8%ED%8A%B9%EB%B3%84%EC%8B%9C%20%EB%85%B8%EC%9B%90%EA%B5%AC%20%EB%8F%99%EC%9D%BC%EB%A1%9C186%EA%B8%B8%2064%20%EC%83%81%EA%B0%80,https://www.diningcode.com/profile.php?rid=qMym4tKf9j6b,"커피, 카페"
152,ごはん/Meal,パクバ,Bakeuba,바크바,レストラン,Restaurant,,,店内OK / Indoors OK,なし/No,サンギェ（上渓）,Sanggye,750,サンギェドン,Sanggye-dong,蘆原区,Nowon-gu,서울특별시 노원구 노원로26길 69,0502-5553-1688,https://www.instagram.com/cafe.barkbar?igsh=M21sZnYxNTk0eHlz&utm_source=qr,,37.6541772,127.0717002,通り単位,,0,一般飲食店,https://www.google.com/maps/search/?api=1&query=37.6541772%2C127.0717002,https://map.naver.com/p/search/%EB%B0%94%ED%81%AC%EB%B0%94%20%EC%84%9C%EC%9A%B8%ED%8A%B9%EB%B3%84%EC%8B%9C%20%EB%85%B8%EC%9B%90%EA%B5%AC%20%EB%85%B8%EC%9B%90%EB%A1%9C26%EA%B8%B8%2069,,
153,ごはん/Meal,アワーベストシーズン マドリョク,our best season,아워베스트시즌 마들역,サンドイッチ・サラダ,Sandwich & Salad,ブランチ・ポケ,"Brunch, Poke Bowl",店内OK / Indoors OK,なし/No,マドル,Madeul,330,サンギェドン,Sanggye-dong,蘆原区,Nowon-gu,서울특별시 노원구 노원로38길 76 포레나아파트 상가 302호,02-934-5577,http://instagram.com/ourbestseason,,37.6647416,127.0614355,店舗単位,4.6,8,一般飲食店,https://www.google.com/maps/search/?api=1&query=37.6647416%2C127.0614355,https://map.naver.com/p/search/%EC%95%84%EC%9B%8C%EB%B2%A0%EC%8A%A4%ED%8A%B8%EC%8B%9C%EC%A6%8C%20%EB%A7%88%EB%93%A4%EC%97%AD%20%EC%84%9C%EC%9A%B8%ED%8A%B9%EB%B3%84%EC%8B%9C%20%EB%85%B8%EC%9B%90%EA%B5%AC%20%EB%85%B8%EC%9B%90%EB%A1%9C38%EA%B8%B8%2076%20%ED%8F%AC%EB%A0%88%EB%82%98%EC%95%84%ED%8C%8C%ED%8A%B8%20%EC%83%81%EA%B0%80%20302%ED%98%B8,https://www.diningcode.com/profile.php?rid=8WZARGV5YiNC,"브런치, 포케"
154,ごはん/Meal,マンゴジョン,Manggojeong,망고정,レストラン,Restaurant,,,店内OK / Indoors OK,なし/No,ウォルギェ（月渓）,Wolgye,120,ウォルギェドン,Wolgye-dong,蘆原区,Nowon-gu,서울특별시 노원구 월계로55길 64,,,,37.634039,127.059544,建物単位,,0,一般飲食店,https://www.google.com/maps/search/?api=1&query=37.634039%2C127.059544,https://map.naver.com/p/search/%EB%A7%9D%EA%B3%A0%EC%A0%95%20%EC%84%9C%EC%9A%B8%ED%8A%B9%EB%B3%84%EC%8B%9C%20%EB%85%B8%EC%9B%90%EA%B5%AC%20%EC%9B%94%EA%B3%84%EB%A1%9C55%EA%B8%B8%2064,,
155,カフェ/Cafe,カフェ オブルー ウォルギェ,Cafe O Blue Wolgye,카페 오블루 월계,コーヒー専門,Specialty Coffee,カフェ・コーヒー,"Cafe, Coffee",店内OK / Indoors OK,なし/No,ウォルギェ（月渓）,Wolgye,90,ウォルギェドン,Wolgye-dong,蘆原区,Nowon-gu,서울특별시 노원구 초안산로2길 110 1층 카페 오블루,02-6015-2205,https://instagram.com/o.bleu_coffee,,37.633405,127.0579066,店舗単位,4,1,一般飲食店,https://www.google.com/maps/search/?api=1&query=37.633405%2C127.0579066,https://map.naver.com/p/search/%EC%B9%B4%ED%8E%98%20%EC%98%A4%EB%B8%94%EB%A3%A8%20%EC%9B%94%EA%B3%84%20%EC%84%9C%EC%9A%B8%ED%8A%B9%EB%B3%84%EC%8B%9C%20%EB%85%B8%EC%9B%90%EA%B5%AC%20%EC%B4%88%EC%95%88%EC%82%B0%EB%A1%9C2%EA%B8%B8%20110%201%EC%B8%B5%20%EC%B9%B4%ED%8E%98%20%EC%98%A4%EB%B8%94%EB%A3%A8,https://www.diningcode.com/profile.php?rid=vtvqIbjFcRsD,"카페, 커피"
156,ごはん/Meal,サムボスジェガルビ パンハクドン,Sambosujegalbi Banghakdong,삼보수제갈비 방학동,焼肉,Korean BBQ,豚カルビ・生豚カルビ,"Pork Ribs, Fresh Pork Ribs",店内OK / Indoors OK,なし/No,,,,パンハクドン,Banghak-dong,道峰区,Dobong-gu,서울특별시 도봉구 방학로 283 1.2층,,,,37.6626283,127.0209032,店舗単位,4,1,一般飲食店,https://www.google.com/maps/search/?api=1&query=37.6626283%2C127.0209032,https://map.naver.com/p/search/%EC%82%BC%EB%B3%B4%EC%88%98%EC%A0%9C%EA%B0%88%EB%B9%84%20%EB%B0%A9%ED%95%99%EB%8F%99%20%EC%84%9C%EC%9A%B8%ED%8A%B9%EB%B3%84%EC%8B%9C%20%EB%8F%84%EB%B4%89%EA%B5%AC%20%EB%B0%A9%ED%95%99%EB%A1%9C%20283%201.2%EC%B8%B5,https://www.diningcode.com/profile.php?rid=DauJr18fMsBc,"돼지갈비, 돼지생갈비"
157,ごはん/Meal,スプダム,Supdam,숲담,レストラン,Restaurant,,,店内OK / Indoors OK,なし/No,パンハク（放鶴）,Banghak,980,パンハクドン,Banghak-dong,道峰区,Dobong-gu,서울특별시 도봉구 도당로6길 30-6,,,,37.6616232,127.0362851,通り単位,,0,一般飲食店,https://www.google.com/maps/search/?api=1&query=37.6616232%2C127.0362851,https://map.naver.com/p/search/%EC%88%B2%EB%8B%B4%20%EC%84%9C%EC%9A%B8%ED%8A%B9%EB%B3%84%EC%8B%9C%20%EB%8F%84%EB%B4%89%EA%B5%AC%20%EB%8F%84%EB%8B%B9%EB%A1%9C6%EA%B8%B8%2030-6,,
158,ごはん/Meal,オカフェ パンハクドン,O'Cafe,오카페 방학동,サンドイッチ・サラダ,Sandwich & Salad,ベーカリー・サンドイッチ,"Bakery, Sandwich",店内OK / Indoors OK,なし/No,パンハク（放鶴）,Banghak,620,パンハクドン,Banghak-dong,道峰区,Dobong-gu,서울특별시 도봉구 도봉로145길 78 1층,02-956-3822,,,37.6647179,127.0382891,店舗単位,,0,軽飲食店,https://www.google.com/maps/search/?api=1&query=37.6647179%2C127.0382891,https://map.naver.com/p/search/%EC%98%A4%EC%B9%B4%ED%8E%98%20%EB%B0%A9%ED%95%99%EB%8F%99%20%EC%84%9C%EC%9A%B8%ED%8A%B9%EB%B3%84%EC%8B%9C%20%EB%8F%84%EB%B4%89%EA%B5%AC%20%EB%8F%84%EB%B4%89%EB%A1%9C145%EA%B8%B8%2078%201%EC%B8%B5,https://www.diningcode.com/profile.php?rid=SagWEKAzUscn,"베이커리, 샌드위치"
159,カフェ/Cafe,ウォンバイト,OneBite,원바이트,カフェ・軽食,Cafe & Snacks,,,店内OK / Indoors OK,なし/No,チャンドン（倉洞）,Chang-Dong,960,パンハクドン,Banghak-dong,道峰区,Dobong-gu,서울특별시 도봉구 방학로3길 12,,,,37.6591495,127.0398489,通り単位,,0,軽飲食店,https://www.google.com/maps/search/?api=1&query=37.6591495%2C127.0398489,https://map.naver.com/p/search/%EC%9B%90%EB%B0%94%EC%9D%B4%ED%8A%B8%20%EC%84%9C%EC%9A%B8%ED%8A%B9%EB%B3%84%EC%8B%9C%20%EB%8F%84%EB%B4%89%EA%B5%AC%20%EB%B0%A9%ED%95%99%EB%A1%9C3%EA%B8%B8%2012,,
160,カフェ/Cafe,チョストシーズン ッサンムニョク,just season,저스트시즌 쌍문역,カフェ,Cafe,カフェ,Cafe,店内OK / Indoors OK,あり/Yes,ッサンムン（雙門）,Ssangmun,380,チャンドン,Chang-dong,道峰区,Dobong-gu,서울특별시 도봉구 도봉로110다길 26 1층,,http://www.instagram.com/cafe_just.season,,37.6451082,127.0335736,店舗単位,,0,軽飲食店,https://www.google.com/maps/search/?api=1&query=37.6451082%2C127.0335736,https://map.naver.com/p/search/%EC%A0%80%EC%8A%A4%ED%8A%B8%EC%8B%9C%EC%A6%8C%20%EC%8C%8D%EB%AC%B8%EC%97%AD%20%EC%84%9C%EC%9A%B8%ED%8A%B9%EB%B3%84%EC%8B%9C%20%EB%8F%84%EB%B4%89%EA%B5%AC%20%EB%8F%84%EB%B4%89%EB%A1%9C110%EB%8B%A4%EA%B8%B8%2026%201%EC%B8%B5,https://www.diningcode.com/profile.php?rid=QE5PjvcMYc3e,카페
161,カフェ/Cafe,ウォンドウォルコーヒーロースターズ タプシプリ,Wondeowol Coffee Roasters Dapsipri,원더월커피로스터스 답십리,スイーツ,Sweets,カフェ・デザート,"Cafe, Dessert",店内OK / Indoors OK,なし/No,シンダプ（新踏）,Sindap,600,タプシプリドン,Dapsipri-dong,東大門区,Dongdaemun-gu,서울특별시 동대문구 답십리로 80,070-7724-6467,https://www.instagram.com/wonderwall_coffee,,37.5747361,127.0495211,店舗単位,3.3,2,軽飲食店,https://www.google.com/maps/search/?api=1&query=37.5747361%2C127.0495211,https://map.naver.com/p/search/%EC%9B%90%EB%8D%94%EC%9B%94%EC%BB%A4%ED%94%BC%EB%A1%9C%EC%8A%A4%ED%84%B0%EC%8A%A4%20%EB%8B%B5%EC%8B%AD%EB%A6%AC%20%EC%84%9C%EC%9A%B8%ED%8A%B9%EB%B3%84%EC%8B%9C%20%EB%8F%99%EB%8C%80%EB%AC%B8%EA%B5%AC%20%EB%8B%B5%EC%8B%AD%EB%A6%AC%EB%A1%9C%2080,https://www.diningcode.com/profile.php?rid=umT9hk2m0Xul,"카페, 디저트"
162,ごはん/Meal,コエン カンデメ コンウォン,Koen,코엔 간데메 공원,レストラン,Restaurant,,,店内OK / Indoors OK,なし/No,シンダプ（新踏）,Sindap,510,タプシプリドン,Dapsipri-dong,東大門区,Dongdaemun-gu,서울특별시 동대문구 서울시립대로4길 35,0502-5554-4430,https://www.instagram.com/koen.gandeme,,37.5741669,127.0485494,建物単位,,0,一般飲食店,https://www.google.com/maps/search/?api=1&query=37.5741669%2C127.0485494,https://map.naver.com/p/search/%EC%BD%94%EC%97%94%20%EA%B0%84%EB%8D%B0%EB%A9%94%20%EA%B3%B5%EC%9B%90%20%EC%84%9C%EC%9A%B8%ED%8A%B9%EB%B3%84%EC%8B%9C%20%EB%8F%99%EB%8C%80%EB%AC%B8%EA%B5%AC%20%EC%84%9C%EC%9A%B8%EC%8B%9C%EB%A6%BD%EB%8C%80%EB%A1%9C4%EA%B8%B8%2035,,
163,カフェ/Cafe,ステイ ヨンドゥドン,sta2,스테이 용두동,コーヒー専門,Specialty Coffee,カフェ・コーヒー,"Cafe, Coffee",店内OK / Indoors OK,なし/No,ヨンドゥ（龍頭）,Yongdu,90,ヨンドゥドン,Yongdu-dong,東大門区,Dongdaemun-gu,서울특별시 동대문구 고산자로 393-6 1층,010-3420-0712,http://www.instagram.com/sta_2_,,37.5748148,127.0376706,店舗単位,4,1,一般飲食店,https://www.google.com/maps/search/?api=1&query=37.5748148%2C127.0376706,https://map.naver.com/p/search/%EC%8A%A4%ED%85%8C%EC%9D%B4%20%EC%9A%A9%EB%91%90%EB%8F%99%20%EC%84%9C%EC%9A%B8%ED%8A%B9%EB%B3%84%EC%8B%9C%20%EB%8F%99%EB%8C%80%EB%AC%B8%EA%B5%AC%20%EA%B3%A0%EC%82%B0%EC%9E%90%EB%A1%9C%20393-6%201%EC%B8%B5,https://www.diningcode.com/profile.php?rid=6eIRmU8Rb9AN,"카페, 커피"
164,カフェ/Cafe,ヘイリム ヨンドゥドン,Heirim Yongdudong,헤이림 용두동,カフェ,Cafe,カフェ・もちもちクッキー,"Cafe, Chewy Cookie",店内OK / Indoors OK,あり/Yes,ヨンドゥ（龍頭）,Yongdu,60,ヨンドゥドン,Yongdu-dong,東大門区,Dongdaemun-gu,서울특별시 동대문구 고산자로 391 1층,02-968-1497,https://www.instagram.com/_heylim,,37.5745847,127.037844,店舗単位,3.6,8,一般飲食店,https://www.google.com/maps/search/?api=1&query=37.5745847%2C127.037844,https://map.naver.com/p/search/%ED%97%A4%EC%9D%B4%EB%A6%BC%20%EC%9A%A9%EB%91%90%EB%8F%99%20%EC%84%9C%EC%9A%B8%ED%8A%B9%EB%B3%84%EC%8B%9C%20%EB%8F%99%EB%8C%80%EB%AC%B8%EA%B5%AC%20%EA%B3%A0%EC%82%B0%EC%9E%90%EB%A1%9C%20391%201%EC%B8%B5,https://www.diningcode.com/profile.php?rid=8TfajLd29wVY,"카페, 두쫀쿠"
165,カフェ/Cafe,クリチン チャンハンピョンヨク,Greetin',그리팅 장한평역,カフェ,Cafe,カフェ・低糖,"Cafe, Low Sugar",店内OK / Indoors OK,あり/Yes,チャンハンピョン（長漢坪）,Janghanpyeong,140,チャンアンドン,Jangan-dong,東大門区,Dongdaemun-gu,서울특별시 동대문구 천호대로83길 9 1층,0502-5552-9660,https://www.instagram.com/greeting_seoul,,37.5627581,127.0644246,店舗単位,,0,一般飲食店,https://www.google.com/maps/search/?api=1&query=37.5627581%2C127.0644246,https://map.naver.com/p/search/%EA%B7%B8%EB%A6%AC%ED%8C%85%20%EC%9E%A5%ED%95%9C%ED%8F%89%EC%97%AD%20%EC%84%9C%EC%9A%B8%ED%8A%B9%EB%B3%84%EC%8B%9C%20%EB%8F%99%EB%8C%80%EB%AC%B8%EA%B5%AC%20%EC%B2%9C%ED%98%B8%EB%8C%80%EB%A1%9C83%EA%B8%B8%209%201%EC%B8%B5,https://www.diningcode.com/profile.php?rid=U7i0KHxtRpMx,"카페, 저당"
166,カフェ/Cafe,キョウコーヒー チャンアンドン,Kyou Coffee Jangandong,쿄우커피 장안동,コーヒー専門,Specialty Coffee,カフェ・コーヒー,"Cafe, Coffee",店内OK / Indoors OK,なし/No,チャンハンピョン（長漢坪）,Janghanpyeong,190,チャンアンドン,Jangan-dong,東大門区,Dongdaemun-gu,서울특별시 동대문구 천호대로83길 22 1층,070-7585-0002,https://www.instagram.com/cafe_kyo,,37.5631877,127.0648803,店舗単位,4.5,1,一般飲食店,https://www.google.com/maps/search/?api=1&query=37.5631877%2C127.0648803,https://map.naver.com/p/search/%EC%BF%84%EC%9A%B0%EC%BB%A4%ED%94%BC%20%EC%9E%A5%EC%95%88%EB%8F%99%20%EC%84%9C%EC%9A%B8%ED%8A%B9%EB%B3%84%EC%8B%9C%20%EB%8F%99%EB%8C%80%EB%AC%B8%EA%B5%AC%20%EC%B2%9C%ED%98%B8%EB%8C%80%EB%A1%9C83%EA%B8%B8%2022%201%EC%B8%B5,https://www.diningcode.com/profile.php?rid=62QDafNZJAwJ,"카페, 커피"
167,ごはん/Meal,ハイオグラウンド チャンアンドン,High Eo Ground Jangandong,하이어그라운드 장안동,バー・居酒屋,Bar & Pub,ワインバー,Wine Bar,店内OK / Indoors OK,なし/No,チャンハンピョン（長漢坪）,Janghanpyeong,550,チャンアンドン,Jangan-dong,東大門区,Dongdaemun-gu,서울특별시 동대문구 천호대로91길 57 1층,,https://www.instagram.com/higherground.seoul,,37.5641381,127.0698926,店舗単位,4.5,3,一般飲食店,https://www.google.com/maps/search/?api=1&query=37.5641381%2C127.0698926,https://map.naver.com/p/search/%ED%95%98%EC%9D%B4%EC%96%B4%EA%B7%B8%EB%9D%BC%EC%9A%B4%EB%93%9C%20%EC%9E%A5%EC%95%88%EB%8F%99%20%EC%84%9C%EC%9A%B8%ED%8A%B9%EB%B3%84%EC%8B%9C%20%EB%8F%99%EB%8C%80%EB%AC%B8%EA%B5%AC%20%EC%B2%9C%ED%98%B8%EB%8C%80%EB%A1%9C91%EA%B8%B8%2057%201%EC%B8%B5,https://www.diningcode.com/profile.php?rid=LoZ6RRm1Dmwt,와인바
168,カフェ/Cafe,ベイピ ピグ Baby Pig,Bay Bi Pigeu Baby Pig,베이비 피그 Baby Pig,カフェ・軽食,Cafe & Snacks,,,店内OK / Indoors OK,なし/No,フェギ（回基）,Hoegi,690,チョンノンドン,Jeonnong-dong,東大門区,Dongdaemun-gu,서울특별시 동대문구 전농로 233,070-4035-7754,https://www.instagram.com/__baby__pig,,37.5847729,127.0524609,建物単位,,0,軽飲食店,https://www.google.com/maps/search/?api=1&query=37.5847729%2C127.0524609,https://map.naver.com/p/search/%EB%B2%A0%EC%9D%B4%EB%B9%84%20%ED%94%BC%EA%B7%B8%20Baby%20Pig%20%EC%84%9C%EC%9A%B8%ED%8A%B9%EB%B3%84%EC%8B%9C%20%EB%8F%99%EB%8C%80%EB%AC%B8%EA%B5%AC%20%EC%A0%84%EB%86%8D%EB%A1%9C%20233,,
169,ごはん/Meal,シエロシネマ CieloCinema,Sierosinema CieloCinema,시에로시네마 CieloCinema,レストラン,Restaurant,,,店内OK / Indoors OK,なし/No,チョンリャンリ（清涼里）,Cheongnyangni,470,チョンノンドン,Jeonnong-dong,東大門区,Dongdaemun-gu,서울특별시 동대문구 서울시립대로 80-1,0503-7153-8828,https://www.instagram.com/cielocinema_/,,37.5779955,127.0493993,建物単位,,0,一般飲食店,https://www.google.com/maps/search/?api=1&query=37.5779955%2C127.0493993,https://map.naver.com/p/search/%EC%8B%9C%EC%97%90%EB%A1%9C%EC%8B%9C%EB%84%A4%EB%A7%88%20CieloCinema%20%EC%84%9C%EC%9A%B8%ED%8A%B9%EB%B3%84%EC%8B%9C%20%EB%8F%99%EB%8C%80%EB%AC%B8%EA%B5%AC%20%EC%84%9C%EC%9A%B8%EC%8B%9C%EB%A6%BD%EB%8C%80%EB%A1%9C%2080-1,,
170,カフェ/Cafe,カフェ レイオプ チョンノンドン,LAYUP,카페 레이업 전농동,スイーツ,Sweets,カフェ・デザート,"Cafe, Dessert",店内OK / Indoors OK,なし/No,チョンリャンリ（清涼里）,Cheongnyangni,1090,チョンノンドン,Jeonnong-dong,東大門区,Dongdaemun-gu,서울특별시 동대문구 전농로 153 2층 카페 레이업,070-8244-7165,https://www.instagram.com/cafelayup,,37.5785784,127.0569163,店舗単位,5,1,一般飲食店,https://www.google.com/maps/search/?api=1&query=37.5785784%2C127.0569163,https://map.naver.com/p/search/%EC%B9%B4%ED%8E%98%20%EB%A0%88%EC%9D%B4%EC%97%85%20%EC%A0%84%EB%86%8D%EB%8F%99%20%EC%84%9C%EC%9A%B8%ED%8A%B9%EB%B3%84%EC%8B%9C%20%EB%8F%99%EB%8C%80%EB%AC%B8%EA%B5%AC%20%EC%A0%84%EB%86%8D%EB%A1%9C%20153%202%EC%B8%B5%20%EC%B9%B4%ED%8E%98%20%EB%A0%88%EC%9D%B4%EC%97%85,https://www.diningcode.com/profile.php?rid=sSH8JDtZW2Og,"카페, 디저트"
171,ごはん/Meal,ミニュエッ フェギ,Minyuet Hoegi,미뉴엣 회기,サンドイッチ・サラダ,Sandwich & Salad,ブランチ・ポケ,"Brunch, Poke Bowl",店内OK / Indoors OK,あり/Yes,フェギ（回基）,Hoegi,230,フィギョンドン,Hwigyeong-dong,東大門区,Dongdaemun-gu,서울특별시 동대문구 망우로 19 1층 미뉴엣,,https://www.instagram.com/menewat_cafe/,,37.5881753,127.0555636,店舗単位,,0,一般飲食店,https://www.google.com/maps/search/?api=1&query=37.5881753%2C127.0555636,https://map.naver.com/p/search/%EB%AF%B8%EB%89%B4%EC%97%A3%20%ED%9A%8C%EA%B8%B0%20%EC%84%9C%EC%9A%B8%ED%8A%B9%EB%B3%84%EC%8B%9C%20%EB%8F%99%EB%8C%80%EB%AC%B8%EA%B5%AC%20%EB%A7%9D%EC%9A%B0%EB%A1%9C%2019%201%EC%B8%B5%20%EB%AF%B8%EB%89%B4%EC%97%A3,https://www.diningcode.com/profile.php?rid=ULldl7isUfpz,"브런치, 포케"
172,カフェ/Cafe,チャンヂソゲイッダゴサンサンウルヘ サンドヨク,Jandisogeitdagosangsangeulhae Sangdoyeok,잔디속에있다고상상을해 상도역,カフェ,Cafe,カフェ・ヴィーガン,"Cafe, Vegan",店内OK / Indoors OK,なし/No,サンド（上道）,Sangdo,150,,,銅雀区,Dongjak-gu,서울특별시 동작구 상도로 265-30 2층,0507-1326-1809,https://instagram.com/jandi_sok,,37.5042127,126.948811,店舗単位,4.4,7,一般飲食店,https://www.google.com/maps/search/?api=1&query=37.5042127%2C126.948811,https://map.naver.com/p/search/%EC%9E%94%EB%94%94%EC%86%8D%EC%97%90%EC%9E%88%EB%8B%A4%EA%B3%A0%EC%83%81%EC%83%81%EC%9D%84%ED%95%B4%20%EC%83%81%EB%8F%84%EC%97%AD%20%EC%84%9C%EC%9A%B8%ED%8A%B9%EB%B3%84%EC%8B%9C%20%EB%8F%99%EC%9E%91%EA%B5%AC%20%EC%83%81%EB%8F%84%EB%A1%9C%20265-30%202%EC%B8%B5,https://www.diningcode.com/profile.php?rid=eRL3UCPOUuCb,"카페, 비건"
173,ごはん/Meal,チョンナモク ノリャンジンジョム,Jeongnamok Noryangjinjeom,정남옥 노량진점,韓国料理,Korean,スンデグク・釜炊き,"Sundae Soup, Cauldron-cooked",店内OK / Indoors OK,なし/No,ノリャンジン（鷺梁津）,Noryangjin,80,ノリャンジンドン,Noryangjin-dong,銅雀区,Dongjak-gu,서울특별시 동작구 노량진로 148-5 1층,,,,37.5132839,126.9424045,店舗単位,3.8,2,一般飲食店,https://www.google.com/maps/search/?api=1&query=37.5132839%2C126.9424045,https://map.naver.com/p/search/%EC%A0%95%EB%82%A8%EC%98%A5%20%EB%85%B8%EB%9F%89%EC%A7%84%EC%A0%90%20%EC%84%9C%EC%9A%B8%ED%8A%B9%EB%B3%84%EC%8B%9C%20%EB%8F%99%EC%9E%91%EA%B5%AC%20%EB%85%B8%EB%9F%89%EC%A7%84%EB%A1%9C%20148-5%201%EC%B8%B5,https://www.diningcode.com/profile.php?rid=dDRNJXrJqpLy,"순대국, 가마솥"
174,ごはん/Meal,スペース ノドル ケイ,Space Nodeul Kei,스페이스 노들 케이,レストラン,Restaurant,,,店内OK / Indoors OK,なし/No,フクソク（黒石）,Heukseok,580,ポンドン,Bon-dong,銅雀区,Dongjak-gu,서울특별시 동작구 현충로 11,,,,37.5059439,126.9697007,通り単位,,0,一般飲食店,https://www.google.com/maps/search/?api=1&query=37.5059439%2C126.9697007,https://map.naver.com/p/search/%EC%8A%A4%ED%8E%98%EC%9D%B4%EC%8A%A4%20%EB%85%B8%EB%93%A4%20%EC%BC%80%EC%9D%B4%20%EC%84%9C%EC%9A%B8%ED%8A%B9%EB%B3%84%EC%8B%9C%20%EB%8F%99%EC%9E%91%EA%B5%AC%20%ED%98%84%EC%B6%A9%EB%A1%9C%2011,,
175,カフェ/Cafe,モチコーヒー サダン,muchcoffee,머치커피 사당,コーヒー専門,Specialty Coffee,コーヒー・カフェ,"Coffee, Cafe",店内OK / Indoors OK,あり/Yes,サダン（舍堂）,Sadang,500,サダンドン,Sadang-dong,銅雀区,Dongjak-gu,서울특별시 동작구 동작대로9길 43 1층,0507-1320-2726,https://www.instagram.com/muchcoffee_official/,,37.4806376,126.9791328,店舗単位,4.4,20,一般飲食店,https://www.google.com/maps/search/?api=1&query=37.4806376%2C126.9791328,https://map.naver.com/p/search/%EB%A8%B8%EC%B9%98%EC%BB%A4%ED%94%BC%20%EC%82%AC%EB%8B%B9%20%EC%84%9C%EC%9A%B8%ED%8A%B9%EB%B3%84%EC%8B%9C%20%EB%8F%99%EC%9E%91%EA%B5%AC%20%EB%8F%99%EC%9E%91%EB%8C%80%EB%A1%9C9%EA%B8%B8%2043%201%EC%B8%B5,https://www.diningcode.com/profile.php?rid=t1bcxAQ9Gttt,"커피, 카페"
176,ごはん/Meal,セノクコリア,Senokkoria,세녹코리아,レストラン,Restaurant,,,店内OK / Indoors OK,なし/No,スンシルデイプグ（崇実大入口）,Soongsil Univ.,220,サダンドン,Sadang-dong,銅雀区,Dongjak-gu,서울특별시 동작구 사당로 304,,,,37.4953327,126.9565573,通り単位,,0,一般飲食店,https://www.google.com/maps/search/?api=1&query=37.4953327%2C126.9565573,https://map.naver.com/p/search/%EC%84%B8%EB%85%B9%EC%BD%94%EB%A6%AC%EC%95%84%20%EC%84%9C%EC%9A%B8%ED%8A%B9%EB%B3%84%EC%8B%9C%20%EB%8F%99%EC%9E%91%EA%B5%AC%20%EC%82%AC%EB%8B%B9%EB%A1%9C%20304,,
177,カフェ/Cafe,オルアラウンドユ ナムソンヨク,ALL AROUND YOU,올어라운드유 남성역,スイーツ,Sweets,デザート・カフェ,"Dessert, Cafe",店内OK / Indoors OK,なし/No,ナムソン（南城）,Namseong,260,サダンドン,Sadang-dong,銅雀区,Dongjak-gu,서울특별시 동작구 사당로 188,0507-1411-5513,,,37.4854414,126.969234,店舗単位,4,2,一般飲食店,https://www.google.com/maps/search/?api=1&query=37.4854414%2C126.969234,https://map.naver.com/p/search/%EC%98%AC%EC%96%B4%EB%9D%BC%EC%9A%B4%EB%93%9C%EC%9C%A0%20%EB%82%A8%EC%84%B1%EC%97%AD%20%EC%84%9C%EC%9A%B8%ED%8A%B9%EB%B3%84%EC%8B%9C%20%EB%8F%99%EC%9E%91%EA%B5%AC%20%EC%82%AC%EB%8B%B9%EB%A1%9C%20188,https://www.diningcode.com/profile.php?rid=hpnhU8Whj0Od,"디저트, 카페"
178,カフェ/Cafe,チョンウ チハウス サダンヨク,Jeongu Ti House Sadangyeok,정우 티하우스 사당역,茶カフェ,Tea House,カフェ・茶館,"Cafe, Tea House",店内OK / Indoors OK,なし/No,サダン（舍堂）,Sadang,390,サダンドン,Sadang-dong,銅雀区,Dongjak-gu,서울특별시 동작구 동작대로9가길 18-1 1층,,https://www.instagram.com/jungwoo_teahouse,,37.4796419,126.9795018,店舗単位,,0,軽飲食店,https://www.google.com/maps/search/?api=1&query=37.4796419%2C126.9795018,https://map.naver.com/p/search/%EC%A0%95%EC%9A%B0%20%ED%8B%B0%ED%95%98%EC%9A%B0%EC%8A%A4%20%EC%82%AC%EB%8B%B9%EC%97%AD%20%EC%84%9C%EC%9A%B8%ED%8A%B9%EB%B3%84%EC%8B%9C%20%EB%8F%99%EC%9E%91%EA%B5%AC%20%EB%8F%99%EC%9E%91%EB%8C%80%EB%A1%9C9%EA%B0%80%EA%B8%B8%2018-1%201%EC%B8%B5,https://www.diningcode.com/profile.php?rid=WT9wmk5b8CL2,"카페, 찻집"
179,ごはん/Meal,ハッピーペペ サンドドン,HAPPY FEFE,해피페페 상도동,ブランチ,Brunch,ブランチ,Brunch,店内OK / Indoors OK,なし/No,シンデバンサムゴリ（新大方）,Sindaebangsamgeori,670,サンドドン,Sangdo-dong,銅雀区,Dongjak-gu,서울특별시 동작구 성대로 87 101호 해피페페,,,,37.4977759,126.9354371,店舗単位,5,1,一般飲食店,https://www.google.com/maps/search/?api=1&query=37.4977759%2C126.9354371,https://map.naver.com/p/search/%ED%95%B4%ED%94%BC%ED%8E%98%ED%8E%98%20%EC%83%81%EB%8F%84%EB%8F%99%20%EC%84%9C%EC%9A%B8%ED%8A%B9%EB%B3%84%EC%8B%9C%20%EB%8F%99%EC%9E%91%EA%B5%AC%20%EC%84%B1%EB%8C%80%EB%A1%9C%2087%20101%ED%98%B8%20%ED%95%B4%ED%94%BC%ED%8E%98%ED%8E%98,https://www.diningcode.com/profile.php?rid=vRpzO4VFZnyr,브런치
180,カフェ/Cafe,チクテクコーヒー シンデバンヨク,tick-tack coffee,틱택커피 신대방역,コーヒー専門,Specialty Coffee,カフェ・オレンジ,"Cafe, Orange",店内OK / Indoors OK,なし/No,シンデバン（新大方）,Sindaebang,170,シンデバンドン,Sindaebang-dong,銅雀区,Dongjak-gu,서울특별시 동작구 대림로 16 1층,070-4577-7906,https://www.instagram.com/ticktack_coffee,,37.4873795,126.9114842,店舗単位,4.4,10,一般飲食店,https://www.google.com/maps/search/?api=1&query=37.4873795%2C126.9114842,https://map.naver.com/p/search/%ED%8B%B1%ED%83%9D%EC%BB%A4%ED%94%BC%20%EC%8B%A0%EB%8C%80%EB%B0%A9%EC%97%AD%20%EC%84%9C%EC%9A%B8%ED%8A%B9%EB%B3%84%EC%8B%9C%20%EB%8F%99%EC%9E%91%EA%B5%AC%20%EB%8C%80%EB%A6%BC%EB%A1%9C%2016%201%EC%B8%B5,https://www.diningcode.com/profile.php?rid=9qjEjAiK2h7N,"카페, 오렌지"
181,カフェ/Cafe,プラウニンコーヒー コンドク,Browning coffee,브라우닝커피 공덕,コーヒー専門,Specialty Coffee,コーヒー・カフェ,"Coffee, Cafe",店内OK / Indoors OK,あり/Yes,コンドク（孔徳）,Gongdeok,400,コンドクドン,Gongdeok-dong,麻浦区,Mapo-gu,서울특별시 마포구 백범로 152 201동 1층 9호,0503-7150-5867,https://www.instagram.com/browning_coffee,,37.545277,126.9468072,店舗単位,4.5,4,軽飲食店,https://www.google.com/maps/search/?api=1&query=37.545277%2C126.9468072,https://map.naver.com/p/search/%EB%B8%8C%EB%9D%BC%EC%9A%B0%EB%8B%9D%EC%BB%A4%ED%94%BC%20%EA%B3%B5%EB%8D%95%20%EC%84%9C%EC%9A%B8%ED%8A%B9%EB%B3%84%EC%8B%9C%20%EB%A7%88%ED%8F%AC%EA%B5%AC%20%EB%B0%B1%EB%B2%94%EB%A1%9C%20152%20201%EB%8F%99%201%EC%B8%B5%209%ED%98%B8,https://www.diningcode.com/profile.php?rid=Cgpv5jM0BBme,"커피, 카페"
182,ごはん/Meal,タプナド コンドク,Tapeunadeu Gongdeok,타프나드 공덕,ブランチ,Brunch,カフェ・ブランチ,"Cafe, Brunch",店内OK / Indoors OK,なし/No,エオゲ,Aeogae,630,コンドクドン,Gongdeok-dong,麻浦区,Mapo-gu,"서울특별시 마포구 만리재로 90 1층, 타프나드",0507-1423-8964,http://www.instagram.com/tapenade_,,37.5481651,126.9592774,店舗単位,,0,一般飲食店,https://www.google.com/maps/search/?api=1&query=37.5481651%2C126.9592774,https://map.naver.com/p/search/%ED%83%80%ED%94%84%EB%82%98%EB%93%9C%20%EA%B3%B5%EB%8D%95%20%EC%84%9C%EC%9A%B8%ED%8A%B9%EB%B3%84%EC%8B%9C%20%EB%A7%88%ED%8F%AC%EA%B5%AC%20%EB%A7%8C%EB%A6%AC%EC%9E%AC%EB%A1%9C%2090%201%EC%B8%B5%2C%20%ED%83%80%ED%94%84%EB%82%98%EB%93%9C,https://www.diningcode.com/profile.php?rid=JygYLoW9bdCL,"카페, 브런치"
183,ごはん/Meal,パムポム,Pampom,팜폼,レストラン,Restaurant,,,店内OK / Indoors OK,なし/No,エオゲ,Aeogae,690,コンドクドン,Gongdeok-dong,麻浦区,Mapo-gu,서울특별시 마포구 효창목길 18,,,,37.5477644,126.9598939,建物単位,,0,一般飲食店,https://www.google.com/maps/search/?api=1&query=37.5477644%2C126.9598939,https://map.naver.com/p/search/%ED%8C%9C%ED%8F%BC%20%EC%84%9C%EC%9A%B8%ED%8A%B9%EB%B3%84%EC%8B%9C%20%EB%A7%88%ED%8F%AC%EA%B5%AC%20%ED%9A%A8%EC%B0%BD%EB%AA%A9%EA%B8%B8%2018,,
184,カフェ/Cafe,カフェ ドゥニュ,Denu,카페 드뉴 광흥창역,カフェ,Cafe,エッグタルト・コーヒー,"Cafe, Egg Tart",店内OK / Indoors OK,なし/No,クァンフンチャン（広興倉）,Gwangheungchang,110,広興倉（クァンフンチャン）,Gwangheungchang,麻浦区,Mapo-gu,서울특별시 마포구 독막로24길 11 1층,0503-7152-5859,https://www.instagram.com/cafe_denu,,37.5466871,126.9327919,店舗単位,4.5,3,一般飲食店,https://www.google.com/maps/search/?api=1&query=37.5466871%2C126.9327919,https://map.naver.com/p/search/%EC%B9%B4%ED%8E%98%20%EB%93%9C%EB%89%B4%20%EA%B4%91%ED%9D%A5%EC%B0%BD%EC%97%AD%20%EC%84%9C%EC%9A%B8%ED%8A%B9%EB%B3%84%EC%8B%9C%20%EB%A7%88%ED%8F%AC%EA%B5%AC%20%EB%8F%85%EB%A7%89%EB%A1%9C24%EA%B8%B8%2011%201%EC%B8%B5,https://www.diningcode.com/profile.php?rid=WEtuSAGcu1Ih,"카페, 에그타르트"
185,ごはん/Meal,ランゲ,Langhe,랑게 대흥역,イタリアン,Italian,パスタ（ウニパスタ）,"Pasta, Uni Pasta",店内OK / Indoors OK,なし/No,テフン（大興）,Daeheung,290,大興（テフン）,Daeheung,麻浦区,Mapo-gu,서울특별시 마포구 독막로31길 10 1층,02-6052-8920,https://www.instagram.com/langhe_diningbar/,,37.5476821,126.9390864,店舗単位,5,1,一般飲食店,https://www.google.com/maps/search/?api=1&query=37.5476821%2C126.9390864,https://map.naver.com/p/search/%EB%9E%91%EA%B2%8C%20%EB%8C%80%ED%9D%A5%EC%97%AD%20%EC%84%9C%EC%9A%B8%ED%8A%B9%EB%B3%84%EC%8B%9C%20%EB%A7%88%ED%8F%AC%EA%B5%AC%20%EB%8F%85%EB%A7%89%EB%A1%9C31%EA%B8%B8%2010%201%EC%B8%B5,https://www.diningcode.com/profile.php?rid=NVnSW1rbp9W9,"파스타, 우니파스타"
186,ごはん/Meal,トンマギョク テフンヨク,Dongmagyeok Daeheungyeok,동막역 대흥역,イタリアン,Italian,パスタ・ビストロ,"Pasta, Bistro",店内OK / Indoors OK,あり/Yes,テフン（大興）,Daeheung,210,テフンドン,Daeheung-dong,麻浦区,Mapo-gu,서울특별시 마포구 백범로16안길 33,02-715-3404,https://www.instagram.com/dongmakyeok,,37.5463194,126.9438897,店舗単位,3.3,2,一般飲食店,https://www.google.com/maps/search/?api=1&query=37.5463194%2C126.9438897,https://map.naver.com/p/search/%EB%8F%99%EB%A7%89%EC%97%AD%20%EB%8C%80%ED%9D%A5%EC%97%AD%20%EC%84%9C%EC%9A%B8%ED%8A%B9%EB%B3%84%EC%8B%9C%20%EB%A7%88%ED%8F%AC%EA%B5%AC%20%EB%B0%B1%EB%B2%94%EB%A1%9C16%EC%95%88%EA%B8%B8%2033,https://www.diningcode.com/profile.php?rid=s1bEmsNbmkgg,"파스타, 비스트로"
187,ごはん/Meal,ポムグァヨルムサイ,Bomgwayeoreumsai,봄과여름사이,レストラン,Restaurant,,,店内OK / Indoors OK,なし/No,テフン（大興）,Daeheung,120,テフンドン,Daeheung-dong,麻浦区,Mapo-gu,서울특별시 마포구 백범로17길 45,,,,37.5477438,126.9436623,通り単位,,0,一般飲食店,https://www.google.com/maps/search/?api=1&query=37.5477438%2C126.9436623,https://map.naver.com/p/search/%EB%B4%84%EA%B3%BC%EC%97%AC%EB%A6%84%EC%82%AC%EC%9D%B4%20%EC%84%9C%EC%9A%B8%ED%8A%B9%EB%B3%84%EC%8B%9C%20%EB%A7%88%ED%8F%AC%EA%B5%AC%20%EB%B0%B1%EB%B2%94%EB%A1%9C17%EA%B8%B8%2045,,
188,ごはん/Meal,オルノ コンドク,Oreuno Gongdeok,오르노 공덕,ピザ,Pizza,薪窯ピザ,Wood-fired Pizza,店内OK / Indoors OK,あり/Yes,テフン（大興）,Daeheung,260,テフンドン,Daeheung-dong,麻浦区,Mapo-gu,"서울특별시 마포구 백범로20길 26 1층, 2층",02-6941-0700,https://www.instagram.com/horno_seoul/,,37.5458222,126.9440654,店舗単位,4.4,10,一般飲食店,https://www.google.com/maps/search/?api=1&query=37.5458222%2C126.9440654,https://map.naver.com/p/search/%EC%98%A4%EB%A5%B4%EB%85%B8%20%EA%B3%B5%EB%8D%95%20%EC%84%9C%EC%9A%B8%ED%8A%B9%EB%B3%84%EC%8B%9C%20%EB%A7%88%ED%8F%AC%EA%B5%AC%20%EB%B0%B1%EB%B2%94%EB%A1%9C20%EA%B8%B8%2026%201%EC%B8%B5%2C%202%EC%B8%B5,https://www.diningcode.com/profile.php?rid=h8ddyDCA3Q0U,화덕피자
189,カフェ/Cafe,キホ マポヨク,Giho Mapoyeok,기호 마포역,コーヒー専門,Specialty Coffee,コーヒー・カフェ,"Coffee, Cafe",店内OK / Indoors OK,なし/No,マポ（麻浦）,Mapo,220,トファドン,Dohwa-dong,麻浦区,Mapo-gu,"서울특별시 마포구 삼개로 28-5 1층, 2층",0503-7152-2237,https://www.instagram.com/giho_24.11,,37.5378548,126.9469985,店舗単位,5,1,一般飲食店,https://www.google.com/maps/search/?api=1&query=37.5378548%2C126.9469985,https://map.naver.com/p/search/%EA%B8%B0%ED%98%B8%20%EB%A7%88%ED%8F%AC%EC%97%AD%20%EC%84%9C%EC%9A%B8%ED%8A%B9%EB%B3%84%EC%8B%9C%20%EB%A7%88%ED%8F%AC%EA%B5%AC%20%EC%82%BC%EA%B0%9C%EB%A1%9C%2028-5%201%EC%B8%B5%2C%202%EC%B8%B5,https://www.diningcode.com/profile.php?rid=kL2azPeSydKJ,"커피, 카페"
190,カフェ/Cafe,コムポジュコーヒー コンドゴゴリジョム,Keompojeu Coffee Gongdeogogeorijeom,컴포즈커피 공덕오거리점,コーヒー専門,Specialty Coffee,コーヒー・バニラクリームラテ,"Coffee, Vanilla Cream Latte",店内OK / Indoors OK,なし/No,コンドク（孔徳）,Gongdeok,190,トファドン,Dohwa-dong,麻浦区,Mapo-gu,서울특별시 마포구 새창로 14 1층,,,,37.5420534,126.9515333,店舗単位,,0,軽飲食店,https://www.google.com/maps/search/?api=1&query=37.5420534%2C126.9515333,https://map.naver.com/p/search/%EC%BB%B4%ED%8F%AC%EC%A6%88%EC%BB%A4%ED%94%BC%20%EA%B3%B5%EB%8D%95%EC%98%A4%EA%B1%B0%EB%A6%AC%EC%A0%90%20%EC%84%9C%EC%9A%B8%ED%8A%B9%EB%B3%84%EC%8B%9C%20%EB%A7%88%ED%8F%AC%EA%B5%AC%20%EC%83%88%EC%B0%BD%EB%A1%9C%2014%201%EC%B8%B5,https://www.diningcode.com/profile.php?rid=vMy2qNRKeB0h,"커피, 바닐라크림라떼"
191,ごはん/Meal,ピロソ ハウス,Biroso House,비로소 하우스,レストラン,Restaurant,,,店内OK / Indoors OK,なし/No,ホンデイプグ（弘大入口）,Hongik Univ.,330,トンギョドン,Donggyo-dong,麻浦区,Mapo-gu,서울특별시 마포구 동교로30길 19,,,,37.5600047,126.9251759,建物単位,,0,一般飲食店,https://www.google.com/maps/search/?api=1&query=37.5600047%2C126.9251759,https://map.naver.com/p/search/%EB%B9%84%EB%A1%9C%EC%86%8C%20%ED%95%98%EC%9A%B0%EC%8A%A4%20%EC%84%9C%EC%9A%B8%ED%8A%B9%EB%B3%84%EC%8B%9C%20%EB%A7%88%ED%8F%AC%EA%B5%AC%20%EB%8F%99%EA%B5%90%EB%A1%9C30%EA%B8%B8%2019,,
192,ごはん/Meal,シチリアブルース,Sicily Blues,시칠리 블루스 망원동,バー・居酒屋,Bar & Pub,ワイン・イタリアン小皿,Wine Bar,店内OK / Indoors OK,あり/Yes,マンウォン（望遠）,Mangwon,570,望遠（マンウォン）,Mangwon,麻浦区,Mapo-gu,서울특별시 마포구 망원로6길 59 1층,010-3000-0341,https://www.instagram.com/sicilyblues,,37.5543883,126.9040362,店舗単位,4.3,4,一般飲食店,https://www.google.com/maps/search/?api=1&query=37.5543883%2C126.9040362,https://map.naver.com/p/search/%EC%8B%9C%EC%B9%A0%EB%A6%AC%20%EB%B8%94%EB%A3%A8%EC%8A%A4%20%EB%A7%9D%EC%9B%90%EB%8F%99%20%EC%84%9C%EC%9A%B8%ED%8A%B9%EB%B3%84%EC%8B%9C%20%EB%A7%88%ED%8F%AC%EA%B5%AC%20%EB%A7%9D%EC%9B%90%EB%A1%9C6%EA%B8%B8%2059%201%EC%B8%B5,https://www.diningcode.com/profile.php?rid=bP5YaW8VJ1mK,와인바
193,カフェ/Cafe,ピリコーヒー,Pilri Coffee Mangwondong,필리커피 망원동,カフェ,Cafe,クロワッサン・ラテ,"Croissant, Latte",店内OK / Indoors OK,あり/Yes,マンウォン（望遠）,Mangwon,450,望遠（マンウォン）,Mangwon,麻浦区,Mapo-gu,"서울특별시 마포구 월드컵로25길 26 101동 1-021, 022호",010-8772-0312,https://www.instagram.com/fillycoffee.seoul,,37.5582009,126.9058687,店舗単位,4.6,13,一般飲食店,https://www.google.com/maps/search/?api=1&query=37.5582009%2C126.9058687,https://map.naver.com/p/search/%ED%95%84%EB%A6%AC%EC%BB%A4%ED%94%BC%20%EB%A7%9D%EC%9B%90%EB%8F%99%20%EC%84%9C%EC%9A%B8%ED%8A%B9%EB%B3%84%EC%8B%9C%20%EB%A7%88%ED%8F%AC%EA%B5%AC%20%EC%9B%94%EB%93%9C%EC%BB%B5%EB%A1%9C25%EA%B8%B8%2026%20101%EB%8F%99%201-021%2C%20022%ED%98%B8,https://www.diningcode.com/profile.php?rid=w3SoOJIKzwae,"크로와상, 라떼"
194,ごはん/Meal,生メクジュッジプ,生 Maekjutjip,生맥줏집,レストラン,Restaurant,,,店内OK / Indoors OK,なし/No,マポグチョン（麻浦区庁）,Mapo-gu Office,520,マンウォンドン,Mangwon-dong,麻浦区,Mapo-gu,서울특별시 마포구 월드컵로29길 7,,,,37.5589324,126.9029254,通り単位,,0,一般飲食店,https://www.google.com/maps/search/?api=1&query=37.5589324%2C126.9029254,https://map.naver.com/p/search/%E7%94%9F%EB%A7%A5%EC%A4%8F%EC%A7%91%20%EC%84%9C%EC%9A%B8%ED%8A%B9%EB%B3%84%EC%8B%9C%20%EB%A7%88%ED%8F%AC%EA%B5%AC%20%EC%9B%94%EB%93%9C%EC%BB%B5%EB%A1%9C29%EA%B8%B8%207,,
195,ごはん/Meal,クランウェイブ,GRANWAVE,그랑웨이브,レストラン,Restaurant,,,店内OK / Indoors OK,なし/No,マンウォン（望遠）,Mangwon,560,マンウォンドン,Mangwon-dong,麻浦区,Mapo-gu,서울특별시 마포구 희우정로20길 63,0502-5550-7182,https://www.instagram.com/granwave,,37.5561859,126.9037833,建物単位,,0,一般飲食店,https://www.google.com/maps/search/?api=1&query=37.5561859%2C126.9037833,https://map.naver.com/p/search/%EA%B7%B8%EB%9E%91%EC%9B%A8%EC%9D%B4%EB%B8%8C%20%EC%84%9C%EC%9A%B8%ED%8A%B9%EB%B3%84%EC%8B%9C%20%EB%A7%88%ED%8F%AC%EA%B5%AC%20%ED%9D%AC%EC%9A%B0%EC%A0%95%EB%A1%9C20%EA%B8%B8%2063,,
196,カフェ/Cafe,ナット NATT,Natteu NATT,낫트 NATT,カフェ・軽食,Cafe & Snacks,,,店内OK / Indoors OK,なし/No,マンウォン（望遠）,Mangwon,550,マンウォンドン,Mangwon-dong,麻浦区,Mapo-gu,서울특별시 마포구 희우정로12길 11,,https://www.instagram.com/nattcoffe.e,,37.5538367,126.9045317,通り単位,,0,軽飲食店,https://www.google.com/maps/search/?api=1&query=37.5538367%2C126.9045317,https://map.naver.com/p/search/%EB%82%AB%ED%8A%B8%20NATT%20%EC%84%9C%EC%9A%B8%ED%8A%B9%EB%B3%84%EC%8B%9C%20%EB%A7%88%ED%8F%AC%EA%B5%AC%20%ED%9D%AC%EC%9A%B0%EC%A0%95%EB%A1%9C12%EA%B8%B8%2011,,
197,カフェ/Cafe,ネイミジュマビン マンウォンハンガンジョム,NAME iS MAVIN,네임이즈마빈 망원한강점,カフェ,Cafe,カフェ・ホットドッグ,"Cafe, Hot Dog",店内OK / Indoors OK,あり/Yes,マポグチョン（麻浦区庁）,Mapo-gu Office,890,マンウォンドン,Mangwon-dong,麻浦区,Mapo-gu,서울특별시 마포구 망원로 24 1층,,,,37.556119,126.8996206,店舗単位,,0,一般飲食店,https://www.google.com/maps/search/?api=1&query=37.556119%2C126.8996206,https://map.naver.com/p/search/%EB%84%A4%EC%9E%84%EC%9D%B4%EC%A6%88%EB%A7%88%EB%B9%88%20%EB%A7%9D%EC%9B%90%ED%95%9C%EA%B0%95%EC%A0%90%20%EC%84%9C%EC%9A%B8%ED%8A%B9%EB%B3%84%EC%8B%9C%20%EB%A7%88%ED%8F%AC%EA%B5%AC%20%EB%A7%9D%EC%9B%90%EB%A1%9C%2024%201%EC%B8%B5,https://www.diningcode.com/profile.php?rid=Ijuj2yVGdAQX,"카페, 핫도그"
198,カフェ/Cafe,ヌヤグ マンウォンドン,Nuyageu Mangwondong,누야그 망원동,スイーツ,Sweets,デザート・タルト,"Dessert, Tart",店内OK / Indoors OK,なし/No,マンウォン（望遠）,Mangwon,590,マンウォンドン,Mangwon-dong,麻浦区,Mapo-gu,서울특별시 마포구 희우정로10안길 7 1층 101호,0502-5554-1411,https://www.instagram.com/nooyagbakes,,37.5527765,126.904883,店舗単位,4.8,2,一般飲食店,https://www.google.com/maps/search/?api=1&query=37.5527765%2C126.904883,https://map.naver.com/p/search/%EB%88%84%EC%95%BC%EA%B7%B8%20%EB%A7%9D%EC%9B%90%EB%8F%99%20%EC%84%9C%EC%9A%B8%ED%8A%B9%EB%B3%84%EC%8B%9C%20%EB%A7%88%ED%8F%AC%EA%B5%AC%20%ED%9D%AC%EC%9A%B0%EC%A0%95%EB%A1%9C10%EC%95%88%EA%B8%B8%207%201%EC%B8%B5%20101%ED%98%B8,https://www.diningcode.com/profile.php?rid=WzorKzkAGkJt,"디저트, 타르트"
199,カフェ/Cafe,ニュケイス マンウォン,Nyukeiseu Mangwon,뉴케이스 망원,カフェ,Cafe,カフェ,Cafe,店内OK / Indoors OK,なし/No,マポグチョン（麻浦区庁）,Mapo-gu Office,1260,マンウォンドン,Mangwon-dong,麻浦区,Mapo-gu,서울특별시 마포구 마포나루길 420 3층,,https://www.instagram.com/newcase.kr,,37.5545852,126.8947169,店舗単位,5,2,一般飲食店,https://www.google.com/maps/search/?api=1&query=37.5545852%2C126.8947169,https://map.naver.com/p/search/%EB%89%B4%EC%BC%80%EC%9D%B4%EC%8A%A4%20%EB%A7%9D%EC%9B%90%20%EC%84%9C%EC%9A%B8%ED%8A%B9%EB%B3%84%EC%8B%9C%20%EB%A7%88%ED%8F%AC%EA%B5%AC%20%EB%A7%88%ED%8F%AC%EB%82%98%EB%A3%A8%EA%B8%B8%20420%203%EC%B8%B5,https://www.diningcode.com/profile.php?rid=ielP7S2tBGEQ,카페
200,ごはん/Meal,レオッチ,LEOTTI,레오띠,レストラン,Restaurant,,,店内OK / Indoors OK,なし/No,マンウォン（望遠）,Mangwon,860,マンウォンドン,Mangwon-dong,麻浦区,Mapo-gu,서울특별시 마포구 망원로2길 96,,,,37.5558657,126.9003507,通り単位,,0,一般飲食店,https://www.google.com/maps/search/?api=1&query=37.5558657%2C126.9003507,https://map.naver.com/p/search/%EB%A0%88%EC%98%A4%EB%9D%A0%20%EC%84%9C%EC%9A%B8%ED%8A%B9%EB%B3%84%EC%8B%9C%20%EB%A7%88%ED%8F%AC%EA%B5%AC%20%EB%A7%9D%EC%9B%90%EB%A1%9C2%EA%B8%B8%2096,,
201,ごはん/Meal,マンッカクジ,Mangkkakji,망깍지,レストラン,Restaurant,,,店内OK / Indoors OK,なし/No,マンウォン（望遠）,Mangwon,540,マンウォンドン,Mangwon-dong,麻浦区,Mapo-gu,서울특별시 마포구 망원로 67,010-9928-7759,https://www.instagram.com/mangkakzi?igsh=aDlhbmg3Ym94cG5z&utm_source=qr,,37.5573333,126.9041744,建物単位,,0,一般飲食店,https://www.google.com/maps/search/?api=1&query=37.5573333%2C126.9041744,https://map.naver.com/p/search/%EB%A7%9D%EA%B9%8D%EC%A7%80%20%EC%84%9C%EC%9A%B8%ED%8A%B9%EB%B3%84%EC%8B%9C%20%EB%A7%88%ED%8F%AC%EA%B5%AC%20%EB%A7%9D%EC%9B%90%EB%A1%9C%2067,,
202,ごはん/Meal,サンチョンエンフクヅェジ,9ram,산청엔흑돼지,焼肉,Korean BBQ,黒豚・焼肉,"Black Pork, Korean BBQ",店内OK / Indoors OK,なし/No,マンウォン（望遠）,Mangwon,490,マンウォンドン,Mangwon-dong,麻浦区,Mapo-gu,서울특별시 마포구 포은로 110,02-322-8713,,,37.5568009,126.9046827,店舗単位,4.8,15,一般飲食店,https://www.google.com/maps/search/?api=1&query=37.5568009%2C126.9046827,https://map.naver.com/p/search/%EC%82%B0%EC%B2%AD%EC%97%94%ED%9D%91%EB%8F%BC%EC%A7%80%20%EC%84%9C%EC%9A%B8%ED%8A%B9%EB%B3%84%EC%8B%9C%20%EB%A7%88%ED%8F%AC%EA%B5%AC%20%ED%8F%AC%EC%9D%80%EB%A1%9C%20110,https://www.diningcode.com/profile.php?rid=iKfqttjcvHlQ,"흑돼지, 고기집"
203,カフェ/Cafe,ソピ SOffee,Sopi SOffee,소피 SOffee,ベーカリー,Bakery,,,店内OK / Indoors OK,なし/No,マンウォン（望遠）,Mangwon,690,マンウォンドン,Mangwon-dong,麻浦区,Mapo-gu,서울특별시 마포구 망원로 49-1,,,,37.5569664,126.9024477,建物単位,,0,ベーカリー営業,https://www.google.com/maps/search/?api=1&query=37.5569664%2C126.9024477,https://map.naver.com/p/search/%EC%86%8C%ED%94%BC%20SOffee%20%EC%84%9C%EC%9A%B8%ED%8A%B9%EB%B3%84%EC%8B%9C%20%EB%A7%88%ED%8F%AC%EA%B5%AC%20%EB%A7%9D%EC%9B%90%EB%A1%9C%2049-1,,
204,カフェ/Cafe,エグミル マンウォンドン,Egeumil Mangwondong,에그밀 망원동,スイーツ,Sweets,デザート・エッグタルト,"Dessert, Egg Tart",店内OK / Indoors OK,なし/No,マポグチョン（麻浦区庁）,Mapo-gu Office,440,マンウォンドン,Mangwon-dong,麻浦区,Mapo-gu,서울특별시 마포구 포은로 146 1층 에그밀,0503-7153-7186,https://www.instagram.com/_eggmill,,37.5595819,126.9031078,店舗単位,3,1,軽飲食店,https://www.google.com/maps/search/?api=1&query=37.5595819%2C126.9031078,https://map.naver.com/p/search/%EC%97%90%EA%B7%B8%EB%B0%80%20%EB%A7%9D%EC%9B%90%EB%8F%99%20%EC%84%9C%EC%9A%B8%ED%8A%B9%EB%B3%84%EC%8B%9C%20%EB%A7%88%ED%8F%AC%EA%B5%AC%20%ED%8F%AC%EC%9D%80%EB%A1%9C%20146%201%EC%B8%B5%20%EC%97%90%EA%B7%B8%EB%B0%80,https://www.diningcode.com/profile.php?rid=fdzLGIcEN1RY,"디저트, 에그타르트"
205,ごはん/Meal,キタミ,Kitami,키타미,日本料理,Japanese,お好み焼き・焼きそば,"Okonomiyaki, Yakisoba",店内OK / Indoors OK,なし/No,マンウォン（望遠）,Mangwon,700,マンウォンドン,Mangwon-dong,麻浦区,Mapo-gu,서울특별시 마포구 월드컵로25길 99 1층,0503-7150-0258,http://instagram.com/kitami.mangwon,,37.5573087,126.902384,店舗単位,4.7,17,軽飲食店,https://www.google.com/maps/search/?api=1&query=37.5573087%2C126.902384,https://map.naver.com/p/search/%ED%82%A4%ED%83%80%EB%AF%B8%20%EC%84%9C%EC%9A%B8%ED%8A%B9%EB%B3%84%EC%8B%9C%20%EB%A7%88%ED%8F%AC%EA%B5%AC%20%EC%9B%94%EB%93%9C%EC%BB%B5%EB%A1%9C25%EA%B8%B8%2099%201%EC%B8%B5,https://www.diningcode.com/profile.php?rid=yZDxl2z1Ii0L,"오코노미야키, 야끼소바"
206,ごはん/Meal,キンブロ マンウォンドン,Kingbeuro Mangwondong,킹브로 망원동,ピザ,Pizza,ピザ・自家製ピザ,"Pizza, Handmade Pizza",店内OK / Indoors OK,あり/Yes,マンウォン（望遠）,Mangwon,510,マンウォンドン,Mangwon-dong,麻浦区,Mapo-gu,서울특별시 마포구 희우정로10길 29,02-6326-6367,https://www.instagram.com/kingbro_6367,,37.5532663,126.9055248,店舗単位,5,1,一般飲食店,https://www.google.com/maps/search/?api=1&query=37.5532663%2C126.9055248,https://map.naver.com/p/search/%ED%82%B9%EB%B8%8C%EB%A1%9C%20%EB%A7%9D%EC%9B%90%EB%8F%99%20%EC%84%9C%EC%9A%B8%ED%8A%B9%EB%B3%84%EC%8B%9C%20%EB%A7%88%ED%8F%AC%EA%B5%AC%20%ED%9D%AC%EC%9A%B0%EC%A0%95%EB%A1%9C10%EA%B8%B8%2029,https://www.diningcode.com/profile.php?rid=kRZEFOsrraUj,"피자, 수제피자"
207,カフェ/Cafe,ピマンルム,P.mang room,피망룸,カフェ・軽食,Cafe & Snacks,,,店内OK / Indoors OK,なし/No,マンウォン（望遠）,Mangwon,600,マンウォンドン,Mangwon-dong,麻浦区,Mapo-gu,서울특별시 마포구 희우정로20길 54,070-8287-3318,https://www.instagram.com/p.mang_room/,,37.555914,126.903328,建物単位,,0,軽飲食店,https://www.google.com/maps/search/?api=1&query=37.555914%2C126.903328,https://map.naver.com/p/search/%ED%94%BC%EB%A7%9D%EB%A3%B8%20%EC%84%9C%EC%9A%B8%ED%8A%B9%EB%B3%84%EC%8B%9C%20%EB%A7%88%ED%8F%AC%EA%B5%AC%20%ED%9D%AC%EC%9A%B0%EC%A0%95%EB%A1%9C20%EA%B8%B8%2054,,
208,ごはん/Meal,ハチュヘブン マンウォンドン,Hacheuhebeun Mangwondong,하츠헤븐 망원동,サンドイッチ・サラダ,Sandwich & Salad,ブランチ・サンドイッチ,"Brunch, Sandwich",店内OK / Indoors OK,なし/No,マンウォン（望遠）,Mangwon,920,マンウォンドン,Mangwon-dong,麻浦区,Mapo-gu,서울특별시 마포구 희우정로 128 1층 민트색문,010-9809-0419,https://www.instagram.com/hearts_haven_s2,,37.5557801,126.8997144,店舗単位,,0,一般飲食店,https://www.google.com/maps/search/?api=1&query=37.5557801%2C126.8997144,https://map.naver.com/p/search/%ED%95%98%EC%B8%A0%ED%97%A4%EB%B8%90%20%EB%A7%9D%EC%9B%90%EB%8F%99%20%EC%84%9C%EC%9A%B8%ED%8A%B9%EB%B3%84%EC%8B%9C%20%EB%A7%88%ED%8F%AC%EA%B5%AC%20%ED%9D%AC%EC%9A%B0%EC%A0%95%EB%A1%9C%20128%201%EC%B8%B5%20%EB%AF%BC%ED%8A%B8%EC%83%89%EB%AC%B8,https://www.diningcode.com/profile.php?rid=x2wqsdEnqxAL,"브런치, 샌드위치"
209,カフェ/Cafe,フィナンド,finande,휘낭드,ベーカリー,Bakery,,,店内OK / Indoors OK,なし/No,マンウォン（望遠）,Mangwon,530,マンウォンドン,Mangwon-dong,麻浦区,Mapo-gu,서울특별시 마포구 망원로6길 37,0507-1334-4374,http://www.instagram.com/finande.mangwon,,37.5551154,126.9041772,通り単位,,0,ベーカリー営業,https://www.google.com/maps/search/?api=1&query=37.5551154%2C126.9041772,https://map.naver.com/p/search/%ED%9C%98%EB%82%AD%EB%93%9C%20%EC%84%9C%EC%9A%B8%ED%8A%B9%EB%B3%84%EC%8B%9C%20%EB%A7%88%ED%8F%AC%EA%B5%AC%20%EB%A7%9D%EC%9B%90%EB%A1%9C6%EA%B8%B8%2037,,
210,カフェ/Cafe,カフェ アンドエイ サンス,Cafe and Ei Sangsu,카페 앤드에이 상수,スイーツ,Sweets,カフェ・デザート,"Cafe, Dessert",店内OK / Indoors OK,あり/Yes,サンス（上水）,Sangsu,210,サンスドン,Sangsu-dong,麻浦区,Mapo-gu,서울특별시 마포구 토정로11길 54 1층,0503-7150-2837,http://instagram.com/and.a_jujeom,,37.5460305,126.9237563,店舗単位,,0,一般飲食店,https://www.google.com/maps/search/?api=1&query=37.5460305%2C126.9237563,https://map.naver.com/p/search/%EC%B9%B4%ED%8E%98%20%EC%95%A4%EB%93%9C%EC%97%90%EC%9D%B4%20%EC%83%81%EC%88%98%20%EC%84%9C%EC%9A%B8%ED%8A%B9%EB%B3%84%EC%8B%9C%20%EB%A7%88%ED%8F%AC%EA%B5%AC%20%ED%86%A0%EC%A0%95%EB%A1%9C11%EA%B8%B8%2054%201%EC%B8%B5,https://www.diningcode.com/profile.php?rid=giQMAgEVi2Lf,"카페, 디저트"
211,ごはん/Meal,春川チン炭火タッカルビ,Chuncheonjinsutbuldakgalbi Sangamdong,춘천진숯불닭갈비 상암동,韓国料理,Korean,タッカルビ（鶏の鉄板炒め）,"Dakgalbi, Charcoal Dakgalbi",店内OK / Indoors OK,なし/No,チジトルミヂオシチ,Digital Media City,230,上岩（サンアム）,Sangam,麻浦区,Mapo-gu,"서울특별시 마포구 성암로15길 7-1 1,2층",02-306-9992,,,37.5784348,126.8958121,店舗単位,4,3,一般飲食店,https://www.google.com/maps/search/?api=1&query=37.5784348%2C126.8958121,https://map.naver.com/p/search/%EC%B6%98%EC%B2%9C%EC%A7%84%EC%88%AF%EB%B6%88%EB%8B%AD%EA%B0%88%EB%B9%84%20%EC%83%81%EC%95%94%EB%8F%99%20%EC%84%9C%EC%9A%B8%ED%8A%B9%EB%B3%84%EC%8B%9C%20%EB%A7%88%ED%8F%AC%EA%B5%AC%20%EC%84%B1%EC%95%94%EB%A1%9C15%EA%B8%B8%207-1%201%2C2%EC%B8%B5,https://www.diningcode.com/profile.php?rid=LsRDvfQoJUQr,"닭갈비, 숯불닭갈비"
212,ごはん/Meal,オエムジェム サンアム,OMJAM,오엠잼 상암,サンドイッチ・サラダ,Sandwich & Salad,カフェ・サンド,"Cafe, Sando",店内OK / Indoors OK,あり/Yes,チジトルミヂオシチ,Digital Media City,230,サンアムドン,Sangam-dong,麻浦区,Mapo-gu,서울특별시 마포구 성암로13길 66 1층,010-5954-9967,https://www.instagram.com/omjam.seoul,,37.5753652,126.8978217,店舗単位,,0,一般飲食店,https://www.google.com/maps/search/?api=1&query=37.5753652%2C126.8978217,https://map.naver.com/p/search/%EC%98%A4%EC%97%A0%EC%9E%BC%20%EC%83%81%EC%95%94%20%EC%84%9C%EC%9A%B8%ED%8A%B9%EB%B3%84%EC%8B%9C%20%EB%A7%88%ED%8F%AC%EA%B5%AC%20%EC%84%B1%EC%95%94%EB%A1%9C13%EA%B8%B8%2066%201%EC%B8%B5,https://www.diningcode.com/profile.php?rid=HWAfWYV6WxEY,"카페, 산도"
213,カフェ/Cafe,ベーカリー ロフィン,Loafin',베이커리 로핀 서교동,ベーカリー,Bakery,塩パン・自家製パン,"Salt Bread, Bakery",店内OK / Indoors OK,なし/No,マンウォン（望遠）,Mangwon,260,西橋洞（ソギョドン）,Seogyo-dong,麻浦区,Mapo-gu,서울특별시 마포구 월드컵로10길 17 1층 베이커리로핀,,,,37.5548406,126.9126815,店舗単位,5,1,ベーカリー営業,https://www.google.com/maps/search/?api=1&query=37.5548406%2C126.9126815,https://map.naver.com/p/search/%EB%B2%A0%EC%9D%B4%EC%BB%A4%EB%A6%AC%20%EB%A1%9C%ED%95%80%20%EC%84%9C%EA%B5%90%EB%8F%99%20%EC%84%9C%EC%9A%B8%ED%8A%B9%EB%B3%84%EC%8B%9C%20%EB%A7%88%ED%8F%AC%EA%B5%AC%20%EC%9B%94%EB%93%9C%EC%BB%B5%EB%A1%9C10%EA%B8%B8%2017%201%EC%B8%B5%20%EB%B2%A0%EC%9D%B4%EC%BB%A4%EB%A6%AC%EB%A1%9C%ED%95%80,https://www.diningcode.com/profile.php?rid=FFsIiEk5i5BZ,"소금빵, 베이커리"
214,カフェ/Cafe,ソリムコーヒー ログウォンジョム,Sorim Coffee Rogeuwonjeom,소림커피 로그원점,コーヒー専門,Specialty Coffee,コーヒー・ラテ,"Coffee, Latte",店内OK / Indoors OK,なし/No,ハプジョン（合井）,Hapjeong,500,ソギョドン,Seogyo-dong,麻浦区,Mapo-gu,서울특별시 마포구 잔다리로7안길 4 1층,,https://www.instagram.com/sorimcoffee_log1,,37.5529548,126.9170351,店舗単位,,0,軽飲食店,https://www.google.com/maps/search/?api=1&query=37.5529548%2C126.9170351,https://map.naver.com/p/search/%EC%86%8C%EB%A6%BC%EC%BB%A4%ED%94%BC%20%EB%A1%9C%EA%B7%B8%EC%9B%90%EC%A0%90%20%EC%84%9C%EC%9A%B8%ED%8A%B9%EB%B3%84%EC%8B%9C%20%EB%A7%88%ED%8F%AC%EA%B5%AC%20%EC%9E%94%EB%8B%A4%EB%A6%AC%EB%A1%9C7%EC%95%88%EA%B8%B8%204%201%EC%B8%B5,https://www.diningcode.com/profile.php?rid=xdybzl0mkTHF,"커피, 라떼"
215,ごはん/Meal,ホンデン,Hongdaeng,홍댕,レストラン,Restaurant,,,店内OK / Indoors OK,なし/No,サンス（上水）,Sangsu,390,ソギョドン,Seogyo-dong,麻浦区,Mapo-gu,서울특별시 마포구 와우산로19길 19,010-7754-0713,https://www.instagram.com/hongdaeng_dog,,37.5512259,126.9220403,建物単位,,0,一般飲食店,https://www.google.com/maps/search/?api=1&query=37.5512259%2C126.9220403,https://map.naver.com/p/search/%ED%99%8D%EB%8C%95%20%EC%84%9C%EC%9A%B8%ED%8A%B9%EB%B3%84%EC%8B%9C%20%EB%A7%88%ED%8F%AC%EA%B5%AC%20%EC%99%80%EC%9A%B0%EC%82%B0%EB%A1%9C19%EA%B8%B8%2019,,
216,ごはん/Meal,ッパル,BBARU,빠루,レストラン,Restaurant,,,店内OK / Indoors OK,なし/No,マポグチョン（麻浦区庁）,Mapo-gu Office,300,ソンサンドン,Seongsan-dong,麻浦区,Mapo-gu,서울특별시 마포구 월드컵로32길 39,,,,37.5630705,126.9067188,建物単位,,0,一般飲食店,https://www.google.com/maps/search/?api=1&query=37.5630705%2C126.9067188,https://map.naver.com/p/search/%EB%B9%A0%EB%A3%A8%20%EC%84%9C%EC%9A%B8%ED%8A%B9%EB%B3%84%EC%8B%9C%20%EB%A7%88%ED%8F%AC%EA%B5%AC%20%EC%9B%94%EB%93%9C%EC%BB%B5%EB%A1%9C32%EA%B8%B8%2039,,
217,ごはん/Meal,ッカルロン テフンヨク,Kkalrong Daeheungyeok,깔롱 대흥역,チキン,Fried Chicken,カフェ・チキン,"Cafe, Fried Chicken",店内OK / Indoors OK,なし/No,テフン（大興）,Daeheung,220,シンスドン,Sinsu-dong,麻浦区,Mapo-gu,서울특별시 마포구 독막로 237 1층,0502-5554-2901,https://www.instagram.com/calon.coffee,,37.547038,126.940005,店舗単位,,0,軽飲食店,https://www.google.com/maps/search/?api=1&query=37.547038%2C126.940005,https://map.naver.com/p/search/%EA%B9%94%EB%A1%B1%20%EB%8C%80%ED%9D%A5%EC%97%AD%20%EC%84%9C%EC%9A%B8%ED%8A%B9%EB%B3%84%EC%8B%9C%20%EB%A7%88%ED%8F%AC%EA%B5%AC%20%EB%8F%85%EB%A7%89%EB%A1%9C%20237%201%EC%B8%B5,https://www.diningcode.com/profile.php?rid=L7ONTvyce8kg,"카페, 치킨"
218,カフェ/Cafe,ブリューマイマイン クァンフンチャン,Brew My Main Gwangheungchang,브루마이마인 광흥창,コーヒー専門,Specialty Coffee,コーヒー・カフェ,"Coffee, Cafe",店内OK / Indoors OK,なし/No,クァンフンチャン（広興倉）,Gwangheungchang,380,シンスドン,Sinsu-dong,麻浦区,Mapo-gu,서울특별시 마포구 광성로 20 104호,070-7537-1631,https://www.instagram.com/brewmymind_?igsh=OHE0bDJsd212dmpy,,37.5498299,126.9351541,店舗単位,,0,軽飲食店,https://www.google.com/maps/search/?api=1&query=37.5498299%2C126.9351541,https://map.naver.com/p/search/%EB%B8%8C%EB%A3%A8%EB%A7%88%EC%9D%B4%EB%A7%88%EC%9D%B8%20%EA%B4%91%ED%9D%A5%EC%B0%BD%20%EC%84%9C%EC%9A%B8%ED%8A%B9%EB%B3%84%EC%8B%9C%20%EB%A7%88%ED%8F%AC%EA%B5%AC%20%EA%B4%91%EC%84%B1%EB%A1%9C%2020%20104%ED%98%B8,https://www.diningcode.com/profile.php?rid=vLxEqCU0OP56,"커피, 카페"
219,カフェ/Cafe,イルグァ クァンフンチャン,Ilgwa Gwangheungchang,일과 광흥창,コーヒー専門,Specialty Coffee,カフェ・コーヒー,"Cafe, Coffee",店内OK / Indoors OK,あり/Yes,テフン（大興）,Daeheung,620,シンスドン,Sinsu-dong,麻浦区,Mapo-gu,서울특별시 마포구 토정로 241 1층,010-4343-1622,https://www.instagram.com/ilgwa_,,37.5437895,126.9372959,店舗単位,,0,一般飲食店,https://www.google.com/maps/search/?api=1&query=37.5437895%2C126.9372959,https://map.naver.com/p/search/%EC%9D%BC%EA%B3%BC%20%EA%B4%91%ED%9D%A5%EC%B0%BD%20%EC%84%9C%EC%9A%B8%ED%8A%B9%EB%B3%84%EC%8B%9C%20%EB%A7%88%ED%8F%AC%EA%B5%AC%20%ED%86%A0%EC%A0%95%EB%A1%9C%20241%201%EC%B8%B5,https://www.diningcode.com/profile.php?rid=m7l56x0HDaZz,"카페, 커피"
220,カフェ/Cafe,カフェ 29 マポグ,Cafe 29 Mapogu,카페 29 마포구,スイーツ,Sweets,カフェ・デザート,"Cafe, Dessert",店内OK / Indoors OK,なし/No,エオゲ,Aeogae,440,アヒョンドン,Ahyeon-dong,麻浦区,Mapo-gu,서울특별시 마포구 환일길 29 1층,02-365-9785,https://instagram.com/cafe_2_9,,37.5555942,126.9609141,店舗単位,,0,軽飲食店,https://www.google.com/maps/search/?api=1&query=37.5555942%2C126.9609141,https://map.naver.com/p/search/%EC%B9%B4%ED%8E%98%2029%20%EB%A7%88%ED%8F%AC%EA%B5%AC%20%EC%84%9C%EC%9A%B8%ED%8A%B9%EB%B3%84%EC%8B%9C%20%EB%A7%88%ED%8F%AC%EA%B5%AC%20%ED%99%98%EC%9D%BC%EA%B8%B8%2029%201%EC%B8%B5,https://www.diningcode.com/profile.php?rid=RKnQFXdtZrK3,"카페, 디저트"
221,カフェ/Cafe,クムス延南,Geumsuyeonnam Yeonnamdong,금수연남 연남동,カフェ,Cafe,デザートカフェ,"Cafe, Dessert",店内OK / Indoors OK,なし/No,ホンデイプグ（弘大入口）,Hongik Univ.,590,延南洞（ヨンナムドン）,Yeonnam-dong,麻浦区,Mapo-gu,서울특별시 마포구 동교로39길 7 2층,0507-1482-2223,https://www.instagram.com/geumsu_yeonnam,,37.562118,126.924067,店舗単位,5,2,一般飲食店,https://www.google.com/maps/search/?api=1&query=37.562118%2C126.924067,https://map.naver.com/p/search/%EA%B8%88%EC%88%98%EC%97%B0%EB%82%A8%20%EC%97%B0%EB%82%A8%EB%8F%99%20%EC%84%9C%EC%9A%B8%ED%8A%B9%EB%B3%84%EC%8B%9C%20%EB%A7%88%ED%8F%AC%EA%B5%AC%20%EB%8F%99%EA%B5%90%EB%A1%9C39%EA%B8%B8%207%202%EC%B8%B5,https://www.diningcode.com/profile.php?rid=KLtPVEwDY5d9,"카페, 디저트"
222,ごはん/Meal,トジュ カフェ&バー ヨンナムジョム,Doju Cafe & Bar Yeonnamjeom,도주 카페&바 연남점,バー・居酒屋,Bar & Pub,カクテル・カクテルバー,"Cocktail, Cocktail Bar",店内OK / Indoors OK,なし/No,ホンデイプグ（弘大入口）,Hongik Univ.,600,ヨンナムドン,Yeonnam-dong,麻浦区,Mapo-gu,서울특별시 마포구 성미산로 190-3 1층,,,,37.5627254,126.9261857,店舗単位,,0,一般飲食店,https://www.google.com/maps/search/?api=1&query=37.5627254%2C126.9261857,https://map.naver.com/p/search/%EB%8F%84%EC%A3%BC%20%EC%B9%B4%ED%8E%98%26%EB%B0%94%20%EC%97%B0%EB%82%A8%EC%A0%90%20%EC%84%9C%EC%9A%B8%ED%8A%B9%EB%B3%84%EC%8B%9C%20%EB%A7%88%ED%8F%AC%EA%B5%AC%20%EC%84%B1%EB%AF%B8%EC%82%B0%EB%A1%9C%20190-3%201%EC%B8%B5,https://www.diningcode.com/profile.php?rid=4i7zRbNGdjUU,"칵테일, 칵테일바"
223,ごはん/Meal,ドゥユライクイット,Duyuraikeuit Yeonnam,두유라이크잇 연남,ブランチ,Brunch,エッグベネディクト・ブランチ,"Brunch, Eggs Benedict",店内OK / Indoors OK,なし/No,ホンデイプグ（弘大入口）,Hongik Univ.,950,延南洞（ヨンナムドン）,Yeonnam-dong,麻浦区,Mapo-gu,서울특별시 마포구 성미산로29길 29-5 1층 101호 두유라이크잇,0503-7153-8188,https://www.instagram.com/due.brunch?igsh=eGJ2MjJqaWVsY2N2&utm_source=qr,,37.5651197,126.9218606,店舗単位,,0,一般飲食店,https://www.google.com/maps/search/?api=1&query=37.5651197%2C126.9218606,https://map.naver.com/p/search/%EB%91%90%EC%9C%A0%EB%9D%BC%EC%9D%B4%ED%81%AC%EC%9E%87%20%EC%97%B0%EB%82%A8%20%EC%84%9C%EC%9A%B8%ED%8A%B9%EB%B3%84%EC%8B%9C%20%EB%A7%88%ED%8F%AC%EA%B5%AC%20%EC%84%B1%EB%AF%B8%EC%82%B0%EB%A1%9C29%EA%B8%B8%2029-5%201%EC%B8%B5%20101%ED%98%B8%20%EB%91%90%EC%9C%A0%EB%9D%BC%EC%9D%B4%ED%81%AC%EC%9E%87,https://www.diningcode.com/profile.php?rid=7f18v0pcrDoM,"브런치, 에그베네딕트"
224,ごはん/Meal,ピビコル ヨンナムドン,Bibikeol Yeonnamdong,비비컬 연남동,バー・居酒屋,Bar & Pub,クラフトビール,Craft Beer,店内OK / Indoors OK,なし/No,ホンデイプグ（弘大入口）,Hongik Univ.,570,ヨンナムドン,Yeonnam-dong,麻浦区,Mapo-gu,서울특별시 마포구 성미산로 190-21 2층,02-2678-4953,https://www.instagram.com/bivical_official,,37.5623886,126.9258844,店舗単位,,0,一般飲食店,https://www.google.com/maps/search/?api=1&query=37.5623886%2C126.9258844,https://map.naver.com/p/search/%EB%B9%84%EB%B9%84%EC%BB%AC%20%EC%97%B0%EB%82%A8%EB%8F%99%20%EC%84%9C%EC%9A%B8%ED%8A%B9%EB%B3%84%EC%8B%9C%20%EB%A7%88%ED%8F%AC%EA%B5%AC%20%EC%84%B1%EB%AF%B8%EC%82%B0%EB%A1%9C%20190-21%202%EC%B8%B5,https://www.diningcode.com/profile.php?rid=HNUDXeT5ejwE,수제맥주
225,カフェ/Cafe,サニェ ヨンナムドン,Sanye Yeonnamdong,산예 연남동,茶カフェ,Tea House,カフェ・ティーハウス,"Cafe, Tea House",店内OK / Indoors OK,なし/No,ホンデイプグ（弘大入口）,Hongik Univ.,540,ヨンナムドン,Yeonnam-dong,麻浦区,Mapo-gu,서울특별시 마포구 동교로46길 28 1층,010-6328-0483,,,37.562178,126.9262,店舗単位,,0,軽飲食店,https://www.google.com/maps/search/?api=1&query=37.562178%2C126.9262,https://map.naver.com/p/search/%EC%82%B0%EC%98%88%20%EC%97%B0%EB%82%A8%EB%8F%99%20%EC%84%9C%EC%9A%B8%ED%8A%B9%EB%B3%84%EC%8B%9C%20%EB%A7%88%ED%8F%AC%EA%B5%AC%20%EB%8F%99%EA%B5%90%EB%A1%9C46%EA%B8%B8%2028%201%EC%B8%B5,https://www.diningcode.com/profile.php?rid=HDe5dpfr3XeJ,"카페, 티하우스"
226,ごはん/Meal,ソンギョンソッパプ,Songgyeongsotbap Yeonnamjeom,송경솥밥 연남점,韓国料理,Korean,釜飯定食（ソッパプ）,"Pot Rice, Korean",店内OK / Indoors OK,なし/No,ホンデイプグ（弘大入口）,Hongik Univ.,930,延南洞（ヨンナムドン）,Yeonnam-dong,麻浦区,Mapo-gu,서울특별시 마포구 성미산로29길 20 2층,,https://www.instagram.com/songkyung_sotbab,,37.5649936,126.9224612,店舗単位,,0,一般飲食店,https://www.google.com/maps/search/?api=1&query=37.5649936%2C126.9224612,https://map.naver.com/p/search/%EC%86%A1%EA%B2%BD%EC%86%A5%EB%B0%A5%20%EC%97%B0%EB%82%A8%EC%A0%90%20%EC%84%9C%EC%9A%B8%ED%8A%B9%EB%B3%84%EC%8B%9C%20%EB%A7%88%ED%8F%AC%EA%B5%AC%20%EC%84%B1%EB%AF%B8%EC%82%B0%EB%A1%9C29%EA%B8%B8%2020%202%EC%B8%B5,https://www.diningcode.com/profile.php?rid=pvsbyVIff5FV,"솥밥, 한식"
227,ごはん/Meal,ッシン ヨンナムドン,scene,씬 연남동,イタリアン,Italian,パスタ・レストラン,"Pasta, Restaurant",店内OK / Indoors OK,あり/Yes,ホンデイプグ（弘大入口）,Hongik Univ.,1100,ヨンナムドン,Yeonnam-dong,麻浦区,Mapo-gu,서울특별시 마포구 동교로51길 117-3 1층,0503-7154-0333,https://www.instagram.com/scene_11111,,37.5662756,126.9205638,店舗単位,,0,一般飲食店,https://www.google.com/maps/search/?api=1&query=37.5662756%2C126.9205638,https://map.naver.com/p/search/%EC%94%AC%20%EC%97%B0%EB%82%A8%EB%8F%99%20%EC%84%9C%EC%9A%B8%ED%8A%B9%EB%B3%84%EC%8B%9C%20%EB%A7%88%ED%8F%AC%EA%B5%AC%20%EB%8F%99%EA%B5%90%EB%A1%9C51%EA%B8%B8%20117-3%201%EC%B8%B5,https://www.diningcode.com/profile.php?rid=ej9qPWp3eR0J,"파스타, 레스토랑"
228,ごはん/Meal,ヨンミジョン ヨンナムボンジョム,Yeonmijeong Yeonnambonjeom,연미정 연남본점,レストラン,Restaurant,サーモン・特大サーモン寿司,"Salmon, Jumbo Salmon Sushi",店内OK / Indoors OK,あり/Yes,ホンデイプグ（弘大入口）,Hongik Univ.,610,ヨンナムドン,Yeonnam-dong,麻浦区,Mapo-gu,서울특별시 마포구 동교로 262-11 Bau Haus 1층,070-5173-8193,https://www.instagram.com/yeonmijeong_,,37.5627464,126.9256906,店舗単位,4.5,7,一般飲食店,https://www.google.com/maps/search/?api=1&query=37.5627464%2C126.9256906,https://map.naver.com/p/search/%EC%97%B0%EB%AF%B8%EC%A0%95%20%EC%97%B0%EB%82%A8%EB%B3%B8%EC%A0%90%20%EC%84%9C%EC%9A%B8%ED%8A%B9%EB%B3%84%EC%8B%9C%20%EB%A7%88%ED%8F%AC%EA%B5%AC%20%EB%8F%99%EA%B5%90%EB%A1%9C%20262-11%20Bau%20Haus%201%EC%B8%B5,https://www.diningcode.com/profile.php?rid=oo8UeLGHJxIV,"연어, 대왕연어초밥"
229,カフェ/Cafe,オンヅィ ヨンナムドン,Ondwi Yeonnamdong,온뒤 연남동,スイーツ,Sweets,カフェ・パブロバ,"Cafe, Pavlova",店内OK / Indoors OK,なし/No,ホンデイプグ（弘大入口）,Hongik Univ.,520,ヨンナムドン,Yeonnam-dong,麻浦区,Mapo-gu,서울특별시 마포구 연남로3길 13 1층 102호,0502-5554-1592,https://www.instagram.com/ondwi_seoul,,37.5611506,126.9217986,店舗単位,,0,ベーカリー営業,https://www.google.com/maps/search/?api=1&query=37.5611506%2C126.9217986,https://map.naver.com/p/search/%EC%98%A8%EB%92%A4%20%EC%97%B0%EB%82%A8%EB%8F%99%20%EC%84%9C%EC%9A%B8%ED%8A%B9%EB%B3%84%EC%8B%9C%20%EB%A7%88%ED%8F%AC%EA%B5%AC%20%EC%97%B0%EB%82%A8%EB%A1%9C3%EA%B8%B8%2013%201%EC%B8%B5%20102%ED%98%B8,https://www.diningcode.com/profile.php?rid=wklbyTEJ70JE,"카페, 파블로바"
230,カフェ/Cafe,カフェリブレ,Cafe Ribeure,카페리브레,カフェ,Cafe,,,店内OK / Indoors OK,なし/No,ホンデイプグ（弘大入口）,Hongik Univ.,730,ヨンナムドン,Yeonnam-dong,麻浦区,Mapo-gu,서울특별시 마포구 성미산로32길 20-5,02-334-0615,https://www.instagram.com/coffeelibre_yeonnam,,37.5634054,126.9237267,通り単位,,0,軽飲食店,https://www.google.com/maps/search/?api=1&query=37.5634054%2C126.9237267,https://map.naver.com/p/search/%EC%B9%B4%ED%8E%98%EB%A6%AC%EB%B8%8C%EB%A0%88%20%EC%84%9C%EC%9A%B8%ED%8A%B9%EB%B3%84%EC%8B%9C%20%EB%A7%88%ED%8F%AC%EA%B5%AC%20%EC%84%B1%EB%AF%B8%EC%82%B0%EB%A1%9C32%EA%B8%B8%2020-5,,
231,カフェ/Cafe,コーヒーリブレ,Coffee Ribeure Paranjeom,커피 리브레 파란점,コーヒー専門,Specialty Coffee,スペシャルティコーヒー焙煎,"Coffee, Cafe",店内OK / Indoors OK,あり/Yes,ホンデイプグ（弘大入口）,Hongik Univ.,910,延南洞（ヨンナムドン）,Yeonnam-dong,麻浦区,Mapo-gu,"서울특별시 마포구 성미산로29길 17-8 1, 2층",02-332-7140,https://www.instagram.com/coffeelibre_paran,,37.5647464,126.9218932,店舗単位,3.5,2,一般飲食店,https://www.google.com/maps/search/?api=1&query=37.5647464%2C126.9218932,https://map.naver.com/p/search/%EC%BB%A4%ED%94%BC%20%EB%A6%AC%EB%B8%8C%EB%A0%88%20%ED%8C%8C%EB%9E%80%EC%A0%90%20%EC%84%9C%EC%9A%B8%ED%8A%B9%EB%B3%84%EC%8B%9C%20%EB%A7%88%ED%8F%AC%EA%B5%AC%20%EC%84%B1%EB%AF%B8%EC%82%B0%EB%A1%9C29%EA%B8%B8%2017-8%201%2C%202%EC%B8%B5,https://www.diningcode.com/profile.php?rid=gwaeDVfZ8Pug,"커피, 카페"
232,ごはん/Meal,コニス ヨンナムドン,CONIS,코니스 연남동,ブランチ,Brunch,カフェ・ブランチ,"Cafe, Brunch",店内OK / Indoors OK,あり/Yes,ホンデイプグ（弘大入口）,Hongik Univ.,790,ヨンナムドン,Yeonnam-dong,麻浦区,Mapo-gu,서울특별시 마포구 성미산로15길 16-3 1층,010-2539-1002,https://www.instagram.com/conis.yeonnam/,,37.5621394,126.9177117,店舗単位,,0,一般飲食店,https://www.google.com/maps/search/?api=1&query=37.5621394%2C126.9177117,https://map.naver.com/p/search/%EC%BD%94%EB%8B%88%EC%8A%A4%20%EC%97%B0%EB%82%A8%EB%8F%99%20%EC%84%9C%EC%9A%B8%ED%8A%B9%EB%B3%84%EC%8B%9C%20%EB%A7%88%ED%8F%AC%EA%B5%AC%20%EC%84%B1%EB%AF%B8%EC%82%B0%EB%A1%9C15%EA%B8%B8%2016-3%201%EC%B8%B5,https://www.diningcode.com/profile.php?rid=jTy3EnUuLi1S,"카페, 브런치"
233,カフェ/Cafe,テイルロコーヒー ヨンナム1ホジョム,Teilreo Coffee Yeonnam 1 Hojeom,테일러커피 연남1호점,コーヒー専門,Specialty Coffee,コーヒー・クリームモカ,"Coffee, Cream Mocha",店内OK / Indoors OK,なし/No,ホンデイプグ（弘大入口）,Hongik Univ.,640,ヨンナムドン,Yeonnam-dong,麻浦区,Mapo-gu,서울특별시 마포구 성미산로 189 1F Tailor Coffee,02-326-0355,,http://www.tailorcoffee.com,37.5631113,126.9263399,店舗単位,4.2,72,一般飲食店,https://www.google.com/maps/search/?api=1&query=37.5631113%2C126.9263399,https://map.naver.com/p/search/%ED%85%8C%EC%9D%BC%EB%9F%AC%EC%BB%A4%ED%94%BC%20%EC%97%B0%EB%82%A81%ED%98%B8%EC%A0%90%20%EC%84%9C%EC%9A%B8%ED%8A%B9%EB%B3%84%EC%8B%9C%20%EB%A7%88%ED%8F%AC%EA%B5%AC%20%EC%84%B1%EB%AF%B8%EC%82%B0%EB%A1%9C%20189%201F%20Tailor%20Coffee,https://www.diningcode.com/profile.php?rid=Zq4cywVqmakq,"커피, 크림모카"
234,ごはん/Meal,ハグハグラブ,Heogeuheogeureobeu Yeonnamdong,허그허그러브 연남동,ブランチ,Brunch,バゲットサンド・ブランチ,"Brunch, Bageteu Sandwich",店内OK / Indoors OK,あり/Yes,ホンデイプグ（弘大入口）,Hongik Univ.,1100,延南洞（ヨンナムドン）,Yeonnam-dong,麻浦区,Mapo-gu,서울특별시 마포구 동교로51길 111 2층,0503-7152-8428,https://www.instagram.com/hughugluv,,37.5663007,126.9208511,店舗単位,4.7,2,ベーカリー営業,https://www.google.com/maps/search/?api=1&query=37.5663007%2C126.9208511,https://map.naver.com/p/search/%ED%97%88%EA%B7%B8%ED%97%88%EA%B7%B8%EB%9F%AC%EB%B8%8C%20%EC%97%B0%EB%82%A8%EB%8F%99%20%EC%84%9C%EC%9A%B8%ED%8A%B9%EB%B3%84%EC%8B%9C%20%EB%A7%88%ED%8F%AC%EA%B5%AC%20%EB%8F%99%EA%B5%90%EB%A1%9C51%EA%B8%B8%20111%202%EC%B8%B5,https://www.diningcode.com/profile.php?rid=TshF51Xwerxw,"브런치, 바게트샌드위치"
235,カフェ/Cafe,ヘルカフェ ロースターズ コンドク,Hel Cafe Roasters Gongdeok,헬카페 로스터즈 공덕,コーヒー専門,Specialty Coffee,コーヒー・カフェ,"Coffee, Cafe",店内OK / Indoors OK,なし/No,テフン（大興）,Daeheung,350,ヨムリドン,Yeomri-dong,麻浦区,Mapo-gu,서울특별시 마포구 독막로 281 1층,,https://www.instagram.com/hellcafe_roasters,,37.5451614,126.9447453,店舗単位,,0,一般飲食店,https://www.google.com/maps/search/?api=1&query=37.5451614%2C126.9447453,https://map.naver.com/p/search/%ED%97%AC%EC%B9%B4%ED%8E%98%20%EB%A1%9C%EC%8A%A4%ED%84%B0%EC%A6%88%20%EA%B3%B5%EB%8D%95%20%EC%84%9C%EC%9A%B8%ED%8A%B9%EB%B3%84%EC%8B%9C%20%EB%A7%88%ED%8F%AC%EA%B5%AC%20%EB%8F%85%EB%A7%89%EB%A1%9C%20281%201%EC%B8%B5,https://www.diningcode.com/profile.php?rid=wD1Hm0SL7WRg,"커피, 카페"
236,ごはん/Meal,プレオ,Peureo,프레오,レストラン,Restaurant,,,店内OK / Indoors OK,なし/No,ハプジョン（合井）,Hapjeong,470,ヨンガンドン,Yonggang-dong,麻浦区,Mapo-gu,서울특별시 마포구 토정로 254,,,,37.545864,126.9105831,通り単位,,0,一般飲食店,https://www.google.com/maps/search/?api=1&query=37.545864%2C126.9105831,https://map.naver.com/p/search/%ED%94%84%EB%A0%88%EC%98%A4%20%EC%84%9C%EC%9A%B8%ED%8A%B9%EB%B3%84%EC%8B%9C%20%EB%A7%88%ED%8F%AC%EA%B5%AC%20%ED%86%A0%EC%A0%95%EB%A1%9C%20254,,
237,カフェ/Cafe,ソバッ クァンフンチャンヨク,SOVAT,소밧 광흥창역,コーヒー専門,Specialty Coffee,カフェ・コーヒー,"Cafe, Coffee",店内OK / Indoors OK,なし/No,クァンフンチャン（広興倉）,Gwangheungchang,340,チャンジョンドン,Changjeon-dong,麻浦区,Mapo-gu,서울특별시 마포구 독막로22길 27 1층 SOVAT,0507-1330-7280,https://instagram.com/sovat_coffee,,37.5467972,126.9282498,店舗単位,4.8,2,一般飲食店,https://www.google.com/maps/search/?api=1&query=37.5467972%2C126.9282498,https://map.naver.com/p/search/%EC%86%8C%EB%B0%A7%20%EA%B4%91%ED%9D%A5%EC%B0%BD%EC%97%AD%20%EC%84%9C%EC%9A%B8%ED%8A%B9%EB%B3%84%EC%8B%9C%20%EB%A7%88%ED%8F%AC%EA%B5%AC%20%EB%8F%85%EB%A7%89%EB%A1%9C22%EA%B8%B8%2027%201%EC%B8%B5%20SOVAT,https://www.diningcode.com/profile.php?rid=7UsYVHNlYkKN,"카페, 커피"
238,ごはん/Meal,ディエム 合井,Diem Hapjeong,디엠 합정,バー・居酒屋,Bar & Pub,カクテルバー,"Cocktail, Cocktail Bar",店内OK / Indoors OK,なし/No,ハプジョン（合井）,Hapjeong,310,合井（ハプジョン）,Hapjeong,麻浦区,Mapo-gu,서울 마포구 독막로3길 29 반지층 1층 디엠,0503-7154-3492,,https://naver.me/GP2vfJyQ,37.5496866,126.9170945,店舗単位,4.1,12,一般飲食店,https://www.google.com/maps/search/?api=1&query=37.5496866%2C126.9170945,https://map.naver.com/p/search/%EB%94%94%EC%97%A0%20%ED%95%A9%EC%A0%95%20%EC%84%9C%EC%9A%B8%20%EB%A7%88%ED%8F%AC%EA%B5%AC%20%EB%8F%85%EB%A7%89%EB%A1%9C3%EA%B8%B8%2029%20%EB%B0%98%EC%A7%80%EC%B8%B5%201%EC%B8%B5%20%EB%94%94%EC%97%A0,https://www.diningcode.com/profile.php?rid=WDfswSAmzXhq,"칵테일, 칵테일바"
239,ごはん/Meal,オルノ 合井店,Oreuno Hapjeongjeom,오르노 합정점,イタリアン,Italian,薪窯ピザ,Wood-fired Pizza,店内OK / Indoors OK,なし/No,ハプジョン（合井）,Hapjeong,240,合井（ハプジョン）,Hapjeong,麻浦区,Mapo-gu,"서울특별시 마포구 월드컵로3길 14 딜라이트스퀘어2차 지1층 B113호, 114호",0502-5552-3073,,https://app.catchtable.co.kr/ct/shop/hornohabjeong?from=share&type=DINING,37.5509322,126.9118087,店舗単位,4,9,一般飲食店,https://www.google.com/maps/search/?api=1&query=37.5509322%2C126.9118087,https://map.naver.com/p/search/%EC%98%A4%EB%A5%B4%EB%85%B8%20%ED%95%A9%EC%A0%95%EC%A0%90%20%EC%84%9C%EC%9A%B8%ED%8A%B9%EB%B3%84%EC%8B%9C%20%EB%A7%88%ED%8F%AC%EA%B5%AC%20%EC%9B%94%EB%93%9C%EC%BB%B5%EB%A1%9C3%EA%B8%B8%2014%20%EB%94%9C%EB%9D%BC%EC%9D%B4%ED%8A%B8%EC%8A%A4%ED%80%98%EC%96%B42%EC%B0%A8%20%EC%A7%801%EC%B8%B5%20B113%ED%98%B8%2C%20114%ED%98%B8,https://www.diningcode.com/profile.php?rid=tvk9xFWmat5W,화덕피자
240,カフェ/Cafe,ヌブク ハプジョン,Nubukeu Hapjeong,누부크 합정,カフェ,Cafe,カフェ・スムージー,"Cafe, Smoothie",店内OK / Indoors OK,あり/Yes,ハプジョン（合井）,Hapjeong,220,ハプジョンドン,Hapjeong-dong,麻浦区,Mapo-gu,"서울특별시 마포구 양화진2길 13 1층, 2층",070-4205-7648,https://www.instagram.com/nuvook_,,37.5479762,126.9118739,店舗単位,,0,一般飲食店,https://www.google.com/maps/search/?api=1&query=37.5479762%2C126.9118739,https://map.naver.com/p/search/%EB%88%84%EB%B6%80%ED%81%AC%20%ED%95%A9%EC%A0%95%20%EC%84%9C%EC%9A%B8%ED%8A%B9%EB%B3%84%EC%8B%9C%20%EB%A7%88%ED%8F%AC%EA%B5%AC%20%EC%96%91%ED%99%94%EC%A7%842%EA%B8%B8%2013%201%EC%B8%B5%2C%202%EC%B8%B5,https://www.diningcode.com/profile.php?rid=rbrlV5y4S1Bh,"카페, 스무디"
241,ごはん/Meal,エド ローストウォクス Ed roastworks,Edeu Roast Wokseu Ed roastworks,에드 로스트웍스 Ed roastworks,レストラン,Restaurant,,,店内OK / Indoors OK,なし/No,ハプジョン（合井）,Hapjeong,430,ハプジョンドン,Hapjeong-dong,麻浦区,Mapo-gu,서울특별시 마포구 토정로 39,,,,37.5457503,126.9153204,建物単位,,0,一般飲食店,https://www.google.com/maps/search/?api=1&query=37.5457503%2C126.9153204,https://map.naver.com/p/search/%EC%97%90%EB%93%9C%20%EB%A1%9C%EC%8A%A4%ED%8A%B8%EC%9B%8D%EC%8A%A4%20Ed%20roastworks%20%EC%84%9C%EC%9A%B8%ED%8A%B9%EB%B3%84%EC%8B%9C%20%EB%A7%88%ED%8F%AC%EA%B5%AC%20%ED%86%A0%EC%A0%95%EB%A1%9C%2039,,
242,ごはん/Meal,オルノ ハプジョンジョム,Oreuno Hapjeongjeom,오르노 합정점,ピザ,Pizza,薪窯ピザ,Wood-fired Pizza,店内OK / Indoors OK,なし/No,ハプジョン（合井）,Hapjeong,240,ハプジョンドン,Hapjeong-dong,麻浦区,Mapo-gu,"서울특별시 마포구 월드컵로3길 14 딜라이트스퀘어2차 지1층 B113호, 114호",0502-5552-3073,,https://app.catchtable.co.kr/ct/shop/hornohabjeong?from=share&type=DINING,37.5509322,126.9118087,店舗単位,4,9,一般飲食店,https://www.google.com/maps/search/?api=1&query=37.5509322%2C126.9118087,https://map.naver.com/p/search/%EC%98%A4%EB%A5%B4%EB%85%B8%20%ED%95%A9%EC%A0%95%EC%A0%90%20%EC%84%9C%EC%9A%B8%ED%8A%B9%EB%B3%84%EC%8B%9C%20%EB%A7%88%ED%8F%AC%EA%B5%AC%20%EC%9B%94%EB%93%9C%EC%BB%B5%EB%A1%9C3%EA%B8%B8%2014%20%EB%94%9C%EB%9D%BC%EC%9D%B4%ED%8A%B8%EC%8A%A4%ED%80%98%EC%96%B42%EC%B0%A8%20%EC%A7%801%EC%B8%B5%20B113%ED%98%B8%2C%20114%ED%98%B8,https://www.diningcode.com/profile.php?rid=tvk9xFWmat5W,화덕피자
243,カフェ/Cafe,コーヒーピョンファ マンウォンドン,Coffee Pyeonghwa Mangwondong,커피평화 망원동,コーヒー専門,Specialty Coffee,カフェ・コーヒー,"Cafe, Coffee",店内OK / Indoors OK,なし/No,マンウォン（望遠）,Mangwon,650,ハプジョンドン,Hapjeong-dong,麻浦区,Mapo-gu,서울특별시 마포구 희우정로 53-1 1층 102호,070-8670-1335,https://www.instagram.com/coffee.pyeonghwa?igsh=bjNvanZ2c3Fhc25y&utm_source=qr,,37.5514212,126.9056687,店舗単位,,0,一般飲食店,https://www.google.com/maps/search/?api=1&query=37.5514212%2C126.9056687,https://map.naver.com/p/search/%EC%BB%A4%ED%94%BC%ED%8F%89%ED%99%94%20%EB%A7%9D%EC%9B%90%EB%8F%99%20%EC%84%9C%EC%9A%B8%ED%8A%B9%EB%B3%84%EC%8B%9C%20%EB%A7%88%ED%8F%AC%EA%B5%AC%20%ED%9D%AC%EC%9A%B0%EC%A0%95%EB%A1%9C%2053-1%201%EC%B8%B5%20102%ED%98%B8,https://www.diningcode.com/profile.php?rid=17TA6OjieKXk,"카페, 커피"
244,ごはん/Meal,23プラッター,23 Peulraeteo Hongdae,23플래터 홍대,イタリアン,Italian,パスタ・洋食プレート,"Pasta, Restaurant",店内OK / Indoors OK,なし/No,サンス（上水）,Sangsu,430,弘大（ホンデ）,Hongdae,麻浦区,Mapo-gu,서울특별시 마포구 잔다리로3안길 36 1층 23플래터,010-2333-5417,http://www.instagram.com/23platter,,37.5504806,126.9193937,店舗単位,4.8,14,一般飲食店,https://www.google.com/maps/search/?api=1&query=37.5504806%2C126.9193937,https://map.naver.com/p/search/23%ED%94%8C%EB%9E%98%ED%84%B0%20%ED%99%8D%EB%8C%80%20%EC%84%9C%EC%9A%B8%ED%8A%B9%EB%B3%84%EC%8B%9C%20%EB%A7%88%ED%8F%AC%EA%B5%AC%20%EC%9E%94%EB%8B%A4%EB%A6%AC%EB%A1%9C3%EC%95%88%EA%B8%B8%2036%201%EC%B8%B5%2023%ED%94%8C%EB%9E%98%ED%84%B0,https://www.diningcode.com/profile.php?rid=gHUQLcy5Qwa4,"파스타, 레스토랑"
245,ごはん/Meal,プクガジュア コギ ミョンジデ,Bukgajwa Geogi Myeongjidae,북가좌 거기 명지대,バー・居酒屋,Bar & Pub,居酒屋・赤貝,"Bar, Cockles",店内OK / Indoors OK,なし/No,チュンサン（繒山）,Jeungsan,1240,ナムガジュアドン,Namgajwa-dong,西大門区,Seodaemun-gu,서울특별시 서대문구 명지대길 54 1층 거기,0502-5553-5858,https://www.instagram.com/bgj_there?utm_source=ig_web_button_share_sheet&igsh=ZDNlZDc0MzIxNw==,,37.5824682,126.9238604,店舗単位,,0,一般飲食店,https://www.google.com/maps/search/?api=1&query=37.5824682%2C126.9238604,https://map.naver.com/p/search/%EB%B6%81%EA%B0%80%EC%A2%8C%20%EA%B1%B0%EA%B8%B0%20%EB%AA%85%EC%A7%80%EB%8C%80%20%EC%84%9C%EC%9A%B8%ED%8A%B9%EB%B3%84%EC%8B%9C%20%EC%84%9C%EB%8C%80%EB%AC%B8%EA%B5%AC%20%EB%AA%85%EC%A7%80%EB%8C%80%EA%B8%B8%2054%201%EC%B8%B5%20%EA%B1%B0%EA%B8%B0,https://www.diningcode.com/profile.php?rid=7awiuLP6rKum,"술집, 꼬막"
246,ごはん/Meal,アクトボ ベーカリー,COME In,악토버 베이커리,サンドイッチ・サラダ,Sandwich & Salad,サンドイッチ・パン,"Sandwich, Bread",店内OK / Indoors OK,なし/No,イデ（梨花女子大学）,Ewha Womans Univ.,110,テヒョンドン,Daehyeon-dong,西大門区,Seodaemun-gu,서울특별시 서대문구 이화여대길 20 1층,010-2635-3190,https://www.instagram.com/october_seoul,,37.5577493,126.9459394,店舗単位,4.5,13,一般飲食店,https://www.google.com/maps/search/?api=1&query=37.5577493%2C126.9459394,https://map.naver.com/p/search/%EC%95%85%ED%86%A0%EB%B2%84%20%EB%B2%A0%EC%9D%B4%EC%BB%A4%EB%A6%AC%20%EC%84%9C%EC%9A%B8%ED%8A%B9%EB%B3%84%EC%8B%9C%20%EC%84%9C%EB%8C%80%EB%AC%B8%EA%B5%AC%20%EC%9D%B4%ED%99%94%EC%97%AC%EB%8C%80%EA%B8%B8%2020%201%EC%B8%B5,https://www.diningcode.com/profile.php?rid=jia8wR9mGbrp,"샌드위치, 빵"
247,ごはん/Meal,ArenShop,ArenShop,ArenShop,サンドイッチ・サラダ,Sandwich & Salad,ベーグル・ポケ,"Bagel, Poke Bowl",店内OK / Indoors OK,なし/No,チュンサン（繒山）,Jeungsan,90,プクガジュアドン,Bukgajwa-dong,西大門区,Seodaemun-gu,서울 서대문구 불광천길 198 1층 101호,070-7736-1004,,,37.5835771,126.9106621,店舗単位,4.1,4,一般飲食店,https://www.google.com/maps/search/?api=1&query=37.5835771%2C126.9106621,https://map.naver.com/p/search/ArenShop%20%EC%84%9C%EC%9A%B8%20%EC%84%9C%EB%8C%80%EB%AC%B8%EA%B5%AC%20%EB%B6%88%EA%B4%91%EC%B2%9C%EA%B8%B8%20198%201%EC%B8%B5%20101%ED%98%B8,https://www.diningcode.com/profile.php?rid=QTpRACGBdPsh,"베이글, 포케"
248,ごはん/Meal,コルモゲ ピン センファ チュンサニョク,Golmoge Pin Saenghwa Jeungsanyeok,골목에 핀 생화 증산역,バー・居酒屋,Bar & Pub,居酒屋・料理居酒屋,"Bar, Gastropub",店内OK / Indoors OK,なし/No,チュンサン（繒山）,Jeungsan,380,プクガジュアドン,Bukgajwa-dong,西大門区,Seodaemun-gu,서울특별시 서대문구 응암로 126 1층,070-4064-1215,https://www.instagram.com/saenghwa2019/,,37.5834891,126.9141887,店舗単位,4.5,1,一般飲食店,https://www.google.com/maps/search/?api=1&query=37.5834891%2C126.9141887,https://map.naver.com/p/search/%EA%B3%A8%EB%AA%A9%EC%97%90%20%ED%95%80%20%EC%83%9D%ED%99%94%20%EC%A6%9D%EC%82%B0%EC%97%AD%20%EC%84%9C%EC%9A%B8%ED%8A%B9%EB%B3%84%EC%8B%9C%20%EC%84%9C%EB%8C%80%EB%AC%B8%EA%B5%AC%20%EC%9D%91%EC%95%94%EB%A1%9C%20126%201%EC%B8%B5,https://www.diningcode.com/profile.php?rid=PpXolVEZ5YxQ,"술집, 요리주점"
249,カフェ/Cafe,レコレコ チュンサニョク,LECKER LECKER,레커레커 증산역,ベーカリー,Bakery,ベーカリー・シナモンロール,"Bakery, Cinnamon Roll",店内OK / Indoors OK,なし/No,チュンサン（繒山）,Jeungsan,400,プクガジュアドン,Bukgajwa-dong,西大門区,Seodaemun-gu,서울특별시 서대문구 불광천길 278 1층,0507-1427-1642,https://www.instagram.com/leckerlecker_seoul,,37.5864125,126.9133655,店舗単位,4.4,3,一般飲食店,https://www.google.com/maps/search/?api=1&query=37.5864125%2C126.9133655,https://map.naver.com/p/search/%EB%A0%88%EC%BB%A4%EB%A0%88%EC%BB%A4%20%EC%A6%9D%EC%82%B0%EC%97%AD%20%EC%84%9C%EC%9A%B8%ED%8A%B9%EB%B3%84%EC%8B%9C%20%EC%84%9C%EB%8C%80%EB%AC%B8%EA%B5%AC%20%EB%B6%88%EA%B4%91%EC%B2%9C%EA%B8%B8%20278%201%EC%B8%B5,https://www.diningcode.com/profile.php?rid=kcm9ekZIQ4kI,"베이커리, 시나몬롤"
250,ごはん/Meal,パド チュンサニョク,Pado Jeungsanyeok,파도 증산역,イタリアン,Italian,パスタ・トマト,"Pasta, Tomato",店内OK / Indoors OK,なし/No,チュンサン（繒山）,Jeungsan,230,プクガジュアドン,Bukgajwa-dong,西大門区,Seodaemun-gu,서울특별시 서대문구 증가로32안길 31-9 1층 파도,010-4688-5061,https://www.instagram.com/pado.seoul?igsh=MXF4MDRyOGw4NHJsNw%3D%3D&utm_source=qr,,37.5844241,126.9125388,店舗単位,,0,一般飲食店,https://www.google.com/maps/search/?api=1&query=37.5844241%2C126.9125388,https://map.naver.com/p/search/%ED%8C%8C%EB%8F%84%20%EC%A6%9D%EC%82%B0%EC%97%AD%20%EC%84%9C%EC%9A%B8%ED%8A%B9%EB%B3%84%EC%8B%9C%20%EC%84%9C%EB%8C%80%EB%AC%B8%EA%B5%AC%20%EC%A6%9D%EA%B0%80%EB%A1%9C32%EC%95%88%EA%B8%B8%2031-9%201%EC%B8%B5%20%ED%8C%8C%EB%8F%84,https://www.diningcode.com/profile.php?rid=VZGopQltswZk,"파스타, 토마토"
251,ごはん/Meal,ホムショプジプ アンド,Homsyopjip and,홈숍집 앤,レストラン,Restaurant,,,店内OK / Indoors OK,なし/No,チジトルミヂオシチ,Digital Media City,680,プクガジュアドン,Bukgajwa-dong,西大門区,Seodaemun-gu,서울특별시 서대문구 응암로 116-5,,,,37.5776003,126.9090124,通り単位,,0,一般飲食店,https://www.google.com/maps/search/?api=1&query=37.5776003%2C126.9090124,https://map.naver.com/p/search/%ED%99%88%EC%88%8D%EC%A7%91%20%EC%95%A4%20%EC%84%9C%EC%9A%B8%ED%8A%B9%EB%B3%84%EC%8B%9C%20%EC%84%9C%EB%8C%80%EB%AC%B8%EA%B5%AC%20%EC%9D%91%EC%95%94%EB%A1%9C%20116-5,,
252,カフェ/Cafe,コモンスン コーヒー,Gomongsun Coffee,고몽순 커피,コーヒー専門,Specialty Coffee,,,店内OK / Indoors OK,なし/No,アヒョン（阿峴）,Ahyeon,320,プガヒョンドン,Bugahyeon-dong,西大門区,Seodaemun-gu,서울특별시 서대문구 신촌로29길 16,0502-5550-6619,https://www.instagram.com/komongsoon_coffee,,37.5577395,126.9525482,通り単位,,0,軽飲食店,https://www.google.com/maps/search/?api=1&query=37.5577395%2C126.9525482,https://map.naver.com/p/search/%EA%B3%A0%EB%AA%BD%EC%88%9C%20%EC%BB%A4%ED%94%BC%20%EC%84%9C%EC%9A%B8%ED%8A%B9%EB%B3%84%EC%8B%9C%20%EC%84%9C%EB%8C%80%EB%AC%B8%EA%B5%AC%20%EC%8B%A0%EC%B4%8C%EB%A1%9C29%EA%B8%B8%2016,,
253,カフェ/Cafe,クッモニンゴトクラブ ヨンフィドン,GMGC/Good Morning Gut Club,굿모닝거트클럽 연희동,カフェ,Cafe,カフェ・ヨーグルト,"Cafe, Yogurt",店内OK / Indoors OK,なし/No,,,,ヨンフィドン,Yeonhui-dong,西大門区,Seodaemun-gu,서울특별시 서대문구 홍제천로 96 1층,,https://www.instagram.com/goodmorning_gut_club/,,37.5740274,126.9253322,店舗単位,,0,軽飲食店,https://www.google.com/maps/search/?api=1&query=37.5740274%2C126.9253322,https://map.naver.com/p/search/%EA%B5%BF%EB%AA%A8%EB%8B%9D%EA%B1%B0%ED%8A%B8%ED%81%B4%EB%9F%BD%20%EC%97%B0%ED%9D%AC%EB%8F%99%20%EC%84%9C%EC%9A%B8%ED%8A%B9%EB%B3%84%EC%8B%9C%20%EC%84%9C%EB%8C%80%EB%AC%B8%EA%B5%AC%20%ED%99%8D%EC%A0%9C%EC%B2%9C%EB%A1%9C%2096%201%EC%B8%B5,https://www.diningcode.com/profile.php?rid=kclkU13JgyxT,"카페, 요거트"
254,カフェ/Cafe,ッカサドソンジュ ヨンフィドン,Kkasadeuseonju Yeonhuidong,까사드선주 연희동,ベーカリー,Bakery,ベーカリー・クロワッサン,"Bakery, Croissant",店内OK / Indoors OK,なし/No,,,,ヨンフィドン,Yeonhui-dong,西大門区,Seodaemun-gu,서울특별시 서대문구 홍제천로6길 40 1층,02-332-6330,http://www.instagram.com/sunjoo_yh,,37.5746902,126.926583,店舗単位,,0,軽飲食店,https://www.google.com/maps/search/?api=1&query=37.5746902%2C126.926583,https://map.naver.com/p/search/%EA%B9%8C%EC%82%AC%EB%93%9C%EC%84%A0%EC%A3%BC%20%EC%97%B0%ED%9D%AC%EB%8F%99%20%EC%84%9C%EC%9A%B8%ED%8A%B9%EB%B3%84%EC%8B%9C%20%EC%84%9C%EB%8C%80%EB%AC%B8%EA%B5%AC%20%ED%99%8D%EC%A0%9C%EC%B2%9C%EB%A1%9C6%EA%B8%B8%2040%201%EC%B8%B5,https://www.diningcode.com/profile.php?rid=piw0IEfUO1dg,"베이커리, 크라상"
255,カフェ/Cafe,ニルジェラート,Nil Gelato Yeonhuidong,닐젤라또 연희동,ジェラート・かき氷,Gelato & Ice,ジェラート・ソルベ,"Gelato, Sorbet",店内OK / Indoors OK,なし/No,ホンデイプグ（弘大入口）,Hongik Univ.,1080,延禧洞（ヨンフィドン）,Yeonhui-dong,西大門区,Seodaemun-gu,서울특별시 서대문구 연희맛로 17-7 1층 101호,010-5883-6359,http://www.instagram.com/neil.gelato,,37.5668682,126.9291748,店舗単位,3.4,2,一般飲食店,https://www.google.com/maps/search/?api=1&query=37.5668682%2C126.9291748,https://map.naver.com/p/search/%EB%8B%90%EC%A0%A4%EB%9D%BC%EB%98%90%20%EC%97%B0%ED%9D%AC%EB%8F%99%20%EC%84%9C%EC%9A%B8%ED%8A%B9%EB%B3%84%EC%8B%9C%20%EC%84%9C%EB%8C%80%EB%AC%B8%EA%B5%AC%20%EC%97%B0%ED%9D%AC%EB%A7%9B%EB%A1%9C%2017-7%201%EC%B8%B5%20101%ED%98%B8,https://www.diningcode.com/profile.php?rid=4Xt90us73oX0,"젤라또, 소르베"
256,ごはん/Meal,ラア,Raah,라아 연희동,イタリアン,Italian,からすみパスタなど,"Pasta, Bottarga Pasta",店内OK / Indoors OK,なし/No,ホンデイプグ（弘大入口）,Hongik Univ.,1270,延禧洞（ヨンフィドン）,Yeonhui-dong,西大門区,Seodaemun-gu,서울특별시 서대문구 연희로11라길 10-8 1층,070-4833-1107,https://www.instagram.com/raah_seoul,,37.5684723,126.9303991,店舗単位,4.5,7,一般飲食店,https://www.google.com/maps/search/?api=1&query=37.5684723%2C126.9303991,https://map.naver.com/p/search/%EB%9D%BC%EC%95%84%20%EC%97%B0%ED%9D%AC%EB%8F%99%20%EC%84%9C%EC%9A%B8%ED%8A%B9%EB%B3%84%EC%8B%9C%20%EC%84%9C%EB%8C%80%EB%AC%B8%EA%B5%AC%20%EC%97%B0%ED%9D%AC%EB%A1%9C11%EB%9D%BC%EA%B8%B8%2010-8%201%EC%B8%B5,https://www.diningcode.com/profile.php?rid=lmKq4qun6xYt,"파스타, 어란파스타"
257,ごはん/Meal,ライライ,Rairai,라이라이,中華,Chinese,中華・チルリ,"Chinese, Chilri",店内OK / Indoors OK,なし/No,ホンデイプグ（弘大入口）,Hongik Univ.,1300,ヨンフィドン,Yeonhui-dong,西大門区,Seodaemun-gu,서울특별시 서대문구 연희로15길 27 라이라이 1층,02-338-3203,,,37.5686519,126.9304549,店舗単位,4.3,22,ベーカリー営業,https://www.google.com/maps/search/?api=1&query=37.5686519%2C126.9304549,https://map.naver.com/p/search/%EB%9D%BC%EC%9D%B4%EB%9D%BC%EC%9D%B4%20%EC%84%9C%EC%9A%B8%ED%8A%B9%EB%B3%84%EC%8B%9C%20%EC%84%9C%EB%8C%80%EB%AC%B8%EA%B5%AC%20%EC%97%B0%ED%9D%AC%EB%A1%9C15%EA%B8%B8%2027%20%EB%9D%BC%EC%9D%B4%EB%9D%BC%EC%9D%B4%201%EC%B8%B5,https://www.diningcode.com/profile.php?rid=qTnmbgMkw5VG,"중식, 칠리"
258,ごはん/Meal,ルイジ ヨンフィドン,Ruiji Yeonhuidong,루이지 연희동,レストラン,Restaurant,,,店内OK / Indoors OK,なし/No,ホンデイプグ（弘大入口）,Hongik Univ.,1050,ヨンフィドン,Yeonhui-dong,西大門区,Seodaemun-gu,"서울특별시 서대문구 연희맛로 15 2, 3층",010-2907-1897,,,37.5666456,126.9291305,店舗単位,,0,一般飲食店,https://www.google.com/maps/search/?api=1&query=37.5666456%2C126.9291305,https://map.naver.com/p/search/%EB%A3%A8%EC%9D%B4%EC%A7%80%20%EC%97%B0%ED%9D%AC%EB%8F%99%20%EC%84%9C%EC%9A%B8%ED%8A%B9%EB%B3%84%EC%8B%9C%20%EC%84%9C%EB%8C%80%EB%AC%B8%EA%B5%AC%20%EC%97%B0%ED%9D%AC%EB%A7%9B%EB%A1%9C%2015%202%2C%203%EC%B8%B5,https://www.diningcode.com/profile.php?rid=DGtiffu0u7VB,
259,ごはん/Meal,マウディ,Maudie,마우디 연희동,イタリアン,Italian,パスタ・ニョッキ,"Pasta, Gnocchi",店内OK / Indoors OK,なし/No,ホンデイプグ（弘大入口）,Hongik Univ.,1160,延禧洞（ヨンフィドン）,Yeonhui-dong,西大門区,Seodaemun-gu,서울특별시 서대문구 연희로11길 18,070-4667-4522,https://www.instagram.com/maudie_dining,,37.5674593,126.9301258,店舗単位,3.9,33,一般飲食店,https://www.google.com/maps/search/?api=1&query=37.5674593%2C126.9301258,https://map.naver.com/p/search/%EB%A7%88%EC%9A%B0%EB%94%94%20%EC%97%B0%ED%9D%AC%EB%8F%99%20%EC%84%9C%EC%9A%B8%ED%8A%B9%EB%B3%84%EC%8B%9C%20%EC%84%9C%EB%8C%80%EB%AC%B8%EA%B5%AC%20%EC%97%B0%ED%9D%AC%EB%A1%9C11%EA%B8%B8%2018,https://www.diningcode.com/profile.php?rid=KbVZGHXHOjYa,"파스타, 뇨끼"
260,ごはん/Meal,ムンタロ,Muntaro Yeonhuidong,문타로 연희동,バー・居酒屋,Bar & Pub,焼き鳥・和風居酒屋,"Izakaya, Yakitori",店内OK / Indoors OK,なし/No,ホンデイプグ（弘大入口）,Hongik Univ.,1090,延禧洞（ヨンフィドン）,Yeonhui-dong,西大門区,Seodaemun-gu,서울특별시 서대문구 연희맛로 17-49 지층 1호,,,,37.5670151,126.9289266,店舗単位,,0,一般飲食店,https://www.google.com/maps/search/?api=1&query=37.5670151%2C126.9289266,https://map.naver.com/p/search/%EB%AC%B8%ED%83%80%EB%A1%9C%20%EC%97%B0%ED%9D%AC%EB%8F%99%20%EC%84%9C%EC%9A%B8%ED%8A%B9%EB%B3%84%EC%8B%9C%20%EC%84%9C%EB%8C%80%EB%AC%B8%EA%B5%AC%20%EC%97%B0%ED%9D%AC%EB%A7%9B%EB%A1%9C%2017-49%20%EC%A7%80%EC%B8%B5%201%ED%98%B8,https://www.diningcode.com/profile.php?rid=BfR1WhxH6uEH,"이자카야, 야키토리"
261,ごはん/Meal,ペチュゴンジュワペキドルィガムソンノリト ヨンフィドン,Baechugongjuwapekideuruigamseongnoriteo Yeonhuidong,배추공주와페키들의감성놀이터 연희동,ブランチ,Brunch,カフェ・ブランチ,"Cafe, Brunch",店内OK / Indoors OK,なし/No,,,,ヨンフィドン,Yeonhui-dong,西大門区,Seodaemun-gu,서울특별시 서대문구 홍연길 87 1층 배추공주와 페키들의 감성놀이터,,,https://blog.naver.com/ilikedogs,37.5768228,126.9312615,店舗単位,,0,軽飲食店,https://www.google.com/maps/search/?api=1&query=37.5768228%2C126.9312615,https://map.naver.com/p/search/%EB%B0%B0%EC%B6%94%EA%B3%B5%EC%A3%BC%EC%99%80%ED%8E%98%ED%82%A4%EB%93%A4%EC%9D%98%EA%B0%90%EC%84%B1%EB%86%80%EC%9D%B4%ED%84%B0%20%EC%97%B0%ED%9D%AC%EB%8F%99%20%EC%84%9C%EC%9A%B8%ED%8A%B9%EB%B3%84%EC%8B%9C%20%EC%84%9C%EB%8C%80%EB%AC%B8%EA%B5%AC%20%ED%99%8D%EC%97%B0%EA%B8%B8%2087%201%EC%B8%B5%20%EB%B0%B0%EC%B6%94%EA%B3%B5%EC%A3%BC%EC%99%80%20%ED%8E%98%ED%82%A4%EB%93%A4%EC%9D%98%20%EA%B0%90%EC%84%B1%EB%86%80%EC%9D%B4%ED%84%B0,https://www.diningcode.com/profile.php?rid=FLVnLUuHCloJ,"카페, 브런치"
262,カフェ/Cafe,ポンソルコーヒー ヨンフィジョム,Bonsol Coffee Yeonhuijeom,본솔커피 연희점,コーヒー専門,Specialty Coffee,カフェ・シュトーレン,"Cafe, Stollen",店内OK / Indoors OK,なし/No,,,,ヨンフィドン,Yeonhui-dong,西大門区,Seodaemun-gu,서울특별시 서대문구 증가로 82,02-323-1225,,,37.5747161,126.9272353,店舗単位,,0,一般飲食店,https://www.google.com/maps/search/?api=1&query=37.5747161%2C126.9272353,https://map.naver.com/p/search/%EB%B3%B8%EC%86%94%EC%BB%A4%ED%94%BC%20%EC%97%B0%ED%9D%AC%EC%A0%90%20%EC%84%9C%EC%9A%B8%ED%8A%B9%EB%B3%84%EC%8B%9C%20%EC%84%9C%EB%8C%80%EB%AC%B8%EA%B5%AC%20%EC%A6%9D%EA%B0%80%EB%A1%9C%2082,https://www.diningcode.com/profile.php?rid=HIVcxV6KQwWm,"카페, 슈톨렌"
263,カフェ/Cafe,ピントウェルブ ヨンフィドン,Beantwelve,빈트웰브 연희동,コーヒー専門,Specialty Coffee,コーヒー・カフェ,"Coffee, Cafe",店内OK / Indoors OK,あり/Yes,ホンデイプグ（弘大入口）,Hongik Univ.,980,ヨンフィドン,Yeonhui-dong,西大門区,Seodaemun-gu,서울특별시 서대문구 연희맛로 7-25 2층,02-332-1280,https://www.instagram.com/beantwelve12/,,37.5661562,126.9280045,店舗単位,,0,軽飲食店,https://www.google.com/maps/search/?api=1&query=37.5661562%2C126.9280045,https://map.naver.com/p/search/%EB%B9%88%ED%8A%B8%EC%9B%B0%EB%B8%8C%20%EC%97%B0%ED%9D%AC%EB%8F%99%20%EC%84%9C%EC%9A%B8%ED%8A%B9%EB%B3%84%EC%8B%9C%20%EC%84%9C%EB%8C%80%EB%AC%B8%EA%B5%AC%20%EC%97%B0%ED%9D%AC%EB%A7%9B%EB%A1%9C%207-25%202%EC%B8%B5,https://www.diningcode.com/profile.php?rid=aX4QWeIATtGj,"커피, 카페"
264,カフェ/Cafe,スウェイ コーヒーステーション,Seuwei Coffee Station,스웨이 커피스테이션,コーヒー専門,Specialty Coffee,コーヒー・カフェ,"Coffee, Cafe",店内OK / Indoors OK,なし/No,ホンデイプグ（弘大入口）,Hongik Univ.,1310,ヨンフィドン,Yeonhui-dong,西大門区,Seodaemun-gu,서울특별시 서대문구 연희로11길 61,02-6348-0061,http://www.instagram.com/sway_coffee_station,,37.5690526,126.928619,店舗単位,4.6,22,軽飲食店,https://www.google.com/maps/search/?api=1&query=37.5690526%2C126.928619,https://map.naver.com/p/search/%EC%8A%A4%EC%9B%A8%EC%9D%B4%20%EC%BB%A4%ED%94%BC%EC%8A%A4%ED%85%8C%EC%9D%B4%EC%85%98%20%EC%84%9C%EC%9A%B8%ED%8A%B9%EB%B3%84%EC%8B%9C%20%EC%84%9C%EB%8C%80%EB%AC%B8%EA%B5%AC%20%EC%97%B0%ED%9D%AC%EB%A1%9C11%EA%B8%B8%2061,https://www.diningcode.com/profile.php?rid=LSwC1RLVlBVj,"커피, 카페"
265,ごはん/Meal,シーケイブ,SEA CAVE,씨케이브 연희동,洋食,Western,洋食・パスタ,"Western, Pasta",店内OK / Indoors OK,あり/Yes,ホンデイプグ（弘大入口）,Hongik Univ.,1050,延禧洞（ヨンフィドン）,Yeonhui-dong,西大門区,Seodaemun-gu,서울특별시 서대문구 연희로 89-12 102호,070-4791-6972,https://www.instagram.com/seacave.kr/,,37.5665074,126.9298901,店舗単位,5,2,一般飲食店,https://www.google.com/maps/search/?api=1&query=37.5665074%2C126.9298901,https://map.naver.com/p/search/%EC%94%A8%EC%BC%80%EC%9D%B4%EB%B8%8C%20%EC%97%B0%ED%9D%AC%EB%8F%99%20%EC%84%9C%EC%9A%B8%ED%8A%B9%EB%B3%84%EC%8B%9C%20%EC%84%9C%EB%8C%80%EB%AC%B8%EA%B5%AC%20%EC%97%B0%ED%9D%AC%EB%A1%9C%2089-12%20102%ED%98%B8,https://www.diningcode.com/profile.php?rid=kMNZfO9itkRZ,"양식, 파스타"
266,ごはん/Meal,イスェル ヨンフィ,Iswel Yeonhui,잇웰 연희,イタリアン,Italian,パスタ・ラザニア,"Pasta, Lasagna",店内OK / Indoors OK,なし/No,ホンデイプグ（弘大入口）,Hongik Univ.,950,ヨンフィドン,Yeonhui-dong,西大門区,Seodaemun-gu,서울특별시 서대문구 연희로8길 24 1층,02-332-5272,,,37.5651344,126.9313208,店舗単位,,0,一般飲食店,https://www.google.com/maps/search/?api=1&query=37.5651344%2C126.9313208,https://map.naver.com/p/search/%EC%9E%87%EC%9B%B0%20%EC%97%B0%ED%9D%AC%20%EC%84%9C%EC%9A%B8%ED%8A%B9%EB%B3%84%EC%8B%9C%20%EC%84%9C%EB%8C%80%EB%AC%B8%EA%B5%AC%20%EC%97%B0%ED%9D%AC%EB%A1%9C8%EA%B8%B8%2024%201%EC%B8%B5,https://www.diningcode.com/profile.php?rid=RADaHfmwhKh1,"파스타, 라자냐"
267,カフェ/Cafe,コーヒー店 トンギョン 延禧,Coffee Gage Donggyeong Yeonhuijeom,커피가게 동경 연희점,コーヒー専門,Specialty Coffee,アインシュペナー・コーヒー,"Coffee, Einspänner",店内OK / Indoors OK,なし/No,ホンデイプグ（弘大入口）,Hongik Univ.,1110,延禧洞（ヨンフィドン）,Yeonhui-dong,西大門区,Seodaemun-gu,서울특별시 서대문구 연희맛로 23,,https://www.instagram.com/coffeeshopdongkyung/,,37.5670966,126.929608,店舗単位,4.7,6,軽飲食店,https://www.google.com/maps/search/?api=1&query=37.5670966%2C126.929608,https://map.naver.com/p/search/%EC%BB%A4%ED%94%BC%EA%B0%80%EA%B2%8C%20%EB%8F%99%EA%B2%BD%20%EC%97%B0%ED%9D%AC%EC%A0%90%20%EC%84%9C%EC%9A%B8%ED%8A%B9%EB%B3%84%EC%8B%9C%20%EC%84%9C%EB%8C%80%EB%AC%B8%EA%B5%AC%20%EC%97%B0%ED%9D%AC%EB%A7%9B%EB%A1%9C%2023,https://www.diningcode.com/profile.php?rid=etd1wm531Lp7,"커피, 아인슈페너"
268,ごはん/Meal,ケットゥ ヨンフィドン,Kettu Yeonhuidong,케뚜 연희동,ブランチ,Brunch,ブランチ,Brunch,店内OK / Indoors OK,なし/No,ホンデイプグ（弘大入口）,Hongik Univ.,1140,ヨンフィドン,Yeonhui-dong,西大門区,Seodaemun-gu,서울특별시 서대문구 연희로11나길 5 1층,010-2349-2997,https://www.instagram.com/cafe_kettu/,,37.5674957,126.9283401,店舗単位,,0,軽飲食店,https://www.google.com/maps/search/?api=1&query=37.5674957%2C126.9283401,https://map.naver.com/p/search/%EC%BC%80%EB%9A%9C%20%EC%97%B0%ED%9D%AC%EB%8F%99%20%EC%84%9C%EC%9A%B8%ED%8A%B9%EB%B3%84%EC%8B%9C%20%EC%84%9C%EB%8C%80%EB%AC%B8%EA%B5%AC%20%EC%97%B0%ED%9D%AC%EB%A1%9C11%EB%82%98%EA%B8%B8%205%201%EC%B8%B5,https://www.diningcode.com/profile.php?rid=EFGk802N1way,브런치
269,カフェ/Cafe,パヂルラベイクショプ ヨンフィドン,padilla bake shop,파딜라베이크숍 연희동,スイーツ,Sweets,デザート・デザートカフェ,"Dessert, Dessert Cafe",店内OK / Indoors OK,あり/Yes,,,,ヨンフィドン,Yeonhui-dong,西大門区,Seodaemun-gu,서울특별시 서대문구 증가로 49-1 1층,,https://www.instagram.com/padilla.bake.shop,,37.5720662,126.9289825,店舗単位,,0,軽飲食店,https://www.google.com/maps/search/?api=1&query=37.5720662%2C126.9289825,https://map.naver.com/p/search/%ED%8C%8C%EB%94%9C%EB%9D%BC%EB%B2%A0%EC%9D%B4%ED%81%AC%EC%88%8D%20%EC%97%B0%ED%9D%AC%EB%8F%99%20%EC%84%9C%EC%9A%B8%ED%8A%B9%EB%B3%84%EC%8B%9C%20%EC%84%9C%EB%8C%80%EB%AC%B8%EA%B5%AC%20%EC%A6%9D%EA%B0%80%EB%A1%9C%2049-1%201%EC%B8%B5,https://www.diningcode.com/profile.php?rid=VhuXZ7eA7Rj8,"디저트, 디저트카페"
270,カフェ/Cafe,ミンギジョク,Minggijeok Jeungsanyeok,밍기적 증산역,カフェ,Cafe,キャロットケーキ・コーヒー,"Cafe, Carrot Cake",店内OK / Indoors OK,あり/Yes,チュンサン（繒山）,Jeungsan,380,繒山（チュンサン）,Jeungsan,西大門区,Seodaemun-gu,서울특별시 서대문구 불광천길 274 1층,0502-5553-0859,http://www.instagram.com/_minggijeok,,37.5862878,126.9132768,店舗単位,4.8,7,一般飲食店,https://www.google.com/maps/search/?api=1&query=37.5862878%2C126.9132768,https://map.naver.com/p/search/%EB%B0%8D%EA%B8%B0%EC%A0%81%20%EC%A6%9D%EC%82%B0%EC%97%AD%20%EC%84%9C%EC%9A%B8%ED%8A%B9%EB%B3%84%EC%8B%9C%20%EC%84%9C%EB%8C%80%EB%AC%B8%EA%B5%AC%20%EB%B6%88%EA%B4%91%EC%B2%9C%EA%B8%B8%20274%201%EC%B8%B5,https://www.diningcode.com/profile.php?rid=xQX66ZNxnJB5,"카페, 당근케이크"
271,カフェ/Cafe,コーヒーエッマーケット トクリプムニョンチョンシジャン,Coffee Et Market Dokripmunyeongcheonsijang,커피엣마켓 독립문영천시장,コーヒー専門,Specialty Coffee,カフェ・ブルーベリー,"Cafe, Blueberry",店内OK / Indoors OK,なし/No,ソデムン（西大門）,Seodaemun,500,チョニョンドン,Cheonyeon-dong,西大門区,Seodaemun-gu,서울특별시 서대문구 통일로 173-2 1층,070-8666-3628,https://www.instagram.com/coffee_at_market,,37.5692719,126.962987,店舗単位,,0,一般飲食店,https://www.google.com/maps/search/?api=1&query=37.5692719%2C126.962987,https://map.naver.com/p/search/%EC%BB%A4%ED%94%BC%EC%97%A3%EB%A7%88%EC%BC%93%20%EB%8F%85%EB%A6%BD%EB%AC%B8%EC%98%81%EC%B2%9C%EC%8B%9C%EC%9E%A5%20%EC%84%9C%EC%9A%B8%ED%8A%B9%EB%B3%84%EC%8B%9C%20%EC%84%9C%EB%8C%80%EB%AC%B8%EA%B5%AC%20%ED%86%B5%EC%9D%BC%EB%A1%9C%20173-2%201%EC%B8%B5,https://www.diningcode.com/profile.php?rid=tTzZuipp1XBE,"카페, 블루베리"
272,カフェ/Cafe,ポンメンション ミョンジデ,Bongmaensyeon Myeongjidae,봉맨션 명지대,スイーツ,Sweets,デザートカフェ・コーヒー,"Dessert Cafe, Coffee",店内OK / Indoors OK,なし/No,チュンサン（繒山）,Jeungsan,1400,ホンウンドン,Hongeun-dong,西大門区,Seodaemun-gu,서울특별시 서대문구 가좌로 118 2층 봉맨션,,https://www.instagram.com/bong.mansion,,37.5830232,126.9257136,店舗単位,5,3,一般飲食店,https://www.google.com/maps/search/?api=1&query=37.5830232%2C126.9257136,https://map.naver.com/p/search/%EB%B4%89%EB%A7%A8%EC%85%98%20%EB%AA%85%EC%A7%80%EB%8C%80%20%EC%84%9C%EC%9A%B8%ED%8A%B9%EB%B3%84%EC%8B%9C%20%EC%84%9C%EB%8C%80%EB%AC%B8%EA%B5%AC%20%EA%B0%80%EC%A2%8C%EB%A1%9C%20118%202%EC%B8%B5%20%EB%B4%89%EB%A7%A8%EC%85%98,https://www.diningcode.com/profile.php?rid=jsoAPVnxmaIT,"디저트카페, 커피"
273,ごはん/Meal,サムサミネ ホンウンドンジョム,Samsamine Hongeundongjeom,삼삼이네 홍은동점,レストラン,Restaurant,,,店内OK / Indoors OK,なし/No,ノクボン,Nokbeon,1130,ホンウンドン,Hongeun-dong,西大門区,Seodaemun-gu,서울특별시 서대문구 홍은중앙로8길 22,,,,37.5988811,126.9483103,通り単位,,0,一般飲食店,https://www.google.com/maps/search/?api=1&query=37.5988811%2C126.9483103,https://map.naver.com/p/search/%EC%82%BC%EC%82%BC%EC%9D%B4%EB%84%A4%20%ED%99%8D%EC%9D%80%EB%8F%99%EC%A0%90%20%EC%84%9C%EC%9A%B8%ED%8A%B9%EB%B3%84%EC%8B%9C%20%EC%84%9C%EB%8C%80%EB%AC%B8%EA%B5%AC%20%ED%99%8D%EC%9D%80%EC%A4%91%EC%95%99%EB%A1%9C8%EA%B8%B8%2022,,
274,カフェ/Cafe,エスペランジャ ロースターズ,ER coffee,에스페란자 로스터즈,コーヒー専門,Specialty Coffee,コーヒー,Coffee,店内OK / Indoors OK,なし/No,,,,ホンウンドン,Hongeun-dong,西大門区,Seodaemun-gu,서울특별시 서대문구 증가로4길 58-15 1층,070-8837-1105,,http://www.ercoffee.co.kr,37.5775004,126.9287346,店舗単位,4.2,7,一般飲食店,https://www.google.com/maps/search/?api=1&query=37.5775004%2C126.9287346,https://map.naver.com/p/search/%EC%97%90%EC%8A%A4%ED%8E%98%EB%9E%80%EC%9E%90%20%EB%A1%9C%EC%8A%A4%ED%84%B0%EC%A6%88%20%EC%84%9C%EC%9A%B8%ED%8A%B9%EB%B3%84%EC%8B%9C%20%EC%84%9C%EB%8C%80%EB%AC%B8%EA%B5%AC%20%EC%A6%9D%EA%B0%80%EB%A1%9C4%EA%B8%B8%2058-15%201%EC%B8%B5,https://www.diningcode.com/profile.php?rid=Zw7ztSOXKuo3,커피
275,カフェ/Cafe,イェスリトースト ミョンジデ,Yeseuri Toast Myeongjidae,예스리토스트 명지대,カフェ・軽食,Cafe & Snacks,,,店内OK / Indoors OK,なし/No,チュンサン（繒山）,Jeungsan,1480,ホンウンドン,Hongeun-dong,西大門区,Seodaemun-gu,서울특별시 서대문구 거북골로 6 1층,0502-5552-9527,https://www.instagram.com/yesleetoast,,37.581261,126.9262883,店舗単位,,0,軽飲食店,https://www.google.com/maps/search/?api=1&query=37.581261%2C126.9262883,https://map.naver.com/p/search/%EC%98%88%EC%8A%A4%EB%A6%AC%ED%86%A0%EC%8A%A4%ED%8A%B8%20%EB%AA%85%EC%A7%80%EB%8C%80%20%EC%84%9C%EC%9A%B8%ED%8A%B9%EB%B3%84%EC%8B%9C%20%EC%84%9C%EB%8C%80%EB%AC%B8%EA%B5%AC%20%EA%B1%B0%EB%B6%81%EA%B3%A8%EB%A1%9C%206%201%EC%B8%B5,https://www.diningcode.com/profile.php?rid=5jh3tVvaOdfY,
276,ごはん/Meal,スリン ホンジェヨク,Surin Hongjeyeok,술인 홍제역,バー・居酒屋,Bar & Pub,居酒屋・創作料理,"Bar, Fusion",店内OK / Indoors OK,なし/No,ホンジェ（弘済）,Hongje,260,ホンジェドン,Hongje-dong,西大門区,Seodaemun-gu,서울특별시 서대문구 통일로 421 2층,010-7475-0210,https://www.instagram.com/sul_in_421/,,37.5868418,126.946014,店舗単位,4.5,2,一般飲食店,https://www.google.com/maps/search/?api=1&query=37.5868418%2C126.946014,https://map.naver.com/p/search/%EC%88%A0%EC%9D%B8%20%ED%99%8D%EC%A0%9C%EC%97%AD%20%EC%84%9C%EC%9A%B8%ED%8A%B9%EB%B3%84%EC%8B%9C%20%EC%84%9C%EB%8C%80%EB%AC%B8%EA%B5%AC%20%ED%86%B5%EC%9D%BC%EB%A1%9C%20421%202%EC%B8%B5,https://www.diningcode.com/profile.php?rid=O6blEyJkP7ab,"술집, 퓨전요리"
277,ごはん/Meal,エントランス,Enteureonseu Gyodaeyeok,엔트런스 교대역,ブランチ,Brunch,ブランチ・カフェ飯,Brunch,店内OK / Indoors OK,なし/No,キョデ（教大）,Seoul Nat'l Univ. of Education,490,教大（キョデ）,Gyodae,瑞草区,Seocho-gu,서울특별시 서초구 사임당로19길 72-3,070-4488-4877,https://www.instagram.com/entrance_cafe/,,37.4924472,127.0190354,店舗単位,4,7,軽飲食店,https://www.google.com/maps/search/?api=1&query=37.4924472%2C127.0190354,https://map.naver.com/p/search/%EC%97%94%ED%8A%B8%EB%9F%B0%EC%8A%A4%20%EA%B5%90%EB%8C%80%EC%97%AD%20%EC%84%9C%EC%9A%B8%ED%8A%B9%EB%B3%84%EC%8B%9C%20%EC%84%9C%EC%B4%88%EA%B5%AC%20%EC%82%AC%EC%9E%84%EB%8B%B9%EB%A1%9C19%EA%B8%B8%2072-3,https://www.diningcode.com/profile.php?rid=cI75AwMkDJoa,브런치
278,ごはん/Meal,HeyVERT,HeyVERT,HeyVERT,レストラン,Restaurant,,,店内OK / Indoors OK,なし/No,シンバンポ（新盤浦）,Sinbanpo,700,パンポドン,Banpo-dong,瑞草区,Seocho-gu,서울특별시 서초구 서래로6길 25,02-6369-0035,https://www.instagram.com/heyvert.seorae,,37.4977399,126.9994301,通り単位,,0,一般飲食店,https://www.google.com/maps/search/?api=1&query=37.4977399%2C126.9994301,https://map.naver.com/p/search/HeyVERT%20%EC%84%9C%EC%9A%B8%ED%8A%B9%EB%B3%84%EC%8B%9C%20%EC%84%9C%EC%B4%88%EA%B5%AC%20%EC%84%9C%EB%9E%98%EB%A1%9C6%EA%B8%B8%2025,,
279,カフェ/Cafe,テンクコーヒー ノンヒョニョク,Dank,댕크커피 논현역,スイーツ,Sweets,コーヒー・カヌレ,"Coffee, Canelé",店内OK / Indoors OK,なし/No,ノンヒョン（論峴）,Nonhyeon,290,パンポドン,Banpo-dong,瑞草区,Seocho-gu,서울특별시 서초구 사평대로57길 96 1층 댕크,02-546-7220,https://www.instagram.com/dankcoffee_kr,,37.5084424,127.0219609,店舗単位,4.5,3,一般飲食店,https://www.google.com/maps/search/?api=1&query=37.5084424%2C127.0219609,https://map.naver.com/p/search/%EB%8C%95%ED%81%AC%EC%BB%A4%ED%94%BC%20%EB%85%BC%ED%98%84%EC%97%AD%20%EC%84%9C%EC%9A%B8%ED%8A%B9%EB%B3%84%EC%8B%9C%20%EC%84%9C%EC%B4%88%EA%B5%AC%20%EC%82%AC%ED%8F%89%EB%8C%80%EB%A1%9C57%EA%B8%B8%2096%201%EC%B8%B5%20%EB%8C%95%ED%81%AC,https://www.diningcode.com/profile.php?rid=SO5O5fHm6klS,"커피, 까눌레"
280,カフェ/Cafe,トク,DUCK,덕,カフェ・軽食,Cafe & Snacks,,,店内OK / Indoors OK,なし/No,シンバンポ（新盤浦）,Sinbanpo,700,パンポドン,Banpo-dong,瑞草区,Seocho-gu,서울특별시 서초구 서래로6길 10,,,,37.4976562,126.9988643,建物単位,,0,軽飲食店,https://www.google.com/maps/search/?api=1&query=37.4976562%2C126.9988643,https://map.naver.com/p/search/%EB%8D%95%20%EC%84%9C%EC%9A%B8%ED%8A%B9%EB%B3%84%EC%8B%9C%20%EC%84%9C%EC%B4%88%EA%B5%AC%20%EC%84%9C%EB%9E%98%EB%A1%9C6%EA%B8%B8%2010,,
281,カフェ/Cafe,アディクティブ,Eodiktibeu Nonhyeonyeok,어딕티브 논현역,コーヒー専門,Specialty Coffee,シングルオリジンコーヒー,"Coffee, Colombian",店内OK / Indoors OK,なし/No,ノンヒョン（論峴）,Nonhyeon,280,盤浦洞（パンポドン）,Banpo-dong,瑞草区,Seocho-gu,서울 서초구 주흥길 64-17 102호,0502-5553-8421,https://www.instagram.com/addictive.seoul,,37.5090231,127.0194378,店舗単位,3.9,6,一般飲食店,https://www.google.com/maps/search/?api=1&query=37.5090231%2C127.0194378,https://map.naver.com/p/search/%EC%96%B4%EB%94%95%ED%8B%B0%EB%B8%8C%20%EB%85%BC%ED%98%84%EC%97%AD%20%EC%84%9C%EC%9A%B8%20%EC%84%9C%EC%B4%88%EA%B5%AC%20%EC%A3%BC%ED%9D%A5%EA%B8%B8%2064-17%20102%ED%98%B8,https://www.diningcode.com/profile.php?rid=rsYZQth75JvO,"커피, 콜롬비아"
282,カフェ/Cafe,レバルコン イスヨク,Rebalkong Isuyeok,레발콩 이수역,カフェ,Cafe,カフェ・日本料理,"Cafe, Japanese",店内OK / Indoors OK,あり/Yes,イス（梨水）,Isu,140,パンベドン,Bangbae-dong,瑞草区,Seocho-gu,서울특별시 서초구 방배천로 92 101동,02-588-5510,https://www.instagram.com/lesbalcons.official,,37.4847822,126.9835016,店舗単位,5,3,一般飲食店,https://www.google.com/maps/search/?api=1&query=37.4847822%2C126.9835016,https://map.naver.com/p/search/%EB%A0%88%EB%B0%9C%EC%BD%A9%20%EC%9D%B4%EC%88%98%EC%97%AD%20%EC%84%9C%EC%9A%B8%ED%8A%B9%EB%B3%84%EC%8B%9C%20%EC%84%9C%EC%B4%88%EA%B5%AC%20%EB%B0%A9%EB%B0%B0%EC%B2%9C%EB%A1%9C%2092%20101%EB%8F%99,https://www.diningcode.com/profile.php?rid=nDg4MuI3DiOn,"카페, 일본"
283,カフェ/Cafe,リヨリヨコーヒー,Riyoriyo Coffee Isuyeok,리요리요커피 이수역,カフェ,Cafe,クロッフル・コーヒー,"Cafe, Croffle",店内OK / Indoors OK,なし/No,イス（梨水）,Isu,320,方背洞（パンベドン）,Bangbae-dong,瑞草区,Seocho-gu,서울특별시 서초구 방배천로18길 11 아르떼상가 B동 104호 리요리요커피,02-3472-7111,https://www.instagram.com/liyoliyo_coffee,,37.4828082,126.9836324,店舗単位,4.6,14,一般飲食店,https://www.google.com/maps/search/?api=1&query=37.4828082%2C126.9836324,https://map.naver.com/p/search/%EB%A6%AC%EC%9A%94%EB%A6%AC%EC%9A%94%EC%BB%A4%ED%94%BC%20%EC%9D%B4%EC%88%98%EC%97%AD%20%EC%84%9C%EC%9A%B8%ED%8A%B9%EB%B3%84%EC%8B%9C%20%EC%84%9C%EC%B4%88%EA%B5%AC%20%EB%B0%A9%EB%B0%B0%EC%B2%9C%EB%A1%9C18%EA%B8%B8%2011%20%EC%95%84%EB%A5%B4%EB%96%BC%EC%83%81%EA%B0%80%20B%EB%8F%99%20104%ED%98%B8%20%EB%A6%AC%EC%9A%94%EB%A6%AC%EC%9A%94%EC%BB%A4%ED%94%BC,https://www.diningcode.com/profile.php?rid=bs1veUGsHESF,"카페, 크로플"
284,カフェ/Cafe,リフレッシャス,Ripeuresyeoseu Sadang,리프레셔스 사당,カフェ,Cafe,コーヒー・デザート,"Cafe, Coffee",店内OK / Indoors OK,なし/No,サダン（舍堂）,Sadang,470,方背洞（パンベドン）,Bangbae-dong,瑞草区,Seocho-gu,서울특별시 서초구 청두곶6길 8 1층 리프레셔스,010-4277-2519,http://www.instagram.com/refreshus,,37.4793886,126.9856186,店舗単位,4.9,10,一般飲食店,https://www.google.com/maps/search/?api=1&query=37.4793886%2C126.9856186,https://map.naver.com/p/search/%EB%A6%AC%ED%94%84%EB%A0%88%EC%85%94%EC%8A%A4%20%EC%82%AC%EB%8B%B9%20%EC%84%9C%EC%9A%B8%ED%8A%B9%EB%B3%84%EC%8B%9C%20%EC%84%9C%EC%B4%88%EA%B5%AC%20%EC%B2%AD%EB%91%90%EA%B3%B66%EA%B8%B8%208%201%EC%B8%B5%20%EB%A6%AC%ED%94%84%EB%A0%88%EC%85%94%EC%8A%A4,https://www.diningcode.com/profile.php?rid=qNYZ576ABtxH,"카페, 커피"
285,カフェ/Cafe,メイベイク パンベ,Mei Bake Bangbae,메이베이크 방배,ベーカリー,Bakery,ベーカリー・エッグタルト,"Bakery, Egg Tart",店内OK / Indoors OK,なし/No,ネバン（内方）,Naebang,460,パンベドン,Bangbae-dong,瑞草区,Seocho-gu,서울특별시 서초구 서초대로25길 90 1층,070-5208-2058,https://www.instagram.com/maybake_official,,37.4916527,126.9921878,店舗単位,,0,一般飲食店,https://www.google.com/maps/search/?api=1&query=37.4916527%2C126.9921878,https://map.naver.com/p/search/%EB%A9%94%EC%9D%B4%EB%B2%A0%EC%9D%B4%ED%81%AC%20%EB%B0%A9%EB%B0%B0%20%EC%84%9C%EC%9A%B8%ED%8A%B9%EB%B3%84%EC%8B%9C%20%EC%84%9C%EC%B4%88%EA%B5%AC%20%EC%84%9C%EC%B4%88%EB%8C%80%EB%A1%9C25%EA%B8%B8%2090%201%EC%B8%B5,https://www.diningcode.com/profile.php?rid=cWjNZgoTGo3G,"베이커리, 에그타르트"
286,カフェ/Cafe,モンタク 方背,Montak Bangbae,몬탁 방배,ベーカリー,Bakery,ベーカリー・コーヒー,"Bakery, Coffee",店内OK / Indoors OK,あり/Yes,ネバン（内方）,Naebang,280,方背洞（パンベドン）,Bangbae-dong,瑞草区,Seocho-gu,서울특별시 서초구 서초대로25길 54 1층,070-7543-1224,https://www.instagram.com/montauk.official,,37.4901635,126.9931435,店舗単位,4.5,9,一般飲食店,https://www.google.com/maps/search/?api=1&query=37.4901635%2C126.9931435,https://map.naver.com/p/search/%EB%AA%AC%ED%83%81%20%EB%B0%A9%EB%B0%B0%20%EC%84%9C%EC%9A%B8%ED%8A%B9%EB%B3%84%EC%8B%9C%20%EC%84%9C%EC%B4%88%EA%B5%AC%20%EC%84%9C%EC%B4%88%EB%8C%80%EB%A1%9C25%EA%B8%B8%2054%201%EC%B8%B5,https://www.diningcode.com/profile.php?rid=OYQijcl8pVuh,"베이커리, 커피"
287,ごはん/Meal,サランホ・マクフェ,Sarangho Makhoe Naebangyeok,사랑호 막회 내방역,韓国料理,Korean,ムルフェ（冷たい刺身スープ）・刺身,"Cold Raw Fish Soup, Sashimi",店内OK / Indoors OK,なし/No,ネバン（内方）,Naebang,210,方背洞（パンベドン）,Bangbae-dong,瑞草区,Seocho-gu,서울특별시 서초구 서초대로27길 33 지하1층,,,,37.4894862,126.994078,店舗単位,,0,一般飲食店,https://www.google.com/maps/search/?api=1&query=37.4894862%2C126.994078,https://map.naver.com/p/search/%EC%82%AC%EB%9E%91%ED%98%B8%20%EB%A7%89%ED%9A%8C%20%EB%82%B4%EB%B0%A9%EC%97%AD%20%EC%84%9C%EC%9A%B8%ED%8A%B9%EB%B3%84%EC%8B%9C%20%EC%84%9C%EC%B4%88%EA%B5%AC%20%EC%84%9C%EC%B4%88%EB%8C%80%EB%A1%9C27%EA%B8%B8%2033%20%EC%A7%80%ED%95%981%EC%B8%B5,https://www.diningcode.com/profile.php?rid=5l728lVUVegc,"물회, 막회"
288,ごはん/Meal,セロデイジュ パンベドン,Saturdays,세러데이즈 방배동,ブランチ,Brunch,ブランチ,Brunch,店内OK / Indoors OK,あり/Yes,ネバン（内方）,Naebang,350,パンベドン,Bangbae-dong,瑞草区,Seocho-gu,서울특별시 서초구 방배로28길 29-1 1층 세러데이즈,,,,37.490764,126.9936533,店舗単位,,0,一般飲食店,https://www.google.com/maps/search/?api=1&query=37.490764%2C126.9936533,https://map.naver.com/p/search/%EC%84%B8%EB%9F%AC%EB%8D%B0%EC%9D%B4%EC%A6%88%20%EB%B0%A9%EB%B0%B0%EB%8F%99%20%EC%84%9C%EC%9A%B8%ED%8A%B9%EB%B3%84%EC%8B%9C%20%EC%84%9C%EC%B4%88%EA%B5%AC%20%EB%B0%A9%EB%B0%B0%EB%A1%9C28%EA%B8%B8%2029-1%201%EC%B8%B5%20%EC%84%B8%EB%9F%AC%EB%8D%B0%EC%9D%B4%EC%A6%88,https://www.diningcode.com/profile.php?rid=zNiM8XGDS4WX,브런치
289,ごはん/Meal,オールウェイズオン,Always on,올웨이즈온 사당,ブランチ,Brunch,ブランチプレート,Brunch,店内OK / Indoors OK,あり/Yes,サダン（舍堂）,Sadang,410,方背洞（パンベドン）,Bangbae-dong,瑞草区,Seocho-gu,서울특별시 서초구 방배천로8길 16-12 1층 카페,02-584-7974,https://www.instagram.com/cafe_alwayson/,,37.4800442,126.9833819,店舗単位,4.6,16,一般飲食店,https://www.google.com/maps/search/?api=1&query=37.4800442%2C126.9833819,https://map.naver.com/p/search/%EC%98%AC%EC%9B%A8%EC%9D%B4%EC%A6%88%EC%98%A8%20%EC%82%AC%EB%8B%B9%20%EC%84%9C%EC%9A%B8%ED%8A%B9%EB%B3%84%EC%8B%9C%20%EC%84%9C%EC%B4%88%EA%B5%AC%20%EB%B0%A9%EB%B0%B0%EC%B2%9C%EB%A1%9C8%EA%B8%B8%2016-12%201%EC%B8%B5%20%EC%B9%B4%ED%8E%98,https://www.diningcode.com/profile.php?rid=LAHvWvzlPe12,브런치
290,カフェ/Cafe,ウトポス パンベ,Utoposeu Bangbae,우토포스 방배,コーヒー専門,Specialty Coffee,カフェ・自家焙煎,"Cafe, Roasting",店内OK / Indoors OK,なし/No,クバンポ（旧盤浦）,Gubanpo,750,パンベドン,Bangbae-dong,瑞草区,Seocho-gu,서울특별시 서초구 방배로39길 42-7 1층,0507-1359-5801,http://www.instagram.com/ou_topos_coffee,,37.4945135,126.9866729,店舗単位,4.3,3,一般飲食店,https://www.google.com/maps/search/?api=1&query=37.4945135%2C126.9866729,https://map.naver.com/p/search/%EC%9A%B0%ED%86%A0%ED%8F%AC%EC%8A%A4%20%EB%B0%A9%EB%B0%B0%20%EC%84%9C%EC%9A%B8%ED%8A%B9%EB%B3%84%EC%8B%9C%20%EC%84%9C%EC%B4%88%EA%B5%AC%20%EB%B0%A9%EB%B0%B0%EB%A1%9C39%EA%B8%B8%2042-7%201%EC%B8%B5,https://www.diningcode.com/profile.php?rid=GmL2bNgB78GN,"카페, 로스팅"
291,カフェ/Cafe,ユルモクコーヒー サダン,Yulmok Coffee Sadang,율목커피 사당,茶カフェ,Tea House,カフェ・抹茶,"Cafe, Matcha",店内OK / Indoors OK,あり/Yes,サダン（舍堂）,Sadang,480,パンベドン,Bangbae-dong,瑞草区,Seocho-gu,서울특별시 서초구 방배천로8길 26 율목커피,010-2776-6424,http://www.instagram.com/yulmok_coffee,,37.4804317,126.9841042,店舗単位,4.6,15,一般飲食店,https://www.google.com/maps/search/?api=1&query=37.4804317%2C126.9841042,https://map.naver.com/p/search/%EC%9C%A8%EB%AA%A9%EC%BB%A4%ED%94%BC%20%EC%82%AC%EB%8B%B9%20%EC%84%9C%EC%9A%B8%ED%8A%B9%EB%B3%84%EC%8B%9C%20%EC%84%9C%EC%B4%88%EA%B5%AC%20%EB%B0%A9%EB%B0%B0%EC%B2%9C%EB%A1%9C8%EA%B8%B8%2026%20%EC%9C%A8%EB%AA%A9%EC%BB%A4%ED%94%BC,https://www.diningcode.com/profile.php?rid=zc7ElOANw6VQ,"카페, 말차"
292,カフェ/Cafe,カフェトリオン ポンサ,Cafe Deuriong Bonsa,카페드리옹 본사,スイーツ,Sweets,デザート・ミルフィーユ,"Dessert, Mille-feuille",店内OK / Indoors OK,なし/No,パンベ（方背）,Bangbae,750,パンベドン,Bangbae-dong,瑞草区,Seocho-gu,"서울특별시 서초구 명달로 21 1층, 2층",02-6941-0050,https://www.instagram.com/cafedelyon.kr,,37.4794212,127.0057743,店舗単位,4.6,4,一般飲食店,https://www.google.com/maps/search/?api=1&query=37.4794212%2C127.0057743,https://map.naver.com/p/search/%EC%B9%B4%ED%8E%98%EB%93%9C%EB%A6%AC%EC%98%B9%20%EB%B3%B8%EC%82%AC%20%EC%84%9C%EC%9A%B8%ED%8A%B9%EB%B3%84%EC%8B%9C%20%EC%84%9C%EC%B4%88%EA%B5%AC%20%EB%AA%85%EB%8B%AC%EB%A1%9C%2021%201%EC%B8%B5%2C%202%EC%B8%B5,https://www.diningcode.com/profile.php?rid=Uk0u5ZsVIkkg,"디저트, 밀푀유"
293,カフェ/Cafe,クィンジュベリドーナツハウス パンベジョム,Kwinjeuberi Donut House Bangbaejeom,퀸즈베리도넛하우스 방배점,スイーツ,Sweets,ドーナツ・カフェ,"Donut, Cafe",店内OK / Indoors OK,あり/Yes,ネバン（内方）,Naebang,420,パンベドン,Bangbae-dong,瑞草区,Seocho-gu,서울특별시 서초구 방배로19길 63 1층,,,,37.4841076,126.9918001,店舗単位,,0,ベーカリー営業,https://www.google.com/maps/search/?api=1&query=37.4841076%2C126.9918001,https://map.naver.com/p/search/%ED%80%B8%EC%A6%88%EB%B2%A0%EB%A6%AC%EB%8F%84%EB%84%9B%ED%95%98%EC%9A%B0%EC%8A%A4%20%EB%B0%A9%EB%B0%B0%EC%A0%90%20%EC%84%9C%EC%9A%B8%ED%8A%B9%EB%B3%84%EC%8B%9C%20%EC%84%9C%EC%B4%88%EA%B5%AC%20%EB%B0%A9%EB%B0%B0%EB%A1%9C19%EA%B8%B8%2063%201%EC%B8%B5,https://www.diningcode.com/profile.php?rid=RrMN3ALejOAT,"도넛, 카페"
294,ごはん/Meal,ドクターロビン 瑞来村店,Dakteorobin Seoraemaeuljeom,닥터로빈 서래마을점,ブランチ,Brunch,ヘルシーブランチ・かぼちゃスープ,"Brunch, Pumpkin Soup",店内OK / Indoors OK,なし/No,シンバンポ（新盤浦）,Sinbanpo,690,瑞来村（ソレマウル）,Seoraemaeul,瑞草区,Seocho-gu,서울특별시 서초구 서래로6길 17 1층 닥터로빈 서래마을점,,,,37.4978663,126.9993768,店舗単位,,0,一般飲食店,https://www.google.com/maps/search/?api=1&query=37.4978663%2C126.9993768,https://map.naver.com/p/search/%EB%8B%A5%ED%84%B0%EB%A1%9C%EB%B9%88%20%EC%84%9C%EB%9E%98%EB%A7%88%EC%9D%84%EC%A0%90%20%EC%84%9C%EC%9A%B8%ED%8A%B9%EB%B3%84%EC%8B%9C%20%EC%84%9C%EC%B4%88%EA%B5%AC%20%EC%84%9C%EB%9E%98%EB%A1%9C6%EA%B8%B8%2017%201%EC%B8%B5%20%EB%8B%A5%ED%84%B0%EB%A1%9C%EB%B9%88%20%EC%84%9C%EB%9E%98%EB%A7%88%EC%9D%84%EC%A0%90,https://www.diningcode.com/profile.php?rid=lyCYKMRCke8A,"브런치, 단호박스프"
295,カフェ/Cafe,リフレクトコーヒー,Ripeulrekteu Coffee Roasting Lab Yangjae,리플렉트커피 로스팅 랩 양재,コーヒー専門,Specialty Coffee,自家焙煎コーヒー,"Cafe, Coffee",店内OK / Indoors OK,なし/No,ヤンジェ,Yangjae,390,瑞草洞（ソチョドン）,Seocho-dong,瑞草区,Seocho-gu,서울특별시 서초구 남부순환로347길 53 104호,070-4048-0862,https://instagram.com/reflect_coffee,,37.4867162,127.0308995,店舗単位,4.5,10,一般飲食店,https://www.google.com/maps/search/?api=1&query=37.4867162%2C127.0308995,https://map.naver.com/p/search/%EB%A6%AC%ED%94%8C%EB%A0%89%ED%8A%B8%EC%BB%A4%ED%94%BC%20%EB%A1%9C%EC%8A%A4%ED%8C%85%20%EB%9E%A9%20%EC%96%91%EC%9E%AC%20%EC%84%9C%EC%9A%B8%ED%8A%B9%EB%B3%84%EC%8B%9C%20%EC%84%9C%EC%B4%88%EA%B5%AC%20%EB%82%A8%EB%B6%80%EC%88%9C%ED%99%98%EB%A1%9C347%EA%B8%B8%2053%20104%ED%98%B8,https://www.diningcode.com/profile.php?rid=7yWYYhZBGlX9,"카페, 커피"
296,カフェ/Cafe,ソチョコーヒーチャゴプシルGilmajoong gil ソチョグ,Gilmajoong-gil,서초커피작업실Gilmajoong gil 서초구,コーヒー専門,Specialty Coffee,コーヒー・カフェ,"Coffee, Cafe",店内OK / Indoors OK,なし/No,ヤンジェ,Yangjae,520,ソチョドン,Seocho-dong,瑞草区,Seocho-gu,서울특별시 서초구 서운로1길 25 1층,,,,37.4843647,127.0282132,店舗単位,3,1,一般飲食店,https://www.google.com/maps/search/?api=1&query=37.4843647%2C127.0282132,https://map.naver.com/p/search/%EC%84%9C%EC%B4%88%EC%BB%A4%ED%94%BC%EC%9E%91%EC%97%85%EC%8B%A4Gilmajoong%20gil%20%EC%84%9C%EC%B4%88%EA%B5%AC%20%EC%84%9C%EC%9A%B8%ED%8A%B9%EB%B3%84%EC%8B%9C%20%EC%84%9C%EC%B4%88%EA%B5%AC%20%EC%84%9C%EC%9A%B4%EB%A1%9C1%EA%B8%B8%2025%201%EC%B8%B5,https://www.diningcode.com/profile.php?rid=QWqEj2WfaPSp,"커피, 카페"
297,カフェ/Cafe,アワーアワー キョデヨク,OUR HOUR,아워아워 교대역,ベーカリー,Bakery,,,店内OK / Indoors OK,なし/No,キョデ（教大）,Seoul Nat'l Univ. of Education,300,ソチョドン,Seocho-dong,瑞草区,Seocho-gu,서울특별시 서초구 서초대로54길 46 101호,,,,37.4922675,127.0165772,店舗単位,,0,ベーカリー営業,https://www.google.com/maps/search/?api=1&query=37.4922675%2C127.0165772,https://map.naver.com/p/search/%EC%95%84%EC%9B%8C%EC%95%84%EC%9B%8C%20%EA%B5%90%EB%8C%80%EC%97%AD%20%EC%84%9C%EC%9A%B8%ED%8A%B9%EB%B3%84%EC%8B%9C%20%EC%84%9C%EC%B4%88%EA%B5%AC%20%EC%84%9C%EC%B4%88%EB%8C%80%EB%A1%9C54%EA%B8%B8%2046%20101%ED%98%B8,https://www.diningcode.com/profile.php?rid=L9b9e2u92vmv,
298,ごはん/Meal,ホミコーヒー ソチョ,Homi Coffee Seocho,호미커피 서초,サンドイッチ・サラダ,Sandwich & Salad,カフェ・サンドイッチ,"Cafe, Sandwich",店内OK / Indoors OK,なし/No,ソチョ（瑞草）,Seocho,430,ソチョドン,Seocho-dong,瑞草区,Seocho-gu,서울특별시 서초구 서초대로42길 82 1층,070-4428-4020,https://www.instagram.com/homiecoffee.seoul/,,37.4884138,127.0101299,店舗単位,,0,一般飲食店,https://www.google.com/maps/search/?api=1&query=37.4884138%2C127.0101299,https://map.naver.com/p/search/%ED%98%B8%EB%AF%B8%EC%BB%A4%ED%94%BC%20%EC%84%9C%EC%B4%88%20%EC%84%9C%EC%9A%B8%ED%8A%B9%EB%B3%84%EC%8B%9C%20%EC%84%9C%EC%B4%88%EA%B5%AC%20%EC%84%9C%EC%B4%88%EB%8C%80%EB%A1%9C42%EA%B8%B8%2082%201%EC%B8%B5,https://www.diningcode.com/profile.php?rid=YbFsVLdPMXLp,"카페, 샌드위치"
299,カフェ/Cafe,ヒク エッ ヌンク イェスルィジョンダン,Hikeu Et Nungkeu Yesuruijeondang,히크 엣 눙크 예술의전당,カフェ,Cafe,カフェ・オレグラッセ,"Cafe, Ore Glacé",店内OK / Indoors OK,なし/No,ナムブトミノル（南部）,Nambu Bus Terminal,850,ソチョドン,Seocho-dong,瑞草区,Seocho-gu,서울특별시 서초구 반포대로9길 79 1층,0502-5551-6545,https://www.instagram.com/hic.et.nunc_cafe,,37.4825728,127.0072304,店舗単位,5,1,一般飲食店,https://www.google.com/maps/search/?api=1&query=37.4825728%2C127.0072304,https://map.naver.com/p/search/%ED%9E%88%ED%81%AC%20%EC%97%A3%20%EB%88%99%ED%81%AC%20%EC%98%88%EC%88%A0%EC%9D%98%EC%A0%84%EB%8B%B9%20%EC%84%9C%EC%9A%B8%ED%8A%B9%EB%B3%84%EC%8B%9C%20%EC%84%9C%EC%B4%88%EA%B5%AC%20%EB%B0%98%ED%8F%AC%EB%8C%80%EB%A1%9C9%EA%B8%B8%2079%201%EC%B8%B5,https://www.diningcode.com/profile.php?rid=xigC3mkHJ9Hh,"카페, 오레그랏세"
300,カフェ/Cafe,ブリューイングエフェクト チョンギェサン,Brewing Effect Cheonggyesan,브루잉이펙트 청계산,コーヒー専門,Specialty Coffee,コーヒー・カフェ,"Coffee, Cafe",店内OK / Indoors OK,なし/No,チョンギェサニプグ（清渓山入口）,Cheonggyesan,370,シヌォンドン,Sinwon-dong,瑞草区,Seocho-gu,서울특별시 서초구 청룡마을길 17-4 브루잉이펙트,070-8808-1704,https://www.instagram.com/brewingeffect.roastery,,37.4468307,127.0584027,店舗単位,4.5,6,軽飲食店,https://www.google.com/maps/search/?api=1&query=37.4468307%2C127.0584027,https://map.naver.com/p/search/%EB%B8%8C%EB%A3%A8%EC%9E%89%EC%9D%B4%ED%8E%99%ED%8A%B8%20%EC%B2%AD%EA%B3%84%EC%82%B0%20%EC%84%9C%EC%9A%B8%ED%8A%B9%EB%B3%84%EC%8B%9C%20%EC%84%9C%EC%B4%88%EA%B5%AC%20%EC%B2%AD%EB%A3%A1%EB%A7%88%EC%9D%84%EA%B8%B8%2017-4%20%EB%B8%8C%EB%A3%A8%EC%9E%89%EC%9D%B4%ED%8E%99%ED%8A%B8,https://www.diningcode.com/profile.php?rid=qECeZjNoK2Kh,"커피, 카페"
301,ごはん/Meal,コミダQQQ,Comida QQQ,꼬미다 큐큐큐 양재,スペイン料理,Spanish,タパス・スペイン料理,Spanish,店内OK / Indoors OK,なし/No,ヤンジェシミヌィスプ（良才市民森）,Yangjae Citizen's Forest,260,良才洞（ヤンジェドン）,Yangjae-dong,瑞草区,Seocho-gu,"서울특별시 서초구 강남대로12길 41 101, 102호",070-4010-3197,https://instagram.com/comidaqqq,,37.4707666,127.0411127,店舗単位,4.6,9,一般飲食店,https://www.google.com/maps/search/?api=1&query=37.4707666%2C127.0411127,https://map.naver.com/p/search/%EA%BC%AC%EB%AF%B8%EB%8B%A4%20%ED%81%90%ED%81%90%ED%81%90%20%EC%96%91%EC%9E%AC%20%EC%84%9C%EC%9A%B8%ED%8A%B9%EB%B3%84%EC%8B%9C%20%EC%84%9C%EC%B4%88%EA%B5%AC%20%EA%B0%95%EB%82%A8%EB%8C%80%EB%A1%9C12%EA%B8%B8%2041%20101%2C%20102%ED%98%B8,https://www.diningcode.com/profile.php?rid=ZUSjdg9qN63b,스페인음식
302,ごはん/Meal,ミレンル ヤンジェ,Miraenru Yangjae,밀앤루 양재,レストラン,Restaurant,,,店内OK / Indoors OK,なし/No,ヤンジェシミヌィスプ（良才市民森）,Yangjae Citizen's Forest,360,ヤンジェドン,Yangjae-dong,瑞草区,Seocho-gu,서울특별시 서초구 강남대로10길 60-1 101호,010-8098-2106,,,37.4697225,127.0425255,店舗単位,,0,一般飲食店,https://www.google.com/maps/search/?api=1&query=37.4697225%2C127.0425255,https://map.naver.com/p/search/%EB%B0%80%EC%95%A4%EB%A3%A8%20%EC%96%91%EC%9E%AC%20%EC%84%9C%EC%9A%B8%ED%8A%B9%EB%B3%84%EC%8B%9C%20%EC%84%9C%EC%B4%88%EA%B5%AC%20%EA%B0%95%EB%82%A8%EB%8C%80%EB%A1%9C10%EA%B8%B8%2060-1%20101%ED%98%B8,https://www.diningcode.com/profile.php?rid=Ut0v7pTRaGSj,
303,ごはん/Meal,サランウン チョロク,Sarangeun Chorok,사랑은 초록,レストラン,Restaurant,,,店内OK / Indoors OK,なし/No,ヤンジェシミヌィスプ（良才市民森）,Yangjae Citizen's Forest,620,ヤンジェドン,Yangjae-dong,瑞草区,Seocho-gu,서울특별시 서초구 강남대로2길 70,070-7799-6336,https://www.instagram.com/loveisgre.en,,37.4677803,127.0450466,通り単位,,0,一般飲食店,https://www.google.com/maps/search/?api=1&query=37.4677803%2C127.0450466,https://map.naver.com/p/search/%EC%82%AC%EB%9E%91%EC%9D%80%20%EC%B4%88%EB%A1%9D%20%EC%84%9C%EC%9A%B8%ED%8A%B9%EB%B3%84%EC%8B%9C%20%EC%84%9C%EC%B4%88%EA%B5%AC%20%EA%B0%95%EB%82%A8%EB%8C%80%EB%A1%9C2%EA%B8%B8%2070,,
304,カフェ/Cafe,サミイルゴンコーヒーコンジャン ヤンジェ,Samiilgong Coffee Gongjang Yangjae,삼이일공커피공장 양재,コーヒー専門,Specialty Coffee,コーヒー・カフェ,"Coffee, Cafe",店内OK / Indoors OK,なし/No,ヤンジェシミヌィスプ（良才市民森）,Yangjae Citizen's Forest,620,ヤンジェドン,Yangjae-dong,瑞草区,Seocho-gu,서울특별시 서초구 양재천로11길 11,,https://www.instagram.com/3210.coffee,,37.475068,127.0363989,店舗単位,5,1,軽飲食店,https://www.google.com/maps/search/?api=1&query=37.475068%2C127.0363989,https://map.naver.com/p/search/%EC%82%BC%EC%9D%B4%EC%9D%BC%EA%B3%B5%EC%BB%A4%ED%94%BC%EA%B3%B5%EC%9E%A5%20%EC%96%91%EC%9E%AC%20%EC%84%9C%EC%9A%B8%ED%8A%B9%EB%B3%84%EC%8B%9C%20%EC%84%9C%EC%B4%88%EA%B5%AC%20%EC%96%91%EC%9E%AC%EC%B2%9C%EB%A1%9C11%EA%B8%B8%2011,https://www.diningcode.com/profile.php?rid=7kmL4FEGUT0E,"커피, 카페"
305,ごはん/Meal,スルレイト ハウス,Seulreiteu House,슬레이트 하우스,レストラン,Restaurant,,,店内OK / Indoors OK,なし/No,ヤンジェ,Yangjae,800,ヤンジェドン,Yangjae-dong,瑞草区,Seocho-gu,서울특별시 서초구 양재천로 125,,,,37.4786247,127.0413385,建物単位,,0,一般飲食店,https://www.google.com/maps/search/?api=1&query=37.4786247%2C127.0413385,https://map.naver.com/p/search/%EC%8A%AC%EB%A0%88%EC%9D%B4%ED%8A%B8%20%ED%95%98%EC%9A%B0%EC%8A%A4%20%EC%84%9C%EC%9A%B8%ED%8A%B9%EB%B3%84%EC%8B%9C%20%EC%84%9C%EC%B4%88%EA%B5%AC%20%EC%96%91%EC%9E%AC%EC%B2%9C%EB%A1%9C%20125,,
306,ごはん/Meal,アリ ヤンジェ,Ari Yangjae,아리 양재,日本料理,Japanese,居酒屋・丼もの,"Izakaya, Rice Bowl",店内OK / Indoors OK,なし/No,ヤンジェシミヌィスプ（良才市民森）,Yangjae Citizen's Forest,250,ヤンジェドン,Yangjae-dong,瑞草区,Seocho-gu,서울 서초구 강남대로12길 41 103호,02-571-5751,https://www.instagram.com/ari_gato0314,,37.4706992,127.0410472,店舗単位,3.9,2,一般飲食店,https://www.google.com/maps/search/?api=1&query=37.4706992%2C127.0410472,https://map.naver.com/p/search/%EC%95%84%EB%A6%AC%20%EC%96%91%EC%9E%AC%20%EC%84%9C%EC%9A%B8%20%EC%84%9C%EC%B4%88%EA%B5%AC%20%EA%B0%95%EB%82%A8%EB%8C%80%EB%A1%9C12%EA%B8%B8%2041%20103%ED%98%B8,https://www.diningcode.com/profile.php?rid=DvECXBHkaCaf,"이자카야, 덮밥"
307,ごはん/Meal,チョヒョサンジョム ヤンジェ,Johyosangjeom Yangjae,조효상점 양재,サンドイッチ・サラダ,Sandwich & Salad,デザート・フルーツサンド,"Dessert, Fruit Sando",店内OK / Indoors OK,なし/No,ヤンジェシミヌィスプ（良才市民森）,Yangjae Citizen's Forest,330,ヤンジェドン,Yangjae-dong,瑞草区,Seocho-gu,서울특별시 서초구 강남대로8길 39-15 1층,070-4047-4010,https://www.instagram.com/johyo_official/,,37.4693435,127.0422244,店舗単位,5,2,一般飲食店,https://www.google.com/maps/search/?api=1&query=37.4693435%2C127.0422244,https://map.naver.com/p/search/%EC%A1%B0%ED%9A%A8%EC%83%81%EC%A0%90%20%EC%96%91%EC%9E%AC%20%EC%84%9C%EC%9A%B8%ED%8A%B9%EB%B3%84%EC%8B%9C%20%EC%84%9C%EC%B4%88%EA%B5%AC%20%EA%B0%95%EB%82%A8%EB%8C%80%EB%A1%9C8%EA%B8%B8%2039-15%201%EC%B8%B5,https://www.diningcode.com/profile.php?rid=rB0ZI0MDzYJC,"디저트, 후르츠산도"
308,カフェ/Cafe,カフェ シエル/Cafe Ciel,Cafe Siel /Cafe Ciel,카페 시엘/Cafe Ciel,カフェ,Cafe,,,店内OK / Indoors OK,なし/No,ヤンジェシミヌィスプ（良才市民森）,Yangjae Citizen's Forest,510,ヤンジェドン,Yangjae-dong,瑞草区,Seocho-gu,서울특별시 서초구 동산로6길 41-14,,,,37.4704998,127.0441772,通り単位,,0,一般飲食店,https://www.google.com/maps/search/?api=1&query=37.4704998%2C127.0441772,https://map.naver.com/p/search/%EC%B9%B4%ED%8E%98%20%EC%8B%9C%EC%97%98/Cafe%20Ciel%20%EC%84%9C%EC%9A%B8%ED%8A%B9%EB%B3%84%EC%8B%9C%20%EC%84%9C%EC%B4%88%EA%B5%AC%20%EB%8F%99%EC%82%B0%EB%A1%9C6%EA%B8%B8%2041-14,,
309,カフェ/Cafe,ポルシコーヒー ヤンジェジョム,Peolsi Coffee Yangjaejeom,펄시커피 양재점,コーヒー専門,Specialty Coffee,コーヒー・カフェ,"Coffee, Cafe",店内OK / Indoors OK,なし/No,ヤンジェ,Yangjae,820,ヤンジェドン,Yangjae-dong,瑞草区,Seocho-gu,서울특별시 서초구 양재천로 117-14 1층,02-6242-4402,https://www.instagram.com/p3rc.yangjae,,37.477975,127.0406101,店舗単位,4.5,11,軽飲食店,https://www.google.com/maps/search/?api=1&query=37.477975%2C127.0406101,https://map.naver.com/p/search/%ED%8E%84%EC%8B%9C%EC%BB%A4%ED%94%BC%20%EC%96%91%EC%9E%AC%EC%A0%90%20%EC%84%9C%EC%9A%B8%ED%8A%B9%EB%B3%84%EC%8B%9C%20%EC%84%9C%EC%B4%88%EA%B5%AC%20%EC%96%91%EC%9E%AC%EC%B2%9C%EB%A1%9C%20117-14%201%EC%B8%B5,https://www.diningcode.com/profile.php?rid=aS1g1sPCHpBw,"커피, 카페"
310,カフェ/Cafe,セカンドブレス,SECOND BREATH,세컨브레스 양재천,カフェ,Cafe,コーヒー・デザート,Cafe,店内OK / Indoors OK,あり/Yes,ヤンジェシミヌィスプ（良才市民森）,Yangjae Citizen's Forest,720,良才川（ヤンジェチョン）,Yangjaecheon,瑞草区,Seocho-gu,서울특별시 서초구 양재천로 95-2 1층,02-575-9840,https://www.instagram.com/secondbreath_official,,37.476084,127.0397931,店舗単位,4.1,16,一般飲食店,https://www.google.com/maps/search/?api=1&query=37.476084%2C127.0397931,https://map.naver.com/p/search/%EC%84%B8%EC%BB%A8%EB%B8%8C%EB%A0%88%EC%8A%A4%20%EC%96%91%EC%9E%AC%EC%B2%9C%20%EC%84%9C%EC%9A%B8%ED%8A%B9%EB%B3%84%EC%8B%9C%20%EC%84%9C%EC%B4%88%EA%B5%AC%20%EC%96%91%EC%9E%AC%EC%B2%9C%EB%A1%9C%2095-2%201%EC%B8%B5,https://www.diningcode.com/profile.php?rid=YnvRGOkZnM8L,카페
311,ごはん/Meal,ミレソニョン シンサヨク,Miraesonyeon Sinsayeok,미래소년 신사역,イタリアン,Italian,パスタ・黒ビール,"Pasta, Stout",店内OK / Indoors OK,あり/Yes,シンサ（新沙）,Sinsa,270,チャムォンドン,Jamwon-dong,瑞草区,Seocho-gu,서울특별시 서초구 나루터로12길 30 청춘식당미래소년,02-542-9903,,,37.5141162,127.0178464,店舗単位,3,1,一般飲食店,https://www.google.com/maps/search/?api=1&query=37.5141162%2C127.0178464,https://map.naver.com/p/search/%EB%AF%B8%EB%9E%98%EC%86%8C%EB%85%84%20%EC%8B%A0%EC%82%AC%EC%97%AD%20%EC%84%9C%EC%9A%B8%ED%8A%B9%EB%B3%84%EC%8B%9C%20%EC%84%9C%EC%B4%88%EA%B5%AC%20%EB%82%98%EB%A3%A8%ED%84%B0%EB%A1%9C12%EA%B8%B8%2030%20%EC%B2%AD%EC%B6%98%EC%8B%9D%EB%8B%B9%EB%AF%B8%EB%9E%98%EC%86%8C%EB%85%84,https://www.diningcode.com/profile.php?rid=nRsxnvuLDmOg,"파스타, 흑맥주"
312,カフェ/Cafe,フルル(Hrr) シンサドン,Hrr,흐르르(Hrr) 신사동,ベーカリー,Bakery,カフェ・ベーグル,"Cafe, Bagel",店内OK / Indoors OK,なし/No,シンサ（新沙）,Sinsa,710,チャムォンドン,Jamwon-dong,瑞草区,Seocho-gu,서울특별시 서초구 잠원로 201-12,070-8836-1348,https://www.instagram.com/hrr.seoul,,37.5205274,127.0137656,店舗単位,4,1,一般飲食店,https://www.google.com/maps/search/?api=1&query=37.5205274%2C127.0137656,https://map.naver.com/p/search/%ED%9D%90%EB%A5%B4%EB%A5%B4%28Hrr%29%20%EC%8B%A0%EC%82%AC%EB%8F%99%20%EC%84%9C%EC%9A%B8%ED%8A%B9%EB%B3%84%EC%8B%9C%20%EC%84%9C%EC%B4%88%EA%B5%AC%20%EC%9E%A0%EC%9B%90%EB%A1%9C%20201-12,https://www.diningcode.com/profile.php?rid=NZGwsmurOEUJ,"카페, 베이글"
313,ごはん/Meal,モクテウィックム シングムホヨク,Meoktaeuikkum Singeumhoyeok,먹태의꿈 신금호역,バー・居酒屋,Bar & Pub,ビアホール・干しスケトウダラ,"Beer Hall, Dried Pollack",店内OK / Indoors OK,なし/No,シングムホ（新金湖）,Singeumho,150,クムホドン1カ,Geumho-dong 1가,城東区,Seongdong-gu,서울 성동구 금호로 168,,,,37.5558044,127.0201329,店舗単位,4.6,3,一般飲食店,https://www.google.com/maps/search/?api=1&query=37.5558044%2C127.0201329,https://map.naver.com/p/search/%EB%A8%B9%ED%83%9C%EC%9D%98%EA%BF%88%20%EC%8B%A0%EA%B8%88%ED%98%B8%EC%97%AD%20%EC%84%9C%EC%9A%B8%20%EC%84%B1%EB%8F%99%EA%B5%AC%20%EA%B8%88%ED%98%B8%EB%A1%9C%20168,https://www.diningcode.com/profile.php?rid=bp1VIQrZkIzD,"호프집, 먹태"
314,カフェ/Cafe,ヘレンヂコーヒー クムホドン,Herendi Coffee Geumhodong,헤렌디커피 금호동,コーヒー専門,Specialty Coffee,ハンドドリップ,Hand Drip,店内OK / Indoors OK,なし/No,シングムホ（新金湖）,Singeumho,180,クムホドン1カ,Geumho-dong 1가,城東区,Seongdong-gu,서울특별시 성동구 금호로 140 이편한세상금호파크힐스 상가A동 108호,070-8277-4560,https://www.instagram.com/herendycoffee/,,37.5535815,127.0219896,店舗単位,5,1,軽飲食店,https://www.google.com/maps/search/?api=1&query=37.5535815%2C127.0219896,https://map.naver.com/p/search/%ED%97%A4%EB%A0%8C%EB%94%94%EC%BB%A4%ED%94%BC%20%EA%B8%88%ED%98%B8%EB%8F%99%20%EC%84%9C%EC%9A%B8%ED%8A%B9%EB%B3%84%EC%8B%9C%20%EC%84%B1%EB%8F%99%EA%B5%AC%20%EA%B8%88%ED%98%B8%EB%A1%9C%20140%20%EC%9D%B4%ED%8E%B8%ED%95%9C%EC%84%B8%EC%83%81%EA%B8%88%ED%98%B8%ED%8C%8C%ED%81%AC%ED%9E%90%EC%8A%A4%20%EC%83%81%EA%B0%80A%EB%8F%99%20108%ED%98%B8,https://www.diningcode.com/profile.php?rid=E5SEJmOcbWhZ,핸드드립
315,ごはん/Meal,オアジェブランチコミューン クムホヨク,Oaje Brunch Commune Geumhoyeok,오아제브런치커뮨 금호역,ブランチ,Brunch,ブランチ,Brunch,店内OK / Indoors OK,あり/Yes,クムホ（金湖）,Geumho,280,クムホドン4カ,Geumho-dong 4가,城東区,Seongdong-gu,서울특별시 성동구 독서당로 253,070-4012-0341,https://www.instagram.com/oase.brunch,,37.5460738,127.017986,店舗単位,3,1,一般飲食店,https://www.google.com/maps/search/?api=1&query=37.5460738%2C127.017986,https://map.naver.com/p/search/%EC%98%A4%EC%95%84%EC%A0%9C%EB%B8%8C%EB%9F%B0%EC%B9%98%EC%BB%A4%EB%AE%A8%20%EA%B8%88%ED%98%B8%EC%97%AD%20%EC%84%9C%EC%9A%B8%ED%8A%B9%EB%B3%84%EC%8B%9C%20%EC%84%B1%EB%8F%99%EA%B5%AC%20%EB%8F%85%EC%84%9C%EB%8B%B9%EB%A1%9C%20253,https://www.diningcode.com/profile.php?rid=ohzpw9ewgf6g,브런치
316,カフェ/Cafe,コストムコーヒー クムホジョム,Keoseuteom Coffee Geumhojeom,커스텀커피 금호점,コーヒー専門,Specialty Coffee,コーヒー・ラテ,"Coffee, Latte",店内OK / Indoors OK,あり/Yes,クムホ（金湖）,Geumho,850,クムホドン4カ,Geumho-dong 4가,城東区,Seongdong-gu,서울특별시 성동구 금호로 40 상가 1F,02-486-2468,,https://kustomcoffee.co.kr,37.546576,127.0254215,店舗単位,5,4,一般飲食店,https://www.google.com/maps/search/?api=1&query=37.546576%2C127.0254215,https://map.naver.com/p/search/%EC%BB%A4%EC%8A%A4%ED%85%80%EC%BB%A4%ED%94%BC%20%EA%B8%88%ED%98%B8%EC%A0%90%20%EC%84%9C%EC%9A%B8%ED%8A%B9%EB%B3%84%EC%8B%9C%20%EC%84%B1%EB%8F%99%EA%B5%AC%20%EA%B8%88%ED%98%B8%EB%A1%9C%2040%20%EC%83%81%EA%B0%80%201F,https://www.diningcode.com/profile.php?rid=bI9nrKhOEPuv,"커피, 라떼"
317,カフェ/Cafe,ボマーケット ソウルの森店,Bo Market Seoulsupjeom,보마켓 서울숲점,カフェ,Cafe,雑貨カフェ・コーヒー・軽食,"Concept Store Cafe, Coffee",店内OK / Indoors OK,なし/No,ットゥクソム,Ttukseom,470,ソウルの森（ソウルスプ）,Seoulsup,城東区,Seongdong-gu,서울특별시 성동구 왕십리로 83-21,02-6233-7621,https://www.instagram.com/bomarket/,,37.543868,127.0441334,店舗単位,3.7,9,一般飲食店,https://www.google.com/maps/search/?api=1&query=37.543868%2C127.0441334,https://map.naver.com/p/search/%EB%B3%B4%EB%A7%88%EC%BC%93%20%EC%84%9C%EC%9A%B8%EC%88%B2%EC%A0%90%20%EC%84%9C%EC%9A%B8%ED%8A%B9%EB%B3%84%EC%8B%9C%20%EC%84%B1%EB%8F%99%EA%B5%AC%20%EC%99%95%EC%8B%AD%EB%A6%AC%EB%A1%9C%2083-21,https://www.diningcode.com/profile.php?rid=3QS7mIZFwjlf,"소품카페, 커피"
318,ごはん/Meal,ヴィラドブルー聖水,Bilradeu Blue Seongsu Seoulsup,빌라드블루 성수 서울숲,イタリアン,Italian,パスタ・ブランチ,"Pasta, Brunch",店内OK / Indoors OK,あり/Yes,ットゥクソム,Ttukseom,360,ソウルの森（ソウルスプ）,Seoulsup,城東区,Seongdong-gu,서울특별시 성동구 서울숲2길 46-10 1층,02-6228-8242,,,37.5461607,127.0434999,店舗単位,4.5,4,一般飲食店,https://www.google.com/maps/search/?api=1&query=37.5461607%2C127.0434999,https://map.naver.com/p/search/%EB%B9%8C%EB%9D%BC%EB%93%9C%EB%B8%94%EB%A3%A8%20%EC%84%B1%EC%88%98%20%EC%84%9C%EC%9A%B8%EC%88%B2%20%EC%84%9C%EC%9A%B8%ED%8A%B9%EB%B3%84%EC%8B%9C%20%EC%84%B1%EB%8F%99%EA%B5%AC%20%EC%84%9C%EC%9A%B8%EC%88%B22%EA%B8%B8%2046-10%201%EC%B8%B5,https://www.diningcode.com/profile.php?rid=lNilc6wX2hED,"파스타, 브런치"
319,ごはん/Meal,オンリュ,Onryu Seoulsup,온류 서울숲,韓国料理,Korean,モダン韓定食・フュージョン韓食,"Modern Korean, Korean Dining",店内OK / Indoors OK,あり/Yes,ットゥクソム,Ttukseom,650,ソウルの森（ソウルスプ）,Seoulsup,城東区,Seongdong-gu,서울특별시 성동구 서울숲2길 14-8 2층,070-7776-3330,,https://app.catchtable.co.kr/ct/shop/onryu_seongsu,37.5471073,127.0400371,店舗単位,4.1,6,一般飲食店,https://www.google.com/maps/search/?api=1&query=37.5471073%2C127.0400371,https://map.naver.com/p/search/%EC%98%A8%EB%A5%98%20%EC%84%9C%EC%9A%B8%EC%88%B2%20%EC%84%9C%EC%9A%B8%ED%8A%B9%EB%B3%84%EC%8B%9C%20%EC%84%B1%EB%8F%99%EA%B5%AC%20%EC%84%9C%EC%9A%B8%EC%88%B22%EA%B8%B8%2014-8%202%EC%B8%B5,https://www.diningcode.com/profile.php?rid=ulTH0VrtgFc1,"퓨전한식, 한식다이닝"
320,カフェ/Cafe,ペルルン,perlen,펠른 서울숲,カフェ,Cafe,デザート・コーヒー,"Cafe, Dessert",店内OK / Indoors OK,なし/No,ットゥクソム,Ttukseom,690,ソウルの森（ソウルスプ）,Seoulsup,城東区,Seongdong-gu,서울 성동구 서울숲2길 6 1층,,,,37.547675,127.0396274,店舗単位,4,16,一般飲食店,https://www.google.com/maps/search/?api=1&query=37.547675%2C127.0396274,https://map.naver.com/p/search/%ED%8E%A0%EB%A5%B8%20%EC%84%9C%EC%9A%B8%EC%88%B2%20%EC%84%9C%EC%9A%B8%20%EC%84%B1%EB%8F%99%EA%B5%AC%20%EC%84%9C%EC%9A%B8%EC%88%B22%EA%B8%B8%206%201%EC%B8%B5,https://www.diningcode.com/profile.php?rid=NNdHz4iy8z3H,"카페, 디저트"
321,ごはん/Meal,フレーバータウン,Peulreibeo Town Seoulsup,플레이버타운 서울숲,アジア料理,Asian,タイ・東南アジア系プレート,Asian,店内OK / Indoors OK,あり/Yes,ットゥクソム,Ttukseom,400,ソウルの森（ソウルスプ）,Seoulsup,城東区,Seongdong-gu,서울특별시 성동구 서울숲4길 18-7 1층,,https://www.instagram.com/flavourtownseoul,,37.5469832,127.0429156,店舗単位,4.4,10,一般飲食店,https://www.google.com/maps/search/?api=1&query=37.5469832%2C127.0429156,https://map.naver.com/p/search/%ED%94%8C%EB%A0%88%EC%9D%B4%EB%B2%84%ED%83%80%EC%9A%B4%20%EC%84%9C%EC%9A%B8%EC%88%B2%20%EC%84%9C%EC%9A%B8%ED%8A%B9%EB%B3%84%EC%8B%9C%20%EC%84%B1%EB%8F%99%EA%B5%AC%20%EC%84%9C%EC%9A%B8%EC%88%B24%EA%B8%B8%2018-7%201%EC%B8%B5,https://www.diningcode.com/profile.php?rid=Cq8VW8Cf7zVh,아시안요리
322,ごはん/Meal,ヌメロドス,Numerodoseu Seongsu,누메로도스 성수,イタリアン,Italian,薪窯ピザ・マスカルポーネピザ,"Wood-fired Pizza, Mascarpone Pizza",店内OK / Indoors OK,なし/No,ットゥクソム,Ttukseom,100,聖水（ソンス）,Seongsu,城東区,Seongdong-gu,서울특별시 성동구 상원1길 35-9,02-468-7943,https://www.instagram.com/numero__official/,,37.5463758,127.0473386,店舗単位,4.2,53,一般飲食店,https://www.google.com/maps/search/?api=1&query=37.5463758%2C127.0473386,https://map.naver.com/p/search/%EB%88%84%EB%A9%94%EB%A1%9C%EB%8F%84%EC%8A%A4%20%EC%84%B1%EC%88%98%20%EC%84%9C%EC%9A%B8%ED%8A%B9%EB%B3%84%EC%8B%9C%20%EC%84%B1%EB%8F%99%EA%B5%AC%20%EC%83%81%EC%9B%901%EA%B8%B8%2035-9,https://www.diningcode.com/profile.php?rid=4Pm4ParsyhZX,"화덕피자, 마스카포네피자"
323,ごはん/Meal,レッツイートチキン,Recheuit Chicken Seongsu,레츠잇치킨 성수,チキン,Fried Chicken,フライドチキン・チキンバーガー,"Fried Chicken, Chicken Burger",店内OK / Indoors OK,あり/Yes,ットゥクソム,Ttukseom,200,聖水（ソンス）,Seongsu,城東区,Seongdong-gu,서울특별시 성동구 왕십리로4길 12 1층,070-4106-8088,,https://lec.kfoodinc.co.kr/,37.5458643,127.0459858,店舗単位,5,5,一般飲食店,https://www.google.com/maps/search/?api=1&query=37.5458643%2C127.0459858,https://map.naver.com/p/search/%EB%A0%88%EC%B8%A0%EC%9E%87%EC%B9%98%ED%82%A8%20%EC%84%B1%EC%88%98%20%EC%84%9C%EC%9A%B8%ED%8A%B9%EB%B3%84%EC%8B%9C%20%EC%84%B1%EB%8F%99%EA%B5%AC%20%EC%99%95%EC%8B%AD%EB%A6%AC%EB%A1%9C4%EA%B8%B8%2012%201%EC%B8%B5,https://www.diningcode.com/profile.php?rid=DwhVoJv6Cmjy,"치킨, 치킨버거"
324,ごはん/Meal,ルベジワン,Reubejiwang Seongsu,르베지왕 성수,カレー,Curry,スパイスカレー、サラダボウル,"Salad, Curry",店内OK / Indoors OK,なし/No,ソンス（聖水）,Seongsu,440,聖水（ソンス）,Seongsu,城東区,Seongdong-gu,서울특별시 성동구 연무장1길 15-1 1층,070-4130-0984,,https://www.levegiwang.com,37.5444893,127.0511271,店舗単位,4.7,16,一般飲食店,https://www.google.com/maps/search/?api=1&query=37.5444893%2C127.0511271,https://map.naver.com/p/search/%EB%A5%B4%EB%B2%A0%EC%A7%80%EC%99%95%20%EC%84%B1%EC%88%98%20%EC%84%9C%EC%9A%B8%ED%8A%B9%EB%B3%84%EC%8B%9C%20%EC%84%B1%EB%8F%99%EA%B5%AC%20%EC%97%B0%EB%AC%B4%EC%9E%A51%EA%B8%B8%2015-1%201%EC%B8%B5,https://www.diningcode.com/profile.php?rid=5upIL7dm99V5,"샐러드, 카레"
325,ごはん/Meal,マイヅル,My Jeuru Seongsu,마이즈루 성수,バー・居酒屋,Bar & Pub,居酒屋料理・アサヒ生ビール,"Izakaya, Asahi Draft",店内OK / Indoors OK,なし/No,ソンス（聖水）,Seongsu,740,聖水（ソンス）,Seongsu,城東区,Seongdong-gu,서울특별시 성동구 성덕정17길 7-1 1층 마이즈루,070-4006-1984,,,37.5379102,127.0552104,店舗単位,,0,一般飲食店,https://www.google.com/maps/search/?api=1&query=37.5379102%2C127.0552104,https://map.naver.com/p/search/%EB%A7%88%EC%9D%B4%EC%A6%88%EB%A3%A8%20%EC%84%B1%EC%88%98%20%EC%84%9C%EC%9A%B8%ED%8A%B9%EB%B3%84%EC%8B%9C%20%EC%84%B1%EB%8F%99%EA%B5%AC%20%EC%84%B1%EB%8D%95%EC%A0%9517%EA%B8%B8%207-1%201%EC%B8%B5%20%EB%A7%88%EC%9D%B4%EC%A6%88%EB%A3%A8,https://www.diningcode.com/profile.php?rid=Mi6UKQ4IqHrP,"이자카야, 아사히생맥주"
326,ごはん/Meal,メイプルトップ,Meipeultap Seongsu,메이플탑 성수,ブランチ,Brunch,パンケーキ・ブランチ,"Brunch, Pancake",店内OK / Indoors OK,あり/Yes,ソンス（聖水）,Seongsu,330,聖水（ソンス）,Seongsu,城東区,Seongdong-gu,서울특별시 성동구 성수이로14길 14 성수연방 A동 2층,02-3789-4427,https://www.instagram.com/mapletop_/,,37.54166,127.056862,店舗単位,4,15,一般飲食店,https://www.google.com/maps/search/?api=1&query=37.54166%2C127.056862,https://map.naver.com/p/search/%EB%A9%94%EC%9D%B4%ED%94%8C%ED%83%91%20%EC%84%B1%EC%88%98%20%EC%84%9C%EC%9A%B8%ED%8A%B9%EB%B3%84%EC%8B%9C%20%EC%84%B1%EB%8F%99%EA%B5%AC%20%EC%84%B1%EC%88%98%EC%9D%B4%EB%A1%9C14%EA%B8%B8%2014%20%EC%84%B1%EC%88%98%EC%97%B0%EB%B0%A9%20A%EB%8F%99%202%EC%B8%B5,https://www.diningcode.com/profile.php?rid=Mwx2QHcLyJhZ,"브런치, 팬케이크"
327,カフェ/Cafe,チョンサンガオク（天上家屋）,Cheonsanggaok Seongsu,천상가옥 성수,ベーカリー,Bakery,焼き菓子・パン・コーヒー,"Bakery, Cafe",店内OK / Indoors OK,あり/Yes,ソンス（聖水）,Seongsu,330,聖水（ソンス）,Seongsu,城東区,Seongdong-gu,서울특별시 성동구 성수이로14길 14 A동 3층,0503-7154-5165,https://www.instagram.com/cheonsang_seongsu/,,37.54166,127.056862,店舗単位,4.2,46,ベーカリー営業,https://www.google.com/maps/search/?api=1&query=37.54166%2C127.056862,https://map.naver.com/p/search/%EC%B2%9C%EC%83%81%EA%B0%80%EC%98%A5%20%EC%84%B1%EC%88%98%20%EC%84%9C%EC%9A%B8%ED%8A%B9%EB%B3%84%EC%8B%9C%20%EC%84%B1%EB%8F%99%EA%B5%AC%20%EC%84%B1%EC%88%98%EC%9D%B4%EB%A1%9C14%EA%B8%B8%2014%20A%EB%8F%99%203%EC%B8%B5,https://www.diningcode.com/profile.php?rid=kvhFvQegWELq,"베이커리, 카페"
328,カフェ/Cafe,カフェ グリンルーム,Cafe Green Rum GRIN ROOM Seongsu,카페 그린룸 GRIN ROOM 성수,カフェ,Cafe,ルーフトップカフェ,"Cafe, Rooftop",店内OK / Indoors OK,あり/Yes,ットゥクソム,Ttukseom,370,聖水（ソンス）,Seongsu,城東区,Seongdong-gu,서울특별시 성동구 왕십리로 136 3층,02-498-0729,http://www.instagram.com/grinroom.kr,,37.5497636,127.0445962,店舗単位,5,2,一般飲食店,https://www.google.com/maps/search/?api=1&query=37.5497636%2C127.0445962,https://map.naver.com/p/search/%EC%B9%B4%ED%8E%98%20%EA%B7%B8%EB%A6%B0%EB%A3%B8%20GRIN%20ROOM%20%EC%84%B1%EC%88%98%20%EC%84%9C%EC%9A%B8%ED%8A%B9%EB%B3%84%EC%8B%9C%20%EC%84%B1%EB%8F%99%EA%B5%AC%20%EC%99%95%EC%8B%AD%EB%A6%AC%EB%A1%9C%20136%203%EC%B8%B5,https://www.diningcode.com/profile.php?rid=TVkCOretCfXl,"카페, 루프탑"
329,ごはん/Meal,ヌメロットレッス ソンス,Numerotteuresseu Seongsu,누메로뜨레쓰 성수,ピザ,Pizza,薪窯ピザ,Wood-fired Pizza,店内OK / Indoors OK,なし/No,ットゥクソム,Ttukseom,540,ソンスドン1カ,Seongsu-dong 1가,城東区,Seongdong-gu,서울특별시 성동구 성수일로 21 1층,02-465-7943,,https://app.catchtable.co.kr/ct/shop/numerotres,37.542499,127.0487358,店舗単位,4.4,14,一般飲食店,https://www.google.com/maps/search/?api=1&query=37.542499%2C127.0487358,https://map.naver.com/p/search/%EB%88%84%EB%A9%94%EB%A1%9C%EB%9C%A8%EB%A0%88%EC%93%B0%20%EC%84%B1%EC%88%98%20%EC%84%9C%EC%9A%B8%ED%8A%B9%EB%B3%84%EC%8B%9C%20%EC%84%B1%EB%8F%99%EA%B5%AC%20%EC%84%B1%EC%88%98%EC%9D%BC%EB%A1%9C%2021%201%EC%B8%B5,https://www.diningcode.com/profile.php?rid=T3zuOE6i84zd,화덕피자
330,ごはん/Meal,ッチットブンシク,Ttittobunsik,띠또분식,軽食,Snack Food,粉食（軽食）,Snack Food,店内OK / Indoors OK,あり/Yes,ットゥクソム,Ttukseom,460,ソンスドン1カ,Seongsu-dong 1가,城東区,Seongdong-gu,서울특별시 성동구 왕십리로 83-21 디타워 서울특별시 포레스트 B110호,070-4715-5530,https://www.instagram.com/ttitto_original/,,37.5439165,127.044216,店舗単位,4.1,16,一般飲食店,https://www.google.com/maps/search/?api=1&query=37.5439165%2C127.044216,https://map.naver.com/p/search/%EB%9D%A0%EB%98%90%EB%B6%84%EC%8B%9D%20%EC%84%9C%EC%9A%B8%ED%8A%B9%EB%B3%84%EC%8B%9C%20%EC%84%B1%EB%8F%99%EA%B5%AC%20%EC%99%95%EC%8B%AD%EB%A6%AC%EB%A1%9C%2083-21%20%EB%94%94%ED%83%80%EC%9B%8C%20%EC%84%9C%EC%9A%B8%ED%8A%B9%EB%B3%84%EC%8B%9C%20%ED%8F%AC%EB%A0%88%EC%8A%A4%ED%8A%B8%20B110%ED%98%B8,https://www.diningcode.com/profile.php?rid=dJiMvElBFGEx,분식
331,カフェ/Cafe,マイルストーン コーヒー ソンスジョム,Mail Stone Coffee Seongsujeom,마일스톤 커피 성수점,コーヒー専門,Specialty Coffee,コーヒー,Coffee,店内OK / Indoors OK,あり/Yes,ットゥクソム,Ttukseom,410,ソンスドン1カ,Seongsu-dong 1가,城東区,Seongdong-gu,서울특별시 성동구 서울숲4길 15 1층,070-4477-1100,https://www.instagram.com/milestone_coffee/,,37.5474087,127.0427691,店舗単位,4.6,20,軽飲食店,https://www.google.com/maps/search/?api=1&query=37.5474087%2C127.0427691,https://map.naver.com/p/search/%EB%A7%88%EC%9D%BC%EC%8A%A4%ED%86%A4%20%EC%BB%A4%ED%94%BC%20%EC%84%B1%EC%88%98%EC%A0%90%20%EC%84%9C%EC%9A%B8%ED%8A%B9%EB%B3%84%EC%8B%9C%20%EC%84%B1%EB%8F%99%EA%B5%AC%20%EC%84%9C%EC%9A%B8%EC%88%B24%EA%B8%B8%2015%201%EC%B8%B5,https://www.diningcode.com/profile.php?rid=WMWZbqsXsz5g,커피
332,ごはん/Meal,モクモク ソンスジョム,Mokmok Seongsujeom,목목 성수점,イタリアン,Italian,パスタ・クリームリゾット,"Pasta, Cream Risotto",店内OK / Indoors OK,なし/No,ットゥクソム,Ttukseom,240,ソンスドン1カ,Seongsu-dong 1가,城東区,Seongdong-gu,서울특별시 성동구 상원10길 3 1층,010-9900-7643,https://www.instagram.com/mokmokseongsu,,37.5492449,127.0483337,店舗単位,5,1,一般飲食店,https://www.google.com/maps/search/?api=1&query=37.5492449%2C127.0483337,https://map.naver.com/p/search/%EB%AA%A9%EB%AA%A9%20%EC%84%B1%EC%88%98%EC%A0%90%20%EC%84%9C%EC%9A%B8%ED%8A%B9%EB%B3%84%EC%8B%9C%20%EC%84%B1%EB%8F%99%EA%B5%AC%20%EC%83%81%EC%9B%9010%EA%B8%B8%203%201%EC%B8%B5,https://www.diningcode.com/profile.php?rid=pvkNUgP09Sra,"파스타, 크림리조또"
333,カフェ/Cafe,ケーキパ,Cakebar,케익바,スイーツ,Sweets,デザート・ケーキバー,"Dessert, Cake Bar",店内OK / Indoors OK,あり/Yes,ットゥクソム,Ttukseom,400,ソンスドン1カ,Seongsu-dong 1가,城東区,Seongdong-gu,서울특별시 성동구 서울숲4길 18-7 지층 안쪽,,https://www.instagram.com/cakebarseoul,,37.5469832,127.0429156,店舗単位,5,1,一般飲食店,https://www.google.com/maps/search/?api=1&query=37.5469832%2C127.0429156,https://map.naver.com/p/search/%EC%BC%80%EC%9D%B5%EB%B0%94%20%EC%84%9C%EC%9A%B8%ED%8A%B9%EB%B3%84%EC%8B%9C%20%EC%84%B1%EB%8F%99%EA%B5%AC%20%EC%84%9C%EC%9A%B8%EC%88%B24%EA%B8%B8%2018-7%20%EC%A7%80%EC%B8%B5%20%EC%95%88%EC%AA%BD,https://www.diningcode.com/profile.php?rid=GkxyNsh7cxhI,"디저트, 케익바"
334,カフェ/Cafe,リブリク ソンス,Libreak,리브릭 성수,スイーツ,Sweets,チーズケーキ・デザートカフェ,"Cheesecake, Dessert Cafe",店内OK / Indoors OK,あり/Yes,コンデイプグ（建大入口）,Konkuk Univ.,690,ソンスドン2カ,Seongsu-dong 2가,城東区,Seongdong-gu,서울특별시 성동구 뚝섬로15길 29 1층,02-461-8669,http://instagram.com/libreak,,37.5391677,127.0617445,店舗単位,4.4,4,軽飲食店,https://www.google.com/maps/search/?api=1&query=37.5391677%2C127.0617445,https://map.naver.com/p/search/%EB%A6%AC%EB%B8%8C%EB%A6%AD%20%EC%84%B1%EC%88%98%20%EC%84%9C%EC%9A%B8%ED%8A%B9%EB%B3%84%EC%8B%9C%20%EC%84%B1%EB%8F%99%EA%B5%AC%20%EB%9A%9D%EC%84%AC%EB%A1%9C15%EA%B8%B8%2029%201%EC%B8%B5,https://www.diningcode.com/profile.php?rid=Lt2fajqGwS2C,"치즈케이크, 디저트카페"
335,ごはん/Meal,リムボ ソンス,Rimbo Seongsu,림보 성수,ブランチ,Brunch,カフェ・フレンチトースト,"Cafe, French Toast",店内OK / Indoors OK,なし/No,ソンス（聖水）,Seongsu,780,ソンスドン2カ,Seongsu-dong 2가,城東区,Seongdong-gu,서울특별시 성동구 성덕정19길 17-1 1층,070-8672-5732,https://www.instagram.com/limbo.seoul,,37.5376228,127.0572332,店舗単位,4,1,一般飲食店,https://www.google.com/maps/search/?api=1&query=37.5376228%2C127.0572332,https://map.naver.com/p/search/%EB%A6%BC%EB%B3%B4%20%EC%84%B1%EC%88%98%20%EC%84%9C%EC%9A%B8%ED%8A%B9%EB%B3%84%EC%8B%9C%20%EC%84%B1%EB%8F%99%EA%B5%AC%20%EC%84%B1%EB%8D%95%EC%A0%9519%EA%B8%B8%2017-1%201%EC%B8%B5,https://www.diningcode.com/profile.php?rid=tkAChSj6bHjy,"카페, 프렌치토스트"
336,ごはん/Meal,エイチビッシ,HBC,에이치비씨,レストラン,Restaurant,,,店内OK / Indoors OK,なし/No,ソンス（聖水）,Seongsu,950,ソンスドン2カ,Seongsu-dong 2가,城東区,Seongdong-gu,서울특별시 성동구 둘레15길 4-1,,,,37.5360075,127.0556599,通り単位,,0,一般飲食店,https://www.google.com/maps/search/?api=1&query=37.5360075%2C127.0556599,https://map.naver.com/p/search/%EC%97%90%EC%9D%B4%EC%B9%98%EB%B9%84%EC%94%A8%20%EC%84%9C%EC%9A%B8%ED%8A%B9%EB%B3%84%EC%8B%9C%20%EC%84%B1%EB%8F%99%EA%B5%AC%20%EB%91%98%EB%A0%8815%EA%B8%B8%204-1,,
337,カフェ/Cafe,イニスープリ チアイル ソンス,Ini Soup Ri Diail Seongsu,이니스프리 디아일 성수,カフェ,Cafe,カフェ,Cafe,店内OK / Indoors OK,なし/No,ソンス（聖水）,Seongsu,380,ソンスドン2カ,Seongsu-dong 2가,城東区,Seongdong-gu,서울특별시 성동구 성수이로7가길 11,,,https://www.innisfree.com,37.5412903,127.054967,店舗単位,4,1,一般飲食店,https://www.google.com/maps/search/?api=1&query=37.5412903%2C127.054967,https://map.naver.com/p/search/%EC%9D%B4%EB%8B%88%EC%8A%A4%ED%94%84%EB%A6%AC%20%EB%94%94%EC%95%84%EC%9D%BC%20%EC%84%B1%EC%88%98%20%EC%84%9C%EC%9A%B8%ED%8A%B9%EB%B3%84%EC%8B%9C%20%EC%84%B1%EB%8F%99%EA%B5%AC%20%EC%84%B1%EC%88%98%EC%9D%B4%EB%A1%9C7%EA%B0%80%EA%B8%B8%2011,https://www.diningcode.com/profile.php?rid=8bvkgh0A60gp,카페
338,カフェ/Cafe,クムンバン ソンス,Geumeunbang Seongsu,금은방 성수,カフェ,Cafe,カフェ・もちもちクッキー,"Cafe, Chewy Cookie",店内OK / Indoors OK,あり/Yes,オリニデゴンウォン（子供大公園）,Children's Grand Park,820,ソンジョンドン,Songjeong-dong,城東区,Seongdong-gu,서울특별시 성동구 송정14길 1 1층,,,,37.5516508,127.0666469,店舗単位,,0,一般飲食店,https://www.google.com/maps/search/?api=1&query=37.5516508%2C127.0666469,https://map.naver.com/p/search/%EA%B8%88%EC%9D%80%EB%B0%A9%20%EC%84%B1%EC%88%98%20%EC%84%9C%EC%9A%B8%ED%8A%B9%EB%B3%84%EC%8B%9C%20%EC%84%B1%EB%8F%99%EA%B5%AC%20%EC%86%A1%EC%A0%9514%EA%B8%B8%201%201%EC%B8%B5,https://www.diningcode.com/profile.php?rid=uSvZG617uiP9,"카페, 두쫀쿠"
339,ごはん/Meal,タニエル カフェ&パブ by waff,Daniel Cafe & Pub by waff,다니엘 카페&펍 by waff,バー・居酒屋,Bar & Pub,,,店内OK / Indoors OK,なし/No,オリニデゴンウォン（子供大公園）,Children's Grand Park,710,ソンジョンドン,Songjeong-dong,城東区,Seongdong-gu,서울특별시 성동구 광나루로11길 45,,,,37.5501878,127.0669762,通り単位,,0,一般飲食店,https://www.google.com/maps/search/?api=1&query=37.5501878%2C127.0669762,https://map.naver.com/p/search/%EB%8B%A4%EB%8B%88%EC%97%98%20%EC%B9%B4%ED%8E%98%26%ED%8E%8D%20by%20waff%20%EC%84%9C%EC%9A%B8%ED%8A%B9%EB%B3%84%EC%8B%9C%20%EC%84%B1%EB%8F%99%EA%B5%AC%20%EA%B4%91%EB%82%98%EB%A3%A8%EB%A1%9C11%EA%B8%B8%2045,,
340,ごはん/Meal,ウィアドピュチョ ソンス,Wiadeopyuchyeo Seongsu,위아더퓨쳐 성수,ピザ,Pizza,薪窯ピザ・マスカルポーネピザ,"Wood-fired Pizza, Mascarpone Pizza",店内OK / Indoors OK,なし/No,オリニデゴンウォン（子供大公園）,Children's Grand Park,750,ソンジョンドン,Songjeong-dong,城東区,Seongdong-gu,서울특별시 성동구 광나루로11길 14 1층,02-462-7943,https://www.instagram.com/w.a.f_seoul/,,37.5491966,127.0661792,店舗単位,4.5,1,一般飲食店,https://www.google.com/maps/search/?api=1&query=37.5491966%2C127.0661792,https://map.naver.com/p/search/%EC%9C%84%EC%95%84%EB%8D%94%ED%93%A8%EC%B3%90%20%EC%84%B1%EC%88%98%20%EC%84%9C%EC%9A%B8%ED%8A%B9%EB%B3%84%EC%8B%9C%20%EC%84%B1%EB%8F%99%EA%B5%AC%20%EA%B4%91%EB%82%98%EB%A3%A8%EB%A1%9C11%EA%B8%B8%2014%201%EC%B8%B5,https://www.diningcode.com/profile.php?rid=a3K9eVkk8SrB,"화덕피자, 마스카포네피자"
341,カフェ/Cafe,カフェラ セジョンデ,Cafe Ra Sejongdae,카페라 세종대,カフェ,Cafe,カフェ・バニララテ,"Cafe, Vanilla Latte",店内OK / Indoors OK,なし/No,オリニデゴンウォン（子供大公園）,Children's Grand Park,820,ソンジョンドン,Songjeong-dong,城東区,Seongdong-gu,서울특별시 성동구 송정18가길 9 1층,,,,37.5532205,127.0683585,店舗単位,,0,軽飲食店,https://www.google.com/maps/search/?api=1&query=37.5532205%2C127.0683585,https://map.naver.com/p/search/%EC%B9%B4%ED%8E%98%EB%9D%BC%20%EC%84%B8%EC%A2%85%EB%8C%80%20%EC%84%9C%EC%9A%B8%ED%8A%B9%EB%B3%84%EC%8B%9C%20%EC%84%B1%EB%8F%99%EA%B5%AC%20%EC%86%A1%EC%A0%9518%EA%B0%80%EA%B8%B8%209%201%EC%B8%B5,https://www.diningcode.com/profile.php?rid=u9O2jguAN8ZW,"카페, 바닐라라테"
342,カフェ/Cafe,カフェポンジャク ソンス,Cafe Bonjak Seongsu,카페본작 성수,カフェ,Cafe,餅屋・餅カフェ,"Rice Cake Shop, Rice Cake Cafe",店内OK / Indoors OK,なし/No,ソンス（聖水）,Seongsu,800,ソンジョンドン,Songjeong-dong,城東区,Seongdong-gu,서울특별시 성동구 광나루로9길 3 1층,,,,37.548538,127.0637107,店舗単位,,0,一般飲食店,https://www.google.com/maps/search/?api=1&query=37.548538%2C127.0637107,https://map.naver.com/p/search/%EC%B9%B4%ED%8E%98%EB%B3%B8%EC%9E%91%20%EC%84%B1%EC%88%98%20%EC%84%9C%EC%9A%B8%ED%8A%B9%EB%B3%84%EC%8B%9C%20%EC%84%B1%EB%8F%99%EA%B5%AC%20%EA%B4%91%EB%82%98%EB%A3%A8%EB%A1%9C9%EA%B8%B8%203%201%EC%B8%B5,https://www.diningcode.com/profile.php?rid=98n8oCWk9ZLB,"떡집, 떡카페"
343,ごはん/Meal,ヘンリク ソンス,Henrik Seongsu,헨릭 성수,ブランチ,Brunch,北欧風・ブランチ,"Nordic, Brunch",店内OK / Indoors OK,なし/No,オリニデゴンウォン（子供大公園）,Children's Grand Park,820,ソンジョンドン,Songjeong-dong,城東区,Seongdong-gu,서울특별시 성동구 송정4길 10 1층 헨릭 HENRIK,0507-1324-0413,https://www.instagram.com/henrik_seoul/,,37.5489569,127.0652767,店舗単位,,0,一般飲食店,https://www.google.com/maps/search/?api=1&query=37.5489569%2C127.0652767,https://map.naver.com/p/search/%ED%97%A8%EB%A6%AD%20%EC%84%B1%EC%88%98%20%EC%84%9C%EC%9A%B8%ED%8A%B9%EB%B3%84%EC%8B%9C%20%EC%84%B1%EB%8F%99%EA%B5%AC%20%EC%86%A1%EC%A0%954%EA%B8%B8%2010%201%EC%B8%B5%20%ED%97%A8%EB%A6%AD%20HENRIK,https://www.diningcode.com/profile.php?rid=5qdHTrvjbqeg,"북유럽, 브런치"
344,カフェ/Cafe,メイベイク サンワンシプリヨク,Mei Bake Sangwangsipriyeok,메이베이크 상왕십리역,スイーツ,Sweets,ケーキ・カフェ,"Cake, Cafe",店内OK / Indoors OK,なし/No,サンワンシプリ（上往十里）,Sangwangsimni,120,ハワンシプリドン,Hawangsipri-dong,城東区,Seongdong-gu,서울특별시 성동구 왕십리로31길 6 1층,070-8287-2760,http://instagram.com/maybake,,37.5642087,127.0279306,店舗単位,4.2,2,軽飲食店,https://www.google.com/maps/search/?api=1&query=37.5642087%2C127.0279306,https://map.naver.com/p/search/%EB%A9%94%EC%9D%B4%EB%B2%A0%EC%9D%B4%ED%81%AC%20%EC%83%81%EC%99%95%EC%8B%AD%EB%A6%AC%EC%97%AD%20%EC%84%9C%EC%9A%B8%ED%8A%B9%EB%B3%84%EC%8B%9C%20%EC%84%B1%EB%8F%99%EA%B5%AC%20%EC%99%95%EC%8B%AD%EB%A6%AC%EB%A1%9C31%EA%B8%B8%206%201%EC%B8%B5,https://www.diningcode.com/profile.php?rid=BGOAgR3Mhrcw,"케이크, 카페"
345,ごはん/Meal,スプソクダラク,Supsokdarak,숲속다락,レストラン,Restaurant,,,店内OK / Indoors OK,なし/No,ソンシニョデイプグ（誠信女子大入口）,Sungshin Women's University,680,トナムドン,Donam-dong,城北区,Seongbuk-gu,서울특별시 성북구 아리랑로5길 92,,,,37.5973509,127.0114184,通り単位,,0,一般飲食店,https://www.google.com/maps/search/?api=1&query=37.5973509%2C127.0114184,https://map.naver.com/p/search/%EC%88%B2%EC%86%8D%EB%8B%A4%EB%9D%BD%20%EC%84%9C%EC%9A%B8%ED%8A%B9%EB%B3%84%EC%8B%9C%20%EC%84%B1%EB%B6%81%EA%B5%AC%20%EC%95%84%EB%A6%AC%EB%9E%91%EB%A1%9C5%EA%B8%B8%2092,,
346,ごはん/Meal,コレムジ ソンシニョデ,Goraemji Seongsinyeodae,고램지 성신여대,焼肉,Korean BBQ,ラム肉・食べ放題,"Lamb, All You Can Eat",店内OK / Indoors OK,なし/No,ソンシニョデイプグ（誠信女子大入口）,Sungshin Women's University,210,トンソンドン5カ,Dongseon-dong 5가,城北区,Seongbuk-gu,서울특별시 성북구 아리랑로4길 5 1층,0502-5554-5840,,,37.5945539,127.0164733,店舗単位,,0,一般飲食店,https://www.google.com/maps/search/?api=1&query=37.5945539%2C127.0164733,https://map.naver.com/p/search/%EA%B3%A0%EB%9E%A8%EC%A7%80%20%EC%84%B1%EC%8B%A0%EC%97%AC%EB%8C%80%20%EC%84%9C%EC%9A%B8%ED%8A%B9%EB%B3%84%EC%8B%9C%20%EC%84%B1%EB%B6%81%EA%B5%AC%20%EC%95%84%EB%A6%AC%EB%9E%91%EB%A1%9C4%EA%B8%B8%205%201%EC%B8%B5,https://www.diningcode.com/profile.php?rid=dpQQdXay0P6X,"양고기, 무한리필"
347,カフェ/Cafe,カフェ リモン ハンソンデイプグヨク,Cafe Rimon Hanseongdaeipguyeok,카페 리몬 한성대입구역,コーヒー専門,Specialty Coffee,カフェ・コーヒー,"Cafe, Coffee",店内OK / Indoors OK,あり/Yes,ハンソンデイプグ,Hansung University,140,トンソムンドン2カ,Dongsomun-dong 2가,城北区,Seongbuk-gu,서울특별시 성북구 동소문로6길 20-34 1층,02-6952-4053,https://www.instagram.com/limon.seoul/,,37.5881203,127.0074126,店舗単位,4.5,1,一般飲食店,https://www.google.com/maps/search/?api=1&query=37.5881203%2C127.0074126,https://map.naver.com/p/search/%EC%B9%B4%ED%8E%98%20%EB%A6%AC%EB%AA%AC%20%ED%95%9C%EC%84%B1%EB%8C%80%EC%9E%85%EA%B5%AC%EC%97%AD%20%EC%84%9C%EC%9A%B8%ED%8A%B9%EB%B3%84%EC%8B%9C%20%EC%84%B1%EB%B6%81%EA%B5%AC%20%EB%8F%99%EC%86%8C%EB%AC%B8%EB%A1%9C6%EA%B8%B8%2020-34%201%EC%B8%B5,https://www.diningcode.com/profile.php?rid=SGtNBmrQK0YP,"카페, 커피"
348,カフェ/Cafe,タメンタムス ハンソンデジョム,Tamaentamseu Hanseongdaejeom,탐앤탐스 한성대점,スイーツ,Sweets,カフェ・デザート,"Cafe, Dessert",店内OK / Indoors OK,なし/No,ハンソンデイプグ,Hansung University,480,トンソムンドン3カ,Dongsomun-dong 3가,城北区,Seongbuk-gu,서울특별시 성북구 동소문로 48 동도빌딩 1층,02-6348-4800,,https://www.tomntoms.com,37.5903379,127.010871,店舗単位,4.7,3,軽飲食店,https://www.google.com/maps/search/?api=1&query=37.5903379%2C127.010871,https://map.naver.com/p/search/%ED%83%90%EC%95%A4%ED%83%90%EC%8A%A4%20%ED%95%9C%EC%84%B1%EB%8C%80%EC%A0%90%20%EC%84%9C%EC%9A%B8%ED%8A%B9%EB%B3%84%EC%8B%9C%20%EC%84%B1%EB%B6%81%EA%B5%AC%20%EB%8F%99%EC%86%8C%EB%AC%B8%EB%A1%9C%2048%20%EB%8F%99%EB%8F%84%EB%B9%8C%EB%94%A9%201%EC%B8%B5,https://www.diningcode.com/profile.php?rid=3GIf4mN4UUHG,"카페, 디저트"
349,カフェ/Cafe,モアン ポムニョク,Moan Bomunyeok,모안 보문역,スイーツ,Sweets,カフェ・デザート,"Cafe, Dessert",店内OK / Indoors OK,なし/No,ポムン（普門）,Bomun,160,ポムンドン2カ,Bomun-dong 2가,城北区,Seongbuk-gu,서울특별시 성북구 보문로25길 10 1층 1호,,https://www.instagram.com/mo.ann_____/,,37.5862856,127.0181085,店舗単位,5,1,一般飲食店,https://www.google.com/maps/search/?api=1&query=37.5862856%2C127.0181085,https://map.naver.com/p/search/%EB%AA%A8%EC%95%88%20%EB%B3%B4%EB%AC%B8%EC%97%AD%20%EC%84%9C%EC%9A%B8%ED%8A%B9%EB%B3%84%EC%8B%9C%20%EC%84%B1%EB%B6%81%EA%B5%AC%20%EB%B3%B4%EB%AC%B8%EB%A1%9C25%EA%B8%B8%2010%201%EC%B8%B5%201%ED%98%B8,https://www.diningcode.com/profile.php?rid=3xThKOOEtNNv,"카페, 디저트"
350,ごはん/Meal,ワラク ポチャ,Warak Pocha,와락 포차,韓国料理,Korean,屋台居酒屋・キムチスジェビ,"Pojangmacha, Kimchi Sujebi",店内OK / Indoors OK,あり/Yes,ポムン（普門）,Bomun,80,ポムンドン2カ,Bomun-dong 2가,城北区,Seongbuk-gu,서울특별시 성북구 지봉로 177-1 1층,,,,37.5851657,127.0185173,店舗単位,3.6,2,一般飲食店,https://www.google.com/maps/search/?api=1&query=37.5851657%2C127.0185173,https://map.naver.com/p/search/%EC%99%80%EB%9D%BD%20%ED%8F%AC%EC%B0%A8%20%EC%84%9C%EC%9A%B8%ED%8A%B9%EB%B3%84%EC%8B%9C%20%EC%84%B1%EB%B6%81%EA%B5%AC%20%EC%A7%80%EB%B4%89%EB%A1%9C%20177-1%201%EC%B8%B5,https://www.diningcode.com/profile.php?rid=krXwLyPOIIri,"포차, 김치수제비"
351,カフェ/Cafe,ルクエル ポムニョク,Reukuereu Bomunyeok,르쿠에르 보문역,コーヒー専門,Specialty Coffee,コーヒー,Coffee,店内OK / Indoors OK,あり/Yes,ポムン（普門）,Bomun,380,ポムンドン4カ,Bomun-dong 4가,城北区,Seongbuk-gu,서울특별시 성북구 고려대로6길 74 1층 101호,0502-5551-6236,http://www.instagram.com/lecoeur_seoul,,37.5825065,127.0218535,店舗単位,5,4,軽飲食店,https://www.google.com/maps/search/?api=1&query=37.5825065%2C127.0218535,https://map.naver.com/p/search/%EB%A5%B4%EC%BF%A0%EC%97%90%EB%A5%B4%20%EB%B3%B4%EB%AC%B8%EC%97%AD%20%EC%84%9C%EC%9A%B8%ED%8A%B9%EB%B3%84%EC%8B%9C%20%EC%84%B1%EB%B6%81%EA%B5%AC%20%EA%B3%A0%EB%A0%A4%EB%8C%80%EB%A1%9C6%EA%B8%B8%2074%201%EC%B8%B5%20101%ED%98%B8,https://www.diningcode.com/profile.php?rid=lmiXVvHVoAZi,커피
352,カフェ/Cafe,クルボス コーヒー ハンソンデ,Geurubeoseu Coffee Hanseongdae,그루버스 커피 한성대,コーヒー専門,Specialty Coffee,ハンドドリップ・自家焙煎カフェ,"Hand Drip, Roastery Cafe",店内OK / Indoors OK,なし/No,ハンソンデイプグ,Hansung University,430,サムソンドン2カ,Samseon-dong 2가,城北区,Seongbuk-gu,서울특별시 성북구 삼선교로16길 26-3 1층,0502-5552-9739,,https://smartstore.naver.com/grooverscoffee,37.5870303,127.0104686,店舗単位,,0,一般飲食店,https://www.google.com/maps/search/?api=1&query=37.5870303%2C127.0104686,https://map.naver.com/p/search/%EA%B7%B8%EB%A3%A8%EB%B2%84%EC%8A%A4%20%EC%BB%A4%ED%94%BC%20%ED%95%9C%EC%84%B1%EB%8C%80%20%EC%84%9C%EC%9A%B8%ED%8A%B9%EB%B3%84%EC%8B%9C%20%EC%84%B1%EB%B6%81%EA%B5%AC%20%EC%82%BC%EC%84%A0%EA%B5%90%EB%A1%9C16%EA%B8%B8%2026-3%201%EC%B8%B5,https://www.diningcode.com/profile.php?rid=LS2X2DBOGAj6,"핸드드립, 로스터리카페"
353,カフェ/Cafe,アイル,Ail,아일,ベーカリー,Bakery,カフェ・ベーカリー,"Cafe, Bakery",店内OK / Indoors OK,あり/Yes,ハンソンデイプグ,Hansung University,410,サムソンドン4カ,Samseon-dong 4가,城北区,Seongbuk-gu,서울특별시 성북구 삼선교로11길 34 1층,070-8286-6626,https://www.instagram.com/isle.bakery,,37.5890742,127.0105363,店舗単位,4.1,28,ベーカリー営業,https://www.google.com/maps/search/?api=1&query=37.5890742%2C127.0105363,https://map.naver.com/p/search/%EC%95%84%EC%9D%BC%20%EC%84%9C%EC%9A%B8%ED%8A%B9%EB%B3%84%EC%8B%9C%20%EC%84%B1%EB%B6%81%EA%B5%AC%20%EC%82%BC%EC%84%A0%EA%B5%90%EB%A1%9C11%EA%B8%B8%2034%201%EC%B8%B5,https://www.diningcode.com/profile.php?rid=uPCZn78SDUnR,"카페, 베이커리"
354,カフェ/Cafe,ペットニア ハウス ソンブクグチョン,Petteonia House Seongbukgucheong,펫터니아 하우스 성북구청,ドッグカフェ,Dog Cafe,ドッグカフェ・コーヒー,"Dog Cafe, Coffee",店内OK / Indoors OK,あり/Yes,ポムン（普門）,Bomun,360,サムソンドン5カ,Samseon-dong 5가,城北区,Seongbuk-gu,서울특별시 성북구 고려대로1길 69 1층,02-921-6418,,,37.588323,127.0180769,店舗単位,,0,一般飲食店,https://www.google.com/maps/search/?api=1&query=37.588323%2C127.0180769,https://map.naver.com/p/search/%ED%8E%AB%ED%84%B0%EB%8B%88%EC%95%84%20%ED%95%98%EC%9A%B0%EC%8A%A4%20%EC%84%B1%EB%B6%81%EA%B5%AC%EC%B2%AD%20%EC%84%9C%EC%9A%B8%ED%8A%B9%EB%B3%84%EC%8B%9C%20%EC%84%B1%EB%B6%81%EA%B5%AC%20%EA%B3%A0%EB%A0%A4%EB%8C%80%EB%A1%9C1%EA%B8%B8%2069%201%EC%B8%B5,https://www.diningcode.com/profile.php?rid=DM0CuNkjrFWE,"애견카페, 커피"
355,ごはん/Meal,スルルセン,SLUSSEN,슬루센,レストラン,Restaurant,,,店内OK / Indoors OK,なし/No,サンウォルゴク（上月谷）,Sangwolgok,140,サンウォルゴクドン,Sangwolgok-dong,城北区,Seongbuk-gu,서울특별시 성북구 화랑로17길 8-15,,,,37.6069378,127.0469096,通り単位,,0,一般飲食店,https://www.google.com/maps/search/?api=1&query=37.6069378%2C127.0469096,https://map.naver.com/p/search/%EC%8A%AC%EB%A3%A8%EC%84%BC%20%EC%84%9C%EC%9A%B8%ED%8A%B9%EB%B3%84%EC%8B%9C%20%EC%84%B1%EB%B6%81%EA%B5%AC%20%ED%99%94%EB%9E%91%EB%A1%9C17%EA%B8%B8%208-15,,
356,カフェ/Cafe,ヌル ソンブクドン,Neul Seongbukdong,늘 성북동,スイーツ,Sweets,韓屋カフェ・デザート,"Hanok Cafe, Dessert",店内OK / Indoors OK,あり/Yes,ハンソンデイプグ,Hansung University,710,ソンブクドン,Seongbuk-dong,城北区,Seongbuk-gu,서울특별시 성북구 성북로14길 3 늘,,,,37.5935981,127.0010751,店舗単位,5,3,一般飲食店,https://www.google.com/maps/search/?api=1&query=37.5935981%2C127.0010751,https://map.naver.com/p/search/%EB%8A%98%20%EC%84%B1%EB%B6%81%EB%8F%99%20%EC%84%9C%EC%9A%B8%ED%8A%B9%EB%B3%84%EC%8B%9C%20%EC%84%B1%EB%B6%81%EA%B5%AC%20%EC%84%B1%EB%B6%81%EB%A1%9C14%EA%B8%B8%203%20%EB%8A%98,https://www.diningcode.com/profile.php?rid=sUBfnLWpHAaz,"한옥카페, 디저트"
357,カフェ/Cafe,エルマドレ ソンブクドン,Elmadeure Seongbukdong,엘마드레 성북동,茶カフェ,Tea House,カフェ・茶館,"Cafe, Tea House",店内OK / Indoors OK,あり/Yes,ハンソンデイプグ,Hansung University,310,ソンブクドン,Seongbuk-dong,城北区,Seongbuk-gu,서울특별시 성북구 성북로8길 14 엘마드레,010-8654-5173,,,37.5911013,127.0045798,店舗単位,,0,一般飲食店,https://www.google.com/maps/search/?api=1&query=37.5911013%2C127.0045798,https://map.naver.com/p/search/%EC%97%98%EB%A7%88%EB%93%9C%EB%A0%88%20%EC%84%B1%EB%B6%81%EB%8F%99%20%EC%84%9C%EC%9A%B8%ED%8A%B9%EB%B3%84%EC%8B%9C%20%EC%84%B1%EB%B6%81%EA%B5%AC%20%EC%84%B1%EB%B6%81%EB%A1%9C8%EA%B8%B8%2014%20%EC%97%98%EB%A7%88%EB%93%9C%EB%A0%88,https://www.diningcode.com/profile.php?rid=feAa1zFFgJOG,"카페, 찻집"
358,ごはん/Meal,プロジェクト パイ ソンブクドン,Project Pie Seongbukdong,프로젝트 파이 성북동,ブランチ,Brunch,ブランチ・カフェ,"Brunch, Cafe",店内OK / Indoors OK,あり/Yes,ハンソンデイプグ,Hansung University,770,ソンブクドン,Seongbuk-dong,城北区,Seongbuk-gu,서울특별시 성북구 성북로 82 1층 102호,070-4799-0082,https://www.instagram.com/pp_projectpie,,37.5934289,126.9998652,店舗単位,5,2,一般飲食店,https://www.google.com/maps/search/?api=1&query=37.5934289%2C126.9998652,https://map.naver.com/p/search/%ED%94%84%EB%A1%9C%EC%A0%9D%ED%8A%B8%20%ED%8C%8C%EC%9D%B4%20%EC%84%B1%EB%B6%81%EB%8F%99%20%EC%84%9C%EC%9A%B8%ED%8A%B9%EB%B3%84%EC%8B%9C%20%EC%84%B1%EB%B6%81%EA%B5%AC%20%EC%84%B1%EB%B6%81%EB%A1%9C%2082%201%EC%B8%B5%20102%ED%98%B8,https://www.diningcode.com/profile.php?rid=svv9lOIeaM6C,"브런치, 카페"
359,カフェ/Cafe,ヘロコーヒー,Haero Coffee Seongbukdong,해로커피 성북동,茶カフェ,Tea House,韓屋カフェ・コーヒー,"Cafe, Hanok Cafe",店内OK / Indoors OK,あり/Yes,ハンソンデイプグ,Hansung University,190,城北洞（ソンブクドン）,Seongbuk-dong,城北区,Seongbuk-gu,서울특별시 성북구 성북로 19-3,02-6012-9871,https://www.instagram.com/haerocoffee/,,37.5896387,127.0042807,店舗単位,4.3,19,軽飲食店,https://www.google.com/maps/search/?api=1&query=37.5896387%2C127.0042807,https://map.naver.com/p/search/%ED%95%B4%EB%A1%9C%EC%BB%A4%ED%94%BC%20%EC%84%B1%EB%B6%81%EB%8F%99%20%EC%84%9C%EC%9A%B8%ED%8A%B9%EB%B3%84%EC%8B%9C%20%EC%84%B1%EB%B6%81%EA%B5%AC%20%EC%84%B1%EB%B6%81%EB%A1%9C%2019-3,https://www.diningcode.com/profile.php?rid=46fUpR4jfAMc,"카페, 한옥카페"
360,ごはん/Meal,シオルドン ソンブクジギョンジョム,Sioldon Seongbukjigyeongjeom,시올돈 성북직영점,日本料理,Japanese,カツ・とんかつ,"Katsu, Tonkatsu",店内OK / Indoors OK,なし/No,ハンソンデイプグ,Hansung University,180,ソンブクドン1カ,Seongbuk-dong 1가,城北区,Seongbuk-gu,서울특별시 성북구 성북로5길 20 1층,010-3823-1581,https://www.instagram.com/sioldon_sungbuk,,37.588979,127.0040391,店舗単位,4.6,6,一般飲食店,https://www.google.com/maps/search/?api=1&query=37.588979%2C127.0040391,https://map.naver.com/p/search/%EC%8B%9C%EC%98%AC%EB%8F%88%20%EC%84%B1%EB%B6%81%EC%A7%81%EC%98%81%EC%A0%90%20%EC%84%9C%EC%9A%B8%ED%8A%B9%EB%B3%84%EC%8B%9C%20%EC%84%B1%EB%B6%81%EA%B5%AC%20%EC%84%B1%EB%B6%81%EB%A1%9C5%EA%B8%B8%2020%201%EC%B8%B5,https://www.diningcode.com/profile.php?rid=724mmy0G9yQG,"카츠, 돈까스"
361,カフェ/Cafe,ヤミストピ ソンブクドン,Yamiseuteopi Seongbukdong,야미스터피 성북동,ベーカリー,Bakery,カフェ・シナモンロール,"Cafe, Cinnamon Roll",店内OK / Indoors OK,なし/No,ハンソンデイプグ,Hansung University,190,ソンブクドン1カ,Seongbuk-dong 1가,城北区,Seongbuk-gu,서울특별시 성북구 창경궁로35길 83 1층,0502-5554-3533,https://www.instagram.com/yummystuffy,,37.5882744,127.0038589,店舗単位,,0,一般飲食店,https://www.google.com/maps/search/?api=1&query=37.5882744%2C127.0038589,https://map.naver.com/p/search/%EC%95%BC%EB%AF%B8%EC%8A%A4%ED%84%B0%ED%94%BC%20%EC%84%B1%EB%B6%81%EB%8F%99%20%EC%84%9C%EC%9A%B8%ED%8A%B9%EB%B3%84%EC%8B%9C%20%EC%84%B1%EB%B6%81%EA%B5%AC%20%EC%B0%BD%EA%B2%BD%EA%B6%81%EB%A1%9C35%EA%B8%B8%2083%201%EC%B8%B5,https://www.diningcode.com/profile.php?rid=G02jlFVUxDqQ,"카페, 시나몬롤"
362,ごはん/Meal,ミルゴレ,Milgeorae Seongsinyeodae,밀거래 성신여대,日本料理,Japanese,日本の家庭料理・鮭いくら丼,"Japanese Home Cooking, Salmon Bowl",店内OK / Indoors OK,なし/No,ソンシニョデイプグ（誠信女子大入口）,Sungshin Women's University,320,誠信女大（ソンシニョデ）,Seongsinyeodae,城北区,Seongbuk-gu,서울특별시 성북구 동소문로22길 57-6,02-929-0110,,,37.590586,127.018983,店舗単位,3.6,5,一般飲食店,https://www.google.com/maps/search/?api=1&query=37.590586%2C127.018983,https://map.naver.com/p/search/%EB%B0%80%EA%B1%B0%EB%9E%98%20%EC%84%B1%EC%8B%A0%EC%97%AC%EB%8C%80%20%EC%84%9C%EC%9A%B8%ED%8A%B9%EB%B3%84%EC%8B%9C%20%EC%84%B1%EB%B6%81%EA%B5%AC%20%EB%8F%99%EC%86%8C%EB%AC%B8%EB%A1%9C22%EA%B8%B8%2057-6,https://www.diningcode.com/profile.php?rid=h9Dkl2sINVlU,"일본가정식, 사케동"
363,カフェ/Cafe,コーヒーストア,COFFEE.STORE,커피스토어 보문역,コーヒー専門,Specialty Coffee,コーヒー,"Cafe, Coffee",店内OK / Indoors OK,なし/No,ポムン（普門）,Bomun,460,安岩（アナム）,Anam,城北区,Seongbuk-gu,서울특별시 성북구 안암로5길 72,,https://www.instagram.com/coffee_store_anam,,37.5821746,127.0227554,店舗単位,4.5,4,一般飲食店,https://www.google.com/maps/search/?api=1&query=37.5821746%2C127.0227554,https://map.naver.com/p/search/%EC%BB%A4%ED%94%BC%EC%8A%A4%ED%86%A0%EC%96%B4%20%EB%B3%B4%EB%AC%B8%EC%97%AD%20%EC%84%9C%EC%9A%B8%ED%8A%B9%EB%B3%84%EC%8B%9C%20%EC%84%B1%EB%B6%81%EA%B5%AC%20%EC%95%88%EC%95%94%EB%A1%9C5%EA%B8%B8%2072,https://www.diningcode.com/profile.php?rid=h1sKY6Fwd5GC,"카페, 커피"
364,ごはん/Meal,ヘンボクハゲ キウルゴヤン,Haengbokhagae Kiulgoyang,행복하개 키울고양,レストラン,Restaurant,,,店内OK / Indoors OK,なし/No,ポムン（普門）,Bomun,350,アナムドン2カ,Anam-dong 2가,城北区,Seongbuk-gu,서울특별시 성북구 고려대로11길 24,010-4882-8720,https://www.instagram.com/haengbokpet,,37.588005,127.0214041,通り単位,,0,一般飲食店,https://www.google.com/maps/search/?api=1&query=37.588005%2C127.0214041,https://map.naver.com/p/search/%ED%96%89%EB%B3%B5%ED%95%98%EA%B0%9C%20%ED%82%A4%EC%9A%B8%EA%B3%A0%EC%96%91%20%EC%84%9C%EC%9A%B8%ED%8A%B9%EB%B3%84%EC%8B%9C%20%EC%84%B1%EB%B6%81%EA%B5%AC%20%EA%B3%A0%EB%A0%A4%EB%8C%80%EB%A1%9C11%EA%B8%B8%2024,,
365,カフェ/Cafe,ソルゴクレプコーヒーロースターズ,Seolgokraep Coffee Roasters,설곡랩커피로스터스,コーヒー専門,Specialty Coffee,,,店内OK / Indoors OK,なし/No,シンソルドン（新設洞）,Sinseol-dong,450,アナムドン4カ,Anam-dong 4가,城北区,Seongbuk-gu,서울특별시 성북구 안암로5길 22,02-928-0019,,,37.5800526,127.0240544,通り単位,,0,一般飲食店,https://www.google.com/maps/search/?api=1&query=37.5800526%2C127.0240544,https://map.naver.com/p/search/%EC%84%A4%EA%B3%A1%EB%9E%A9%EC%BB%A4%ED%94%BC%EB%A1%9C%EC%8A%A4%ED%84%B0%EC%8A%A4%20%EC%84%9C%EC%9A%B8%ED%8A%B9%EB%B3%84%EC%8B%9C%20%EC%84%B1%EB%B6%81%EA%B5%AC%20%EC%95%88%EC%95%94%EB%A1%9C5%EA%B8%B8%2022,,
366,カフェ/Cafe,コボ アナム,Kobo Anam,코보 안암,スイーツ,Sweets,カフェ・デザート,"Cafe, Dessert",店内OK / Indoors OK,なし/No,ポムン（普門）,Bomun,550,アナムドン4カ,Anam-dong 4가,城北区,Seongbuk-gu,서울특별시 성북구 안암로5길 52 1층 카페 코보,0503-7151-4874,https://www.instagram.com/cafe.kobo,,37.5813499,127.0232051,店舗単位,5,2,ベーカリー営業,https://www.google.com/maps/search/?api=1&query=37.5813499%2C127.0232051,https://map.naver.com/p/search/%EC%BD%94%EB%B3%B4%20%EC%95%88%EC%95%94%20%EC%84%9C%EC%9A%B8%ED%8A%B9%EB%B3%84%EC%8B%9C%20%EC%84%B1%EB%B6%81%EA%B5%AC%20%EC%95%88%EC%95%94%EB%A1%9C5%EA%B8%B8%2052%201%EC%B8%B5%20%EC%B9%B4%ED%8E%98%20%EC%BD%94%EB%B3%B4,https://www.diningcode.com/profile.php?rid=VuVJc6zWskF2,"카페, 디저트"
367,カフェ/Cafe,カフェ ピルリ コデ,Philly,카페 필리 고대,スイーツ,Sweets,デザート・タルト,"Dessert, Tart",店内OK / Indoors OK,なし/No,アナム（安岩）,Anam,260,アナムドン5カ,Anam-dong 5가,城北区,Seongbuk-gu,서울특별시 성북구 안암로 89-5,,https://www.instagram.com/philly89_5,,37.5840641,127.0303336,店舗単位,5,1,ベーカリー営業,https://www.google.com/maps/search/?api=1&query=37.5840641%2C127.0303336,https://map.naver.com/p/search/%EC%B9%B4%ED%8E%98%20%ED%95%84%EB%A6%AC%20%EA%B3%A0%EB%8C%80%20%EC%84%9C%EC%9A%B8%ED%8A%B9%EB%B3%84%EC%8B%9C%20%EC%84%B1%EB%B6%81%EA%B5%AC%20%EC%95%88%EC%95%94%EB%A1%9C%2089-5,https://www.diningcode.com/profile.php?rid=cQckeOUQrCWK,"디저트, 타르트"
368,ごはん/Meal,イジホワイト チャンウィニュタウンチョム,Iji White Jangwinyu Town Jeom,이지화이트 장위뉴타운점,レストラン,Restaurant,,,店内OK / Indoors OK,なし/No,クァンウンデ（光云大）,Kwangwoon University,1190,チャンウィドン,Jangwi-dong,城北区,Seongbuk-gu,서울특별시 성북구 돌곶이로40길 46,,,,37.6197451,127.0492629,建物単位,,0,一般飲食店,https://www.google.com/maps/search/?api=1&query=37.6197451%2C127.0492629,https://map.naver.com/p/search/%EC%9D%B4%EC%A7%80%ED%99%94%EC%9D%B4%ED%8A%B8%20%EC%9E%A5%EC%9C%84%EB%89%B4%ED%83%80%EC%9A%B4%EC%A0%90%20%EC%84%9C%EC%9A%B8%ED%8A%B9%EB%B3%84%EC%8B%9C%20%EC%84%B1%EB%B6%81%EA%B5%AC%20%EB%8F%8C%EA%B3%B6%EC%9D%B4%EB%A1%9C40%EA%B8%B8%2046,,
369,カフェ/Cafe,シングルボングル チョンアムドン,Singgeulbeonggeul Jongamdong,싱글벙글 종암동,ドッグカフェ,Dog Cafe,カフェ・ドッグカフェ,"Cafe, Dog Cafe",店内OK / Indoors OK,あり/Yes,コリョデ（高麗大）,Korea Univ.,680,チョンアムドン,Jongam-dong,城北区,Seongbuk-gu,서울특별시 성북구 종암로14길 12-16,,https://www.instagram.com/singbung_bedlington,,37.5965284,127.0363079,店舗単位,,0,一般飲食店,https://www.google.com/maps/search/?api=1&query=37.5965284%2C127.0363079,https://map.naver.com/p/search/%EC%8B%B1%EA%B8%80%EB%B2%99%EA%B8%80%20%EC%A2%85%EC%95%94%EB%8F%99%20%EC%84%9C%EC%9A%B8%ED%8A%B9%EB%B3%84%EC%8B%9C%20%EC%84%B1%EB%B6%81%EA%B5%AC%20%EC%A2%85%EC%95%94%EB%A1%9C14%EA%B8%B8%2012-16,https://www.diningcode.com/profile.php?rid=af9iUhrKriKO,"카페, 애견카페"
370,カフェ/Cafe,ポルドコーヒー ハウォルゴクドン,pold coffee,폴드커피 하월곡동,コーヒー専門,Specialty Coffee,カフェ・もちもちクッキー,"Cafe, Chewy Cookie",店内OK / Indoors OK,あり/Yes,ミアサゴリ（弥阿）,Miasageori,460,ハウォルゴクドン,Hawolgok-dong,城北区,Seongbuk-gu,"서울특별시 성북구 종암로 214-3 1,2F",,https://www.instagram.com/poldcoffee,,37.6090522,127.0308112,店舗単位,4.4,13,一般飲食店,https://www.google.com/maps/search/?api=1&query=37.6090522%2C127.0308112,https://map.naver.com/p/search/%ED%8F%B4%EB%93%9C%EC%BB%A4%ED%94%BC%20%ED%95%98%EC%9B%94%EA%B3%A1%EB%8F%99%20%EC%84%9C%EC%9A%B8%ED%8A%B9%EB%B3%84%EC%8B%9C%20%EC%84%B1%EB%B6%81%EA%B5%AC%20%EC%A2%85%EC%95%94%EB%A1%9C%20214-3%201%2C2F,https://www.diningcode.com/profile.php?rid=iI7bABWBGjd2,"카페, 두쫀쿠"
371,カフェ/Cafe,アイル,isle,아일 한성대입구역,カフェ,Cafe,デザート・コーヒー,"Cafe, Dessert",店内OK / Indoors OK,あり/Yes,ハンソンデイプグ,Hansung University,410,漢城大入口（ハンソンデイプグ）,Hanseongdaeipgu,城北区,Seongbuk-gu,서울특별시 성북구 삼선교로11길 34 1층,070-8286-6626,https://www.instagram.com/isle.bakery,,37.5890742,127.0105363,店舗単位,4.1,28,一般飲食店,https://www.google.com/maps/search/?api=1&query=37.5890742%2C127.0105363,https://map.naver.com/p/search/%EC%95%84%EC%9D%BC%20%ED%95%9C%EC%84%B1%EB%8C%80%EC%9E%85%EA%B5%AC%EC%97%AD%20%EC%84%9C%EC%9A%B8%ED%8A%B9%EB%B3%84%EC%8B%9C%20%EC%84%B1%EB%B6%81%EA%B5%AC%20%EC%82%BC%EC%84%A0%EA%B5%90%EB%A1%9C11%EA%B8%B8%2034%201%EC%B8%B5,https://www.diningcode.com/profile.php?rid=uPCZn78SDUnR,"카페, 디저트"
372,ごはん/Meal,ムクゴルッサムバプ ムンジョンドン,Mukgolssambap Munjeongdong,묵골쌈밥 문정동,韓国料理,Korean,サンパプ・豚炒めサンパプ,"Ssambap, Pork Ssambap",店内OK / Indoors OK,なし/No,ムンジョン（文井）,Munjeong,590,ムンジョンドン,Munjeong-dong,松坡区,Songpa-gu,서울특별시 송파구 새말로15길 22 1층,0503-7153-1393,https://www.instagram.com/mini.mukgol/,,37.4862699,127.129135,店舗単位,4.2,11,一般飲食店,https://www.google.com/maps/search/?api=1&query=37.4862699%2C127.129135,https://map.naver.com/p/search/%EB%AC%B5%EA%B3%A8%EC%8C%88%EB%B0%A5%20%EB%AC%B8%EC%A0%95%EB%8F%99%20%EC%84%9C%EC%9A%B8%ED%8A%B9%EB%B3%84%EC%8B%9C%20%EC%86%A1%ED%8C%8C%EA%B5%AC%20%EC%83%88%EB%A7%90%EB%A1%9C15%EA%B8%B8%2022%201%EC%B8%B5,https://www.diningcode.com/profile.php?rid=xHUzNKnSdLU8,"쌈밥, 제육쌈밥"
373,カフェ/Cafe,コーヒーピン ソンパパークハビオジョム,Coffee Bin Songpa Park Habiojeom,커피빈 송파파크하비오점,コーヒー専門,Specialty Coffee,カフェ・コーヒー,"Cafe, Coffee",店内OK / Indoors OK,なし/No,チャンジ（長旨）,Jangji,440,ムンジョンドン,Munjeong-dong,松坡区,Songpa-gu,서울특별시 송파구 송파대로 111 송파파크하비오 205동 1층 110-113,02-449-6881,,http://www.coffeebeankorea.com,37.4814237,127.1221818,店舗単位,4.6,4,一般飲食店,https://www.google.com/maps/search/?api=1&query=37.4814237%2C127.1221818,https://map.naver.com/p/search/%EC%BB%A4%ED%94%BC%EB%B9%88%20%EC%86%A1%ED%8C%8C%ED%8C%8C%ED%81%AC%ED%95%98%EB%B9%84%EC%98%A4%EC%A0%90%20%EC%84%9C%EC%9A%B8%ED%8A%B9%EB%B3%84%EC%8B%9C%20%EC%86%A1%ED%8C%8C%EA%B5%AC%20%EC%86%A1%ED%8C%8C%EB%8C%80%EB%A1%9C%20111%20%EC%86%A1%ED%8C%8C%ED%8C%8C%ED%81%AC%ED%95%98%EB%B9%84%EC%98%A4%20205%EB%8F%99%201%EC%B8%B5%20110-113,https://www.diningcode.com/profile.php?rid=Ij78OMHQOlxy,"카페, coffee"
374,ごはん/Meal,クログ パンイドン,GROG,그로그 방이동,バー・居酒屋,Bar & Pub,ワインバー,Wine Bar,店内OK / Indoors OK,なし/No,ハンソンベクジェ（漢城百済）,Hanseong Baekje,330,パンイドン,Bangi-dong,松坡区,Songpa-gu,"서울특별시 송파구 위례성대로4길 23 102호, 103호",0503-7151-5410,https://www.instagram.com/grog_alcohol/,,37.5137572,127.115721,店舗単位,5,2,一般飲食店,https://www.google.com/maps/search/?api=1&query=37.5137572%2C127.115721,https://map.naver.com/p/search/%EA%B7%B8%EB%A1%9C%EA%B7%B8%20%EB%B0%A9%EC%9D%B4%EB%8F%99%20%EC%84%9C%EC%9A%B8%ED%8A%B9%EB%B3%84%EC%8B%9C%20%EC%86%A1%ED%8C%8C%EA%B5%AC%20%EC%9C%84%EB%A1%80%EC%84%B1%EB%8C%80%EB%A1%9C4%EA%B8%B8%2023%20102%ED%98%B8%2C%20103%ED%98%B8,https://www.diningcode.com/profile.php?rid=yWFyb68k8u6W,와인바
375,カフェ/Cafe,パルセウルロナ オルリムピクゴンウォン,Bareuseulrona Olrimpikgongwon,바르세울로나 올림픽공원,スイーツ,Sweets,カフェ・デザート,"Cafe, Dessert",店内OK / Indoors OK,あり/Yes,パンイ（芳夷）,Bangi,570,パンイドン,Bangi-dong,松坡区,Songpa-gu,서울특별시 송파구 위례성대로12길 5 1층,02-6958-5564,https://www.instagram.com/barseulona/,,37.5131319,127.1229124,店舗単位,,0,一般飲食店,https://www.google.com/maps/search/?api=1&query=37.5131319%2C127.1229124,https://map.naver.com/p/search/%EB%B0%94%EB%A5%B4%EC%84%B8%EC%9A%B8%EB%A1%9C%EB%82%98%20%EC%98%AC%EB%A6%BC%ED%94%BD%EA%B3%B5%EC%9B%90%20%EC%84%9C%EC%9A%B8%ED%8A%B9%EB%B3%84%EC%8B%9C%20%EC%86%A1%ED%8C%8C%EA%B5%AC%20%EC%9C%84%EB%A1%80%EC%84%B1%EB%8C%80%EB%A1%9C12%EA%B8%B8%205%201%EC%B8%B5,https://www.diningcode.com/profile.php?rid=7SE7ulwv9W0A,"카페, 디저트"
376,カフェ/Cafe,ストーン&ウォーター,Stone Aen Water Olrimpikgongwon,스톤앤워터 올림픽공원,カフェ,Cafe,コーヒー（オリンピック公園近く）,"Coffee, Cafe",店内OK / Indoors OK,あり/Yes,ハンソンベクジェ（漢城百済）,Hanseong Baekje,510,芳荑洞（パンイドン）,Bangi-dong,松坡区,Songpa-gu,서울특별시 송파구 가락로 283 1층 스톤앤워터,02-6013-9593,https://www.instagram.com/stone.and.water.kr,,37.5131451,127.1199032,店舗単位,4,10,一般飲食店,https://www.google.com/maps/search/?api=1&query=37.5131451%2C127.1199032,https://map.naver.com/p/search/%EC%8A%A4%ED%86%A4%EC%95%A4%EC%9B%8C%ED%84%B0%20%EC%98%AC%EB%A6%BC%ED%94%BD%EA%B3%B5%EC%9B%90%20%EC%84%9C%EC%9A%B8%ED%8A%B9%EB%B3%84%EC%8B%9C%20%EC%86%A1%ED%8C%8C%EA%B5%AC%20%EA%B0%80%EB%9D%BD%EB%A1%9C%20283%201%EC%B8%B5%20%EC%8A%A4%ED%86%A4%EC%95%A4%EC%9B%8C%ED%84%B0,https://www.diningcode.com/profile.php?rid=CzNzMSsrCwm7,"커피, 카페"
377,カフェ/Cafe,アチジェ オルリムピクゴンウォンジョム,Atije Olrimpikgongwonjeom,아티제 올림픽공원점,スイーツ,Sweets,ケーキ・アメリカーノ,"Cake, Americano",店内OK / Indoors OK,なし/No,ハンソンベクジェ（漢城百済）,Hanseong Baekje,170,パンイドン,Bangi-dong,松坡区,Songpa-gu,서울특별시 송파구 위례성대로 18 금복빌딩 1층,02-422-5131,,http://www.cafeartisee.com,37.5165487,127.1143163,店舗単位,4.7,12,一般飲食店,https://www.google.com/maps/search/?api=1&query=37.5165487%2C127.1143163,https://map.naver.com/p/search/%EC%95%84%ED%8B%B0%EC%A0%9C%20%EC%98%AC%EB%A6%BC%ED%94%BD%EA%B3%B5%EC%9B%90%EC%A0%90%20%EC%84%9C%EC%9A%B8%ED%8A%B9%EB%B3%84%EC%8B%9C%20%EC%86%A1%ED%8C%8C%EA%B5%AC%20%EC%9C%84%EB%A1%80%EC%84%B1%EB%8C%80%EB%A1%9C%2018%20%EA%B8%88%EB%B3%B5%EB%B9%8C%EB%94%A9%201%EC%B8%B5,https://www.diningcode.com/profile.php?rid=Id05gAMIA3nu,"케이크, 아메리카노"
378,ごはん/Meal,チャゴバーガー,BurgerGarage,차고버거 방이동,ハンバーガー,Burger,自家製バーガー,Craft Burger,店内OK / Indoors OK,なし/No,ハンソンベクジェ（漢城百済）,Hanseong Baekje,230,芳荑洞（パンイドン）,Bangi-dong,松坡区,Songpa-gu,서울특별시 송파구 오금로11길 61-11 엘엠오피스텔 1층 차고버거,070-8878-0601,https://instagram.com/chagoburger,,37.5155033,127.1140043,店舗単位,4.3,11,一般飲食店,https://www.google.com/maps/search/?api=1&query=37.5155033%2C127.1140043,https://map.naver.com/p/search/%EC%B0%A8%EA%B3%A0%EB%B2%84%EA%B1%B0%20%EB%B0%A9%EC%9D%B4%EB%8F%99%20%EC%84%9C%EC%9A%B8%ED%8A%B9%EB%B3%84%EC%8B%9C%20%EC%86%A1%ED%8C%8C%EA%B5%AC%20%EC%98%A4%EA%B8%88%EB%A1%9C11%EA%B8%B8%2061-11%20%EC%97%98%EC%97%A0%EC%98%A4%ED%94%BC%EC%8A%A4%ED%85%94%201%EC%B8%B5%20%EC%B0%A8%EA%B3%A0%EB%B2%84%EA%B1%B0,https://www.diningcode.com/profile.php?rid=5QzZuKcFevat,수제버거
379,カフェ/Cafe,ッパンッセム ソンパジョム,BbangSsaem,빵쌤 송파점,ベーカリー,Bakery,ベーカリー,Bakery,店内OK / Indoors OK,あり/Yes,ソクチョンゴブン（石村古墳）,Seokchon Gobun,220,サムジョンドン,Samjeon-dong,松坡区,Songpa-gu,서울특별시 송파구 삼학사로 35 1층,0507-1371-4075,https://www.instagram.com/bbangssaem_songpa/,,37.5004924,127.0965406,店舗単位,4.5,3,一般飲食店,https://www.google.com/maps/search/?api=1&query=37.5004924%2C127.0965406,https://map.naver.com/p/search/%EB%B9%B5%EC%8C%A4%20%EC%86%A1%ED%8C%8C%EC%A0%90%20%EC%84%9C%EC%9A%B8%ED%8A%B9%EB%B3%84%EC%8B%9C%20%EC%86%A1%ED%8C%8C%EA%B5%AC%20%EC%82%BC%ED%95%99%EC%82%AC%EB%A1%9C%2035%201%EC%B8%B5,https://www.diningcode.com/profile.php?rid=UAnTsm51rZbe,베이커리
380,カフェ/Cafe,イイオコーヒー ソクチョンゴブニョク,eeo,이이오커피 석촌고분역,コーヒー専門,Specialty Coffee,カフェ・コーヒー,"Cafe, Coffee",店内OK / Indoors OK,あり/Yes,ソクチョンゴブン（石村古墳）,Seokchon Gobun,210,サムジョンドン,Samjeon-dong,松坡区,Songpa-gu,서울특별시 송파구 백제고분로32길 15 1층 102호 이이오커피,010-5352-1814,,,37.5009223,127.0951219,店舗単位,,0,一般飲食店,https://www.google.com/maps/search/?api=1&query=37.5009223%2C127.0951219,https://map.naver.com/p/search/%EC%9D%B4%EC%9D%B4%EC%98%A4%EC%BB%A4%ED%94%BC%20%EC%84%9D%EC%B4%8C%EA%B3%A0%EB%B6%84%EC%97%AD%20%EC%84%9C%EC%9A%B8%ED%8A%B9%EB%B3%84%EC%8B%9C%20%EC%86%A1%ED%8C%8C%EA%B5%AC%20%EB%B0%B1%EC%A0%9C%EA%B3%A0%EB%B6%84%EB%A1%9C32%EA%B8%B8%2015%201%EC%B8%B5%20102%ED%98%B8%20%EC%9D%B4%EC%9D%B4%EC%98%A4%EC%BB%A4%ED%94%BC,https://www.diningcode.com/profile.php?rid=K8bJCRcnyJy9,"카페, 커피"
381,ごはん/Meal,ファルル ソクチョンゴブニョク,Hwareureu Seokchongobunyeok,화르르 석촌고분역,サンドイッチ・サラダ,Sandwich & Salad,ベーカリー・サンドイッチ,"Bakery, Sandwich",店内OK / Indoors OK,なし/No,ソクチョンゴブン（石村古墳）,Seokchon Gobun,240,サムジョンドン,Samjeon-dong,松坡区,Songpa-gu,"서울특별시 송파구 백제고분로32길 20 1층 102,102호",0507-1346-0027,https://www.instagram.com/hwarr_bakery,,37.5007538,127.094871,店舗単位,,0,ベーカリー営業,https://www.google.com/maps/search/?api=1&query=37.5007538%2C127.094871,https://map.naver.com/p/search/%ED%99%94%EB%A5%B4%EB%A5%B4%20%EC%84%9D%EC%B4%8C%EA%B3%A0%EB%B6%84%EC%97%AD%20%EC%84%9C%EC%9A%B8%ED%8A%B9%EB%B3%84%EC%8B%9C%20%EC%86%A1%ED%8C%8C%EA%B5%AC%20%EB%B0%B1%EC%A0%9C%EA%B3%A0%EB%B6%84%EB%A1%9C32%EA%B8%B8%2020%201%EC%B8%B5%20102%2C102%ED%98%B8,https://www.diningcode.com/profile.php?rid=9UTRcXxUcHDI,"베이커리, 샌드위치"
382,カフェ/Cafe,クリームベーグル 蚕室店,Cream Bagel Jamsiljeom,크림베이글 잠실점,ベーカリー,Bakery,ベーグル・クリームベーグル,"Bagel, Cream Bagel",店内OK / Indoors OK,あり/Yes,ソクチョン（石村）,Seokchon,430,石村（ソクチョン）,Seokchon,松坡区,Songpa-gu,서울특별시 송파구 송파대로 473 1층 크림베이글 잠실점,,https://www.instagram.com/creambagel_jamsil,,37.5082546,127.1039918,店舗単位,4.5,2,一般飲食店,https://www.google.com/maps/search/?api=1&query=37.5082546%2C127.1039918,https://map.naver.com/p/search/%ED%81%AC%EB%A6%BC%EB%B2%A0%EC%9D%B4%EA%B8%80%20%EC%9E%A0%EC%8B%A4%EC%A0%90%20%EC%84%9C%EC%9A%B8%ED%8A%B9%EB%B3%84%EC%8B%9C%20%EC%86%A1%ED%8C%8C%EA%B5%AC%20%EC%86%A1%ED%8C%8C%EB%8C%80%EB%A1%9C%20473%201%EC%B8%B5%20%ED%81%AC%EB%A6%BC%EB%B2%A0%EC%9D%B4%EA%B8%80%20%EC%9E%A0%EC%8B%A4%EC%A0%90,https://www.diningcode.com/profile.php?rid=4pTePn0t6eG4,"베이글, 크림베이글"
383,カフェ/Cafe,ハーフパウンド,Half Pound Seokchongobunyeok,하프파운드 석촌고분역,ベーカリー,Bakery,パン・焼き菓子,Bakery,店内OK / Indoors OK,なし/No,ソクチョンゴブン（石村古墳）,Seokchon Gobun,230,石村（ソクチョン）,Seokchon,松坡区,Songpa-gu,서울특별시 송파구 백제고분로33길 10 2층 하프파운드,070-8691-3459,https://www.instagram.com/half__pound,,37.5035013,127.0988917,店舗単位,4.3,15,軽飲食店,https://www.google.com/maps/search/?api=1&query=37.5035013%2C127.0988917,https://map.naver.com/p/search/%ED%95%98%ED%94%84%ED%8C%8C%EC%9A%B4%EB%93%9C%20%EC%84%9D%EC%B4%8C%EA%B3%A0%EB%B6%84%EC%97%AD%20%EC%84%9C%EC%9A%B8%ED%8A%B9%EB%B3%84%EC%8B%9C%20%EC%86%A1%ED%8C%8C%EA%B5%AC%20%EB%B0%B1%EC%A0%9C%EA%B3%A0%EB%B6%84%EB%A1%9C33%EA%B8%B8%2010%202%EC%B8%B5%20%ED%95%98%ED%94%84%ED%8C%8C%EC%9A%B4%EB%93%9C,https://www.diningcode.com/profile.php?rid=E2093SEACaVG,베이커리
384,カフェ/Cafe,ナニア チャムシル,narnia,나니아 잠실,スイーツ,Sweets,カフェ・デザートカフェ,"Cafe, Dessert Cafe",店内OK / Indoors OK,なし/No,ソクチョンゴブン（石村古墳）,Seokchon Gobun,240,ソクチョンドン,Seokchon-dong,松坡区,Songpa-gu,서울특별시 송파구 삼학사로18길 5 1층 나니아,0507-1346-2544,https://www.instagram.com/cafe__narnia,,37.5044307,127.0977948,店舗単位,,0,一般飲食店,https://www.google.com/maps/search/?api=1&query=37.5044307%2C127.0977948,https://map.naver.com/p/search/%EB%82%98%EB%8B%88%EC%95%84%20%EC%9E%A0%EC%8B%A4%20%EC%84%9C%EC%9A%B8%ED%8A%B9%EB%B3%84%EC%8B%9C%20%EC%86%A1%ED%8C%8C%EA%B5%AC%20%EC%82%BC%ED%95%99%EC%82%AC%EB%A1%9C18%EA%B8%B8%205%201%EC%B8%B5%20%EB%82%98%EB%8B%88%EC%95%84,https://www.diningcode.com/profile.php?rid=OsZj7Lgu3Jy6,"카페, 디저트카페"
385,カフェ/Cafe,カフェ イルダギョン ソクチョンホス,Cafe Ildagyeong Seokchonhosu,카페 일다경 석촌호수,スイーツ,Sweets,カフェ・いちごケーキ,"Cafe, Strawberry Cake",店内OK / Indoors OK,なし/No,ソクチョンゴブン（石村古墳）,Seokchon Gobun,360,ソクチョンドン,Seokchon-dong,松坡区,Songpa-gu,서울특별시 송파구 삼학사로18길 3-27 1층,02-6012-0613,https://www.instagram.com/cafe_ildagyeong,,37.5055778,127.097689,店舗単位,5,1,軽飲食店,https://www.google.com/maps/search/?api=1&query=37.5055778%2C127.097689,https://map.naver.com/p/search/%EC%B9%B4%ED%8E%98%20%EC%9D%BC%EB%8B%A4%EA%B2%BD%20%EC%84%9D%EC%B4%8C%ED%98%B8%EC%88%98%20%EC%84%9C%EC%9A%B8%ED%8A%B9%EB%B3%84%EC%8B%9C%20%EC%86%A1%ED%8C%8C%EA%B5%AC%20%EC%82%BC%ED%95%99%EC%82%AC%EB%A1%9C18%EA%B8%B8%203-27%201%EC%B8%B5,https://www.diningcode.com/profile.php?rid=RIPKrCN8nBEg,"카페, 딸기케이크"
386,カフェ/Cafe,ハーフパウンド ソクチョンゴブニョク,Half Pound Seokchongobunyeok,하프파운드 석촌고분역,ベーカリー,Bakery,ベーカリー,Bakery,店内OK / Indoors OK,なし/No,ソクチョンゴブン（石村古墳）,Seokchon Gobun,230,ソクチョンドン,Seokchon-dong,松坡区,Songpa-gu,서울특별시 송파구 백제고분로33길 10 2층 하프파운드,070-8691-3459,https://www.instagram.com/half__pound,,37.5035013,127.0988917,店舗単位,4.3,15,ベーカリー営業,https://www.google.com/maps/search/?api=1&query=37.5035013%2C127.0988917,https://map.naver.com/p/search/%ED%95%98%ED%94%84%ED%8C%8C%EC%9A%B4%EB%93%9C%20%EC%84%9D%EC%B4%8C%EA%B3%A0%EB%B6%84%EC%97%AD%20%EC%84%9C%EC%9A%B8%ED%8A%B9%EB%B3%84%EC%8B%9C%20%EC%86%A1%ED%8C%8C%EA%B5%AC%20%EB%B0%B1%EC%A0%9C%EA%B3%A0%EB%B6%84%EB%A1%9C33%EA%B8%B8%2010%202%EC%B8%B5%20%ED%95%98%ED%94%84%ED%8C%8C%EC%9A%B4%EB%93%9C,https://www.diningcode.com/profile.php?rid=E2093SEACaVG,베이커리
387,ごはん/Meal,ディフ,Diff,디프 송리단길,イタリアン,Italian,パスタ・洋食,"Pasta, Restaurant",店内OK / Indoors OK,なし/No,ソンパナル（松坡）,Songpanaru,330,松里団キル（ソンリダンギル）,Songridan-gil,松坡区,Songpa-gu,서울특별시 송파구 백제고분로45길 15 3층,,https://instagram.com/diff_seoul,,37.5095912,127.1096876,店舗単位,4.2,8,一般飲食店,https://www.google.com/maps/search/?api=1&query=37.5095912%2C127.1096876,https://map.naver.com/p/search/%EB%94%94%ED%94%84%20%EC%86%A1%EB%A6%AC%EB%8B%A8%EA%B8%B8%20%EC%84%9C%EC%9A%B8%ED%8A%B9%EB%B3%84%EC%8B%9C%20%EC%86%A1%ED%8C%8C%EA%B5%AC%20%EB%B0%B1%EC%A0%9C%EA%B3%A0%EB%B6%84%EB%A1%9C45%EA%B8%B8%2015%203%EC%B8%B5,https://www.diningcode.com/profile.php?rid=QoUWsPjQO0Vf,"파스타, 레스토랑"
388,ごはん/Meal,ソアジン ルーフトップ,Seoajin Rooftop Songridangiljeom,서아진 루프탑 송리단길점,バー・居酒屋,Bar & Pub,ルーフトップパブ,"Pub, Rooftop",店内OK / Indoors OK,あり/Yes,ソクチョン（石村）,Seokchon,450,松里団キル（ソンリダンギル）,Songridan-gil,松坡区,Songpa-gu,서울특별시 송파구 백제고분로43길 27 5층,010-5448-1463,https://www.instagram.com/seoajin_rooftop,,37.509272,127.107794,店舗単位,4.5,1,一般飲食店,https://www.google.com/maps/search/?api=1&query=37.509272%2C127.107794,https://map.naver.com/p/search/%EC%84%9C%EC%95%84%EC%A7%84%20%EB%A3%A8%ED%94%84%ED%83%91%20%EC%86%A1%EB%A6%AC%EB%8B%A8%EA%B8%B8%EC%A0%90%20%EC%84%9C%EC%9A%B8%ED%8A%B9%EB%B3%84%EC%8B%9C%20%EC%86%A1%ED%8C%8C%EA%B5%AC%20%EB%B0%B1%EC%A0%9C%EA%B3%A0%EB%B6%84%EB%A1%9C43%EA%B8%B8%2027%205%EC%B8%B5,https://www.diningcode.com/profile.php?rid=BcBYRZBtvIpt,"펍, 루프탑"
389,ごはん/Meal,ソンリダン醸造場,Songridanyangjojang,송리단양조장,バー・居酒屋,Bar & Pub,自家製マッコリと韓国つまみ,"Makgeolli, House Makgeolli",店内OK / Indoors OK,なし/No,ソンパナル（松坡）,Songpanaru,320,松里団キル（ソンリダンギル）,Songridan-gil,松坡区,Songpa-gu,서울특별시 송파구 백제고분로45길 11 렉스프라자 2층,070-4009-2660,https://www.instagram.com/songridan_yangjo/,,37.5094213,127.1100234,店舗単位,4.3,7,一般飲食店,https://www.google.com/maps/search/?api=1&query=37.5094213%2C127.1100234,https://map.naver.com/p/search/%EC%86%A1%EB%A6%AC%EB%8B%A8%EC%96%91%EC%A1%B0%EC%9E%A5%20%EC%84%9C%EC%9A%B8%ED%8A%B9%EB%B3%84%EC%8B%9C%20%EC%86%A1%ED%8C%8C%EA%B5%AC%20%EB%B0%B1%EC%A0%9C%EA%B3%A0%EB%B6%84%EB%A1%9C45%EA%B8%B8%2011%20%EB%A0%89%EC%8A%A4%ED%94%84%EB%9D%BC%EC%9E%90%202%EC%B8%B5,https://www.diningcode.com/profile.php?rid=weeWtjYdeZjl,"막걸리, 수제막걸리"
390,カフェ/Cafe,キューキューキューキュー,QQQQ,큐큐큐큐 송파나루역,カフェ,Cafe,コーヒー・デザート,Cafe,店内OK / Indoors OK,あり/Yes,ソンパナル（松坡）,Songpanaru,220,松坡ナル駅（ソンパナル）,Songpanaru,松坡区,Songpa-gu,서울특별시 송파구 오금로20길 4 1층 103호,0503-7150-3746,https://www.instagram.com/qqqq.coffee.bar,,37.5093327,127.1132989,店舗単位,4.8,5,一般飲食店,https://www.google.com/maps/search/?api=1&query=37.5093327%2C127.1132989,https://map.naver.com/p/search/%ED%81%90%ED%81%90%ED%81%90%ED%81%90%20%EC%86%A1%ED%8C%8C%EB%82%98%EB%A3%A8%EC%97%AD%20%EC%84%9C%EC%9A%B8%ED%8A%B9%EB%B3%84%EC%8B%9C%20%EC%86%A1%ED%8C%8C%EA%B5%AC%20%EC%98%A4%EA%B8%88%EB%A1%9C20%EA%B8%B8%204%201%EC%B8%B5%20103%ED%98%B8,https://www.diningcode.com/profile.php?rid=9GQ31WYTmqtP,카페
391,カフェ/Cafe,LOOMP ソンリダンギル,LOOMP,LOOMP 송리단길,カフェ,Cafe,カフェ・トースト,"Cafe, Toast",店内OK / Indoors OK,なし/No,ソクチョン（石村）,Seokchon,310,ソンパドン,Songpa-dong,松坡区,Songpa-gu,서울특별시 송파구 백제고분로41길 25 1층 102호 룸프,0503-7152-9969,https://www.instagram.com/_loomp,,37.5080502,127.1069965,店舗単位,,0,軽飲食店,https://www.google.com/maps/search/?api=1&query=37.5080502%2C127.1069965,https://map.naver.com/p/search/LOOMP%20%EC%86%A1%EB%A6%AC%EB%8B%A8%EA%B8%B8%20%EC%84%9C%EC%9A%B8%ED%8A%B9%EB%B3%84%EC%8B%9C%20%EC%86%A1%ED%8C%8C%EA%B5%AC%20%EB%B0%B1%EC%A0%9C%EA%B3%A0%EB%B6%84%EB%A1%9C41%EA%B8%B8%2025%201%EC%B8%B5%20102%ED%98%B8%20%EB%A3%B8%ED%94%84,https://www.diningcode.com/profile.php?rid=XErBhhyNCiRh,"카페, 토스트"
392,カフェ/Cafe,アーキビスト 松坡,Akibiseuteu Songpajeom,아키비스트 송파점,ベーカリー,Bakery,パン・コーヒー,"Bakery, Cafe",店内OK / Indoors OK,あり/Yes,ソンパナル（松坡）,Songpanaru,330,松坡洞（ソンパドン）,Songpa-dong,松坡区,Songpa-gu,"서울 송파구 오금로16길 4 지하1층, 지상1층, 2층",,https://www.instagram.com/archivistcoffee/,,37.511098,127.1091126,店舗単位,4,12,一般飲食店,https://www.google.com/maps/search/?api=1&query=37.511098%2C127.1091126,https://map.naver.com/p/search/%EC%95%84%ED%82%A4%EB%B9%84%EC%8A%A4%ED%8A%B8%20%EC%86%A1%ED%8C%8C%EC%A0%90%20%EC%84%9C%EC%9A%B8%20%EC%86%A1%ED%8C%8C%EA%B5%AC%20%EC%98%A4%EA%B8%88%EB%A1%9C16%EA%B8%B8%204%20%EC%A7%80%ED%95%981%EC%B8%B5%2C%20%EC%A7%80%EC%83%811%EC%B8%B5%2C%202%EC%B8%B5,https://www.diningcode.com/profile.php?rid=0gipr3V0JQUY,"베이커리, 카페"
393,カフェ/Cafe,ピクベイク チャムシル ポンジョム,Pik Bake Jamsil Bonjeom,픽베이크 잠실 본점,スイーツ,Sweets,エッグタルト,Egg Tart,店内OK / Indoors OK,なし/No,ソクチョン（石村）,Seokchon,520,ソンパドン,Songpa-dong,松坡区,Songpa-gu,"서울특별시 송파구 석촌호수로 268 1층 109호, 110호, 111호, 112호, 114호",,,https://pickbake.co.kr,37.5098559,127.1057113,店舗単位,4.7,13,一般飲食店,https://www.google.com/maps/search/?api=1&query=37.5098559%2C127.1057113,https://map.naver.com/p/search/%ED%94%BD%EB%B2%A0%EC%9D%B4%ED%81%AC%20%EC%9E%A0%EC%8B%A4%20%EB%B3%B8%EC%A0%90%20%EC%84%9C%EC%9A%B8%ED%8A%B9%EB%B3%84%EC%8B%9C%20%EC%86%A1%ED%8C%8C%EA%B5%AC%20%EC%84%9D%EC%B4%8C%ED%98%B8%EC%88%98%EB%A1%9C%20268%201%EC%B8%B5%20109%ED%98%B8%2C%20110%ED%98%B8%2C%20111%ED%98%B8%2C%20112%ED%98%B8%2C%20114%ED%98%B8,https://www.diningcode.com/profile.php?rid=DwZdA9t5fevs,에그타르트
394,ごはん/Meal,ピレッホムステーキハウス チャムシルジョム,Piraethom Steak House Jamsiljeom,필앳홈스테이크하우스 잠실점,洋食,Western,,,店内OK / Indoors OK,なし/No,ソクチョン（石村）,Seokchon,230,ソンパドン,Songpa-dong,松坡区,Songpa-gu,서울특별시 송파구 백제고분로41길 6-5,,,,37.5068933,127.1087162,建物単位,,0,一般飲食店,https://www.google.com/maps/search/?api=1&query=37.5068933%2C127.1087162,https://map.naver.com/p/search/%ED%95%84%EC%95%B3%ED%99%88%EC%8A%A4%ED%85%8C%EC%9D%B4%ED%81%AC%ED%95%98%EC%9A%B0%EC%8A%A4%20%EC%9E%A0%EC%8B%A4%EC%A0%90%20%EC%84%9C%EC%9A%B8%ED%8A%B9%EB%B3%84%EC%8B%9C%20%EC%86%A1%ED%8C%8C%EA%B5%AC%20%EB%B0%B1%EC%A0%9C%EA%B3%A0%EB%B6%84%EB%A1%9C41%EA%B8%B8%206-5,,
395,カフェ/Cafe,ペッダイニング マムマ オグムドン,Pet Dining Mamma Ogeumdong,펫다이닝 맘마 오금동,ドッグカフェ,Dog Cafe,ブランチ・カジュアルダイニング,"Brunch, Casual Dining",店内OK / Indoors OK,あり/Yes,パンイ（芳夷）,Bangi,660,オグムドン,Ogeum-dong,松坡区,Songpa-gu,서울특별시 송파구 중대로 312 1층,,,,37.5080216,127.1335054,店舗単位,,0,一般飲食店,https://www.google.com/maps/search/?api=1&query=37.5080216%2C127.1335054,https://map.naver.com/p/search/%ED%8E%AB%EB%8B%A4%EC%9D%B4%EB%8B%9D%20%EB%A7%98%EB%A7%88%20%EC%98%A4%EA%B8%88%EB%8F%99%20%EC%84%9C%EC%9A%B8%ED%8A%B9%EB%B3%84%EC%8B%9C%20%EC%86%A1%ED%8C%8C%EA%B5%AC%20%EC%A4%91%EB%8C%80%EB%A1%9C%20312%201%EC%B8%B5,https://www.diningcode.com/profile.php?rid=2usEQGUDvqjf,"브런치, 캐주얼다이닝"
396,カフェ/Cafe,SUP SUP スプスプ チャムシル,sup sup,SUP SUP 숩숩 잠실,ジェラート・かき氷,Gelato & Ice,カフェ・雪花氷,"Cafe, Snow Bingsu",店内OK / Indoors OK,なし/No,チョンハブンドンジャン（総合運動場）,Sports Complex,280,チャムシルドン,Jamsil-dong,松坡区,Songpa-gu,서울특별시 송파구 올림픽로4길 17 중심상가1동 2층 279호,,,,37.5089285,127.0767262,店舗単位,,0,一般飲食店,https://www.google.com/maps/search/?api=1&query=37.5089285%2C127.0767262,https://map.naver.com/p/search/SUP%20SUP%20%EC%88%A9%EC%88%A9%20%EC%9E%A0%EC%8B%A4%20%EC%84%9C%EC%9A%B8%ED%8A%B9%EB%B3%84%EC%8B%9C%20%EC%86%A1%ED%8C%8C%EA%B5%AC%20%EC%98%AC%EB%A6%BC%ED%94%BD%EB%A1%9C4%EA%B8%B8%2017%20%EC%A4%91%EC%8B%AC%EC%83%81%EA%B0%801%EB%8F%99%202%EC%B8%B5%20279%ED%98%B8,https://www.diningcode.com/profile.php?rid=n3tO85SUem3y,"카페, 눈꽃빙수"
397,カフェ/Cafe,ニアイ コーヒー,Niai Coffee,니아이 커피,コーヒー専門,Specialty Coffee,カフェ・ラテ,"Cafe, Latte",店内OK / Indoors OK,なし/No,チャンジ（長旨）,Jangji,1390,チャンジドン,Jangji-dong,松坡区,Songpa-gu,서울특별시 송파구 위례광장로 136 위례아이파크 상가 5동 1층 E-112호,010-6609-8564,https://www.instagram.com/niaicoffee/,,37.4756169,127.1412571,店舗単位,4.4,3,一般飲食店,https://www.google.com/maps/search/?api=1&query=37.4756169%2C127.1412571,https://map.naver.com/p/search/%EB%8B%88%EC%95%84%EC%9D%B4%20%EC%BB%A4%ED%94%BC%20%EC%84%9C%EC%9A%B8%ED%8A%B9%EB%B3%84%EC%8B%9C%20%EC%86%A1%ED%8C%8C%EA%B5%AC%20%EC%9C%84%EB%A1%80%EA%B4%91%EC%9E%A5%EB%A1%9C%20136%20%EC%9C%84%EB%A1%80%EC%95%84%EC%9D%B4%ED%8C%8C%ED%81%AC%20%EC%83%81%EA%B0%80%205%EB%8F%99%201%EC%B8%B5%20E-112%ED%98%B8,https://www.diningcode.com/profile.php?rid=S0goXdx7acxF,"카페, 라떼"
398,カフェ/Cafe,オンドバニルラ カンドングチョンヨク,Eondeobanilra Gangdonggucheongyeok,언더바닐라 강동구청역,カフェ,Cafe,カフェ・もちもちクッキー,"Cafe, Chewy Cookie",店内OK / Indoors OK,なし/No,カンドングチョン（江東区庁）,Gangdong-gu Office,280,プンナプドン,Pungnap-dong,松坡区,Songpa-gu,서울특별시 송파구 풍성로24길 18 1층 101호,0507-1444-4486,https://www.instagram.com/undervanilla_,,37.5324207,127.1182652,店舗単位,,0,一般飲食店,https://www.google.com/maps/search/?api=1&query=37.5324207%2C127.1182652,https://map.naver.com/p/search/%EC%96%B8%EB%8D%94%EB%B0%94%EB%8B%90%EB%9D%BC%20%EA%B0%95%EB%8F%99%EA%B5%AC%EC%B2%AD%EC%97%AD%20%EC%84%9C%EC%9A%B8%ED%8A%B9%EB%B3%84%EC%8B%9C%20%EC%86%A1%ED%8C%8C%EA%B5%AC%20%ED%92%8D%EC%84%B1%EB%A1%9C24%EA%B8%B8%2018%201%EC%B8%B5%20101%ED%98%B8,https://www.diningcode.com/profile.php?rid=ZzDGG9XJbtFE,"카페, 두쫀쿠"
399,ごはん/Meal,ホジェネ,Hojaene Cheonhoyeok,호재네 천호역,韓国料理,Korean,骨付き肉の炙り焼き・韓国居酒屋,"Bar, Grilled Bone-in Meat",店内OK / Indoors OK,なし/No,チョンホ（千戸）,Cheonho,300,風納洞（プンナプドン）,Pungnap-dong,松坡区,Songpa-gu,서울특별시 송파구 올림픽로 607 201호,02-6338-1123,,,37.536027,127.1221905,店舗単位,4,2,一般飲食店,https://www.google.com/maps/search/?api=1&query=37.536027%2C127.1221905,https://map.naver.com/p/search/%ED%98%B8%EC%9E%AC%EB%84%A4%20%EC%B2%9C%ED%98%B8%EC%97%AD%20%EC%84%9C%EC%9A%B8%ED%8A%B9%EB%B3%84%EC%8B%9C%20%EC%86%A1%ED%8C%8C%EA%B5%AC%20%EC%98%AC%EB%A6%BC%ED%94%BD%EB%A1%9C%20607%20201%ED%98%B8,https://www.diningcode.com/profile.php?rid=7BIvQ4RYBMtF,"술집, 뼈구이"
400,カフェ/Cafe,79パウニャド モクドン41タウォジョム,79 Paunyadeu Mokdong 41 Tawojeom,79파운야드 목동41타워점,スイーツ,Sweets,クロッフル・カフェ,"Croffle, Cafe",店内OK / Indoors OK,なし/No,オモクギョ（梧木橋）,Omokgyo,380,モクドン,Mok-dong,陽川区,Yangcheon-gu,"서울특별시 양천구 목동동로 293 목동, 현대41타워 1-44~46호",02-2644-0502,https://www.instagram.com/79founyard.mokdong41,,37.5279292,126.8760007,店舗単位,4.4,9,一般飲食店,https://www.google.com/maps/search/?api=1&query=37.5279292%2C126.8760007,https://map.naver.com/p/search/79%ED%8C%8C%EC%9A%B4%EC%95%BC%EB%93%9C%20%EB%AA%A9%EB%8F%9941%ED%83%80%EC%9B%8C%EC%A0%90%20%EC%84%9C%EC%9A%B8%ED%8A%B9%EB%B3%84%EC%8B%9C%20%EC%96%91%EC%B2%9C%EA%B5%AC%20%EB%AA%A9%EB%8F%99%EB%8F%99%EB%A1%9C%20293%20%EB%AA%A9%EB%8F%99%2C%20%ED%98%84%EB%8C%8041%ED%83%80%EC%9B%8C%201-44~46%ED%98%B8,https://www.diningcode.com/profile.php?rid=ibSl8cKMs90H,"크로플, 카페"
401,ごはん/Meal,オルノ モクドンジョム,Oreuno Mokdongjeom,오르노 목동점,ピザ,Pizza,薪窯ピザ・パスタ,"Wood-fired Pizza, Pasta",店内OK / Indoors OK,なし/No,オモクギョ（梧木橋）,Omokgyo,410,モクドン,Mok-dong,陽川区,Yangcheon-gu,서울특별시 양천구 목동동로 293 3층 302-B호,02-2655-2510,https://www.instagram.com/horno_seoul/,,37.5281774,126.8757769,店舗単位,5,1,一般飲食店,https://www.google.com/maps/search/?api=1&query=37.5281774%2C126.8757769,https://map.naver.com/p/search/%EC%98%A4%EB%A5%B4%EB%85%B8%20%EB%AA%A9%EB%8F%99%EC%A0%90%20%EC%84%9C%EC%9A%B8%ED%8A%B9%EB%B3%84%EC%8B%9C%20%EC%96%91%EC%B2%9C%EA%B5%AC%20%EB%AA%A9%EB%8F%99%EB%8F%99%EB%A1%9C%20293%203%EC%B8%B5%20302-B%ED%98%B8,https://www.diningcode.com/profile.php?rid=OWK2XXTQtfqQ,"화덕피자, 파스타"
402,カフェ/Cafe,ロコーヒー シヌォルドン,Ro Coffee Sinwoldong,로커피 신월동,コーヒー専門,Specialty Coffee,ハンドドリップ,Hand Drip,店内OK / Indoors OK,なし/No,ッカチサン（山）,Kkachisan,1210,シヌォルドン,Sinwol-dong,陽川区,Yangcheon-gu,서울특별시 양천구 남부순환로59길 16,0502-5552-3866,https://instagram.com/lawcoffee_?igshid=1jql1z7thgj0i,,37.5323851,126.8328361,店舗単位,,0,軽飲食店,https://www.google.com/maps/search/?api=1&query=37.5323851%2C126.8328361,https://map.naver.com/p/search/%EB%A1%9C%EC%BB%A4%ED%94%BC%20%EC%8B%A0%EC%9B%94%EB%8F%99%20%EC%84%9C%EC%9A%B8%ED%8A%B9%EB%B3%84%EC%8B%9C%20%EC%96%91%EC%B2%9C%EA%B5%AC%20%EB%82%A8%EB%B6%80%EC%88%9C%ED%99%98%EB%A1%9C59%EA%B8%B8%2016,https://www.diningcode.com/profile.php?rid=NCInkyKCWRmq,핸드드립
403,カフェ/Cafe,クッピプルチョイス シンジョンドン,Gutpipeulchoiseu Sinjeongdong,굿피플초이스 신정동,コーヒー専門,Specialty Coffee,カフェ・コーヒー,"Cafe, Coffee",店内OK / Indoors OK,あり/Yes,シンジョンネゴリ（新亭）,Sinjeongnegeori,200,シンジョンドン,Sinjeong-dong,陽川区,Yangcheon-gu,서울 양천구 중앙로 245 1층,0502-5552-3258,https://www.instagram.com/gpc.seoul/,,37.5182118,126.8534338,店舗単位,4,1,一般飲食店,https://www.google.com/maps/search/?api=1&query=37.5182118%2C126.8534338,https://map.naver.com/p/search/%EA%B5%BF%ED%94%BC%ED%94%8C%EC%B4%88%EC%9D%B4%EC%8A%A4%20%EC%8B%A0%EC%A0%95%EB%8F%99%20%EC%84%9C%EC%9A%B8%20%EC%96%91%EC%B2%9C%EA%B5%AC%20%EC%A4%91%EC%95%99%EB%A1%9C%20245%201%EC%B8%B5,https://www.diningcode.com/profile.php?rid=08E4FVBTRHb7,"카페, 커피"
404,ごはん/Meal,ソンジュ・ブル冷麺,Songjubulnaengmyeon Yeongdeungpojeom,송주불냉면 영등포점,韓国料理,Korean,激辛冷麺,"Naengmyeon, Spicy Naengmyeon",店内OK / Indoors OK,なし/No,ヨンドンポグチョン（永登浦区厅）,Yeongdeungpo-gu Office,100,堂山（タンサン）,Dangsan,永登浦区,Yeongdeungpo-gu,서울 영등포구 당산로28길 6 1층 우측호,02-2068-8253,,,37.5246238,126.8971782,店舗単位,4.5,1,一般飲食店,https://www.google.com/maps/search/?api=1&query=37.5246238%2C126.8971782,https://map.naver.com/p/search/%EC%86%A1%EC%A3%BC%EB%B6%88%EB%83%89%EB%A9%B4%20%EC%98%81%EB%93%B1%ED%8F%AC%EC%A0%90%20%EC%84%9C%EC%9A%B8%20%EC%98%81%EB%93%B1%ED%8F%AC%EA%B5%AC%20%EB%8B%B9%EC%82%B0%EB%A1%9C28%EA%B8%B8%206%201%EC%B8%B5%20%EC%9A%B0%EC%B8%A1%ED%98%B8,https://www.diningcode.com/profile.php?rid=AE1Z014tKqTM,"냉면, 매운냉면"
405,カフェ/Cafe,ノボドン,Nobeodeun,노버든,カフェ,Cafe,カフェ,Cafe,店内OK / Indoors OK,なし/No,ヨンドンポグチョン（永登浦区厅）,Yeongdeungpo-gu Office,380,タンサンドン3カ,Dangsan-dong 3가,永登浦区,Yeongdeungpo-gu,서울특별시 영등포구 당산로31길 25 2층 201호,0507-1340-4994,https://instagram.com/cafe_noburden,,37.5268294,126.8938478,店舗単位,4.5,22,一般飲食店,https://www.google.com/maps/search/?api=1&query=37.5268294%2C126.8938478,https://map.naver.com/p/search/%EB%85%B8%EB%B2%84%EB%93%A0%20%EC%84%9C%EC%9A%B8%ED%8A%B9%EB%B3%84%EC%8B%9C%20%EC%98%81%EB%93%B1%ED%8F%AC%EA%B5%AC%20%EB%8B%B9%EC%82%B0%EB%A1%9C31%EA%B8%B8%2025%202%EC%B8%B5%20201%ED%98%B8,https://www.diningcode.com/profile.php?rid=x2ujJCAHwU2E,카페
406,カフェ/Cafe,リブレリ ヨンドンポグチョン,Librairie,리브레리 영등포구청,ブックカフェ,Book Cafe,カフェ・ブックカフェ,"Cafe, Book Cafe",店内OK / Indoors OK,なし/No,ヨンドンポグチョン（永登浦区厅）,Yeongdeungpo-gu Office,180,タンサンドン3カ,Dangsan-dong 3가,永登浦区,Yeongdeungpo-gu,서울특별시 영등포구 양산로25길 3 1층,02-6080-1197,http://www.instagram.com/librairiecoffee,,37.524035,126.8983662,店舗単位,4.8,6,一般飲食店,https://www.google.com/maps/search/?api=1&query=37.524035%2C126.8983662,https://map.naver.com/p/search/%EB%A6%AC%EB%B8%8C%EB%A0%88%EB%A6%AC%20%EC%98%81%EB%93%B1%ED%8F%AC%EA%B5%AC%EC%B2%AD%20%EC%84%9C%EC%9A%B8%ED%8A%B9%EB%B3%84%EC%8B%9C%20%EC%98%81%EB%93%B1%ED%8F%AC%EA%B5%AC%20%EC%96%91%EC%82%B0%EB%A1%9C25%EA%B8%B8%203%201%EC%B8%B5,https://www.diningcode.com/profile.php?rid=AKmOl3ceILZC,"카페, 북카페"
407,カフェ/Cafe,チオピピ ペッフード アンド カフェ シンドリム,Dieopipi Pet Food and Cafe Sindorim,디어피피 펫푸드 앤 카페 신도림,ドッグカフェ,Dog Cafe,コーヒー,Coffee,店内OK / Indoors OK,なし/No,シンドリム（新道林）,Sindorim,620,トリムドン,Dorim-dong,永登浦区,Yeongdeungpo-gu,서울특별시 영등포구 도신로15다길 1,010-9606-9623,https://www.instagram.com/_dear.pp,,37.5068414,126.8980591,店舗単位,,0,軽飲食店,https://www.google.com/maps/search/?api=1&query=37.5068414%2C126.8980591,https://map.naver.com/p/search/%EB%94%94%EC%96%B4%ED%94%BC%ED%94%BC%20%ED%8E%AB%ED%91%B8%EB%93%9C%20%EC%95%A4%20%EC%B9%B4%ED%8E%98%20%EC%8B%A0%EB%8F%84%EB%A6%BC%20%EC%84%9C%EC%9A%B8%ED%8A%B9%EB%B3%84%EC%8B%9C%20%EC%98%81%EB%93%B1%ED%8F%AC%EA%B5%AC%20%EB%8F%84%EC%8B%A0%EB%A1%9C15%EB%8B%A4%EA%B8%B8%201,https://www.diningcode.com/profile.php?rid=VRfNZNolMYlR,커피
408,ごはん/Meal,スギネ・タッカンマリカルグクス,Suginedakhanmarikalguksu Yeongdeungpo,숙이네닭한마리칼국수 영등포,韓国料理,Korean,タッカンマリ（鶏一羽鍋）,"Chicken Hotpot, Iced Tea",店内OK / Indoors OK,なし/No,シンドリム（新道林）,Sindorim,950,道林洞（トリムドン）,Dorim-dong,永登浦区,Yeongdeungpo-gu,서울특별시 영등포구 도림로108길 10-1 1층,,,,37.5075363,126.9022266,店舗単位,,0,一般飲食店,https://www.google.com/maps/search/?api=1&query=37.5075363%2C126.9022266,https://map.naver.com/p/search/%EC%88%99%EC%9D%B4%EB%84%A4%EB%8B%AD%ED%95%9C%EB%A7%88%EB%A6%AC%EC%B9%BC%EA%B5%AD%EC%88%98%20%EC%98%81%EB%93%B1%ED%8F%AC%20%EC%84%9C%EC%9A%B8%ED%8A%B9%EB%B3%84%EC%8B%9C%20%EC%98%81%EB%93%B1%ED%8F%AC%EA%B5%AC%20%EB%8F%84%EB%A6%BC%EB%A1%9C108%EA%B8%B8%2010-1%201%EC%B8%B5,https://www.diningcode.com/profile.php?rid=mCL4zTXcH2hg,"닭한마리, 아이스티"
409,カフェ/Cafe,ヘビーローテイト,Hebiroteiteu Yeongdeungpo,헤비로테이트 영등포,カフェ,Cafe,コーヒー・デザート,"Cafe, Coffee",店内OK / Indoors OK,なし/No,シンドリム（新道林）,Sindorim,710,道林洞（トリムドン）,Dorim-dong,永登浦区,Yeongdeungpo-gu,서울특별시 영등포구 도신로19길 22,010-2824-7508,https://www.instagram.com/heavy_rotate,,37.5081924,126.8996738,店舗単位,4.5,10,軽飲食店,https://www.google.com/maps/search/?api=1&query=37.5081924%2C126.8996738,https://map.naver.com/p/search/%ED%97%A4%EB%B9%84%EB%A1%9C%ED%85%8C%EC%9D%B4%ED%8A%B8%20%EC%98%81%EB%93%B1%ED%8F%AC%20%EC%84%9C%EC%9A%B8%ED%8A%B9%EB%B3%84%EC%8B%9C%20%EC%98%81%EB%93%B1%ED%8F%AC%EA%B5%AC%20%EB%8F%84%EC%8B%A0%EB%A1%9C19%EA%B8%B8%2022,https://www.diningcode.com/profile.php?rid=t2xJoE1F1vBy,"카페, 커피"
410,カフェ/Cafe,ユーアーマイジェラート,You are my gelato,you are my gelato 문래,ジェラート・かき氷,Gelato & Ice,ジェラート・ソルベ,"Gelato, Sorbet",店内OK / Indoors OK,なし/No,ムンレ（文来）,Mullae,510,文来（ムンレ）,Munrae,永登浦区,Yeongdeungpo-gu,서울특별시 영등포구 도림로 425 1층 유아마이젤라또,010-4373-8687,https://www.instagram.com/youaremygelato,,37.513855,126.8955174,店舗単位,4,11,軽飲食店,https://www.google.com/maps/search/?api=1&query=37.513855%2C126.8955174,https://map.naver.com/p/search/you%20are%20my%20gelato%20%EB%AC%B8%EB%9E%98%20%EC%84%9C%EC%9A%B8%ED%8A%B9%EB%B3%84%EC%8B%9C%20%EC%98%81%EB%93%B1%ED%8F%AC%EA%B5%AC%20%EB%8F%84%EB%A6%BC%EB%A1%9C%20425%201%EC%B8%B5%20%EC%9C%A0%EC%95%84%EB%A7%88%EC%9D%B4%EC%A0%A4%EB%9D%BC%EB%98%90,https://www.diningcode.com/profile.php?rid=KXizOEI8uQTH,"젤라또, 소르베"
411,ごはん/Meal,カリフハウス,Calif house,칼리프하우스 문래,ブランチ,Brunch,ブランチ（屋上席あり）,Brunch,店内OK / Indoors OK,あり/Yes,ムンレ（文来）,Mullae,430,文来（ムンレ）,Munrae,永登浦区,Yeongdeungpo-gu,서울특별시 영등포구 도림로139길 2-2 칼리프하우스 문래,02-2636-8694,https://www.instagram.com/califhouse.mullae,,37.5146723,126.8933523,店舗単位,4.1,14,一般飲食店,https://www.google.com/maps/search/?api=1&query=37.5146723%2C126.8933523,https://map.naver.com/p/search/%EC%B9%BC%EB%A6%AC%ED%94%84%ED%95%98%EC%9A%B0%EC%8A%A4%20%EB%AC%B8%EB%9E%98%20%EC%84%9C%EC%9A%B8%ED%8A%B9%EB%B3%84%EC%8B%9C%20%EC%98%81%EB%93%B1%ED%8F%AC%EA%B5%AC%20%EB%8F%84%EB%A6%BC%EB%A1%9C139%EA%B8%B8%202-2%20%EC%B9%BC%EB%A6%AC%ED%94%84%ED%95%98%EC%9A%B0%EC%8A%A4%20%EB%AC%B8%EB%9E%98,https://www.diningcode.com/profile.php?rid=hLm2ihJFGkEc,브런치
412,カフェ/Cafe,ポエットルーム,Poetrum Munrae,포엣룸 문래,ブックカフェ,Book Cafe,本のあるカフェ,"Cafe, Book Cafe",店内OK / Indoors OK,なし/No,ムンレ（文来）,Mullae,440,文来（ムンレ）,Munrae,永登浦区,Yeongdeungpo-gu,서울특별시 영등포구 도림로141가길 4 1층 포엣룸,010-2523-9149,https://www.instagram.com/poet_room/?r=nametag,,37.5148956,126.8926397,店舗単位,4.5,15,軽飲食店,https://www.google.com/maps/search/?api=1&query=37.5148956%2C126.8926397,https://map.naver.com/p/search/%ED%8F%AC%EC%97%A3%EB%A3%B8%20%EB%AC%B8%EB%9E%98%20%EC%84%9C%EC%9A%B8%ED%8A%B9%EB%B3%84%EC%8B%9C%20%EC%98%81%EB%93%B1%ED%8F%AC%EA%B5%AC%20%EB%8F%84%EB%A6%BC%EB%A1%9C141%EA%B0%80%EA%B8%B8%204%201%EC%B8%B5%20%ED%8F%AC%EC%97%A3%EB%A3%B8,https://www.diningcode.com/profile.php?rid=evvm1BhoD8RM,"카페, 북카페"
413,ごはん/Meal,オクサンナドリ ムンレ,Oksangnadeuri Munrae,옥상나들이 문래,バー・居酒屋,Bar & Pub,ワインバー・ルーフトップ,"Wine Bar, Rooftop",店内OK / Indoors OK,あり/Yes,ムンレ（文来）,Mullae,440,ムンレドン3カ,Munrae-dong 3가,永登浦区,Yeongdeungpo-gu,서울특별시 영등포구 문래북로 52 은진빌딩4층,,,,37.5207131,126.8908372,店舗単位,4,1,一般飲食店,https://www.google.com/maps/search/?api=1&query=37.5207131%2C126.8908372,https://map.naver.com/p/search/%EC%98%A5%EC%83%81%EB%82%98%EB%93%A4%EC%9D%B4%20%EB%AC%B8%EB%9E%98%20%EC%84%9C%EC%9A%B8%ED%8A%B9%EB%B3%84%EC%8B%9C%20%EC%98%81%EB%93%B1%ED%8F%AC%EA%B5%AC%20%EB%AC%B8%EB%9E%98%EB%B6%81%EB%A1%9C%2052%20%EC%9D%80%EC%A7%84%EB%B9%8C%EB%94%A94%EC%B8%B5,https://www.diningcode.com/profile.php?rid=6yLNY0W8IrlR,"와인바, 루프탑"
414,ごはん/Meal,パムスプリングス カフェ シンギルドン,Pam Spring Seu Cafe Singildong,팜스프링스 카페 신길동,ブランチ,Brunch,ブランチ,Brunch,店内OK / Indoors OK,あり/Yes,シンギル（新吉）,Singil,750,シンギルドン,Singil-dong,永登浦区,Yeongdeungpo-gu,서울특별시 영등포구 도신로60길 22-3 카페팜스프링스,0503-7152-1368,,,37.5099782,126.9172851,店舗単位,4.3,9,一般飲食店,https://www.google.com/maps/search/?api=1&query=37.5099782%2C126.9172851,https://map.naver.com/p/search/%ED%8C%9C%EC%8A%A4%ED%94%84%EB%A7%81%EC%8A%A4%20%EC%B9%B4%ED%8E%98%20%EC%8B%A0%EA%B8%B8%EB%8F%99%20%EC%84%9C%EC%9A%B8%ED%8A%B9%EB%B3%84%EC%8B%9C%20%EC%98%81%EB%93%B1%ED%8F%AC%EA%B5%AC%20%EB%8F%84%EC%8B%A0%EB%A1%9C60%EA%B8%B8%2022-3%20%EC%B9%B4%ED%8E%98%ED%8C%9C%EC%8A%A4%ED%94%84%EB%A7%81%EC%8A%A4,https://www.diningcode.com/profile.php?rid=PbLLzUWuzoZE,브런치
415,カフェ/Cafe,イナ ト ペオ ヤンピョンドン,inah the bear,이나 더 베어 양평동,カフェ,Cafe,カフェ・雑貨カフェ,"Cafe, Concept Store Cafe",店内OK / Indoors OK,なし/No,ヤンピョン（楊坪）,Yangpyeong,320,ヤンピョンドン1カ,Yangpyeong-dong 1가,永登浦区,Yeongdeungpo-gu,서울특별시 영등포구 선유서로24길 25-1 1층,0502-5551-0511,https://www.instagram.com/inahthebear,,37.5235272,126.888555,店舗単位,,0,軽飲食店,https://www.google.com/maps/search/?api=1&query=37.5235272%2C126.888555,https://map.naver.com/p/search/%EC%9D%B4%EB%82%98%20%EB%8D%94%20%EB%B2%A0%EC%96%B4%20%EC%96%91%ED%8F%89%EB%8F%99%20%EC%84%9C%EC%9A%B8%ED%8A%B9%EB%B3%84%EC%8B%9C%20%EC%98%81%EB%93%B1%ED%8F%AC%EA%B5%AC%20%EC%84%A0%EC%9C%A0%EC%84%9C%EB%A1%9C24%EA%B8%B8%2025-1%201%EC%B8%B5,https://www.diningcode.com/profile.php?rid=ul5cHStcfiJS,"카페, 소품카페"
416,カフェ/Cafe,インットゥジュコーヒーハウス ヤンピョンドン,Inttujeu Coffee House Yangpyeongdong,인뚜즈커피하우스 양평동,コーヒー専門,Specialty Coffee,コーヒー・カフェ,"Coffee, Cafe",店内OK / Indoors OK,なし/No,ヤンピョン（楊坪）,Yangpyeong,380,ヤンピョンドン1カ,Yangpyeong-dong 1가,永登浦区,Yeongdeungpo-gu,서울특별시 영등포구 영등포로13길 8 1층,070-7636-3310,https://www.instagram.com/enthuse_coffeehouse/,,37.5231457,126.8891037,店舗単位,5,2,一般飲食店,https://www.google.com/maps/search/?api=1&query=37.5231457%2C126.8891037,https://map.naver.com/p/search/%EC%9D%B8%EB%9A%9C%EC%A6%88%EC%BB%A4%ED%94%BC%ED%95%98%EC%9A%B0%EC%8A%A4%20%EC%96%91%ED%8F%89%EB%8F%99%20%EC%84%9C%EC%9A%B8%ED%8A%B9%EB%B3%84%EC%8B%9C%20%EC%98%81%EB%93%B1%ED%8F%AC%EA%B5%AC%20%EC%98%81%EB%93%B1%ED%8F%AC%EB%A1%9C13%EA%B8%B8%208%201%EC%B8%B5,https://www.diningcode.com/profile.php?rid=pN8gDLwpfk6x,"커피, 카페"
417,カフェ/Cafe,ソニュスロウ ソニュドヨク,sunu.slow,선유슬로우 선유도역,スイーツ,Sweets,カフェ・ティラミス,"Cafe, Tiramisu",店内OK / Indoors OK,あり/Yes,ソニュド（仙遊島）,Seonyudo,150,ヤンピョンドン4カ,Yangpyeong-dong 4가,永登浦区,Yeongdeungpo-gu,서울특별시 영등포구 선유로53길 34-8 1층,0503-7154-5965,https://www.instagram.com/sunu.slow/,,37.5387116,126.8953521,店舗単位,5,2,一般飲食店,https://www.google.com/maps/search/?api=1&query=37.5387116%2C126.8953521,https://map.naver.com/p/search/%EC%84%A0%EC%9C%A0%EC%8A%AC%EB%A1%9C%EC%9A%B0%20%EC%84%A0%EC%9C%A0%EB%8F%84%EC%97%AD%20%EC%84%9C%EC%9A%B8%ED%8A%B9%EB%B3%84%EC%8B%9C%20%EC%98%81%EB%93%B1%ED%8F%AC%EA%B5%AC%20%EC%84%A0%EC%9C%A0%EB%A1%9C53%EA%B8%B8%2034-8%201%EC%B8%B5,https://www.diningcode.com/profile.php?rid=DVASG2SPpdk4,"카페, 티라미수"
418,カフェ/Cafe,コヤンイガバプウンクッキー ソニュドヨク,Goyangigabapeun Cookie Seonyudoyeok,고양이가밟은쿠키 선유도역,スイーツ,Sweets,カフェ・デザート,"Cafe, Dessert",店内OK / Indoors OK,なし/No,ソニュド（仙遊島）,Seonyudo,90,ヤンピョンドン5カ,Yangpyeong-dong 5가,永登浦区,Yeongdeungpo-gu,서울특별시 영등포구 양평로21가길 6 1층 고양이가밟은쿠키,0507-1352-4810,https://www.instagram.com/footprint_cafe/,,37.5378215,126.8929734,店舗単位,4,2,軽飲食店,https://www.google.com/maps/search/?api=1&query=37.5378215%2C126.8929734,https://map.naver.com/p/search/%EA%B3%A0%EC%96%91%EC%9D%B4%EA%B0%80%EB%B0%9F%EC%9D%80%EC%BF%A0%ED%82%A4%20%EC%84%A0%EC%9C%A0%EB%8F%84%EC%97%AD%20%EC%84%9C%EC%9A%B8%ED%8A%B9%EB%B3%84%EC%8B%9C%20%EC%98%81%EB%93%B1%ED%8F%AC%EA%B5%AC%20%EC%96%91%ED%8F%89%EB%A1%9C21%EA%B0%80%EA%B8%B8%206%201%EC%B8%B5%20%EA%B3%A0%EC%96%91%EC%9D%B4%EA%B0%80%EB%B0%9F%EC%9D%80%EC%BF%A0%ED%82%A4,https://www.diningcode.com/profile.php?rid=vjNSvFA69No5,"카페, 디저트"
419,カフェ/Cafe,ブラックシード コーヒーロースターズ ソニュドジョム,Black Seed Coffee Roasters Seonyudojeom,블랙시드 커피로스터스 선유도점,コーヒー専門,Specialty Coffee,コーヒー・カフェ,"Coffee, Cafe",店内OK / Indoors OK,なし/No,ソニュド（仙遊島）,Seonyudo,340,ヤンピョンドン5カ,Yangpyeong-dong 5가,永登浦区,Yeongdeungpo-gu,서울 영등포구 양평로22사길 5 1층,070-7809-1198,https://www.instagram.com/blackseed_seonyudo/,,37.5407273,126.895439,店舗単位,4.5,1,軽飲食店,https://www.google.com/maps/search/?api=1&query=37.5407273%2C126.895439,https://map.naver.com/p/search/%EB%B8%94%EB%9E%99%EC%8B%9C%EB%93%9C%20%EC%BB%A4%ED%94%BC%EB%A1%9C%EC%8A%A4%ED%84%B0%EC%8A%A4%20%EC%84%A0%EC%9C%A0%EB%8F%84%EC%A0%90%20%EC%84%9C%EC%9A%B8%20%EC%98%81%EB%93%B1%ED%8F%AC%EA%B5%AC%20%EC%96%91%ED%8F%89%EB%A1%9C22%EC%82%AC%EA%B8%B8%205%201%EC%B8%B5,https://www.diningcode.com/profile.php?rid=NFEgcEpvNhnO,"커피, 카페"
420,ごはん/Meal,トダク トチキンシャプ ソニュド,Todak Deo Chicken Syap Seonyudo,토닥 더치킨샵 선유도,チキン,Fried Chicken,チキン・フライドチキン,Fried Chicken,店内OK / Indoors OK,なし/No,ソニュド（仙遊島）,Seonyudo,300,ヤンピョンドン5カ,Yangpyeong-dong 5가,永登浦区,Yeongdeungpo-gu,서울특별시 영등포구 양평로22바길 4-1 1층,02-6958-5952,https://www.instagram.com/today.todak,,37.5403419,126.8951665,店舗単位,4.5,2,一般飲食店,https://www.google.com/maps/search/?api=1&query=37.5403419%2C126.8951665,https://map.naver.com/p/search/%ED%86%A0%EB%8B%A5%20%EB%8D%94%EC%B9%98%ED%82%A8%EC%83%B5%20%EC%84%A0%EC%9C%A0%EB%8F%84%20%EC%84%9C%EC%9A%B8%ED%8A%B9%EB%B3%84%EC%8B%9C%20%EC%98%81%EB%93%B1%ED%8F%AC%EA%B5%AC%20%EC%96%91%ED%8F%89%EB%A1%9C22%EB%B0%94%EA%B8%B8%204-1%201%EC%B8%B5,https://www.diningcode.com/profile.php?rid=l7DhADxMtbMa,"치킨, 후라이드"
421,ごはん/Meal,ネガ イッソ コマウォ ソニュド,Nega Isseo Gomawo Seonyudo,네가 있어 고마워 선유도,サンドイッチ・サラダ,Sandwich & Salad,カフェ・サンドイッチ,"Cafe, Sandwich",店内OK / Indoors OK,あり/Yes,ソニュド（仙遊島）,Seonyudo,550,ヤンピョンドン6カ,Yangpyeong-dong 6가,永登浦区,Yeongdeungpo-gu,서울특별시 영등포구 양평로28길 33 아트리버빌 J동 1층 네가 있어 고마워,070-7537-1180,https://www.instagram.com/by.yooji/,,37.5425734,126.8920459,店舗単位,4.3,2,一般飲食店,https://www.google.com/maps/search/?api=1&query=37.5425734%2C126.8920459,https://map.naver.com/p/search/%EB%84%A4%EA%B0%80%20%EC%9E%88%EC%96%B4%20%EA%B3%A0%EB%A7%88%EC%9B%8C%20%EC%84%A0%EC%9C%A0%EB%8F%84%20%EC%84%9C%EC%9A%B8%ED%8A%B9%EB%B3%84%EC%8B%9C%20%EC%98%81%EB%93%B1%ED%8F%AC%EA%B5%AC%20%EC%96%91%ED%8F%89%EB%A1%9C28%EA%B8%B8%2033%20%EC%95%84%ED%8A%B8%EB%A6%AC%EB%B2%84%EB%B9%8C%20J%EB%8F%99%201%EC%B8%B5%20%EB%84%A4%EA%B0%80%20%EC%9E%88%EC%96%B4%20%EA%B3%A0%EB%A7%88%EC%9B%8C,https://www.diningcode.com/profile.php?rid=wFlaTrKhnTyt,"카페, 샌드위치"
422,カフェ/Cafe,ヨウィドコーヒー,Yeouido Coffee,여의도커피,コーヒー専門,Specialty Coffee,,,店内OK / Indoors OK,なし/No,セッガン,Saetgang,360,ヨウィドドン,Yeouido-dong,永登浦区,Yeongdeungpo-gu,서울특별시 영등포구 여의대방로 386,070-7719-8983,,,37.5188946,126.9319375,建物単位,,0,一般飲食店,https://www.google.com/maps/search/?api=1&query=37.5188946%2C126.9319375,https://map.naver.com/p/search/%EC%97%AC%EC%9D%98%EB%8F%84%EC%BB%A4%ED%94%BC%20%EC%84%9C%EC%9A%B8%ED%8A%B9%EB%B3%84%EC%8B%9C%20%EC%98%81%EB%93%B1%ED%8F%AC%EA%B5%AC%20%EC%97%AC%EC%9D%98%EB%8C%80%EB%B0%A9%EB%A1%9C%20386,,
423,ごはん/Meal,イェビンダン ヨウィド,Yebindang Yeouido,예빈당 여의도,韓国料理,Korean,カフェ・韓菓,"Cafe, Korean Dessert",店内OK / Indoors OK,なし/No,ヨウィナル（汝矣）,Yeouinaru,330,ヨウィドドン,Yeouido-dong,永登浦区,Yeongdeungpo-gu,서울특별시 영등포구 여의도한강공원길 231 서울크루즈 2층,,https://www.instagram.com/yebindang_cafe,,37.5296714,126.9337487,店舗単位,3,1,一般飲食店,https://www.google.com/maps/search/?api=1&query=37.5296714%2C126.9337487,https://map.naver.com/p/search/%EC%98%88%EB%B9%88%EB%8B%B9%20%EC%97%AC%EC%9D%98%EB%8F%84%20%EC%84%9C%EC%9A%B8%ED%8A%B9%EB%B3%84%EC%8B%9C%20%EC%98%81%EB%93%B1%ED%8F%AC%EA%B5%AC%20%EC%97%AC%EC%9D%98%EB%8F%84%ED%95%9C%EA%B0%95%EA%B3%B5%EC%9B%90%EA%B8%B8%20231%20%EC%84%9C%EC%9A%B8%ED%81%AC%EB%A3%A8%EC%A6%88%202%EC%B8%B5,https://www.diningcode.com/profile.php?rid=afmuHm4vrH8j,"카페, 한식디저트"
424,ごはん/Meal,パバムバ ヨンドンポ,Bar Bam Bar,바밤바 영등포,バー・居酒屋,Bar & Pub,カクテル・カクテルバー,"Cocktail, Cocktail Bar",店内OK / Indoors OK,なし/No,ヨンドンポ（永登浦）,Yeongdeungpo,340,ヨンドンポドン3カ,Yeongdeungpo-dong 3가,永登浦区,Yeongdeungpo-gu,서울특별시 영등포구 영중로4길 25-1 2층,02-3667-7678,https://www.instagram.com/yosajangtv,,37.5178174,126.9091798,店舗単位,5,3,一般飲食店,https://www.google.com/maps/search/?api=1&query=37.5178174%2C126.9091798,https://map.naver.com/p/search/%EB%B0%94%EB%B0%A4%EB%B0%94%20%EC%98%81%EB%93%B1%ED%8F%AC%20%EC%84%9C%EC%9A%B8%ED%8A%B9%EB%B3%84%EC%8B%9C%20%EC%98%81%EB%93%B1%ED%8F%AC%EA%B5%AC%20%EC%98%81%EC%A4%91%EB%A1%9C4%EA%B8%B8%2025-1%202%EC%B8%B5,https://www.diningcode.com/profile.php?rid=FxC7R5w0pZej,"칵테일, 칵테일바"
425,カフェ/Cafe,ソソ シニョンサニョク,SOSEO,소서 신용산역,スイーツ,Sweets,デザート・焼き菓子,"Dessert, Baked Sweets",店内OK / Indoors OK,あり/Yes,シニョンサン（新龍山）,Sinyongsan,390,,,龍山区,Yongsan-gu,서울특별시 용산구 서빙고로 17 A몰 1층 67호,,,,37.5256893,126.9675642,店舗単位,2,1,一般飲食店,https://www.google.com/maps/search/?api=1&query=37.5256893%2C126.9675642,https://map.naver.com/p/search/%EC%86%8C%EC%84%9C%20%EC%8B%A0%EC%9A%A9%EC%82%B0%EC%97%AD%20%EC%84%9C%EC%9A%B8%ED%8A%B9%EB%B3%84%EC%8B%9C%20%EC%9A%A9%EC%82%B0%EA%B5%AC%20%EC%84%9C%EB%B9%99%EA%B3%A0%EB%A1%9C%2017%20A%EB%AA%B0%201%EC%B8%B5%2067%ED%98%B8,https://www.diningcode.com/profile.php?rid=SAe87lUfaZan,"디저트, 구움과자"
426,カフェ/Cafe,ソソ シニョンサニョク,Soseo Sinyongsanyeok,소서 신용산역,スイーツ,Sweets,デザート・焼き菓子,"Dessert, Baked Sweets",店内OK / Indoors OK,あり/Yes,シニョンサン（新龍山）,Sinyongsan,390,,,龍山区,Yongsan-gu,서울특별시 용산구 서빙고로 17 A몰 1층 67호,,,,37.5256893,126.9675642,店舗単位,2,1,ベーカリー営業,https://www.google.com/maps/search/?api=1&query=37.5256893%2C126.9675642,https://map.naver.com/p/search/%EC%86%8C%EC%84%9C%20%EC%8B%A0%EC%9A%A9%EC%82%B0%EC%97%AD%20%EC%84%9C%EC%9A%B8%ED%8A%B9%EB%B3%84%EC%8B%9C%20%EC%9A%A9%EC%82%B0%EA%B5%AC%20%EC%84%9C%EB%B9%99%EA%B3%A0%EB%A1%9C%2017%20A%EB%AA%B0%201%EC%B8%B5%2067%ED%98%B8,https://www.diningcode.com/profile.php?rid=SAe87lUfaZan,"디저트, 구움과자"
427,カフェ/Cafe,カフェ シア アトリエ シニョンサニョク,sia atelier,카페 시아 아틀리에 신용산역,スイーツ,Sweets,アメリカーノ・クッキー,"Americano, Cookie",店内OK / Indoors OK,なし/No,シニョンサン（新龍山）,Sinyongsan,420,,,龍山区,Yongsan-gu,서울특별시 용산구 서빙고로 35 시티파크1단지 상가 1층 카페시아,070-5110-6613,,https://twitter.com/AtelierSia?t=D3FPe6te7lt2BK357d_kiQ&s=09,37.5255044,126.9689935,店舗単位,4.8,3,一般飲食店,https://www.google.com/maps/search/?api=1&query=37.5255044%2C126.9689935,https://map.naver.com/p/search/%EC%B9%B4%ED%8E%98%20%EC%8B%9C%EC%95%84%20%EC%95%84%ED%8B%80%EB%A6%AC%EC%97%90%20%EC%8B%A0%EC%9A%A9%EC%82%B0%EC%97%AD%20%EC%84%9C%EC%9A%B8%ED%8A%B9%EB%B3%84%EC%8B%9C%20%EC%9A%A9%EC%82%B0%EA%B5%AC%20%EC%84%9C%EB%B9%99%EA%B3%A0%EB%A1%9C%2035%20%EC%8B%9C%ED%8B%B0%ED%8C%8C%ED%81%AC1%EB%8B%A8%EC%A7%80%20%EC%83%81%EA%B0%80%201%EC%B8%B5%20%EC%B9%B4%ED%8E%98%EC%8B%9C%EC%95%84,https://www.diningcode.com/profile.php?rid=P867l1eeYatX,"아메리카노, 쿠키"
428,カフェ/Cafe,トゥリトルベイカーズ シニョンサニョク,two little bakers,투리틀베이커스 신용산역,スイーツ,Sweets,デザート・クッキー,"Dessert, Cookie",店内OK / Indoors OK,なし/No,シニョンサン（新龍山）,Sinyongsan,440,,,龍山区,Yongsan-gu,서울특별시 용산구 서빙고로 17 용산센트럴파크해링턴스퀘어 1층 141호,070-8861-2222,https://www.instagram.com/_twolittlebakers,,37.5252009,126.9676295,店舗単位,,1,一般飲食店,https://www.google.com/maps/search/?api=1&query=37.5252009%2C126.9676295,https://map.naver.com/p/search/%ED%88%AC%EB%A6%AC%ED%8B%80%EB%B2%A0%EC%9D%B4%EC%BB%A4%EC%8A%A4%20%EC%8B%A0%EC%9A%A9%EC%82%B0%EC%97%AD%20%EC%84%9C%EC%9A%B8%ED%8A%B9%EB%B3%84%EC%8B%9C%20%EC%9A%A9%EC%82%B0%EA%B5%AC%20%EC%84%9C%EB%B9%99%EA%B3%A0%EB%A1%9C%2017%20%EC%9A%A9%EC%82%B0%EC%84%BC%ED%8A%B8%EB%9F%B4%ED%8C%8C%ED%81%AC%ED%95%B4%EB%A7%81%ED%84%B4%EC%8A%A4%ED%80%98%EC%96%B4%201%EC%B8%B5%20141%ED%98%B8,https://www.diningcode.com/profile.php?rid=HiQyrvS7mLNL,"디저트, 쿠키"
429,カフェ/Cafe,カフェ ト ピバチェ,mof,카페 드 비바체,コーヒー専門,Specialty Coffee,コーヒー・自家焙煎カフェ,"Coffee, Roastery Cafe",店内OK / Indoors OK,なし/No,スクデイプグ（淑大入口）,Sookmyung Women's Univ.,170,カルォルドン,Garwol-dong,龍山区,Yongsan-gu,서울특별시 용산구 두텁바위로1길 24-1 1층 2호,0503-7154-3981,https://www.instagram.com/cafe.de_vivace,,37.5456674,126.9737221,店舗単位,4,2,一般飲食店,https://www.google.com/maps/search/?api=1&query=37.5456674%2C126.9737221,https://map.naver.com/p/search/%EC%B9%B4%ED%8E%98%20%EB%93%9C%20%EB%B9%84%EB%B0%94%EC%B2%B4%20%EC%84%9C%EC%9A%B8%ED%8A%B9%EB%B3%84%EC%8B%9C%20%EC%9A%A9%EC%82%B0%EA%B5%AC%20%EB%91%90%ED%85%81%EB%B0%94%EC%9C%84%EB%A1%9C1%EA%B8%B8%2024-1%201%EC%B8%B5%202%ED%98%B8,https://www.diningcode.com/profile.php?rid=hGswmaxemVM7,"커피, 로스터리카페"
430,ごはん/Meal,リットハウス,Lit Haus,리트하우스 남산,ブランチ,Brunch,サンドイッチ・ブランチ,"Brunch, Sandwich",店内OK / Indoors OK,あり/Yes,ソウリョク,Seoul (Station),410,南山／厚岩洞（ナムサン·フアムドン）,Namsan·Huam-dong,龍山区,Yongsan-gu,서울특별시 용산구 소월로2길 5 1층,,https://www.instagram.com/lithaus.kr/,,37.5547789,126.9767756,店舗単位,4,3,一般飲食店,https://www.google.com/maps/search/?api=1&query=37.5547789%2C126.9767756,https://map.naver.com/p/search/%EB%A6%AC%ED%8A%B8%ED%95%98%EC%9A%B0%EC%8A%A4%20%EB%82%A8%EC%82%B0%20%EC%84%9C%EC%9A%B8%ED%8A%B9%EB%B3%84%EC%8B%9C%20%EC%9A%A9%EC%82%B0%EA%B5%AC%20%EC%86%8C%EC%9B%94%EB%A1%9C2%EA%B8%B8%205%201%EC%B8%B5,https://www.diningcode.com/profile.php?rid=h4b0VvoLFKM1,"브런치, 샌드위치"
431,ごはん/Meal,モンチス サンドイッチパ シニョンサニョク,MUNCHEZ,먼치스 샌드위치바 신용산역,サンドイッチ・サラダ,Sandwich & Salad,サンドイッチ・自家製ハム,"Sandwich, House-made Ham",店内OK / Indoors OK,なし/No,シニョンサン（新龍山）,Sinyongsan,380,モルドン,Mol-dong,龍山区,Yongsan-gu,서울특별시 용산구 서빙고로 17 몰동 1층 1088호,,,,37.5257664,126.9678526,店舗単位,,0,一般飲食店,https://www.google.com/maps/search/?api=1&query=37.5257664%2C126.9678526,https://map.naver.com/p/search/%EB%A8%BC%EC%B9%98%EC%8A%A4%20%EC%83%8C%EB%93%9C%EC%9C%84%EC%B9%98%EB%B0%94%20%EC%8B%A0%EC%9A%A9%EC%82%B0%EC%97%AD%20%EC%84%9C%EC%9A%B8%ED%8A%B9%EB%B3%84%EC%8B%9C%20%EC%9A%A9%EC%82%B0%EA%B5%AC%20%EC%84%9C%EB%B9%99%EA%B3%A0%EB%A1%9C%2017%20%EB%AA%B0%EB%8F%99%201%EC%B8%B5%201088%ED%98%B8,https://www.diningcode.com/profile.php?rid=QG5Y5ejk1r4p,"샌드위치, 수제햄"
432,カフェ/Cafe,グラメド,GRMD,그라메도 GRMD 숙대입구역,カフェ,Cafe,バナナプディング・コーヒー,"Cafe, Banana Pudding",店内OK / Indoors OK,なし/No,スクデイプグ（淑大入口）,Sookmyung Women's Univ.,160,南営／淑大入口（スクデイプグ）,Sukdaeipgu,龍山区,Yongsan-gu,서울특별시 용산구 두텁바위로1길 22 1층,,https://www.instagram.com/gramedoo,,37.5456027,126.9736382,店舗単位,4,3,一般飲食店,https://www.google.com/maps/search/?api=1&query=37.5456027%2C126.9736382,https://map.naver.com/p/search/%EA%B7%B8%EB%9D%BC%EB%A9%94%EB%8F%84%20GRMD%20%EC%88%99%EB%8C%80%EC%9E%85%EA%B5%AC%EC%97%AD%20%EC%84%9C%EC%9A%B8%ED%8A%B9%EB%B3%84%EC%8B%9C%20%EC%9A%A9%EC%82%B0%EA%B5%AC%20%EB%91%90%ED%85%81%EB%B0%94%EC%9C%84%EB%A1%9C1%EA%B8%B8%2022%201%EC%B8%B5,https://www.diningcode.com/profile.php?rid=42bEmy2H5Uhe,"카페, 바나나푸딩"
433,カフェ/Cafe,ディ・ジンテーゼ,Di Jinteje Cafe Itaewon,디 진테제 카페 이태원,コーヒー専門,Specialty Coffee,スペシャルティコーヒー,"Coffee, Cafe",店内OK / Indoors OK,あり/Yes,ノクサピョン（緑莎坪）,Noksapyeong,410,梨泰院（イテウォン）,Itaewon,龍山区,Yongsan-gu,서울특별시 용산구 녹사평대로40다길 61 1층 카페,0502-5551-9783,,https://diesynthese.com/,37.5367644,126.9905934,店舗単位,4.5,1,一般飲食店,https://www.google.com/maps/search/?api=1&query=37.5367644%2C126.9905934,https://map.naver.com/p/search/%EB%94%94%20%EC%A7%84%ED%85%8C%EC%A0%9C%20%EC%B9%B4%ED%8E%98%20%EC%9D%B4%ED%83%9C%EC%9B%90%20%EC%84%9C%EC%9A%B8%ED%8A%B9%EB%B3%84%EC%8B%9C%20%EC%9A%A9%EC%82%B0%EA%B5%AC%20%EB%85%B9%EC%82%AC%ED%8F%89%EB%8C%80%EB%A1%9C40%EB%8B%A4%EA%B8%B8%2061%201%EC%B8%B5%20%EC%B9%B4%ED%8E%98,https://www.diningcode.com/profile.php?rid=x79hcA7cIbwE,"커피, 카페"
434,ごはん/Meal,サマーレーン,Summer Lane Hannamdong,Summer Lane 한남동,ブランチ,Brunch,オーストラリア式ブランチ,"Brunch, Australian",店内OK / Indoors OK,なし/No,ハンガンジン（漢江鎮）,Hangangjin,440,漢南洞（ハンナムドン）,Hannam-dong,龍山区,Yongsan-gu,서울특별시 용산구 이태원로55가길 49 1층 summerlane,02-792-8114,https://www.instagram.com/summerlane_brunch/,,37.5363661,126.9992855,店舗単位,4.3,27,一般飲食店,https://www.google.com/maps/search/?api=1&query=37.5363661%2C126.9992855,https://map.naver.com/p/search/Summer%20Lane%20%ED%95%9C%EB%82%A8%EB%8F%99%20%EC%84%9C%EC%9A%B8%ED%8A%B9%EB%B3%84%EC%8B%9C%20%EC%9A%A9%EC%82%B0%EA%B5%AC%20%EC%9D%B4%ED%83%9C%EC%9B%90%EB%A1%9C55%EA%B0%80%EA%B8%B8%2049%201%EC%B8%B5%20summerlane,https://www.diningcode.com/profile.php?rid=0UvJFCodmpKM,"브런치, 호주"
435,ごはん/Meal,マナ ハンナムドン,Mana Hannamdong,마나 한남동,バー・居酒屋,Bar & Pub,ワインバー,Wine Bar,店内OK / Indoors OK,なし/No,ハンガンジン（漢江鎮）,Hangangjin,500,ハンナムドン,Hannam-dong,龍山区,Yongsan-gu,서울특별시 용산구 이태원로54길 68-6 지1층,,,,37.5354043,127.0008034,店舗単位,,0,一般飲食店,https://www.google.com/maps/search/?api=1&query=37.5354043%2C127.0008034,https://map.naver.com/p/search/%EB%A7%88%EB%82%98%20%ED%95%9C%EB%82%A8%EB%8F%99%20%EC%84%9C%EC%9A%B8%ED%8A%B9%EB%B3%84%EC%8B%9C%20%EC%9A%A9%EC%82%B0%EA%B5%AC%20%EC%9D%B4%ED%83%9C%EC%9B%90%EB%A1%9C54%EA%B8%B8%2068-6%20%EC%A7%801%EC%B8%B5,https://www.diningcode.com/profile.php?rid=FkT9qCJD1uPL,와인바
436,ごはん/Meal,マドオプライン,MOTHER OFFLINE,마더오프라인,レストラン,Restaurant,,,店内OK / Indoors OK,なし/No,ハンガンジン（漢江鎮）,Hangangjin,420,ハンナムドン,Hannam-dong,龍山区,Yongsan-gu,서울특별시 용산구 이태원로55나길 6,02-792-0776,https://instagram.com/mother.offline,,37.5366661,126.9990948,建物単位,,0,一般飲食店,https://www.google.com/maps/search/?api=1&query=37.5366661%2C126.9990948,https://map.naver.com/p/search/%EB%A7%88%EB%8D%94%EC%98%A4%ED%94%84%EB%9D%BC%EC%9D%B8%20%EC%84%9C%EC%9A%B8%ED%8A%B9%EB%B3%84%EC%8B%9C%20%EC%9A%A9%EC%82%B0%EA%B5%AC%20%EC%9D%B4%ED%83%9C%EC%9B%90%EB%A1%9C55%EB%82%98%EA%B8%B8%206,,
437,カフェ/Cafe,アーキビスト 漢南,Akibiseuteu Hannam,아키비스트 한남,コーヒー専門,Specialty Coffee,アインシュペナー・コーヒー,"Coffee, Einspänner",店内OK / Indoors OK,あり/Yes,ハンガンジン（漢江鎮）,Hangangjin,480,漢南洞（ハンナムドン）,Hannam-dong,龍山区,Yongsan-gu,서울특별시 용산구 한남대로42길 41 1층 아키비스트 한남,,https://www.instagram.com/archivistcoffee,,37.5440257,127.0030144,店舗単位,4.7,7,軽飲食店,https://www.google.com/maps/search/?api=1&query=37.5440257%2C127.0030144,https://map.naver.com/p/search/%EC%95%84%ED%82%A4%EB%B9%84%EC%8A%A4%ED%8A%B8%20%ED%95%9C%EB%82%A8%20%EC%84%9C%EC%9A%B8%ED%8A%B9%EB%B3%84%EC%8B%9C%20%EC%9A%A9%EC%82%B0%EA%B5%AC%20%ED%95%9C%EB%82%A8%EB%8C%80%EB%A1%9C42%EA%B8%B8%2041%201%EC%B8%B5%20%EC%95%84%ED%82%A4%EB%B9%84%EC%8A%A4%ED%8A%B8%20%ED%95%9C%EB%82%A8,https://www.diningcode.com/profile.php?rid=b9wCCzwEGivl,"커피, 아인슈페너"
438,カフェ/Cafe,オベニュ漢南,Obenyuhannam Hannamdong,오베뉴한남 한남동,カフェ,Cafe,デザート・コーヒー,"Cafe, Dessert",店内OK / Indoors OK,なし/No,ハンガンジン（漢江鎮）,Hangangjin,910,漢南洞（ハンナムドン）,Hannam-dong,龍山区,Yongsan-gu,서울특별시 용산구 한남대로20길 47-18 1층,,https://www.instagram.com/ohvenu_hannam,,37.5352165,127.0102604,店舗単位,4.2,9,一般飲食店,https://www.google.com/maps/search/?api=1&query=37.5352165%2C127.0102604,https://map.naver.com/p/search/%EC%98%A4%EB%B2%A0%EB%89%B4%ED%95%9C%EB%82%A8%20%ED%95%9C%EB%82%A8%EB%8F%99%20%EC%84%9C%EC%9A%B8%ED%8A%B9%EB%B3%84%EC%8B%9C%20%EC%9A%A9%EC%82%B0%EA%B5%AC%20%ED%95%9C%EB%82%A8%EB%8C%80%EB%A1%9C20%EA%B8%B8%2047-18%201%EC%B8%B5,https://www.diningcode.com/profile.php?rid=xgrmAiRrwCWJ,"카페, 디저트"
439,ごはん/Meal,チピンポイント ハンナム,Tipping point,티핑포인트 한남,バー・居酒屋,Bar & Pub,カフェ・カクテル,"Cafe, Cocktail",店内OK / Indoors OK,なし/No,イテウォン（梨泰院）,Itaewon,310,ハンナムドン,Hannam-dong,龍山区,Yongsan-gu,서울특별시 용산구 이태원로 217 1층,02-586-0072,https://www.instagram.com/tippingpoint_hannam,,37.5350158,126.9978512,店舗単位,,0,一般飲食店,https://www.google.com/maps/search/?api=1&query=37.5350158%2C126.9978512,https://map.naver.com/p/search/%ED%8B%B0%ED%95%91%ED%8F%AC%EC%9D%B8%ED%8A%B8%20%ED%95%9C%EB%82%A8%20%EC%84%9C%EC%9A%B8%ED%8A%B9%EB%B3%84%EC%8B%9C%20%EC%9A%A9%EC%82%B0%EA%B5%AC%20%EC%9D%B4%ED%83%9C%EC%9B%90%EB%A1%9C%20217%201%EC%B8%B5,https://www.diningcode.com/profile.php?rid=biz2IdavqCNj,"카페, 칵테일"
440,カフェ/Cafe,オチオコーヒー コンドク,OTO coffee,오티오커피 공덕,コーヒー専門,Specialty Coffee,フラットホワイト・ラテ,"Flat White, Latte",店内OK / Indoors OK,あり/Yes,コンドク（孔徳）,Gongdeok,650,ヒョチャンドン,Hyochang-dong,龍山区,Yongsan-gu,서울특별시 용산구 임정로 59-1 1층,010-9722-4170,https://www.instagram.com/o.t.o.coffee,,37.5450841,126.9579706,店舗単位,5,1,軽飲食店,https://www.google.com/maps/search/?api=1&query=37.5450841%2C126.9579706,https://map.naver.com/p/search/%EC%98%A4%ED%8B%B0%EC%98%A4%EC%BB%A4%ED%94%BC%20%EA%B3%B5%EB%8D%95%20%EC%84%9C%EC%9A%B8%ED%8A%B9%EB%B3%84%EC%8B%9C%20%EC%9A%A9%EC%82%B0%EA%B5%AC%20%EC%9E%84%EC%A0%95%EB%A1%9C%2059-1%201%EC%B8%B5,https://www.diningcode.com/profile.php?rid=It6zLezN8fOZ,"플랫화이트, 라떼"
441,カフェ/Cafe,メルリ フアムドン,Melri Huamdong,멜리 후암동,コーヒー専門,Specialty Coffee,コーヒー・オーストラリア風,"Coffee, Australian",店内OK / Indoors OK,なし/No,ソウリョク（駅）,Seoul Station,800,フアムドン,Huam-dong,龍山区,Yongsan-gu,서울특별시 용산구 두텁바위로 137 1층 101호,0507-1408-8918,https://www.instagram.com/mellycoffee,,37.551258,126.981434,店舗単位,,0,一般飲食店,https://www.google.com/maps/search/?api=1&query=37.551258%2C126.981434,https://map.naver.com/p/search/%EB%A9%9C%EB%A6%AC%20%ED%9B%84%EC%95%94%EB%8F%99%20%EC%84%9C%EC%9A%B8%ED%8A%B9%EB%B3%84%EC%8B%9C%20%EC%9A%A9%EC%82%B0%EA%B5%AC%20%EB%91%90%ED%85%81%EB%B0%94%EC%9C%84%EB%A1%9C%20137%201%EC%B8%B5%20101%ED%98%B8,https://www.diningcode.com/profile.php?rid=nD7tB1j2PSX9,"커피, 호주"
442,カフェ/Cafe,シエムプレッコモドミンゴ フアムドン,Siempeurekkomodominggo Huamdong,시엠프레꼬모도밍고 후암동,スイーツ,Sweets,カフェ・クッキー,"Cafe, Cookie",店内OK / Indoors OK,なし/No,ソウリョク（駅）,Seoul Station,500,フアムドン,Huam-dong,龍山区,Yongsan-gu,서울특별시 용산구 후암로34길 11,070-4150-0123,http://www.instagram.com/siempre.comodomingo,,37.5512226,126.9778416,店舗単位,4.3,3,一般飲食店,https://www.google.com/maps/search/?api=1&query=37.5512226%2C126.9778416,https://map.naver.com/p/search/%EC%8B%9C%EC%97%A0%ED%94%84%EB%A0%88%EA%BC%AC%EB%AA%A8%EB%8F%84%EB%B0%8D%EA%B3%A0%20%ED%9B%84%EC%95%94%EB%8F%99%20%EC%84%9C%EC%9A%B8%ED%8A%B9%EB%B3%84%EC%8B%9C%20%EC%9A%A9%EC%82%B0%EA%B5%AC%20%ED%9B%84%EC%95%94%EB%A1%9C34%EA%B8%B8%2011,https://www.diningcode.com/profile.php?rid=0yzwdi5zZQtz,"카페, 쿠키"
443,ごはん/Meal,ピクピク,pick pick,픽픽 후암동,洋食,Western,洋食＋韓国家庭料理,"Western, Korean",店内OK / Indoors OK,あり/Yes,スクデイプグ（淑大入口）,Sookmyung Women's Univ.,610,厚岩洞（フアムドン）,Huam-dong,龍山区,Yongsan-gu,서울특별시 용산구 후암로 18 1층 픽픽,0502-5552-9387,https://www.instagram.com/pickpick_huam,,37.5475443,126.9782071,店舗単位,4,2,一般飲食店,https://www.google.com/maps/search/?api=1&query=37.5475443%2C126.9782071,https://map.naver.com/p/search/%ED%94%BD%ED%94%BD%20%ED%9B%84%EC%95%94%EB%8F%99%20%EC%84%9C%EC%9A%B8%ED%8A%B9%EB%B3%84%EC%8B%9C%20%EC%9A%A9%EC%82%B0%EA%B5%AC%20%ED%9B%84%EC%95%94%EB%A1%9C%2018%201%EC%B8%B5%20%ED%94%BD%ED%94%BD,https://www.diningcode.com/profile.php?rid=X1njh4R8sc76,"양식, 한식"
444,カフェ/Cafe,flot ノクボン,flot,flot 녹번,コーヒー専門,Specialty Coffee,カフェ・コーヒー,"Cafe, Coffee",店内OK / Indoors OK,なし/No,ヨクチョン（駅村）,Yeokchon,460,ノクボンドン,Nokbeon-dong,恩平区,Eunpyeong-gu,서울특별시 은평구 서오릉로 20-1 1층,02-355-4862,http://www.instagram.com/flot_nokbeon,,37.6030916,126.926314,店舗単位,4.3,14,一般飲食店,https://www.google.com/maps/search/?api=1&query=37.6030916%2C126.926314,https://map.naver.com/p/search/flot%20%EB%85%B9%EB%B2%88%20%EC%84%9C%EC%9A%B8%ED%8A%B9%EB%B3%84%EC%8B%9C%20%EC%9D%80%ED%8F%89%EA%B5%AC%20%EC%84%9C%EC%98%A4%EB%A6%89%EB%A1%9C%2020-1%201%EC%B8%B5,https://www.diningcode.com/profile.php?rid=JLHPoTUdlBoB,"카페, 커피"
445,ごはん/Meal,カフェ イエネイ,Cafe Iaenei,카페 이앤에이,ブランチ,Brunch,フレンチトースト・アメリカーノ,"French Toast, Americano",店内OK / Indoors OK,なし/No,ヨクチョン（駅村）,Yeokchon,470,ノクボンドン,Nokbeon-dong,恩平区,Eunpyeong-gu,서울특별시 은평구 은평로13길 11-10 1층,02-304-1122,,,37.602207,126.9248892,店舗単位,4,3,一般飲食店,https://www.google.com/maps/search/?api=1&query=37.602207%2C126.9248892,https://map.naver.com/p/search/%EC%B9%B4%ED%8E%98%20%EC%9D%B4%EC%95%A4%EC%97%90%EC%9D%B4%20%EC%84%9C%EC%9A%B8%ED%8A%B9%EB%B3%84%EC%8B%9C%20%EC%9D%80%ED%8F%89%EA%B5%AC%20%EC%9D%80%ED%8F%89%EB%A1%9C13%EA%B8%B8%2011-10%201%EC%B8%B5,https://www.diningcode.com/profile.php?rid=WsGdSjFVQHIo,"프렌치토스트, 아메리카노"
446,カフェ/Cafe,カフェ ？チャン,Cafe ？ Jan,카페 ？잔,カフェ,Cafe,,,店内OK / Indoors OK,なし/No,プルグァン（仏光）,Bulgwang,300,テジョドン,Daejo-dong,恩平区,Eunpyeong-gu,서울특별시 은평구 통일로69길 25,,,,37.6106433,126.9262484,建物単位,,0,一般飲食店,https://www.google.com/maps/search/?api=1&query=37.6106433%2C126.9262484,https://map.naver.com/p/search/%EC%B9%B4%ED%8E%98%20%EF%BC%9F%EC%9E%94%20%EC%84%9C%EC%9A%B8%ED%8A%B9%EB%B3%84%EC%8B%9C%20%EC%9D%80%ED%8F%89%EA%B5%AC%20%ED%86%B5%EC%9D%BC%EB%A1%9C69%EA%B8%B8%2025,,
447,カフェ/Cafe,モンシュ ヨンシンネ,Monsyu Yeonsinnae,몬슈 연신내,コーヒー専門,Specialty Coffee,カフェ・ハンドドリップ,"Cafe, Hand Drip",店内OK / Indoors OK,なし/No,ヨンシンネ,Yeonsinnae,660,プルグァンドン,Bulgwang-dong,恩平区,Eunpyeong-gu,서울특별시 은평구 연서로 302 1층,0502-5550-8416,https://www.instagram.com/cafe.monshu/profilecard/,,37.6223579,126.9272657,店舗単位,,0,軽飲食店,https://www.google.com/maps/search/?api=1&query=37.6223579%2C126.9272657,https://map.naver.com/p/search/%EB%AA%AC%EC%8A%88%20%EC%97%B0%EC%8B%A0%EB%82%B4%20%EC%84%9C%EC%9A%B8%ED%8A%B9%EB%B3%84%EC%8B%9C%20%EC%9D%80%ED%8F%89%EA%B5%AC%20%EC%97%B0%EC%84%9C%EB%A1%9C%20302%201%EC%B8%B5,https://www.diningcode.com/profile.php?rid=dhakX3NLgoE6,"카페, 핸드드립"
448,カフェ/Cafe,モンシュ ヨンシンネ,Monsyu Yeonsinnae,몬슈 연신내,コーヒー専門,Specialty Coffee,カフェ・ハンドドリップ,"Cafe, Hand Drip",店内OK / Indoors OK,なし/No,ヨンシンネ,Yeonsinnae,660,プルグァンドン,Bulgwang-dong,恩平区,Eunpyeong-gu,서울특별시 은평구 연서로 302 1층,0502-5550-8416,https://www.instagram.com/cafe.monshu/profilecard/,,37.6223579,126.9272657,店舗単位,,0,ベーカリー営業,https://www.google.com/maps/search/?api=1&query=37.6223579%2C126.9272657,https://map.naver.com/p/search/%EB%AA%AC%EC%8A%88%20%EC%97%B0%EC%8B%A0%EB%82%B4%20%EC%84%9C%EC%9A%B8%ED%8A%B9%EB%B3%84%EC%8B%9C%20%EC%9D%80%ED%8F%89%EA%B5%AC%20%EC%97%B0%EC%84%9C%EB%A1%9C%20302%201%EC%B8%B5,https://www.diningcode.com/profile.php?rid=dhakX3NLgoE6,"카페, 핸드드립"
449,カフェ/Cafe,カフェ ラオンダ ウンピョング,Cafe Raonda Eunpyeonggu,카페 라온다 은평구,カフェ,Cafe,,,店内OK / Indoors OK,なし/No,セジョル,Saejeol,340,シンサドン,Sinsa-dong,恩平区,Eunpyeong-gu,서울특별시 은평구 증산로19길 8 1층 라온다,0502-5553-6023,https://www.instagram.com/raon_da_,,37.5946993,126.9136626,店舗単位,,0,軽飲食店,https://www.google.com/maps/search/?api=1&query=37.5946993%2C126.9136626,https://map.naver.com/p/search/%EC%B9%B4%ED%8E%98%20%EB%9D%BC%EC%98%A8%EB%8B%A4%20%EC%9D%80%ED%8F%89%EA%B5%AC%20%EC%84%9C%EC%9A%B8%ED%8A%B9%EB%B3%84%EC%8B%9C%20%EC%9D%80%ED%8F%89%EA%B5%AC%20%EC%A6%9D%EC%82%B0%EB%A1%9C19%EA%B8%B8%208%201%EC%B8%B5%20%EB%9D%BC%EC%98%A8%EB%8B%A4,https://www.diningcode.com/profile.php?rid=fEDxpIhzjlhj,
450,カフェ/Cafe,ピョンファウィナラ セジョリョク,Pyeonghwauinara Saejeoryeok,평화의나라 새절역,ベーカリー,Bakery,ベーカリー・ヴィーガンベーカリー,"Bakery, Vegan Bakery",店内OK / Indoors OK,なし/No,セジョル,Saejeol,170,シンサドン,Sinsa-dong,恩平区,Eunpyeong-gu,서울특별시 은평구 가좌로 272 가동 1층 맨우촉,010-8141-8139,https://www.instagram.com/land_of_peace,,37.5931882,126.9136243,店舗単位,4,2,軽飲食店,https://www.google.com/maps/search/?api=1&query=37.5931882%2C126.9136243,https://map.naver.com/p/search/%ED%8F%89%ED%99%94%EC%9D%98%EB%82%98%EB%9D%BC%20%EC%83%88%EC%A0%88%EC%97%AD%20%EC%84%9C%EC%9A%B8%ED%8A%B9%EB%B3%84%EC%8B%9C%20%EC%9D%80%ED%8F%89%EA%B5%AC%20%EA%B0%80%EC%A2%8C%EB%A1%9C%20272%20%EA%B0%80%EB%8F%99%201%EC%B8%B5%20%EB%A7%A8%EC%9A%B0%EC%B4%89,https://www.diningcode.com/profile.php?rid=yKY8vTeNYb22,"베이커리, 비건베이커리"
451,カフェ/Cafe,オトス ヨクチョンドン,otters,오터스 역촌동,カフェ,Cafe,カフェ・もちもちクッキー,"Cafe, Chewy Cookie",店内OK / Indoors OK,あり/Yes,ウンアム（鷹岩）,Eungam,410,ヨクチョンドン,Yeokchon-dong,恩平区,Eunpyeong-gu,서울특별시 은평구 연서로 33 1층,0503-7153-0886,https://www.instagram.com/otters.cafe,,37.6020966,126.9156166,店舗単位,,0,一般飲食店,https://www.google.com/maps/search/?api=1&query=37.6020966%2C126.9156166,https://map.naver.com/p/search/%EC%98%A4%ED%84%B0%EC%8A%A4%20%EC%97%AD%EC%B4%8C%EB%8F%99%20%EC%84%9C%EC%9A%B8%ED%8A%B9%EB%B3%84%EC%8B%9C%20%EC%9D%80%ED%8F%89%EA%B5%AC%20%EC%97%B0%EC%84%9C%EB%A1%9C%2033%201%EC%B8%B5,https://www.diningcode.com/profile.php?rid=2Po0g5cASD3q,"카페, 두쫀쿠"
452,ごはん/Meal,213チョム,213 Jeom,213점,レストラン,Restaurant,,,店内OK / Indoors OK,なし/No,ウンアム（鷹岩）,Eungam,410,ウンアムドン,Eungam-dong,恩平区,Eunpyeong-gu,서울특별시 은평구 응암로21가길 27,,,,37.5951018,126.9174985,通り単位,,0,一般飲食店,https://www.google.com/maps/search/?api=1&query=37.5951018%2C126.9174985,https://map.naver.com/p/search/213%EC%A0%90%20%EC%84%9C%EC%9A%B8%ED%8A%B9%EB%B3%84%EC%8B%9C%20%EC%9D%80%ED%8F%89%EA%B5%AC%20%EC%9D%91%EC%95%94%EB%A1%9C21%EA%B0%80%EA%B8%B8%2027,,
453,ごはん/Meal,ックミョジュヌノンニ＆ファチャンハノフcafe,Kkumyeojuneuneonni ＆ Hwachanghanohu cafe,꾸며주는언니＆화창한오후cafe,レストラン,Restaurant,,,店内OK / Indoors OK,なし/No,クパバル（旧把撥）,Gupabal,1100,チングァンドン,Jingwan-dong,恩平区,Eunpyeong-gu,서울특별시 은평구 진관4로 48-8,,,,37.6447934,126.9263983,建物単位,,0,一般飲食店,https://www.google.com/maps/search/?api=1&query=37.6447934%2C126.9263983,https://map.naver.com/p/search/%EA%BE%B8%EB%A9%B0%EC%A3%BC%EB%8A%94%EC%96%B8%EB%8B%88%EF%BC%86%ED%99%94%EC%B0%BD%ED%95%9C%EC%98%A4%ED%9B%84cafe%20%EC%84%9C%EC%9A%B8%ED%8A%B9%EB%B3%84%EC%8B%9C%20%EC%9D%80%ED%8F%89%EA%B5%AC%20%EC%A7%84%EA%B4%804%EB%A1%9C%2048-8,,
454,カフェ/Cafe,ッコモユン ソウルスプジョム,comoyoon,꼬모윤 서울숲점,スイーツ,Sweets,カヌレ・ケーキ,"Canelé, Cake",店内OK / Indoors OK,あり/Yes,アングク（安国）,Anguk,340,キェドン,Gye-dong,鍾路区,Jongno-gu,"서울 종로구 계동길 57 1층, 2층",,https://www.instagram.com/comoyoon,,37.5798614,126.9866223,店舗単位,4.7,6,軽飲食店,https://www.google.com/maps/search/?api=1&query=37.5798614%2C126.9866223,https://map.naver.com/p/search/%EA%BC%AC%EB%AA%A8%EC%9C%A4%20%EC%84%9C%EC%9A%B8%EC%88%B2%EC%A0%90%20%EC%84%9C%EC%9A%B8%20%EC%A2%85%EB%A1%9C%EA%B5%AC%20%EA%B3%84%EB%8F%99%EA%B8%B8%2057%201%EC%B8%B5%2C%202%EC%B8%B5,https://www.diningcode.com/profile.php?rid=3FUcAslARAwJ,"까눌레, 케이크"
455,カフェ/Cafe,ピビド クギドン,Bibideu Gugidong,비비드 구기동,ベーカリー,Bakery,デザート・スコーン,"Dessert, Scone",店内OK / Indoors OK,あり/Yes,,,,クギドン,Gugi-dong,鍾路区,Jongno-gu,서울특별시 종로구 비봉2길 10 103호 비비드,0507-1462-3417,https://www.instagram.com/vivid_bakehouse,,37.6107068,126.9569515,店舗単位,5,2,一般飲食店,https://www.google.com/maps/search/?api=1&query=37.6107068%2C126.9569515,https://map.naver.com/p/search/%EB%B9%84%EB%B9%84%EB%93%9C%20%EA%B5%AC%EA%B8%B0%EB%8F%99%20%EC%84%9C%EC%9A%B8%ED%8A%B9%EB%B3%84%EC%8B%9C%20%EC%A2%85%EB%A1%9C%EA%B5%AC%20%EB%B9%84%EB%B4%892%EA%B8%B8%2010%20103%ED%98%B8%20%EB%B9%84%EB%B9%84%EB%93%9C,https://www.diningcode.com/profile.php?rid=Zelc7JjbQSeI,"디저트, 스콘"
456,カフェ/Cafe,マグネッケーキルム ソチョン,MAGNETTT-cakeroom,마그넷케이크룸 서촌,スイーツ,Sweets,ケーキ・チーズケーキ,"Cake, Cheesecake",店内OK / Indoors OK,なし/No,キョンボクグン（景福宮）,Gyeongbokgung,200,ネジャドン,Naeja-dong,鍾路区,Jongno-gu,서울특별시 종로구 사직로12길 1-2 1층,070-8865-2314,https://www.instagram.com/magnettt_cakeroom,,37.5756095,126.9712753,店舗単位,4.6,3,一般飲食店,https://www.google.com/maps/search/?api=1&query=37.5756095%2C126.9712753,https://map.naver.com/p/search/%EB%A7%88%EA%B7%B8%EB%84%B7%EC%BC%80%EC%9D%B4%ED%81%AC%EB%A3%B8%20%EC%84%9C%EC%B4%8C%20%EC%84%9C%EC%9A%B8%ED%8A%B9%EB%B3%84%EC%8B%9C%20%EC%A2%85%EB%A1%9C%EA%B5%AC%20%EC%82%AC%EC%A7%81%EB%A1%9C12%EA%B8%B8%201-2%201%EC%B8%B5,https://www.diningcode.com/profile.php?rid=oW2HHmSpK9Wd,"케이크, 치즈케이크"
457,カフェ/Cafe,ポカタ マサマドレ,Bokata Masamadeure,보카타 마사마드레,ベーカリー,Bakery,,,店内OK / Indoors OK,なし/No,キョンボクグン（景福宮）,Gyeongbokgung,640,ヌハドン,Nuha-dong,鍾路区,Jongno-gu,서울특별시 종로구 자하문로7길 68-3,02-525-7234,https://instagram.com/masamadre.bakeshop,,37.5803251,126.9690871,通り単位,,0,ベーカリー営業,https://www.google.com/maps/search/?api=1&query=37.5803251%2C126.9690871,https://map.naver.com/p/search/%EB%B3%B4%EC%B9%B4%ED%83%80%20%EB%A7%88%EC%82%AC%EB%A7%88%EB%93%9C%EB%A0%88%20%EC%84%9C%EC%9A%B8%ED%8A%B9%EB%B3%84%EC%8B%9C%20%EC%A2%85%EB%A1%9C%EA%B5%AC%20%EC%9E%90%ED%95%98%EB%AC%B8%EB%A1%9C7%EA%B8%B8%2068-3,,
458,ごはん/Meal,パッチズワーククラブ,Paechiseuwokeu Club Dongmyo,패치스워크클럽 동묘,サンドイッチ・サラダ,Sandwich & Salad,サンドイッチ・ブランチ,"Sandwich, Brunch",店内OK / Indoors OK,あり/Yes,トンミョアプ（東廟前）,Dongmyo,230,東廟（トンミョ）,Dongmyo,鍾路区,Jongno-gu,서울특별시 종로구 지봉로8길 5 1층,0502-5554-3024,https://www.instagram.com/patchesworkclub,,37.5753051,127.0161145,店舗単位,,0,軽飲食店,https://www.google.com/maps/search/?api=1&query=37.5753051%2C127.0161145,https://map.naver.com/p/search/%ED%8C%A8%EC%B9%98%EC%8A%A4%EC%9B%8C%ED%81%AC%ED%81%B4%EB%9F%BD%20%EB%8F%99%EB%AC%98%20%EC%84%9C%EC%9A%B8%ED%8A%B9%EB%B3%84%EC%8B%9C%20%EC%A2%85%EB%A1%9C%EA%B5%AC%20%EC%A7%80%EB%B4%89%EB%A1%9C8%EA%B8%B8%205%201%EC%B8%B5,https://www.diningcode.com/profile.php?rid=SgS1jWVK1dJa,"샌드위치, 브런치"
459,カフェ/Cafe,チョンミョジョントンダウォン,Jongmyojeontongdawon,종묘전통다원,茶カフェ,Tea House,双和湯・伝統茶,"Ssanghwa Tea, Traditional Tea",店内OK / Indoors OK,なし/No,チョンロ3カ,Jongno 3(sam)-ga,160,ポンイクドン,Bongik-dong,鍾路区,Jongno-gu,서울특별시 종로구 서순라길 39 1층,,,,37.5722917,126.9934421,店舗単位,3.5,2,一般飲食店,https://www.google.com/maps/search/?api=1&query=37.5722917%2C126.9934421,https://map.naver.com/p/search/%EC%A2%85%EB%AC%98%EC%A0%84%ED%86%B5%EB%8B%A4%EC%9B%90%20%EC%84%9C%EC%9A%B8%ED%8A%B9%EB%B3%84%EC%8B%9C%20%EC%A2%85%EB%A1%9C%EA%B5%AC%20%EC%84%9C%EC%88%9C%EB%9D%BC%EA%B8%B8%2039%201%EC%B8%B5,https://www.diningcode.com/profile.php?rid=2shDdiNPSWMO,"쌍화탕, 전통차"
460,カフェ/Cafe,オーカーショア,Okeosyoeo,오커쇼어,ベーカリー,Bakery,ベーカリー・コーヒー,"Bakery, Americano",店内OK / Indoors OK,なし/No,キョンボクグン（景福宮）,Gyeongbokgung,50,社稷洞（サジクドン）,Sajik-dong,鍾路区,Jongno-gu,서울특별시 종로구 사직로 130 지상1층 2호,070-4466-6144,https://www.instagram.com/ochershore,,37.5753767,126.9733437,店舗単位,4.4,13,一般飲食店,https://www.google.com/maps/search/?api=1&query=37.5753767%2C126.9733437,https://map.naver.com/p/search/%EC%98%A4%EC%BB%A4%EC%87%BC%EC%96%B4%20%EC%84%9C%EC%9A%B8%ED%8A%B9%EB%B3%84%EC%8B%9C%20%EC%A2%85%EB%A1%9C%EA%B5%AC%20%EC%82%AC%EC%A7%81%EB%A1%9C%20130%20%EC%A7%80%EC%83%811%EC%B8%B5%202%ED%98%B8,https://www.diningcode.com/profile.php?rid=R9V5BbfNKa2C,"베이커리, 아메리카노"
461,カフェ/Cafe,ヘリテージクラブ,Heritiji Club Seosunragil,헤리티지클럽 서순라길,カフェ,Cafe,コーヒー（宗廟の石垣沿い）,"Coffee, Cafe",店内OK / Indoors OK,あり/Yes,チョンロ3カ（鍾路街）,Jongno 3(sam)-ga,240,西巡邏キル（ソスンラギル）,Seosunra-gil,鍾路区,Jongno-gu,서울특별시 종로구 서순라길 75,0507-1338-9658,https://instagram.com/heritage_clubb,,37.5737728,126.9924895,店舗単位,4.4,31,一般飲食店,https://www.google.com/maps/search/?api=1&query=37.5737728%2C126.9924895,https://map.naver.com/p/search/%ED%97%A4%EB%A6%AC%ED%8B%B0%EC%A7%80%ED%81%B4%EB%9F%BD%20%EC%84%9C%EC%88%9C%EB%9D%BC%EA%B8%B8%20%EC%84%9C%EC%9A%B8%ED%8A%B9%EB%B3%84%EC%8B%9C%20%EC%A2%85%EB%A1%9C%EA%B5%AC%20%EC%84%9C%EC%88%9C%EB%9D%BC%EA%B8%B8%2075,https://www.diningcode.com/profile.php?rid=fDl3HST7myKP,"커피, 카페"
462,カフェ/Cafe,ベランダ,Veranda Seochon,베란다 서촌,ブックカフェ,Book Cafe,本のあるカフェ,"Cafe, Book Cafe",店内OK / Indoors OK,あり/Yes,キョンボクグン（景福宮）,Gyeongbokgung,270,西村（ソチョン）,Seochon,鍾路区,Jongno-gu,서울특별시 종로구 사직로10길 9-4,,https://www.instagram.com/veranda_seoul/,,37.5753694,126.9705503,店舗単位,4.4,17,一般飲食店,https://www.google.com/maps/search/?api=1&query=37.5753694%2C126.9705503,https://map.naver.com/p/search/%EB%B2%A0%EB%9E%80%EB%8B%A4%20%EC%84%9C%EC%B4%8C%20%EC%84%9C%EC%9A%B8%ED%8A%B9%EB%B3%84%EC%8B%9C%20%EC%A2%85%EB%A1%9C%EA%B5%AC%20%EC%82%AC%EC%A7%81%EB%A1%9C10%EA%B8%B8%209-4,https://www.diningcode.com/profile.php?rid=fZKRvrOZXccX,"카페, 북카페"
463,カフェ/Cafe,西村茶菓房,Seochondagwabang Gyeongbokgungyeok,서촌다과방 경복궁역,茶カフェ,Tea House,伝統茶・韓菓（韓屋カフェ）,"Cafe, Hanok Cafe",店内OK / Indoors OK,あり/Yes,キョンボクグン（景福宮）,Gyeongbokgung,380,西村（ソチョン）,Seochon,鍾路区,Jongno-gu,서울특별시 종로구 필운대로 6 서촌다과방,,https://www.instagram.com/dagwabang,,37.5765794,126.9693426,店舗単位,5,2,一般飲食店,https://www.google.com/maps/search/?api=1&query=37.5765794%2C126.9693426,https://map.naver.com/p/search/%EC%84%9C%EC%B4%8C%EB%8B%A4%EA%B3%BC%EB%B0%A9%20%EA%B2%BD%EB%B3%B5%EA%B6%81%EC%97%AD%20%EC%84%9C%EC%9A%B8%ED%8A%B9%EB%B3%84%EC%8B%9C%20%EC%A2%85%EB%A1%9C%EA%B5%AC%20%ED%95%84%EC%9A%B4%EB%8C%80%EB%A1%9C%206%20%EC%84%9C%EC%B4%8C%EB%8B%A4%EA%B3%BC%EB%B0%A9,https://www.diningcode.com/profile.php?rid=dwHbD418YTe2,"카페, 한옥카페"
464,カフェ/Cafe,スタッフピックス,staff picks,스태픽스 서촌,カフェ,Cafe,デザート・コーヒー（庭付き）,"Cafe, Dessert",店内OK / Indoors OK,なし/No,キョンボクグン（景福宮）,Gyeongbokgung,520,西村（ソチョン）,Seochon,鍾路区,Jongno-gu,서울특별시 종로구 사직로9길 22 102호,0503-7152-4716,http://www.instagram.com/staffpicks_official,,37.5774705,126.9680306,店舗単位,4.1,65,一般飲食店,https://www.google.com/maps/search/?api=1&query=37.5774705%2C126.9680306,https://map.naver.com/p/search/%EC%8A%A4%ED%83%9C%ED%94%BD%EC%8A%A4%20%EC%84%9C%EC%B4%8C%20%EC%84%9C%EC%9A%B8%ED%8A%B9%EB%B3%84%EC%8B%9C%20%EC%A2%85%EB%A1%9C%EA%B5%AC%20%EC%82%AC%EC%A7%81%EB%A1%9C9%EA%B8%B8%2022%20102%ED%98%B8,https://www.diningcode.com/profile.php?rid=WHpg1EeTcLmr,"카페, 디저트"
465,カフェ/Cafe,ワンサード,Won Third Seochon,원써드 서촌,カフェ,Cafe,コーヒー・自家焙煎,"Cafe, Coffee",店内OK / Indoors OK,あり/Yes,キョンボクグン（景福宮）,Gyeongbokgung,630,西村（ソチョン）,Seochon,鍾路区,Jongno-gu,서울 종로구 필운대로 43,010-5944-1459,https://www.instagram.com/onethird_seoul,,37.5798626,126.9685924,店舗単位,4.1,8,一般飲食店,https://www.google.com/maps/search/?api=1&query=37.5798626%2C126.9685924,https://map.naver.com/p/search/%EC%9B%90%EC%8D%A8%EB%93%9C%20%EC%84%9C%EC%B4%8C%20%EC%84%9C%EC%9A%B8%20%EC%A2%85%EB%A1%9C%EA%B5%AC%20%ED%95%84%EC%9A%B4%EB%8C%80%EB%A1%9C%2043,https://www.diningcode.com/profile.php?rid=x6uYr6pZFHDg,"카페, 커피"
466,カフェ/Cafe,カフェ アーキビスト 西村,Archivist,카페 아키비스트 서촌,コーヒー専門,Specialty Coffee,アインシュペナー・コーヒー,"Coffee, Einspänner",店内OK / Indoors OK,なし/No,キョンボクグン（景福宮）,Gyeongbokgung,720,西村（ソチョン）,Seochon,鍾路区,Jongno-gu,서울특별시 종로구 효자로13길 52 1층 아키비스트 서촌,02-738-1517,https://instagram.com/archivistcoffee,,37.5822184,126.9726786,店舗単位,4.4,59,一般飲食店,https://www.google.com/maps/search/?api=1&query=37.5822184%2C126.9726786,https://map.naver.com/p/search/%EC%B9%B4%ED%8E%98%20%EC%95%84%ED%82%A4%EB%B9%84%EC%8A%A4%ED%8A%B8%20%EC%84%9C%EC%B4%8C%20%EC%84%9C%EC%9A%B8%ED%8A%B9%EB%B3%84%EC%8B%9C%20%EC%A2%85%EB%A1%9C%EA%B5%AC%20%ED%9A%A8%EC%9E%90%EB%A1%9C13%EA%B8%B8%2052%201%EC%B8%B5%20%EC%95%84%ED%82%A4%EB%B9%84%EC%8A%A4%ED%8A%B8%20%EC%84%9C%EC%B4%8C,https://www.diningcode.com/profile.php?rid=UpdkRbI72II3,"커피, 아인슈페너"
467,ごはん/Meal,ムンチ チャンシニョク,Mungchi Changsinyeok,뭉치 창신역,サンドイッチ・サラダ,Sandwich & Salad,カフェ・サンドイッチ,"Cafe, Sandwich",店内OK / Indoors OK,なし/No,チャンシン（昌信）,Changsin,320,スンインドン,Sungin-dong,鍾路区,Jongno-gu,서울특별시 종로구 지봉로 78 3층,,https://www.instagram.com/mungchi.haus,,37.5769513,127.0156476,店舗単位,4.4,3,一般飲食店,https://www.google.com/maps/search/?api=1&query=37.5769513%2C127.0156476,https://map.naver.com/p/search/%EB%AD%89%EC%B9%98%20%EC%B0%BD%EC%8B%A0%EC%97%AD%20%EC%84%9C%EC%9A%B8%ED%8A%B9%EB%B3%84%EC%8B%9C%20%EC%A2%85%EB%A1%9C%EA%B5%AC%20%EC%A7%80%EB%B4%89%EB%A1%9C%2078%203%EC%B8%B5,https://www.diningcode.com/profile.php?rid=CBX9P8gsJQDF,"카페, 샌드위치"
468,カフェ/Cafe,プト,Buteu,부트,カフェ,Cafe,カフェ,Cafe,店内OK / Indoors OK,あり/Yes,キョンボクグン（景福宮）,Gyeongbokgung,520,チャンソンドン,Changseong-dong,鍾路区,Jongno-gu,서울특별시 종로구 자하문로 46,,https://www.instagram.com/bootcafe.seoul/,,37.580133,126.9715054,店舗単位,4,12,軽飲食店,https://www.google.com/maps/search/?api=1&query=37.580133%2C126.9715054,https://map.naver.com/p/search/%EB%B6%80%ED%8A%B8%20%EC%84%9C%EC%9A%B8%ED%8A%B9%EB%B3%84%EC%8B%9C%20%EC%A2%85%EB%A1%9C%EA%B5%AC%20%EC%9E%90%ED%95%98%EB%AC%B8%EB%A1%9C%2046,https://www.diningcode.com/profile.php?rid=wbYCdQNilsfc,카페
469,カフェ/Cafe,ヌィアンス ソウル,nuance Seoul,뉘앙스 서울,スイーツ,Sweets,カフェ・フィナンシェ,"Cafe, Financier",店内OK / Indoors OK,なし/No,シンダン（新堂）,Sindang,240,シンダンドン,Sindang-dong,中区,Jung-gu,서울특별시 중구 다산로38길 13 1층,0502-5553-5651,https://www.instagram.com/_nuance_seoul,,37.563232,127.0165652,店舗単位,,0,軽飲食店,https://www.google.com/maps/search/?api=1&query=37.563232%2C127.0165652,https://map.naver.com/p/search/%EB%89%98%EC%95%99%EC%8A%A4%20%EC%84%9C%EC%9A%B8%20%EC%84%9C%EC%9A%B8%ED%8A%B9%EB%B3%84%EC%8B%9C%20%EC%A4%91%EA%B5%AC%20%EB%8B%A4%EC%82%B0%EB%A1%9C38%EA%B8%B8%2013%201%EC%B8%B5,https://www.diningcode.com/profile.php?rid=NE1gCZeoOK6G,"카페, 휘낭시에"
470,カフェ/Cafe,コシアコーヒー ヤクスジョム,COSIA COFFEE,코시아커피 약수점,コーヒー専門,Specialty Coffee,コーヒー・カフェ,"Coffee, Cafe",店内OK / Indoors OK,あり/Yes,ヤクス（薬水）,Yaksu,310,シンダンドン,Sindang-dong,中区,Jung-gu,서울특별시 중구 다산로16길 38 1층,010-8325-5433,http://instagram.com/cosiacoffee,,37.555964,127.0137583,店舗単位,,0,一般飲食店,https://www.google.com/maps/search/?api=1&query=37.555964%2C127.0137583,https://map.naver.com/p/search/%EC%BD%94%EC%8B%9C%EC%95%84%EC%BB%A4%ED%94%BC%20%EC%95%BD%EC%88%98%EC%A0%90%20%EC%84%9C%EC%9A%B8%ED%8A%B9%EB%B3%84%EC%8B%9C%20%EC%A4%91%EA%B5%AC%20%EB%8B%A4%EC%82%B0%EB%A1%9C16%EA%B8%B8%2038%201%EC%B8%B5,https://www.diningcode.com/profile.php?rid=hIoNq8HScOJh,"커피, 카페"
471,カフェ/Cafe,サル,Saru Yaksuyeok,사루 약수역,カフェ,Cafe,コーヒー・デザート,"Cafe, Coffee",店内OK / Indoors OK,なし/No,ヤクス（薬水）,Yaksu,330,薬水（ヤクス）,Yaksu,中区,Jung-gu,서울특별시 중구 동호로12길 53 1층,02-792-0999,,http://www.sarusalon.com/,37.5575655,127.0116173,店舗単位,4.7,13,一般飲食店,https://www.google.com/maps/search/?api=1&query=37.5575655%2C127.0116173,https://map.naver.com/p/search/%EC%82%AC%EB%A3%A8%20%EC%95%BD%EC%88%98%EC%97%AD%20%EC%84%9C%EC%9A%B8%ED%8A%B9%EB%B3%84%EC%8B%9C%20%EC%A4%91%EA%B5%AC%20%EB%8F%99%ED%98%B8%EB%A1%9C12%EA%B8%B8%2053%201%EC%B8%B5,https://www.diningcode.com/profile.php?rid=NHHXUK1TrpWU,"카페, 커피"
472,カフェ/Cafe,ホミコーヒー チュンジョンロ,HOMIE COFFEE,호미커피 충정로,コーヒー専門,Specialty Coffee,カフェ・コーヒー,"Cafe, Coffee",店内OK / Indoors OK,なし/No,チュンジョンロ（忠正路）,Chungjeongno,340,チュンリムドン,Jungrim-dong,中区,Jung-gu,서울특별시 중구 청파로 463-25 1층,0503-7152-7185,http://www.instagram.com/homiecoffee.seoul,,37.5602276,126.9666326,店舗単位,,0,一般飲食店,https://www.google.com/maps/search/?api=1&query=37.5602276%2C126.9666326,https://map.naver.com/p/search/%ED%98%B8%EB%AF%B8%EC%BB%A4%ED%94%BC%20%EC%B6%A9%EC%A0%95%EB%A1%9C%20%EC%84%9C%EC%9A%B8%ED%8A%B9%EB%B3%84%EC%8B%9C%20%EC%A4%91%EA%B5%AC%20%EC%B2%AD%ED%8C%8C%EB%A1%9C%20463-25%201%EC%B8%B5,https://www.diningcode.com/profile.php?rid=hvHeNm3ahENX,"카페, coffee"
473,カフェ/Cafe,ヘベコーヒー トングクデ,hebe coffee,헤베커피 동국대,コーヒー専門,Specialty Coffee,コーヒー・カフェ,"Coffee, Cafe",店内OK / Indoors OK,あり/Yes,チュンムロ（忠武路）,Chungmuro,320,ピルドン2カ,Pil-dong 2가,中区,Jung-gu,서울특별시 중구 필동로 32 낙원빌딩 1층,02-6498-0303,https://www.instagram.com/hebe_coffee,,37.5587175,126.9960127,店舗単位,4.5,11,一般飲食店,https://www.google.com/maps/search/?api=1&query=37.5587175%2C126.9960127,https://map.naver.com/p/search/%ED%97%A4%EB%B2%A0%EC%BB%A4%ED%94%BC%20%EB%8F%99%EA%B5%AD%EB%8C%80%20%EC%84%9C%EC%9A%B8%ED%8A%B9%EB%B3%84%EC%8B%9C%20%EC%A4%91%EA%B5%AC%20%ED%95%84%EB%8F%99%EB%A1%9C%2032%20%EB%82%99%EC%9B%90%EB%B9%8C%EB%94%A9%201%EC%B8%B5,https://www.diningcode.com/profile.php?rid=m2F8zh7NqH2L,"커피, 카페"
474,カフェ/Cafe,97.7華氏,97.7 Hwassi Wangsipri,97.7화씨 왕십리,カフェ,Cafe,コーヒー（ヴィンテージ空間）,"Cafe, Coffee",店内OK / Indoors OK,なし/No,シンダン（新堂）,Sindang,600,黄鶴洞（ファンハクドン）,Hwanghak-dong,中区,Jung-gu,서울특별시 중구 난계로15길 41-7 지층 97.7화씨,010-4479-4987,,http://www.97-7f.store,37.568687,127.0215853,店舗単位,4.5,2,一般飲食店,https://www.google.com/maps/search/?api=1&query=37.568687%2C127.0215853,https://map.naver.com/p/search/97.7%ED%99%94%EC%94%A8%20%EC%99%95%EC%8B%AD%EB%A6%AC%20%EC%84%9C%EC%9A%B8%ED%8A%B9%EB%B3%84%EC%8B%9C%20%EC%A4%91%EA%B5%AC%20%EB%82%9C%EA%B3%84%EB%A1%9C15%EA%B8%B8%2041-7%20%EC%A7%80%EC%B8%B5%2097.7%ED%99%94%EC%94%A8,https://www.diningcode.com/profile.php?rid=ujLO9Vl1ihek,"카페, 커피"
475,ごはん/Meal,カンルンジャンカル シンネヨクジョム,Gangreungjangkal Sinnaeyeokjeom,강릉장칼 신내역점,麺料理,Noodles,辛味カルグクス,Spicy Noodle Soup,店内OK / Indoors OK,なし/No,シンネ（新内）,Sinnae,280,マンウドン,Mangu-dong,中浪区,Jungnang-gu,서울특별시 중랑구 용마산로 670 더테라스 B225~228호,,,,37.6110108,127.1015322,店舗単位,5,2,一般飲食店,https://www.google.com/maps/search/?api=1&query=37.6110108%2C127.1015322,https://map.naver.com/p/search/%EA%B0%95%EB%A6%89%EC%9E%A5%EC%B9%BC%20%EC%8B%A0%EB%82%B4%EC%97%AD%EC%A0%90%20%EC%84%9C%EC%9A%B8%ED%8A%B9%EB%B3%84%EC%8B%9C%20%EC%A4%91%EB%9E%91%EA%B5%AC%20%EC%9A%A9%EB%A7%88%EC%82%B0%EB%A1%9C%20670%20%EB%8D%94%ED%85%8C%EB%9D%BC%EC%8A%A4%20B225~228%ED%98%B8,https://www.diningcode.com/profile.php?rid=gwlmvotLp8Tl,장칼국수
476,ごはん/Meal,ケインゴンガン,Gaeingonggan,개인공간,レストラン,Restaurant,,,店内OK / Indoors OK,なし/No,シンネ（新内）,Sinnae,340,マンウドン,Mangu-dong,中浪区,Jungnang-gu,서울특별시 중랑구 용마산로 670,,,,37.61039,127.101357,建物単位,,0,一般飲食店,https://www.google.com/maps/search/?api=1&query=37.61039%2C127.101357,https://map.naver.com/p/search/%EA%B0%9C%EC%9D%B8%EA%B3%B5%EA%B0%84%20%EC%84%9C%EC%9A%B8%ED%8A%B9%EB%B3%84%EC%8B%9C%20%EC%A4%91%EB%9E%91%EA%B5%AC%20%EC%9A%A9%EB%A7%88%EC%82%B0%EB%A1%9C%20670,,
477,カフェ/Cafe,シウォレ トリ,Siwore Tori,시월에 토리,カフェ・軽食,Cafe & Snacks,,,店内OK / Indoors OK,なし/No,シンネ（新内）,Sinnae,340,マンウドン,Mangu-dong,中浪区,Jungnang-gu,서울특별시 중랑구 용마산로 670,,,,37.61039,127.101357,建物単位,,0,軽飲食店,https://www.google.com/maps/search/?api=1&query=37.61039%2C127.101357,https://map.naver.com/p/search/%EC%8B%9C%EC%9B%94%EC%97%90%20%ED%86%A0%EB%A6%AC%20%EC%84%9C%EC%9A%B8%ED%8A%B9%EB%B3%84%EC%8B%9C%20%EC%A4%91%EB%9E%91%EA%B5%AC%20%EC%9A%A9%EB%A7%88%EC%82%B0%EB%A1%9C%20670,,
478,カフェ/Cafe,トブルボドカフェ,Deobeulbodeu Cafe,더블보드카페,カフェ,Cafe,,,店内OK / Indoors OK,なし/No,ヨンマサン（龍馬山）,Yongmasan,220,ミョンモクドン,Myeonmok-dong,中浪区,Jungnang-gu,서울특별시 중랑구 용마산로 248,,,,37.5751805,127.0885251,建物単位,,0,軽飲食店,https://www.google.com/maps/search/?api=1&query=37.5751805%2C127.0885251,https://map.naver.com/p/search/%EB%8D%94%EB%B8%94%EB%B3%B4%EB%93%9C%EC%B9%B4%ED%8E%98%20%EC%84%9C%EC%9A%B8%ED%8A%B9%EB%B3%84%EC%8B%9C%20%EC%A4%91%EB%9E%91%EA%B5%AC%20%EC%9A%A9%EB%A7%88%EC%82%B0%EB%A1%9C%20248,,
479,ごはん/Meal,モンムンダバン,Meongmungdabang,멍뭉다방,レストラン,Restaurant,,,店内OK / Indoors OK,なし/No,ヨンマサン（龍馬山）,Yongmasan,240,ミョンモクドン,Myeonmok-dong,中浪区,Jungnang-gu,서울특별시 중랑구 용마산로 299,,,,37.5753019,127.0886833,通り単位,,0,一般飲食店,https://www.google.com/maps/search/?api=1&query=37.5753019%2C127.0886833,https://map.naver.com/p/search/%EB%A9%8D%EB%AD%89%EB%8B%A4%EB%B0%A9%20%EC%84%9C%EC%9A%B8%ED%8A%B9%EB%B3%84%EC%8B%9C%20%EC%A4%91%EB%9E%91%EA%B5%AC%20%EC%9A%A9%EB%A7%88%EC%82%B0%EB%A1%9C%20299,,
480,カフェ/Cafe,ミルリオン ヴィレッジ コーヒー バー,MILLION VILLAGE COFFEE BAR,밀리언 빌리지 커피 바,コーヒー専門,Specialty Coffee,,,店内OK / Indoors OK,なし/No,ミョンモク（面牧）,Myeonmok,440,ミョンモクドン,Myeonmok-dong,中浪区,Jungnang-gu,서울특별시 중랑구 면목로56나길 32,0503-7153-1090,https://www.instagram.com/millionvillagecoffeebar,,37.5849963,127.0902403,通り単位,,0,一般飲食店,https://www.google.com/maps/search/?api=1&query=37.5849963%2C127.0902403,https://map.naver.com/p/search/%EB%B0%80%EB%A6%AC%EC%96%B8%20%EB%B9%8C%EB%A6%AC%EC%A7%80%20%EC%BB%A4%ED%94%BC%20%EB%B0%94%20%EC%84%9C%EC%9A%B8%ED%8A%B9%EB%B3%84%EC%8B%9C%20%EC%A4%91%EB%9E%91%EA%B5%AC%20%EB%A9%B4%EB%AA%A9%EB%A1%9C56%EB%82%98%EA%B8%B8%2032,,
481,カフェ/Cafe,イルサンジョク サガジョン,Ilsangjeok Sagajeong,일상적 사가정,コーヒー専門,Specialty Coffee,カフェ・コーヒー,"Cafe, Coffee",店内OK / Indoors OK,あり/Yes,サガジョン（四佳亭）,Sagajeong,240,ミョンモクドン,Myeonmok-dong,中浪区,Jungnang-gu,서울특별시 중랑구 사가정로49길 34 1층,,https://www.instagram.com/cafe_everydaycoffee/,,37.5824851,127.0868437,店舗単位,5,1,一般飲食店,https://www.google.com/maps/search/?api=1&query=37.5824851%2C127.0868437,https://map.naver.com/p/search/%EC%9D%BC%EC%83%81%EC%A0%81%20%EC%82%AC%EA%B0%80%EC%A0%95%20%EC%84%9C%EC%9A%B8%ED%8A%B9%EB%B3%84%EC%8B%9C%20%EC%A4%91%EB%9E%91%EA%B5%AC%20%EC%82%AC%EA%B0%80%EC%A0%95%EB%A1%9C49%EA%B8%B8%2034%201%EC%B8%B5,https://www.diningcode.com/profile.php?rid=JuyBRG71cR0u,"카페, 커피"
482,カフェ/Cafe,チンスババ チュンランヨク,Jinseubaba Jungrangyeok,진스바바 중랑역,コーヒー専門,Specialty Coffee,ハンドドリップ・フィルターコーヒー,"Hand Drip, Filter Coffee",店内OK / Indoors OK,なし/No,ウェデアプ（外大前）,Hankuk Univ. of Foreign Studies,1020,ミョンモクドン,Myeonmok-dong,中浪区,Jungnang-gu,서울특별시 중랑구 중랑천로 64 1층,0502-5550-3888,https://www.instagram.com/jins_barba,,37.5910221,127.0732653,店舗単位,5,1,一般飲食店,https://www.google.com/maps/search/?api=1&query=37.5910221%2C127.0732653,https://map.naver.com/p/search/%EC%A7%84%EC%8A%A4%EB%B0%94%EB%B0%94%20%EC%A4%91%EB%9E%91%EC%97%AD%20%EC%84%9C%EC%9A%B8%ED%8A%B9%EB%B3%84%EC%8B%9C%20%EC%A4%91%EB%9E%91%EA%B5%AC%20%EC%A4%91%EB%9E%91%EC%B2%9C%EB%A1%9C%2064%201%EC%B8%B5,https://www.diningcode.com/profile.php?rid=NURLEksxcOEA,"핸드드립, 필터커피"
483,カフェ/Cafe,カフェ イポク サガジョン,Cafe Ipokeu Sagajeong,카페 이포크 사가정,スイーツ,Sweets,カフェ・デザート,"Cafe, Dessert",店内OK / Indoors OK,なし/No,サガジョン（四佳亭）,Sagajeong,320,ミョンモクドン,Myeonmok-dong,中浪区,Jungnang-gu,서울특별시 중랑구 면목로51길 23 1층,0503-7150-5063,https://www.instagram.com/eeffoc.cafe/,,37.5832152,127.0865713,店舗単位,5,4,一般飲食店,https://www.google.com/maps/search/?api=1&query=37.5832152%2C127.0865713,https://map.naver.com/p/search/%EC%B9%B4%ED%8E%98%20%EC%9D%B4%ED%8F%AC%ED%81%AC%20%EC%82%AC%EA%B0%80%EC%A0%95%20%EC%84%9C%EC%9A%B8%ED%8A%B9%EB%B3%84%EC%8B%9C%20%EC%A4%91%EB%9E%91%EA%B5%AC%20%EB%A9%B4%EB%AA%A9%EB%A1%9C51%EA%B8%B8%2023%201%EC%B8%B5,https://www.diningcode.com/profile.php?rid=siLwn6O53jrh,"카페, 디저트"
484,カフェ/Cafe,カフェポチ モクゴリョク,cafe Porch,카페포치 먹골역,コーヒー専門,Specialty Coffee,コーヒー・カフェ,"Coffee, Cafe",店内OK / Indoors OK,なし/No,モクゴル,Meokgol,150,ムクドン,Muk-dong,中浪区,Jungnang-gu,서울특별시 중랑구 공릉로2가길 6 1층 카페포치,,https://instagram.com/cafeporch_official,,37.6124498,127.0787242,店舗単位,,0,一般飲食店,https://www.google.com/maps/search/?api=1&query=37.6124498%2C127.0787242,https://map.naver.com/p/search/%EC%B9%B4%ED%8E%98%ED%8F%AC%EC%B9%98%20%EB%A8%B9%EA%B3%A8%EC%97%AD%20%EC%84%9C%EC%9A%B8%ED%8A%B9%EB%B3%84%EC%8B%9C%20%EC%A4%91%EB%9E%91%EA%B5%AC%20%EA%B3%B5%EB%A6%89%EB%A1%9C2%EA%B0%80%EA%B8%B8%206%201%EC%B8%B5%20%EC%B9%B4%ED%8E%98%ED%8F%AC%EC%B9%98,https://www.diningcode.com/profile.php?rid=53g1AD3NSjmJ,"커피, 카페"
485,カフェ/Cafe,ッコヌルコーヒー,Kkoneul Coffee,꼬늘커피,コーヒー専門,Specialty Coffee,,,店内OK / Indoors OK,なし/No,サンボン（上鳳）,Sangbong,440,サンボンドン,Sangbong-dong,中浪区,Jungnang-gu,서울특별시 중랑구 동일로114길 38,0503-7154-6625,,,37.5934888,127.0817927,通り単位,,0,軽飲食店,https://www.google.com/maps/search/?api=1&query=37.5934888%2C127.0817927,https://map.naver.com/p/search/%EA%BC%AC%EB%8A%98%EC%BB%A4%ED%94%BC%20%EC%84%9C%EC%9A%B8%ED%8A%B9%EB%B3%84%EC%8B%9C%20%EC%A4%91%EB%9E%91%EA%B5%AC%20%EB%8F%99%EC%9D%BC%EB%A1%9C114%EA%B8%B8%2038,,
486,ごはん/Meal,ポンイルチョンヅェジブソク,Bongilcheondwaejibusok,봉일천돼지부속,焼肉,Korean BBQ,豚ホルモン・焼肉,"Pork Offal, Korean BBQ",店内OK / Indoors OK,なし/No,サンボン（上鳳）,Sangbong,330,サンボンドン,Sangbong-dong,中浪区,Jungnang-gu,서울특별시 중랑구 면목로 463 1층 봉일천돼지부속,02-491-9231,,https://app.catchtable.co.kr/ct/shop/bongilcheon,37.5931195,127.0861814,店舗単位,4.3,15,一般飲食店,https://www.google.com/maps/search/?api=1&query=37.5931195%2C127.0861814,https://map.naver.com/p/search/%EB%B4%89%EC%9D%BC%EC%B2%9C%EB%8F%BC%EC%A7%80%EB%B6%80%EC%86%8D%20%EC%84%9C%EC%9A%B8%ED%8A%B9%EB%B3%84%EC%8B%9C%20%EC%A4%91%EB%9E%91%EA%B5%AC%20%EB%A9%B4%EB%AA%A9%EB%A1%9C%20463%201%EC%B8%B5%20%EB%B4%89%EC%9D%BC%EC%B2%9C%EB%8F%BC%EC%A7%80%EB%B6%80%EC%86%8D,https://www.diningcode.com/profile.php?rid=lCAx6uaVRYkV,"돼지부속, 고깃집"
