No,種別(日),Type (EN),名称(日本語読み),Name (English),名称(ハングル),24時間,市郡区(日),District (EN),住所(ハングル),電話,Instagram,公式サイト,緯度,経度,評価,口コミ数,Googleマップ,カテゴリ原文(韓)
1,動物病院,Veterinary clinic,24時間SNC動物メディカルセンター,24h SNC Animal Medical Center,24시SNC동물메디컬센터,はい/Yes,江南区,Gangnam-gu,서울 강남구 논현로 416,02-562-7582,,http://blog.naver.com/sncamc,37.497405,127.038847,4.6,155,"https://www.google.com/maps/search/?api=1&query=37.497405,127.038847",동물병원
2,動物病院,Veterinary clinic,24時間オンスプ動物医療センター,24 Sionsup Animal Medical Center,24시온숲동물의료센터,はい/Yes,江南区,Gangnam-gu,서울 강남구 도곡로 241,02-6951-5324,,https://blog.naver.com/onsoop24,37.493936,127.04487,,210,"https://www.google.com/maps/search/?api=1&query=37.493936,127.04487",동물병원
3,動物病院,Veterinary clinic,24時間チョンダムリ動物病院,24 Sicheongdamuri Animal Hospital,24시청담우리동물병원,はい/Yes,江南区,Gangnam-gu,서울 강남구 삼성로 614,02-541-7515,,http://www.chungdamah.co.kr,37.514493,127.052855,,377,"https://www.google.com/maps/search/?api=1&query=37.514493,127.052855",동물병원
4,動物病院,Veterinary clinic,OK動物病院,OK Animal Hospital,OK동물병원,,江南区,Gangnam-gu,서울 강남구 도곡로51길 4,02-569-7582,,http://www.okamc.co.kr,37.495562,127.049818,5.0,2,"https://www.google.com/maps/search/?api=1&query=37.495562,127.049818",동물병원
5,動物病院,Veterinary clinic,VIP動物医療センター チョンダムジョム,VIP Animal Medical Center Cheongdamjeom,VIP동물의료센터 청담점,,江南区,Gangnam-gu,서울 강남구 삼성로133길 7,02-511-7522,,http://www.vipah.co.kr,37.519419,127.04906,,237,"https://www.google.com/maps/search/?api=1&query=37.519419,127.04906",동물병원
6,動物病院,Veterinary clinic,VIP動物ハンバンジェファルィハクセンターby Drシンサギョン,VIP Animal Hanbangjaehwaruihak Center by Dr Sinsagyeong,VIP동물한방재활의학센터by Dr신사경,,江南区,Gangnam-gu,서울 강남구 삼성로133길 7,0503-7153-0350,http://instagram.com/vip_ani_acupuncture_rehab,,37.519441,127.04903,,160,"https://www.google.com/maps/search/?api=1&query=37.519441,127.04903",동물병원
7,動物病院,Veterinary clinic,カロス動物病院,Garosu Animal Hospital,가로수동물병원,,江南区,Gangnam-gu,서울 강남구 압구정로 134,02-549-7579,,https://blog.naver.com/garosuah,37.524421,127.023582,,47,"https://www.google.com/maps/search/?api=1&query=37.524421,127.023582",동물병원
8,動物病院,Veterinary clinic,カンナム25シ動物病院,Gangnam 25 Si Animal Hospital,강남25시동물병원,,江南区,Gangnam-gu,서울 강남구 학동로 235,02-545-8575,,,37.51559,127.035009,3.6,3,"https://www.google.com/maps/search/?api=1&query=37.51559,127.035009",동물병원
9,動物病院,Veterinary clinic,カンナムダオン動物病院,Gangnamdaon Animal Hospital,강남다온동물병원,,江南区,Gangnam-gu,서울 강남구 도곡로 174,02-576-1239,,,37.491332,127.038478,4.0,68,"https://www.google.com/maps/search/?api=1&query=37.491332,127.038478",동물병원
10,動物病院,Veterinary clinic,カンナム動物病院,Gangnam Animal Hospital,강남동물병원,,江南区,Gangnam-gu,서울 강남구 봉은사로 205,02-514-7582,,,37.507766,127.034472,4.3,3,"https://www.google.com/maps/search/?api=1&query=37.507766,127.034472",동물병원
11,動物病院,Veterinary clinic,カンナミェチグァ動物病院,Gangnamyechigwa Animal Hospital,강남예치과동물병원,,江南区,Gangnam-gu,서울 강남구 선릉로126길 6,02-517-5585,,,37.515157,127.042634,5.0,51,"https://www.google.com/maps/search/?api=1&query=37.515157,127.042634",동물병원
12,動物病院,Veterinary clinic,ケポ動物病院,Gaepo Animal Hospital,개포동물병원,,江南区,Gangnam-gu,서울 강남구 개포로 512,02-3412-7582,,,37.489307,127.068843,3.7,1,"https://www.google.com/maps/search/?api=1&query=37.489307,127.068843",동물병원
13,動物病院,Veterinary clinic,ケポビョルビッ動物病院,Gaepobyeolbit Animal Hospital,개포별빛동물병원,,江南区,Gangnam-gu,서울 강남구 논현로 70,02-573-7582,,https://blog.naver.com/starlightah,37.476448,127.046311,4.4,2,"https://www.google.com/maps/search/?api=1&query=37.476448,127.046311",동물병원
14,動物病院,Veterinary clinic,コリョジョンハプ動物病院,Goryeojonghap Animal Hospital,고려종합동물병원,,江南区,Gangnam-gu,서울 강남구 선릉로 225,02-575-7999,,,37.49545,127.052932,3.5,2,"https://www.google.com/maps/search/?api=1&query=37.49545,127.052932",동물병원
15,動物病院,Veterinary clinic,コリョジュンハプ動物病院,Goryeojunghap Animal Hospital,고려중합동물병원,,江南区,Gangnam-gu,서울 강남구 선릉로 225,02-575-7999,,,37.495365,127.05272,,0,"https://www.google.com/maps/search/?api=1&query=37.495365,127.05272",동물병원
16,動物病院,Veterinary clinic,クンモニン動物病院,Gunmoning Animal Hospital,굿모닝동물병원,,江南区,Gangnam-gu,서울 강남구 학동로 413,,,,37.518241,127.045075,5.0,1,"https://www.google.com/maps/search/?api=1&query=37.518241,127.045075",동물병원
17,動物病院,Veterinary clinic,クレイ動物病院 カンナムジョム,Geurei Animal Hospital Gangnamjeom,그레이동물병원 강남점,,江南区,Gangnam-gu,서울 강남구 언주로30길 21,02-529-7587,,https://blog.naver.com/grey0303,37.488869,127.052014,2.8,1,"https://www.google.com/maps/search/?api=1&query=37.488869,127.052014",동물병원
18,動物病院,Veterinary clinic,クレイスゴヤンイ病院,Geureiseugoyangi Clinic,그레이스고양이병원,,江南区,Gangnam-gu,서울 강남구 선릉로152길 17,0507-1395-5569,,https://www.gracecat.co.kr,37.524345,127.040892,3.7,374,"https://www.google.com/maps/search/?api=1&query=37.524345,127.040892",동물병원
19,動物病院,Veterinary clinic,ナリウル動物病院,Nariul Animal Hospital,나리울동물병원,,江南区,Gangnam-gu,서울 강남구 영동대로 22,02-423-5755,,,37.492193,127.075813,,12,"https://www.google.com/maps/search/?api=1&query=37.492193,127.075813",동물병원
20,動物病院,Veterinary clinic,ナウン動物病院,Naeun Animal Hospital,나은동물병원,,江南区,Gangnam-gu,서울 강남구 개포로 243,,,http://blog.naver.com/naeun-ah,37.479143,127.049131,3.2,1,"https://www.google.com/maps/search/?api=1&query=37.479143,127.049131",동물병원
21,動物病院,Veterinary clinic,ネグァ動物病院 ルミナ,Naegwa Animal Hospital Rumina,내과동물병원 루미나,,江南区,Gangnam-gu,서울 강남구 선릉로 340,02-558-0275,,https://blog.naver.com/luminar_internist,37.500186,127.051377,,95,"https://www.google.com/maps/search/?api=1&query=37.500186,127.051377",동물병원
22,動物病院,Veterinary clinic,ノンヒョン動物病院,Nonhyeon Animal Hospital,논현동물병원,,江南区,Gangnam-gu,서울 강남구 강남대로118길 47,02-3442-3785,,https://blog.naver.com/nonhyeon3785,37.507492,127.026828,4.6,59,"https://www.google.com/maps/search/?api=1&query=37.507492,127.026828",동물병원
23,動物病院,Veterinary clinic,ノルロ 動物ヘンドン クルリニク,Nollo Animal Haengdong Keullinik,놀로 동물행동 클리닉,,江南区,Gangnam-gu,서울 강남구 삼성로133길 7,070-8652-0585,,http://www.knollo.co.kr,37.519472,127.048985,,0,"https://www.google.com/maps/search/?api=1&query=37.519472,127.048985",동물병원
24,動物病院,Veterinary clinic,ヌルソウルピブグァ動物病院,Neulseoulpibugwa Animal Hospital,늘서울피부과동물병원,,江南区,Gangnam-gu,서울 강남구 논현로 607,02-518-3650,,,37.507901,127.033314,,0,"https://www.google.com/maps/search/?api=1&query=37.507901,127.033314",동물병원
25,動物病院,Veterinary clinic,タラン動物病院,Darang Animal Hospital,다랑동물병원,,江南区,Gangnam-gu,서울 강남구 삼성로 11,02-577-7579,,,37.485683,127.067211,4.6,1,"https://www.google.com/maps/search/?api=1&query=37.485683,127.067211",동물병원
26,動物病院,Veterinary clinic,テチ動物メディカルセンター,Daechi Animal Medical Center,대치동물메디컬센터,,江南区,Gangnam-gu,서울 강남구 도곡로 520,02-501-8275,,https://www.muruben-daechi.com/home,37.499378,127.063454,,53,"https://www.google.com/maps/search/?api=1&query=37.499378,127.063454",동물병원
27,動物病院,Veterinary clinic,テチス動物病院,Daechisu Animal Hospital,대치수동물병원,,江南区,Gangnam-gu,서울 강남구 삼성로 212,,,,37.495228,127.064439,,1,"https://www.google.com/maps/search/?api=1&query=37.495228,127.064439",동물병원
28,動物病院,Veterinary clinic,トゴクジョンハプ動物病院,Dogokjonghap Animal Hospital,도곡종합동물병원,,江南区,Gangnam-gu,서울 강남구 언주로 314,02-554-8875,,,37.495903,127.046274,3.2,1,"https://www.google.com/maps/search/?api=1&query=37.495903,127.046274",동물병원
29,動物病院,Veterinary clinic,トゴクチユ動物病院,Dogokchiyu Animal Hospital,도곡치유동물병원,,江南区,Gangnam-gu,서울 강남구 도곡로 189,02-508-7678,https://www.instagram.com/chiuamc,,37.492419,127.04003,,157,"https://www.google.com/maps/search/?api=1&query=37.492419,127.04003",동물병원
30,動物病院,Veterinary clinic,トキンオバウッ 動物病院,Dokingeobaut Animal Hospital,도킹어바웃 동물병원,,江南区,Gangnam-gu,서울 강남구 논현로 18,0502-5553-3086,,https://blog.naver.com/dogkingah,37.473014,127.049864,5.0,25,"https://www.google.com/maps/search/?api=1&query=37.473014,127.049864",동물병원
31,動物病院,Veterinary clinic,動物病院トンヘン,Animal Hospital Donghaeng,동물병원동행,,江南区,Gangnam-gu,서울 강남구 남부순환로363길 16,02-573-1233,,https://blog.naver.com/donghaengamc,37.486546,127.038117,,77,"https://www.google.com/maps/search/?api=1&query=37.486546,127.038117",동물병원
32,動物病院,Veterinary clinic,動物チグァ病院 ケオデン,Animal Chigwa Clinic Keeoden,동물치과병원 케어덴,,江南区,Gangnam-gu,서울 강남구 언주로 813,02-540-7522,,,37.522994,127.032878,5.0,214,"https://www.google.com/maps/search/?api=1&query=37.522994,127.032878",동물병원
33,動物病院,Veterinary clinic,動物チグァ病院メイ,Animal Chigwa Clinic Mei,동물치과병원메이,,江南区,Gangnam-gu,서울 강남구 테헤란로8길 46,02-797-4408,,https://may-dentalvet.co.kr,37.495875,127.032301,5.0,322,"https://www.google.com/maps/search/?api=1&query=37.495875,127.032301",동물병원
34,動物病院,Veterinary clinic,トリム動物病院,Deurim Animal Hospital,드림동물병원,,江南区,Gangnam-gu,서울 강남구 역삼로 233,02-508-7583,,,37.497424,127.042023,5.0,6,"https://www.google.com/maps/search/?api=1&query=37.497424,127.042023",동물병원
35,動物病院,Veterinary clinic,チア動物病院,Dia Animal Hospital,디아동물병원,,江南区,Gangnam-gu,서울 강남구 선릉로4길 13,02-572-2772,,,37.482748,127.062222,,3,"https://www.google.com/maps/search/?api=1&query=37.482748,127.062222",동물병원
36,動物病院,Veterinary clinic,チアク動物病院,Diakeu Animal Hospital,디아크동물병원,,江南区,Gangnam-gu,서울 강남구 논현로149길 35,,,,37.517604,127.025648,,0,"https://www.google.com/maps/search/?api=1&query=37.517604,127.025648",동물병원
37,動物病院,Veterinary clinic,ラピュクルレル 動物ピブクルリニク,Rapyukeullereu Animal Pibukeullinik,라퓨클레르 동물피부클리닉,,江南区,Gangnam-gu,서울 강남구 압구정로 445,02-3442-0302,,,37.526539,127.046109,,223,"https://www.google.com/maps/search/?api=1&query=37.526539,127.046109",동물병원
38,動物病院,Veterinary clinic,レイ動物医療センター,Raei Animal Medical Center,래이동물의료센터,,江南区,Gangnam-gu,서울 강남구 남부순환로 2911-1,02-556-7588,,,37.492702,127.057706,,1,"https://www.google.com/maps/search/?api=1&query=37.492702,127.057706",동물병원
39,動物病院,Veterinary clinic,リヂア動物病院,Ridia Animal Hospital,리디아동물병원,,江南区,Gangnam-gu,서울 강남구 압구정로46길 6,0502-5552-0781,,https://blog.naver.com/lydiavet,37.528269,127.036578,5.0,72,"https://www.google.com/maps/search/?api=1&query=37.528269,127.036578",동물병원
40,動物病院,Veterinary clinic,マドス動物病院,Madeoseu Animal Hospital,마더스동물병원,,江南区,Gangnam-gu,서울 강남구 헌릉로 569,02-445-7579,,,37.465678,127.101119,4.7,1,"https://www.google.com/maps/search/?api=1&query=37.465678,127.101119",동물병원
41,動物病院,Veterinary clinic,メイト動物病院,Meiteu Animal Hospital,메이트동물병원,,江南区,Gangnam-gu,서울 강남구 압구정로 332,02-540-6303,,,37.528205,127.037822,3.8,2,"https://www.google.com/maps/search/?api=1&query=37.528205,127.037822",동물병원
42,動物病院,Veterinary clinic,ミル動物医療センター,Mireu Animal Medical Center,미르동물의료센터,,江南区,Gangnam-gu,서울 강남구 선릉로 48,02-577-7533,,,37.483606,127.059738,5.0,36,"https://www.google.com/maps/search/?api=1&query=37.483606,127.059738",동물병원
43,動物病院,Veterinary clinic,パルリョダム動物病院,Ballyeodam Animal Hospital,반려담동물병원,,江南区,Gangnam-gu,서울 강남구 봉은사로44길 61,02-6207-0772,,https://pf.kakao.com/_uzBrn,37.505763,127.042406,5.0,134,"https://www.google.com/maps/search/?api=1&query=37.505763,127.042406",동물병원
44,動物病院,Veterinary clinic,ペクサン動物病院,Baeksan Animal Hospital,백산동물병원,,江南区,Gangnam-gu,서울 강남구 논현로86길 22,02-511-6364,,https://www.thecatclinic.co.kr/,37.500031,127.039355,,0,"https://www.google.com/maps/search/?api=1&query=37.500031,127.039355",동물병원
45,動物病院,Veterinary clinic,ポムサラン動物病院,Bomsarang Animal Hospital,봄사랑동물병원,,江南区,Gangnam-gu,서울 강남구 압구정로29길 68,02-6951-4327,,http://blog.naver.com/bomsarangah,37.53217,127.027679,4.5,1,"https://www.google.com/maps/search/?api=1&query=37.53217,127.027679",동물병원
46,動物病院,Veterinary clinic,ソギョンソク動物病院,Seogyeongseok Animal Hospital,서경석동물병원,,江南区,Gangnam-gu,서울 강남구 일원로 35,02-3412-0067,,,37.490641,127.08121,3.8,1,"https://www.google.com/maps/search/?api=1&query=37.490641,127.08121",동물병원
47,動物病院,Veterinary clinic,ソウル動物病院,Seoul Animal Hospital,서울동물병원,,江南区,Gangnam-gu,서울 강남구 역삼로 412,02-566-8211,,,37.500701,127.052353,,0,"https://www.google.com/maps/search/?api=1&query=37.500701,127.052353",동물병원
48,動物病院,Veterinary clinic,ソウル動物医療センター,Seoul Animal Medical Center,서울동물의료센터,,江南区,Gangnam-gu,서울 강남구 역삼로 426,02-566-8211,,,37.501309,127.053678,3.0,5,"https://www.google.com/maps/search/?api=1&query=37.501309,127.053678",동물병원
49,動物病院,Veterinary clinic,ソルルン動物病院,Seolleung Animal Hospital,선릉동물병원,,江南区,Gangnam-gu,서울 강남구 선릉로 533,02-557-1555,https://www.instagram.com/slah5571555,,37.506909,127.046796,5.0,1,"https://www.google.com/maps/search/?api=1&query=37.506909,127.046796",동물병원
50,動物病院,Veterinary clinic,セントロル動物病院,Senteureol Animal Hospital,센트럴동물병원,,江南区,Gangnam-gu,서울 강남구 도곡로 510,02-568-0275,,,37.49902,127.062183,,0,"https://www.google.com/maps/search/?api=1&query=37.49902,127.062183",동물병원
51,動物病院,Veterinary clinic,ソムトルジュ,Somteoljeu,솜털즈,,江南区,Gangnam-gu,서울 강남구 도곡로7길 11,070-4436-4110,,,37.491323,127.034488,,0,"https://www.google.com/maps/search/?api=1&query=37.491323,127.034488",동물병원
52,動物病院,Veterinary clinic,スソ動物病院,Suseo Animal Hospital,수서동물병원,,江南区,Gangnam-gu,서울 강남구 광평로 196,02-459-5955,,,37.483963,127.094269,4.0,2,"https://www.google.com/maps/search/?api=1&query=37.483963,127.094269",동물병원
53,動物病院,Veterinary clinic,スジョン動物病院,Sujeong Animal Hospital,수정동물병원,,江南区,Gangnam-gu,서울 강남구 일원로14길 25,02-6053-6052,,,37.482975,127.08028,5.0,1,"https://www.google.com/maps/search/?api=1&query=37.482975,127.08028",동물병원
54,動物病院,Veterinary clinic,スマート動物病院 ケポジョム,Seu Mart Animal Hospital Gaepojeom,스마트동물병원 개포점,,江南区,Gangnam-gu,서울 강남구 영동대로3길 17,02-554-7582,https://www.instagram.com/smart758_gaepo,,37.487857,127.073773,4.0,17,"https://www.google.com/maps/search/?api=1&query=37.487857,127.073773",동물병원
55,動物病院,Veterinary clinic,スマート動物病院 チョンヒョンウェグァ シンギョンウェグァ,Seu Mart Animal Hospital Jeonghyeongoegwa Singyeongoegwa,스마트동물병원 정형외과 신경외과,,江南区,Gangnam-gu,서울 강남구 도산대로 213,02-549-0279,https://www.instagram.com/smart_0279,,37.520697,127.029989,5.0,8,"https://www.google.com/maps/search/?api=1&query=37.520697,127.029989",동물병원
56,動物病院,Veterinary clinic,シグニチョ動物医療センター,Sigeunicheo Animal Medical Center,시그니처동물의료센터,,江南区,Gangnam-gu,서울 강남구 도산대로 213,02-549-0275,,https://blog.naver.com/signatureamc,37.520707,127.03,4.1,340,"https://www.google.com/maps/search/?api=1&query=37.520707,127.03",동물병원
57,動物病院,Veterinary clinic,シンサ動物病院,Sinsa Animal Hospital,신사동물병원,,江南区,Gangnam-gu,서울 강남구 도산대로 206,02-549-4505,,http://www.sinsa24ah.co.kr,37.519646,127.029017,4.4,4,"https://www.google.com/maps/search/?api=1&query=37.519646,127.029017",동물병원
58,動物病院,Veterinary clinic,アミカル動物病院,Amikal Animal Hospital,아미칼동물병원,,江南区,Gangnam-gu,서울 강남구 남부순환로 2936,,,http://blog.naver.com/amicalamc,37.493348,127.061918,,0,"https://www.google.com/maps/search/?api=1&query=37.493348,127.061918",동물병원
59,動物病院,Veterinary clinic,アイヒル動物病院,Aihil Animal Hospital,아이힐동물병원,,江南区,Gangnam-gu,서울 강남구 도곡로 115,02-561-3375,,,37.490245,127.032982,,112,"https://www.google.com/maps/search/?api=1&query=37.490245,127.032982",동물병원
60,動物病院,Veterinary clinic,アクリス動物医療センター,Akeuriseu Animal Medical Center,아크리스동물의료센터,,江南区,Gangnam-gu,서울 강남구 봉은사로104길 10,02-583-7582,,http://www.acrisamc.co.kr/,37.513714,127.061905,,19,"https://www.google.com/maps/search/?api=1&query=37.513714,127.061905",동물병원
61,動物病院,Veterinary clinic,アプグジョン動物医療センター,Apgujeong Animal Medical Center,압구정동물의료센터,,江南区,Gangnam-gu,서울 강남구 압구정로 226,02-547-7588,,,37.528685,127.032518,3.2,20,"https://www.google.com/maps/search/?api=1&query=37.528685,127.032518",동물병원
62,動物病院,Veterinary clinic,アプグジョンソマン動物病院,Apgujeongsomang Animal Hospital,압구정소망동물병원,,江南区,Gangnam-gu,서울 강남구 압구정로34길 11,010-953-8611,,,37.527376,127.030974,,0,"https://www.google.com/maps/search/?api=1&query=37.527376,127.030974",동물병원
63,動物病院,Veterinary clinic,アプグジョンウェル動物病院,Apgujeongwel Animal Hospital,압구정웰동물병원,,江南区,Gangnam-gu,서울 강남구 압구정로 108,02-3443-0275,,http://blog.naver.com/atylnb,37.522889,127.0206,4.6,3,"https://www.google.com/maps/search/?api=1&query=37.522889,127.0206",동물병원
64,動物病院,Veterinary clinic,オルバイン動物病院,Eolbain Animal Hospital,얼바인동물병원,,江南区,Gangnam-gu,서울 강남구 밤고개로 223,02-459-7515,,https://blog.naver.com/irvineahad,37.474425,127.107105,5.0,21,"https://www.google.com/maps/search/?api=1&query=37.474425,127.107105",동물병원
65,動物病院,Veterinary clinic,エル動物医療センター,Ereu Animal Medical Center,에르동물의료센터,,江南区,Gangnam-gu,서울 강남구 언주로 415,02-2038-4302,,https://blog.naver.com/eramc247,37.500002,127.043592,5.0,117,"https://www.google.com/maps/search/?api=1&query=37.500002,127.043592",동물병원
66,動物病院,Veterinary clinic,エイド動物病院,Eideu Animal Hospital,에이드동물병원,,江南区,Gangnam-gu,서울 강남구 논현로 813,02-545-4975,,,37.521148,127.027901,,87,"https://www.google.com/maps/search/?api=1&query=37.521148,127.027901",동물병원
67,動物病院,Veterinary clinic,イェウン動物医療センター,Yeeun Animal Medical Center,예은동물의료센터,,江南区,Gangnam-gu,서울 강남구 학동로29길 5,02-529-5575,,https://www.yeamc.com/,37.514671,127.031211,4.5,375,"https://www.google.com/maps/search/?api=1&query=37.514671,127.031211",동물병원
68,動物病院,Veterinary clinic,オジュ動物病院,Ojeu Animal Hospital,오즈동물병원,,江南区,Gangnam-gu,서울 강남구 논현로132길 37,02-6958-7515,,,37.515724,127.033435,,1,"https://www.google.com/maps/search/?api=1&query=37.515724,127.033435",동물병원
69,動物病院,Veterinary clinic,オンスピョンサンウェグァ動物医療センター,Onsupyeongsangoegwa Animal Medical Center,온숲영상외과동물의료센터,,江南区,Gangnam-gu,서울 강남구 도곡로 241,02-6951-5324,,,37.493936,127.044873,,0,"https://www.google.com/maps/search/?api=1&query=37.493936,127.044873",동물병원
70,動物病院,Veterinary clinic,ワイジュ24時間動物病院,Waijeu 24h Animal Hospital,와이즈24시동물병원,はい/Yes,江南区,Gangnam-gu,서울 강남구 학동로6길 7,02-3446-8253,,http://blog.naver.com/wise24ah,37.511248,127.023888,,2,"https://www.google.com/maps/search/?api=1&query=37.511248,127.023888",동물병원
71,動物病院,Veterinary clinic,ウリジプ動物病院,Urijip Animal Hospital,우리집동물병원,,江南区,Gangnam-gu,서울 강남구 남부순환로 2737,,,,37.48649,127.045196,5.0,1,"https://www.google.com/maps/search/?api=1&query=37.48649,127.045196",동물병원
72,動物病院,Veterinary clinic,ウォン動物病院,Won Animal Hospital,원동물병원,,江南区,Gangnam-gu,서울 강남구 역삼로 459,02-555-6835,,,37.502863,127.057465,4.7,4,"https://www.google.com/maps/search/?api=1&query=37.502863,127.057465",동물병원
73,動物病院,Veterinary clinic,ウォンソンジュニョンサンウィハクグァ動物病院,Wonseongjunyeongsanguihakgwa Animal Hospital,원성준영상의학과동물병원,,江南区,Gangnam-gu,서울 강남구 도곡로 167,02-6204-7511,,https://vetdi.co.kr,37.491755,127.03794,5.0,4,"https://www.google.com/maps/search/?api=1&query=37.491755,127.03794",동물병원
74,動物病院,Veterinary clinic,イビチ動物チグァ病院,Ibichi Animal Chigwa Clinic,이비치동물치과병원,,江南区,Gangnam-gu,서울 강남구 선릉로 756,02-511-2842,,http://www.evichi.co.kr/,37.522265,127.03967,,93,"https://www.google.com/maps/search/?api=1&query=37.522265,127.03967",동물병원
75,動物病院,Veterinary clinic,イアン動物ウィハクセンター,Ian Animal Uihak Center,이안동물의학센터,,江南区,Gangnam-gu,서울 강남구 선릉로 806,02-574-7533,,http://www.ian.kr,37.523887,127.039562,2.0,23,"https://www.google.com/maps/search/?api=1&query=37.523887,127.039562",동물병원
76,動物病院,Veterinary clinic,イルマレ動物メディカルセンター,Ilmare Animal Medical Center,일마레동물메디컬센터,,江南区,Gangnam-gu,서울 강남구 영동대로 708,02-3445-7275,,,37.521057,127.057138,,1,"https://www.google.com/maps/search/?api=1&query=37.521057,127.057138",동물병원
77,動物病院,Veterinary clinic,イムジェソン動物医療センター,Imjaeseong Animal Medical Center,임재성동물의료센터,,江南区,Gangnam-gu,서울 강남구 일원로9길 74,02-451-7582,,https://blog.naver.com/ljsamc,37.490971,127.087512,5.0,20,"https://www.google.com/maps/search/?api=1&query=37.490971,127.087512",동물병원
78,動物病院,Veterinary clinic,チャヨン動物病院,Jayeon Animal Hospital,자연동물병원,,江南区,Gangnam-gu,서울 강남구 개포로 260,02-576-8275,,,37.479265,127.050926,4.4,1,"https://www.google.com/maps/search/?api=1&query=37.479265,127.050926",동물병원
79,動物病院,Veterinary clinic,チュジュ動物チョンハプ病院,Juju Animal Jonghap Clinic,주주동물종합병원,,江南区,Gangnam-gu,서울 강남구 선릉로 412,02-556-0975,,,37.501754,127.050586,4.4,4,"https://www.google.com/maps/search/?api=1&query=37.501754,127.050586",동물병원
80,動物病院,Veterinary clinic,チュンアン動物メディカルセンター,Jungang Animal Medical Center,중앙동물메디컬센터,,江南区,Gangnam-gu,서울 강남구 영동대로 630,02-512-3331,,https://www.youtube.com/@minivet_park,37.516495,127.059487,3.6,122,"https://www.google.com/maps/search/?api=1&query=37.516495,127.059487",동물병원
81,動物病院,Veterinary clinic,チョンダムゴウンピブグァ動物病院,Cheongdamgounpibugwa Animal Hospital,청담고운피부과동물병원,,江南区,Gangnam-gu,서울 강남구 도산대로 537,02-545-8875,,https://naver.me/Fpxl2ZOP,37.525114,127.052361,5.0,83,"https://www.google.com/maps/search/?api=1&query=37.525114,127.052361",동물병원
82,動物病院,Veterinary clinic,チョンダムヌンチョロンアングァ動物病院,Cheongdamnunchorongangwa Animal Hospital,청담눈초롱안과동물병원,,江南区,Gangnam-gu,서울 강남구 도산대로 412,02-512-7566,,http://www.animaleyes.co.kr/,37.522966,127.040715,,31,"https://www.google.com/maps/search/?api=1&query=37.522966,127.040715",동물병원
83,動物病院,Veterinary clinic,チョンダム動物病院,Cheongdam Animal Hospital,청담동물병원,,江南区,Gangnam-gu,서울 강남구 도산대로50길 13,02-543-4037,,,37.521613,127.037692,5.0,2,"https://www.google.com/maps/search/?api=1&query=37.521613,127.037692",동물병원
84,動物病院,Veterinary clinic,チョンダムニデン動物チグァ病院,Cheongdamniden Animal Chigwa Clinic,청담리덴동물치과병원,,江南区,Gangnam-gu,서울 강남구 영동대로128길 15,02-544-2882,,,37.520158,127.05921,,10,"https://www.google.com/maps/search/?api=1&query=37.520158,127.05921",동물병원
85,動物病院,Veterinary clinic,チョンダムジャントントンネグァ動物病院,Cheongdamjangteunteunnaegwa Animal Hospital,청담장튼튼내과동물병원,,江南区,Gangnam-gu,서울 강남구 도산대로 537,02-549-7581,,,37.525172,127.052374,5.0,163,"https://www.google.com/maps/search/?api=1&query=37.525172,127.052374",동물병원
86,動物病院,Veterinary clinic,チュンヒョン動物チョンハプ病院,Chunghyeon Animal Jonghap Clinic,충현동물종합병원,,江南区,Gangnam-gu,서울 강남구 논현로 621,02-549-7582,,,37.509044,127.032773,2.4,4,"https://www.google.com/maps/search/?api=1&query=37.509044,127.032773",동물병원
87,動物病院,Veterinary clinic,チリョモンモン動物病院,Chiryomeongmeong Animal Hospital,치료멍멍동물병원,,江南区,Gangnam-gu,서울 강남구 언주로172길 11,02-545-0075,,https://7500clinic.com,37.527952,127.034798,4.9,1,"https://www.google.com/maps/search/?api=1&query=37.527952,127.034798",동물병원
88,動物病院,Veterinary clinic,コビ動物病院,Keobi Animal Hospital,커비동물병원,,江南区,Gangnam-gu,서울 강남구 강남대로122길 47,02-545-8952,http://www.instagram.com/kerby_vetclinic,,37.50897,127.026681,,7,"https://www.google.com/maps/search/?api=1&query=37.50897,127.026681",동물병원
89,動物病院,Veterinary clinic,クルラリチ 動物チグァ病院,Keullariti Animal Chigwa Clinic,클라리티 동물치과병원,,江南区,Gangnam-gu,서울 강남구 학동로 208,02-2038-7889,,https://www.clarity-vetdental.kr/,37.51405,127.031988,5.0,19,"https://www.google.com/maps/search/?api=1&query=37.51405,127.031988",동물병원
90,動物病院,Veterinary clinic,トントン動物病院,Teunteun Animal Hospital,튼튼동물병원,,江南区,Gangnam-gu,서울 강남구 압구정로 151,02-549-9773,,http://blog.naver.com/vetmsh,37.526786,127.024455,5.0,1,"https://www.google.com/maps/search/?api=1&query=37.526786,127.024455",동물병원
91,動物病院,Veterinary clinic,ポピジュン動物病院,Peopijeun Animal Hospital,퍼피즌동물병원,,江南区,Gangnam-gu,서울 강남구 선릉로 636,02-541-2651,,,37.513222,127.042985,5.0,3,"https://www.google.com/maps/search/?api=1&query=37.513222,127.042985",동물병원
92,動物病院,Veterinary clinic,プルラリス動物医療センター,Peullariseu Animal Medical Center,플라리스동물의료센터,,江南区,Gangnam-gu,서울 강남구 언주로 627,,,,37.512519,127.035126,,0,"https://www.google.com/maps/search/?api=1&query=37.512519,127.035126",동물병원
93,動物病院,Veterinary clinic,ハナカ動物病院,Hanaka Animal Hospital,하나카동물병원,,江南区,Gangnam-gu,서울 강남구 역삼로 138,02-566-5852,,https://blog.naver.com/vethanaka,37.494263,127.034693,4.5,4,"https://www.google.com/maps/search/?api=1&query=37.494263,127.034693",동물병원
94,動物病院,Veterinary clinic,ハン動物病院,Han Animal Hospital,한동물병원,,江南区,Gangnam-gu,서울 강남구 논현로10길 14,02-575-7581,,,37.474256,127.049797,,1,"https://www.google.com/maps/search/?api=1&query=37.474256,127.049797",동물병원
95,動物病院,Veterinary clinic,ヘイドン動物病院,Heideun Animal Hospital,헤이든동물병원,,江南区,Gangnam-gu,서울 강남구 언주로7길 6,02-6207-5551,,https://blog.naver.com/heydenamc,37.478456,127.055568,5.0,123,"https://www.google.com/maps/search/?api=1&query=37.478456,127.055568",동물병원
96,動物病院,Veterinary clinic,ヒェミン動物病院,Hyemin Animal Hospital,혜민동물병원,,江南区,Gangnam-gu,서울 강남구 봉은사로57길 59,02-454-8275,,https://blog.naver.com/hyeminpet,37.514583,127.043738,4.0,10,"https://www.google.com/maps/search/?api=1&query=37.514583,127.043738",동물병원
97,動物病院,Veterinary clinic,ヒルスター動物病院,Hil Star Animal Hospital,힐스타동물병원,,江南区,Gangnam-gu,서울 강남구 자곡로 204-5,02-445-5022,,http://blog.naver.com/hillstar22,37.474519,127.105463,4.6,42,"https://www.google.com/maps/search/?api=1&query=37.474519,127.105463",동물병원
98,動物病院,Veterinary clinic,24時間ドパーク動物医療センター,24 Sideo Park Animal Medical Center,24시더파크동물의료센터,はい/Yes,江東区,Gangdong-gu,서울 강동구 성내로 48,02-6949-2475,,,37.528462,127.125514,5.0,185,"https://www.google.com/maps/search/?api=1&query=37.528462,127.125514",동물병원
99,動物病院,Veterinary clinic,Dr. チュ 動物病院,Dr. Ju Animal Hospital,Dr. 주 동물병원,,江東区,Gangdong-gu,서울 강동구 양재대로 1376,02-470-0030,,https://blog.naver.com/bestoda,37.528834,127.137194,3.3,98,"https://www.google.com/maps/search/?api=1&query=37.528834,127.137194",동물병원
100,動物病院,Veterinary clinic,GD 動物病院,GD Animal Hospital,GD 동물병원,,江東区,Gangdong-gu,서울 강동구 상일로 13,,,,37.548245,127.173107,1.8,0,"https://www.google.com/maps/search/?api=1&query=37.548245,127.173107",동물병원
101,動物病院,Veterinary clinic,カナ動物病院,Gana Animal Hospital,가나동물병원,,江東区,Gangdong-gu,서울 강동구 고덕로 101,02-441-8588,,,37.554942,127.136728,,0,"https://www.google.com/maps/search/?api=1&query=37.554942,127.136728",동물병원
102,動物病院,Veterinary clinic,カラム動物病院,Garam Animal Hospital,가람동물병원,,江東区,Gangdong-gu,서울 강동구 성내로 36,02-484-5502,,,37.529061,127.12423,3.7,1,"https://www.google.com/maps/search/?api=1&query=37.529061,127.12423",동물병원
103,動物病院,Veterinary clinic,カンドン24時間 SKY動物医療センター,Gangdong 24h SKY Animal Medical Center,강동24시 SKY동물의료센터,はい/Yes,江東区,Gangdong-gu,서울 강동구 천호대로 1122,02-472-7579,,,37.534331,127.135999,2.3,9,"https://www.google.com/maps/search/?api=1&query=37.534331,127.135999",동물병원
104,動物病院,Veterinary clinic,カンドン動物病院,Gangdong Animal Hospital,강동동물병원,,江東区,Gangdong-gu,서울 강동구 양재대로121길 13,,,,37.542334,127.140808,4.3,0,"https://www.google.com/maps/search/?api=1&query=37.542334,127.140808",동물병원
105,動物病院,Veterinary clinic,カンドンアイアン動物医療センター,Gangdongaian Animal Medical Center,강동아이안동물의료센터,,江東区,Gangdong-gu,서울 강동구 고덕로 262,02-441-2202,,https://blog.naver.com/aianamc,37.554668,127.154623,,326,"https://www.google.com/maps/search/?api=1&query=37.554668,127.154623",동물병원
106,動物病院,Veterinary clinic,カンドンクンスプ動物病院,Gangdongkeunsup Animal Hospital,강동큰숲동물병원,,江東区,Gangdong-gu,서울 강동구 양재대로 1384,02-6958-7975,,,37.52974,127.137366,5.0,9,"https://www.google.com/maps/search/?api=1&query=37.52974,127.137366",동물병원
107,動物病院,Veterinary clinic,コドク24時間動物病院,Godeok 24h Animal Hospital,고덕24시동물병원,はい/Yes,江東区,Gangdong-gu,서울 강동구 동남로 877,02-6227-8275,,,37.551981,127.155805,4.0,3,"https://www.google.com/maps/search/?api=1&query=37.551981,127.155805",동물병원
108,動物病院,Veterinary clinic,コドクゴレヒル動物病院,Godeokgoraehil Animal Hospital,고덕고래힐동물병원,,江東区,Gangdong-gu,서울 강동구 아리수로50길 50,02-441-5515,,http://blog.naver.com/goraehillah,37.558453,127.151129,5.0,23,"https://www.google.com/maps/search/?api=1&query=37.558453,127.151129",동물병원
109,動物病院,Veterinary clinic,コドク動物医療センター,Godeok Animal Medical Center,고덕동물의료센터,,江東区,Gangdong-gu,서울 강동구 고덕로 399,02-441-7585,,http://blog.naver.com/godeokamc,37.557439,127.170458,5.0,4,"https://www.google.com/maps/search/?api=1&query=37.557439,127.170458",동물병원
110,動物病院,Veterinary clinic,クミン動物病院 動物ヤクグク,Gumin Animal Hospital Animal Yakguk,구민동물병원 동물약국,,江東区,Gangdong-gu,서울 강동구 양재대로127길 31,02-543-1945,,,37.545424,127.140968,5.0,2,"https://www.google.com/maps/search/?api=1&query=37.545424,127.140968",동물병원
111,動物病院,Veterinary clinic,キルジョンハプ動物病院,Giljonghap Animal Hospital,길종합동물병원,,江東区,Gangdong-gu,서울 강동구 천호대로 1199,02-484-0075,,,37.535015,127.144123,3.7,2,"https://www.google.com/maps/search/?api=1&query=37.535015,127.144123",동물병원
112,動物病院,Veterinary clinic,キムテファ動物病院,Gimtaehwa Animal Hospital,김태화동물병원,,江東区,Gangdong-gu,서울 강동구 천호대로 1186,02-486-4252,,,37.533977,127.143232,4.3,0,"https://www.google.com/maps/search/?api=1&query=37.533977,127.143232",동물병원
113,動物病院,Veterinary clinic,ネプメ動物病院,Naepume Animal Hospital,내품에동물병원,,江東区,Gangdong-gu,서울 강동구 천호대로 1120,02-477-1775,,https://blog.naver.com/mylovehug,37.534542,127.135508,4.8,3,"https://www.google.com/maps/search/?api=1&query=37.534542,127.135508",동물병원
114,動物病院,Veterinary clinic,ヌル動物医療センター,Neul Animal Medical Center,늘동물의료센터,,江東区,Gangdong-gu,서울 강동구 상일로12길 89,0503-7154-2244,,https://neulamc.co.kr,37.556415,127.173002,5.0,5,"https://www.google.com/maps/search/?api=1&query=37.556415,127.173002",동물병원
115,動物病院,Veterinary clinic,ヌルサラン動物病院,Neulsarang Animal Hospital,늘사랑동물병원,,江東区,Gangdong-gu,서울 강동구 고덕로 162,02-442-2223,,,37.554523,127.143425,5.0,1,"https://www.google.com/maps/search/?api=1&query=37.554523,127.143425",동물병원
116,動物病院,Veterinary clinic,タレ,Darae,다래,,江東区,Gangdong-gu,서울 강동구 구천면로 289,02-474-0117,,,37.545813,127.133496,3.7,0,"https://www.google.com/maps/search/?api=1&query=37.545813,127.133496",동물병원
117,動物病院,Veterinary clinic,タクトピョ動物病院,Dakteopyo Animal Hospital,닥터표동물병원,,江東区,Gangdong-gu,서울 강동구 올림픽로 566,02-484-4063,,,37.532077,127.121447,,2,"https://www.google.com/maps/search/?api=1&query=37.532077,127.121447",동물병원
118,動物病院,Veterinary clinic,トダム動物病院 カンドン,Dodam Animal Hospital Gangdong,도담동물병원 강동,,江東区,Gangdong-gu,서울 강동구 상일로 153,02-6953-7512,,https://blog.naver.com/whycort76,37.560666,127.170462,5.0,313,"https://www.google.com/maps/search/?api=1&query=37.560666,127.170462",동물병원
119,動物病院,Veterinary clinic,トルボム動物病院,Dolbom Animal Hospital,돌봄동물병원,,江東区,Gangdong-gu,서울 강동구 고덕로 133,02-426-2775,,,37.555251,127.140348,4.0,0,"https://www.google.com/maps/search/?api=1&query=37.555251,127.140348",동물병원
120,動物病院,Veterinary clinic,動物病院コンガム,Animal Hospital Gonggam,동물병원공감,,江東区,Gangdong-gu,서울 강동구 양재대로 1609,02-484-7975,http://www.instagram.com/gonggam_amc,,37.549276,127.143438,,9,"https://www.google.com/maps/search/?api=1&query=37.549276,127.143438",동물병원
121,動物病院,Veterinary clinic,動物ヨンサンウィハクセンター ナウムゴヤンイ病院,Animal Yeongsanguihak Center Naeumgoyangi Clinic,동물영상의학센터 나음고양이병원,,江東区,Gangdong-gu,서울 강동구 천호대로 1171,,,,37.534114,127.141413,1.0,0,"https://www.google.com/maps/search/?api=1&query=37.534114,127.141413",동물병원
122,動物病院,Veterinary clinic,トゥル動物病院,Duru Animal Hospital,두루동물병원,,江東区,Gangdong-gu,서울 강동구 구천면로 498-1,02-442-7772,,,37.549014,127.153699,3.4,1,"https://www.google.com/maps/search/?api=1&query=37.549014,127.153699",동물병원
123,動物病院,Veterinary clinic,トゥンチョン動物病院,Dunchon Animal Hospital,둔촌동물병원,,江東区,Gangdong-gu,서울 강동구 양재대로 1385,,,,37.529923,127.136685,5.0,1,"https://www.google.com/maps/search/?api=1&query=37.529923,127.136685",동물병원
124,動物病院,Veterinary clinic,トゥンチュン動物病院,Dunchun Animal Hospital,둔춘동물병원,,江東区,Gangdong-gu,서울 강동구 양재대로 1385,,,,37.529915,127.136659,,0,"https://www.google.com/maps/search/?api=1&query=37.529915,127.136659",동물병원
125,動物病院,Veterinary clinic,ロヤル動物メディカルセンター カンドン,Royal Animal Medical Center Gangdong,로얄동물메디컬센터 강동,,江東区,Gangdong-gu,서울 강동구 천호대로 1171,02-457-0075,,http://royalamcgd.com/,37.534127,127.1414,,96,"https://www.google.com/maps/search/?api=1&query=37.534127,127.1414",동물병원
126,動物病院,Veterinary clinic,ルリ動物病院,Ruri Animal Hospital,루리동물병원,,江東区,Gangdong-gu,서울 강동구 고덕로 353,02-2088-1010,,https://blog.naver.com/luliamc,37.557625,127.164763,5.0,61,"https://www.google.com/maps/search/?api=1&query=37.557625,127.164763",동물병원
127,動物病院,Veterinary clinic,メイプル動物医療センター,Meipeul Animal Medical Center,메이플동물의료센터,,江東区,Gangdong-gu,서울 강동구 아리수로93나길 60,02-426-7979,,http://blog.naver.com/mapleamc,37.572291,127.175164,,25,"https://www.google.com/maps/search/?api=1&query=37.572291,127.175164",동물병원
128,動物病院,Veterinary clinic,モヨラ 動物病院,Moyeora Animal Hospital,모여라 동물병원,,江東区,Gangdong-gu,서울 강동구 고덕로80길 99,,,,37.553282,127.168125,5.0,0,"https://www.google.com/maps/search/?api=1&query=37.553282,127.168125",동물병원
129,動物病院,Veterinary clinic,ミドミ動物医療センター,Mideumi Animal Medical Center,미드미동물의료센터,,江東区,Gangdong-gu,서울 강동구 양재대로 1588,02-6497-7582,https://www.instagram.com/midmiamc,,37.547272,127.14367,4.2,116,"https://www.google.com/maps/search/?api=1&query=37.547272,127.14367",동물병원
130,動物病院,Veterinary clinic,ミサラン 動物病院,Misarang Animal Hospital,미사랑 동물병원,,江東区,Gangdong-gu,서울 강동구 고덕로14길 61,,,,37.551927,127.131208,,0,"https://www.google.com/maps/search/?api=1&query=37.551927,127.131208",동물병원
131,動物病院,Veterinary clinic,パクヒョンウ動物病院,Bakhyeongu Animal Hospital,박형우동물병원,,江東区,Gangdong-gu,서울 강동구 올림픽로 568,02-488-8275,,,37.532201,127.12151,4.6,0,"https://www.google.com/maps/search/?api=1&query=37.532201,127.12151",동물병원
132,動物病院,Veterinary clinic,パンジュ動物医療センター,Bangju Animal Medical Center,방주동물의료센터,,江東区,Gangdong-gu,서울 강동구 양재대로 1299,02-476-3927,,https://blog.naver.com/bangzoo_animals,37.522537,127.133616,4.5,188,"https://www.google.com/maps/search/?api=1&query=37.522537,127.133616",동물병원
133,動物病院,Veterinary clinic,ペベ動物病院,Bebe Animal Hospital,베베동물병원,,江東区,Gangdong-gu,서울 강동구 올림픽로78길 60,02-475-7579,,"https://map.naver.com/p/entry/place/1809594378?c=19.07,0,0,0,dh",37.541007,127.127714,5.0,47,"https://www.google.com/maps/search/?api=1&query=37.541007,127.127714",동물병원
134,動物病院,Veterinary clinic,サラン動物病院,Sarang Animal Hospital,사랑동물병원,,江東区,Gangdong-gu,서울 강동구 천중로49길 4,02-6403-1750,,,37.541185,127.143046,3.0,8,"https://www.google.com/maps/search/?api=1&query=37.541185,127.143046",동물병원
135,動物病院,Veterinary clinic,サランイインヌン動物病院,Sarangiinneun Animal Hospital,사랑이있는동물병원,,江東区,Gangdong-gu,서울 강동구 구천면로 446,02-428-7893,,,37.549276,127.147747,,0,"https://www.google.com/maps/search/?api=1&query=37.549276,127.147747",동물병원
136,動物病院,Veterinary clinic,サランイインヌン動物病院 ピョルグァン,Sarangiinneun Animal Hospital Byeolgwan,사랑이있는동물병원 별관,,江東区,Gangdong-gu,서울 강동구 구천면로 446,02-428-7893,,,37.549276,127.147747,,0,"https://www.google.com/maps/search/?api=1&query=37.549276,127.147747",동물병원
137,動物病院,Veterinary clinic,サンイルッスダムッスダム動物病院,Sangilsseudamsseudam Animal Hospital,상일쓰담쓰담동물병원,,江東区,Gangdong-gu,서울 강동구 구천면로 670,02-2135-8257,,,37.55086,127.172377,4.0,8,"https://www.google.com/maps/search/?api=1&query=37.55086,127.172377",동물병원
138,動物病院,Veterinary clinic,ソウラルレルギ動物病院,Seourallereugi Animal Hospital,서울알레르기동물병원,,江東区,Gangdong-gu,서울 강동구 양재대로 1581,02-2039-8075,,,37.546819,127.142921,5.0,202,"https://www.google.com/maps/search/?api=1&query=37.546819,127.142921",동물병원
139,動物病院,Veterinary clinic,ソク動物病院,Seok Animal Hospital,석동물병원,,江東区,Gangdong-gu,서울 강동구 성안로 16,02-475-7501,,,37.525203,127.129644,5.0,1,"https://www.google.com/maps/search/?api=1&query=37.525203,127.129644",동물병원
140,動物病院,Veterinary clinic,ソンネ動物病院,Seongnae Animal Hospital,성내동물병원,,江東区,Gangdong-gu,서울 강동구 풍성로 145,02-484-5252,,,37.531256,127.128097,,0,"https://www.google.com/maps/search/?api=1&query=37.531256,127.128097",동물병원
141,動物病院,Veterinary clinic,セジョン動物病院,Sejong Animal Hospital,세종동물병원,,江東区,Gangdong-gu,서울 강동구 구천면로 237,02-484-8414,,,37.541737,127.130433,,0,"https://www.google.com/maps/search/?api=1&query=37.541737,127.130433",동물병원
142,動物病院,Veterinary clinic,スマート動物病院 カンドンアムサジョム,Seu Mart Animal Hospital Gangdongamsajeom,스마트동물병원 강동암사점,,江東区,Gangdong-gu,서울 강동구 고덕로 110,02-442-8875,,http://blog.naver.com/smart7582,37.554555,127.137617,3.7,3,"https://www.google.com/maps/search/?api=1&query=37.554555,127.137617",동물병원
143,動物病院,Veterinary clinic,シオン動物病院,Sion Animal Hospital,시온동물병원,,江東区,Gangdong-gu,서울 강동구 천호대로 1057,02-476-8275,,,37.53714,127.129378,3.3,1,"https://www.google.com/maps/search/?api=1&query=37.53714,127.129378",동물병원
144,動物病院,Veterinary clinic,ッシエイチ動物病院,Ssieichi Animal Hospital,씨에이치동물병원,,江東区,Gangdong-gu,서울 강동구 구천면로 322,02-488-7510,,,37.548045,127.135627,3.6,2,"https://www.google.com/maps/search/?api=1&query=37.548045,127.135627",동물병원
145,動物病院,Veterinary clinic,アナ動物メディカルセンター,Ana Animal Medical Center,아나동물메디컬센터,,江東区,Gangdong-gu,서울 강동구 올림픽로78길 60,02-6952-3375,,,37.540736,127.128373,,24,"https://www.google.com/maps/search/?api=1&query=37.540736,127.128373",동물병원
146,動物病院,Veterinary clinic,アプリカ動物病院,Apeurika Animal Hospital,아프리카동물병원,,江東区,Gangdong-gu,서울 강동구 아리수로 421,02-426-7722,,https://blog.naver.com/giafrica,37.564631,127.174073,4.2,5,"https://www.google.com/maps/search/?api=1&query=37.564631,127.174073",동물병원
147,動物病院,Veterinary clinic,アンダンテ動物医療センター,Andante Animal Medical Center,안단테동물의료센터,,江東区,Gangdong-gu,서울 강동구 양재대로 1603,02-476-7582,,https://linktr.ee/andanteamc?utm_source=qr_code,37.54879,127.143362,5.0,38,"https://www.google.com/maps/search/?api=1&query=37.54879,127.143362",동물병원
148,動物病院,Veterinary clinic,アムサ動物病院,Amsa Animal Hospital,암사동물병원,,江東区,Gangdong-gu,서울 강동구 올림픽로 793,02-3426-5079,,,37.552006,127.127974,5.0,2,"https://www.google.com/maps/search/?api=1&query=37.552006,127.127974",동물병원
149,動物病院,Veterinary clinic,ヤンジガチュク動物病院,Yangjigachuk Animal Hospital,양지가축동물병원,,江東区,Gangdong-gu,서울 강동구 천호대로191길 6,02-478-2208,,,37.535351,127.144488,5.0,3,"https://www.google.com/maps/search/?api=1&query=37.535351,127.144488",동물병원
150,動物病院,Veterinary clinic,ヨルリンジョンハプ動物病院,Yeollinjonghap Animal Hospital,열린종합동물병원,,江東区,Gangdong-gu,서울 강동구 양재대로 1508,02-487-7575,,,37.540189,127.141307,3.0,1,"https://www.google.com/maps/search/?api=1&query=37.540189,127.141307",동물병원
151,動物病院,Veterinary clinic,オルバルン動物病院,Olbareun Animal Hospital,올바른동물병원,,江東区,Gangdong-gu,서울 강동구 올림픽로 787,,,http://blog.naver.com/right_ah16,37.551482,127.127721,4.0,3,"https://www.google.com/maps/search/?api=1&query=37.551482,127.127721",동물병원
152,動物病院,Veterinary clinic,チョン動物病院,Jeong Animal Hospital,정동물병원,,江東区,Gangdong-gu,서울 강동구 상암로 64,02-474-7588,,,37.548783,127.130269,5.0,1,"https://www.google.com/maps/search/?api=1&query=37.548783,127.130269",동물병원
153,動物病院,Veterinary clinic,チュラギ動物病院,Jyuragi Animal Hospital,쥬라기동물병원,,江東区,Gangdong-gu,서울 강동구 올림픽로 703,02-488-7463,,,37.544238,127.125194,4.4,3,"https://www.google.com/maps/search/?api=1&query=37.544238,127.125194",동물병원
154,動物病院,Veterinary clinic,ペットリ 動物医療センター,Petteuri Animal Medical Center,펫트리 동물의료센터,,江東区,Gangdong-gu,서울 강동구 양재대로 1453,02-6949-5775,,,37.535701,127.138881,4.3,5,"https://www.google.com/maps/search/?api=1&query=37.535701,127.138881",동물병원
155,動物病院,Veterinary clinic,ポレオン動物病院,Poreon Animal Hospital,포레온동물병원,,江東区,Gangdong-gu,서울 강동구 양재대로 1360,02-2135-8833,,,37.527931,127.137319,5.0,104,"https://www.google.com/maps/search/?api=1&query=37.527931,127.137319",동물병원
156,動物病院,Veterinary clinic,プライム動物医療センター,Peuraim Animal Medical Center,프라임동물의료센터,,江東区,Gangdong-gu,서울 강동구 올림픽로 820,02-426-8875,,https://blog.naver.com/hwanghj88,37.55407,127.129211,4.7,48,"https://www.google.com/maps/search/?api=1&query=37.55407,127.129211",동물병원
157,動物病院,Veterinary clinic,ピカソ動物病院,Pikaso Animal Hospital,피카소동물병원,,江東区,Gangdong-gu,서울 강동구 고덕로83길 32,02-3427-6419,,https://blog.naver.com/picasso_amc/,37.558509,127.168814,5.0,128,"https://www.google.com/maps/search/?api=1&query=37.558509,127.168814",동물병원
158,動物病院,Veterinary clinic,ヘテ動物病院,Haetae Animal Hospital,해태동물병원,,江東区,Gangdong-gu,서울 강동구 동남로73길 26,,,,37.553237,127.15478,3.6,0,"https://www.google.com/maps/search/?api=1&query=37.553237,127.15478",동물병원
159,動物病院,Veterinary clinic,ヒル動物病院,Hil Animal Hospital,힐동물병원,,江東区,Gangdong-gu,서울 강동구 동남로49길 60-4,070-8098-4164,,,37.532905,127.146683,,0,"https://www.google.com/maps/search/?api=1&query=37.532905,127.146683",동물병원
160,動物病院,Veterinary clinic,24時間 ルシード動物メディカルセンター,24h Ru Seed Animal Medical Center,24시 루시드동물메디컬센터,はい/Yes,江北区,Gangbuk-gu,서울 강북구 월계로 3,02-941-7900,,http://www.lucidamc.co.kr,37.609538,127.03059,,794,"https://www.google.com/maps/search/?api=1&query=37.609538,127.03059",동물병원
161,動物病院,Veterinary clinic,24時間 パルンペッ 動物医療センター,24h Bareunpet Animal Medical Center,24시 바른펫 동물의료센터,はい/Yes,江北区,Gangbuk-gu,서울 강북구 노해로 65,02-903-7582,,,37.641439,127.022208,1.8,8,"https://www.google.com/maps/search/?api=1&query=37.641439,127.022208",동물병원
162,動物病院,Veterinary clinic,H動物病院,H Animal Hospital,H동물병원,,江北区,Gangbuk-gu,서울 강북구 삼양로27길 35-21,02-984-7588,,https://blog.naver.com/hpetdoc,37.617974,127.018927,3.9,0,"https://www.google.com/maps/search/?api=1&query=37.617974,127.018927",동물병원
163,動物病院,Veterinary clinic,N動物医療センター カンブクジョム,N Animal Medical Center Gangbukjeom,N동물의료센터 강북점,,江北区,Gangbuk-gu,서울 강북구 도봉로 104,02-984-0075,,https://www.namc.co.kr/,37.618352,127.029663,4.2,156,"https://www.google.com/maps/search/?api=1&query=37.618352,127.029663",동물병원
164,動物病院,Veterinary clinic,カンブク動物病院,Gangbuk Animal Hospital,강북동물병원,,江北区,Gangbuk-gu,서울 강북구 오현로 194,02-985-7525,,https://blog.naver.com/vetlucky,37.628871,127.039872,3.4,0,"https://www.google.com/maps/search/?api=1&query=37.628871,127.039872",동물병원
165,動物病院,Veterinary clinic,ッコマ動物病院,Kkoma Animal Hospital,꼬마동물병원,,江北区,Gangbuk-gu,서울 강북구 삼양로117길 5,02-993-8266,,https://blog.naver.com/ggomaah,37.64343,127.015772,5.0,1,"https://www.google.com/maps/search/?api=1&query=37.64343,127.015772",동물병원
166,動物病院,Veterinary clinic,テヒョン動物病院,Daehyeong Animal Hospital,대형동물병원,,江北区,Gangbuk-gu,서울 강북구 한천로 1135,02-998-1785,,,37.645896,127.01822,4.7,1,"https://www.google.com/maps/search/?api=1&query=37.645896,127.01822",동물병원
167,動物病院,Veterinary clinic,動物病院ウィド,Animal Hospital Wideu,동물병원위드,,江北区,Gangbuk-gu,서울 강북구 덕릉로 79,02-904-0075,,,37.634789,127.022722,4.0,0,"https://www.google.com/maps/search/?api=1&query=37.634789,127.022722",동물병원
168,動物病院,Veterinary clinic,動物ウルサランハヌンサラムドル,Animal Eulsaranghaneunsaramdeul,동물을사랑하는사람들,,江北区,Gangbuk-gu,서울 강북구 도봉로98길 56,02-990-7588,,,37.640899,127.032731,4.6,0,"https://www.google.com/maps/search/?api=1&query=37.640899,127.032731",동물병원
169,動物病院,Veterinary clinic,マイン動物医療センター,Main Animal Medical Center,마인동물의료센터,,江北区,Gangbuk-gu,서울 강북구 덕릉로 133,02-2039-8900,,,37.635246,127.028544,4.3,18,"https://www.google.com/maps/search/?api=1&query=37.635246,127.028544",동물병원
170,動物病院,Veterinary clinic,モネ動物ピブグァ,Mone Animal Pibugwa,모네동물피부과,,江北区,Gangbuk-gu,서울 강북구 도봉로 110-1,070-8691-3121,,,37.61892,127.029383,5.0,1,"https://www.google.com/maps/search/?api=1&query=37.61892,127.029383",동물병원
171,動物病院,Veterinary clinic,ポノボノ動物病院,Bonobono Animal Hospital,보노보노동물병원,,江北区,Gangbuk-gu,서울 강북구 삼양로 336,02-903-5525,,,37.633463,127.017752,3.6,1,"https://www.google.com/maps/search/?api=1&query=37.633463,127.017752",동물병원
172,動物病院,Veterinary clinic,ポムナレ動物病院,Bomnare Animal Hospital,봄날에동물병원,,江北区,Gangbuk-gu,서울 강북구 삼양로19길 214,02-6949-1579,,,37.619658,127.01542,,1,"https://www.google.com/maps/search/?api=1&query=37.619658,127.01542",동물병원
173,動物病院,Veterinary clinic,ポンシク動物病院,Bongsik Animal Hospital,봉식동물병원,,江北区,Gangbuk-gu,서울 강북구 삼양로 252,02-983-7000,,,37.625849,127.018501,5.0,0,"https://www.google.com/maps/search/?api=1&query=37.625849,127.018501",동물병원
174,動物病院,Veterinary clinic,サラン動物病院,Sarang Animal Hospital,사랑동물병원,,江北区,Gangbuk-gu,서울 강북구 삼양로123길 6-12,02-991-4304,,,37.645361,127.015338,4.0,0,"https://www.google.com/maps/search/?api=1&query=37.645361,127.015338",동물병원
175,動物病院,Veterinary clinic,サムソン動物病院,Samseong Animal Hospital,삼성동물병원,,江北区,Gangbuk-gu,서울 강북구 삼양로19길 25,02-980-2340,,http://blog.naver.com/samsung_vet,37.613099,127.021842,4.0,0,"https://www.google.com/maps/search/?api=1&query=37.613099,127.021842",동물병원
176,動物病院,Veterinary clinic,サミャン動物病院,Samyang Animal Hospital,삼양동물병원,,江北区,Gangbuk-gu,서울 강북구 삼양로 190,02-989-9552,,,37.62083,127.020899,3.7,0,"https://www.google.com/maps/search/?api=1&query=37.62083,127.020899",동물병원
177,動物病院,Veterinary clinic,ソルセム動物病院,Solsaem Animal Hospital,솔샘동물병원,,江北区,Gangbuk-gu,서울 강북구 삼양로27길 19,02-988-7582,,,37.617508,127.021451,4.4,0,"https://www.google.com/maps/search/?api=1&query=37.617508,127.021451",동물병원
178,動物病院,Veterinary clinic,スマート動物病院,Seu Mart Animal Hospital,스마트동물병원,,江北区,Gangbuk-gu,서울 강북구 솔샘로 203-2,02-987-7588,,,37.620303,127.015351,3.6,1,"https://www.google.com/maps/search/?api=1&query=37.620303,127.015351",동물병원
179,動物病院,Veterinary clinic,アイサラン動物病院,Aisarang Animal Hospital,아이사랑동물병원,,江北区,Gangbuk-gu,서울 강북구 삼양로24길 19,02-946-0011,,http://blog.naver.com/365isarang,37.61698,127.022071,4.1,9,"https://www.google.com/maps/search/?api=1&query=37.61698,127.022071",동물병원
180,動物病院,Veterinary clinic,エニケオ動物病院 スユジョム,Aenikeeo Animal Hospital Suyujeom,애니케어동물병원 수유점,,江北区,Gangbuk-gu,서울 강북구 삼양로 499,02-996-1007,,,37.64775,127.014282,5.0,0,"https://www.google.com/maps/search/?api=1&query=37.64775,127.014282",동물병원
181,動物病院,Veterinary clinic,ウィジュ動物病院,Wijeu Animal Hospital,위즈동물병원,,江北区,Gangbuk-gu,서울 강북구 도봉로 202,02-987-7959,,,37.626723,127.02629,2.3,0,"https://www.google.com/maps/search/?api=1&query=37.626723,127.02629",동물병원
182,動物病院,Veterinary clinic,チュンアン動物病院,Jungang Animal Hospital,중앙동물병원,,江北区,Gangbuk-gu,서울 강북구 도봉로 88,02-982-8698,,,37.617042,127.030333,4.7,0,"https://www.google.com/maps/search/?api=1&query=37.617042,127.030333",동물병원
183,動物病院,Veterinary clinic,チャンムン動物病院,Changmun Animal Hospital,창문동물병원,,江北区,Gangbuk-gu,서울 강북구 월계로 35,02-988-0251,,,37.611112,127.033823,5.0,0,"https://www.google.com/maps/search/?api=1&query=37.611112,127.033823",동물병원
184,動物病院,Veterinary clinic,クッキー動物病院,Cookie Animal Hospital,쿠키동물병원,,江北区,Gangbuk-gu,서울 강북구 삼양로27길 19,02-986-9875,,,37.616426,127.021711,,0,"https://www.google.com/maps/search/?api=1&query=37.616426,127.021711",동물병원
185,動物病院,Veterinary clinic,ヒョンデジョンハプ動物病院,Hyeondaejonghap Animal Hospital,현대종합동물병원,,江北区,Gangbuk-gu,서울 강북구 노해로 94,02-999-9110,,,37.643777,127.023038,3.2,1,"https://www.google.com/maps/search/?api=1&query=37.643777,127.023038",동물병원
186,動物病院,Veterinary clinic,ホ動物病院,Ho Animal Hospital,호동물병원,,江北区,Gangbuk-gu,서울 강북구 월계로 53,02-988-6543,,,37.611937,127.035364,5.0,1,"https://www.google.com/maps/search/?api=1&query=37.611937,127.035364",동물병원
187,動物病院,Veterinary clinic,24時間 カンソジェントルリ動物医療センター,24h Gangseojenteulli Animal Medical Center,24시 강서젠틀리동물의료센터,はい/Yes,江西区,Gangseo-gu,서울 강서구 마곡중앙1로 72,02-2662-8111,,http://gentleleeamc.co.kr/,37.56017,126.818912,,181,"https://www.google.com/maps/search/?api=1&query=37.56017,126.818912",동물병원
188,動物病院,Veterinary clinic,24時間マゴクM動物医療センター,24 Simagok M Animal Medical Center,24시마곡M동물의료센터,はい/Yes,江西区,Gangseo-gu,서울 강서구 방화대로33길 3,02-2662-7515,,https://blog.naver.com/mgmamc21,37.568584,126.816265,,9,"https://www.google.com/maps/search/?api=1&query=37.568584,126.816265",동물병원
189,動物病院,Veterinary clinic,24時間アプリカ動物メディカルセンター,24 Siapeurika Animal Medical Center,24시아프리카동물메디컬센터,はい/Yes,江西区,Gangseo-gu,서울 강서구 공항대로 335,02-3663-7975,,,37.558147,126.844924,,169,"https://www.google.com/maps/search/?api=1&query=37.558147,126.844924",동물병원
190,動物病院,Veterinary clinic,24時間ヨン動物医療センター,24 Siyeon Animal Medical Center,24시연동물의료센터,はい/Yes,江西区,Gangseo-gu,서울 강서구 화곡로 191,02-2605-7553,,,37.542876,126.842286,,246,"https://www.google.com/maps/search/?api=1&query=37.542876,126.842286",동물병원
191,動物病院,Veterinary clinic,24時間ユル動物医療センター,24 Siyul Animal Medical Center,24시율동물의료센터,はい/Yes,江西区,Gangseo-gu,서울 강서구 공항대로 228,02-2135-5611,,https://blog.naver.com/yulamc_,37.558633,126.832674,3.9,70,"https://www.google.com/maps/search/?api=1&query=37.558633,126.832674",동물병원
192,動物病院,Veterinary clinic,カンソYD動物医療センター,Gangseo YD Animal Medical Center,강서YD동물의료센터,,江西区,Gangseo-gu,서울 강서구 화곡로 371,02-518-7500,,,37.556965,126.852175,,102,"https://www.google.com/maps/search/?api=1&query=37.556965,126.852175",동물병원
193,動物病院,Veterinary clinic,カンソヌルボム動物病院,Gangseoneulbom Animal Hospital,강서늘봄동물병원,,江西区,Gangseo-gu,서울 강서구 화곡로 277,02-6951-1575,,https://blog.naver.com/neulbomah,37.549558,126.847319,5.0,6,"https://www.google.com/maps/search/?api=1&query=37.549558,126.847319",동물병원
194,動物病院,Veterinary clinic,カンソジョンハプ動物病院,Gangseojonghap Animal Hospital,강서종합동물병원,,江西区,Gangseo-gu,서울 강서구 곰달래로15길 46,02-2691-5900,,https://blog.naver.com/kangseoah/,37.532261,126.839485,3.3,1,"https://www.google.com/maps/search/?api=1&query=37.532261,126.839485",동물병원
195,動物病院,Veterinary clinic,コドギョン動物病院,Godeugyeong Animal Hospital,고득영동물병원,,江西区,Gangseo-gu,서울 강서구 곰달래로 199,02-2608-0973,,,37.53142,126.85504,1.0,1,"https://www.google.com/maps/search/?api=1&query=37.53142,126.85504",동물병원
196,動物病院,Veterinary clinic,コリョジョンハプ動物病院,Goryeojonghap Animal Hospital,고려종합동물병원,,江西区,Gangseo-gu,서울 강서구 양천로57길 10-20,,,,37.562559,126.852978,4.1,3,"https://www.google.com/maps/search/?api=1&query=37.562559,126.852978",동물병원
197,動物病院,Veterinary clinic,コンハン動物病院,Gonghang Animal Hospital,공항동물병원,,江西区,Gangseo-gu,서울 강서구 개화동로27가길 27,02-2663-8520,,,37.563011,126.80736,4.6,2,"https://www.google.com/maps/search/?api=1&query=37.563011,126.80736",동물병원
198,動物病院,Veterinary clinic,クンモニン動物病院,Gunmoning Animal Hospital,굿모닝동물병원,,江西区,Gangseo-gu,서울 강서구 방화대로47가길 7,02-2665-8256,,,37.576418,126.813026,4.7,1,"https://www.google.com/maps/search/?api=1&query=37.576418,126.813026",동물병원
199,動物病院,Veterinary clinic,ナウム動物医療センター,Naeum Animal Medical Center,나음동물의료센터,,江西区,Gangseo-gu,서울 강서구 강서로 206,02-2690-9990,,,37.544525,126.838043,,340,"https://www.google.com/maps/search/?api=1&query=37.544525,126.838043",동물병원
200,動物病院,Veterinary clinic,タナ動物病院,Dana Animal Hospital,다나동물병원,,江西区,Gangseo-gu,서울 강서구 강서로 254,02-2690-1060,,,37.5485,126.836629,4.9,2,"https://www.google.com/maps/search/?api=1&query=37.5485,126.836629",동물병원
201,動物病院,Veterinary clinic,タクトエニレプ 動物病院,Dakteoaeniraep Animal Hospital,닥터애니랩 동물병원,,江西区,Gangseo-gu,서울 강서구 양천로 424,,,https://www.dranylap.com/,37.564228,126.847971,,0,"https://www.google.com/maps/search/?api=1&query=37.564228,126.847971",동물병원
202,動物病院,Veterinary clinic,テハン動物病院,Daehan Animal Hospital,대한동물병원,,江西区,Gangseo-gu,서울 강서구 화곡로 205,02-2694-4821,,,37.543892,126.843161,3.1,0,"https://www.google.com/maps/search/?api=1&query=37.543892,126.843161",동물병원
203,動物病院,Veterinary clinic,動物病院スプ,Animal Hospital Sup,동물병원숲,,江西区,Gangseo-gu,서울 강서구 마곡서1로 132,02-6954-7533,,https://blog.naver.com/ah_forest,37.567587,126.819572,,30,"https://www.google.com/maps/search/?api=1&query=37.567587,126.819572",동물병원
204,動物病院,Veterinary clinic,ッタンコン動物病院,Ttangkong Animal Hospital,땅콩동물병원,,江西区,Gangseo-gu,서울 강서구 공항대로 190,02-3665-7588,,,37.559034,126.828636,5.0,23,"https://www.google.com/maps/search/?api=1&query=37.559034,126.828636",동물병원
205,動物病院,Veterinary clinic,マゴンナム動物病院,Magongnamu Animal Hospital,마곡나무동물병원,,江西区,Gangseo-gu,서울 강서구 마곡중앙1로 72,02-2661-7515,,http://magoknamu.com,37.560051,126.81945,3.8,4,"https://www.google.com/maps/search/?api=1&query=37.560051,126.81945",동물병원
206,動物病院,Veterinary clinic,マゴクジュン動物病院,Magokjun Animal Hospital,마곡준동물병원,,江西区,Gangseo-gu,서울 강서구 수명로 82,02-2666-2611,,https://blog.naver.com/mgjoon_ah,37.553472,126.826445,5.0,8,"https://www.google.com/maps/search/?api=1&query=37.553472,126.826445",동물병원
207,動物病院,Veterinary clinic,モモ動物病院,Momo Animal Hospital,모모동물병원,,江西区,Gangseo-gu,서울 강서구 마곡중앙1로 20,02-2662-7975,,,37.558564,126.824728,5.0,3,"https://www.google.com/maps/search/?api=1&query=37.558564,126.824728",동물병원
208,動物病院,Veterinary clinic,ミレ動物病院,Mirae Animal Hospital,미래동물병원,,江西区,Gangseo-gu,서울 강서구 강서로 45,02-2608-0234,,,37.531784,126.846418,5.0,0,"https://www.google.com/maps/search/?api=1&query=37.531784,126.846418",동물병원
209,動物病院,Veterinary clinic,パク動物病院,Bak Animal Hospital,박동물병원,,江西区,Gangseo-gu,서울 강서구 강서로 333,02-3665-5982,,,37.555463,126.836946,5.0,1,"https://www.google.com/maps/search/?api=1&query=37.555463,126.836946",동물병원
210,動物病院,Veterinary clinic,ポタニク動物病院,Botanik Animal Hospital,보타닉동물병원,,江西区,Gangseo-gu,서울 강서구 강서로 506,02-6952-3676,,https://blog.naver.com/botanic_ah,37.570549,126.842765,5.0,144,"https://www.google.com/maps/search/?api=1&query=37.570549,126.842765",동물병원
211,動物病院,Veterinary clinic,ポヌェグァ動物医療センター,Bonoegwa Animal Medical Center,본외과동물의료센터,,江西区,Gangseo-gu,서울 강서구 공항대로 103,0502-5551-4538,,http://bonesamc.com/,37.561471,126.820411,4.0,14,"https://www.google.com/maps/search/?api=1&query=37.561471,126.820411",동물병원
212,動物病院,Veterinary clinic,ソソウル動物病院,Seoseoul Animal Hospital,서서울동물병원,,江西区,Gangseo-gu,서울 강서구 양천로 674,02-3662-8661,,,37.551347,126.871039,5.0,2,"https://www.google.com/maps/search/?api=1&query=37.551347,126.871039",동물병원
213,動物病院,Veterinary clinic,ソウルプルロスジョンハプ動物病院,Seoulpeulleoseujonghap Animal Hospital,서울플러스종합동물병원,,江西区,Gangseo-gu,서울 강서구 등촌로 55,02-2652-7515,,,37.534816,126.863236,3.0,0,"https://www.google.com/maps/search/?api=1&query=37.534816,126.863236",동물병원
214,動物病院,Veterinary clinic,セミョン動物病院,Semyeong Animal Hospital,세명동물병원,,江西区,Gangseo-gu,서울 강서구 강서로17길 52,,,,37.532723,126.842909,3.7,0,"https://www.google.com/maps/search/?api=1&query=37.532723,126.842909",동물병원
215,動物病院,Veterinary clinic,セイント動物病院,Seinteu Animal Hospital,세인트동물병원,,江西区,Gangseo-gu,서울 강서구 강서로 36,02-2695-0072,https://www.instagram.com/saint_animal_hospital,,37.531176,126.847379,,27,"https://www.google.com/maps/search/?api=1&query=37.531176,126.847379",동물병원
216,動物病院,Veterinary clinic,ソンジョン動物メディカルセンター,Songjeong Animal Medical Center,송정동물메디컬센터,,江西区,Gangseo-gu,서울 강서구 공항대로 39,,,,37.561524,126.811655,4.0,0,"https://www.google.com/maps/search/?api=1&query=37.561524,126.811655",동물병원
217,動物病院,Veterinary clinic,スマイル動物病院,Seumail Animal Hospital,스마일동물병원,,江西区,Gangseo-gu,서울 강서구 수명로 74,02-2667-5666,,,37.55259,126.826181,,1,"https://www.google.com/maps/search/?api=1&query=37.55259,126.826181",동물병원
218,動物病院,Veterinary clinic,スカイ動物病院,Seukai Animal Hospital,스카이동물병원,,江西区,Gangseo-gu,서울 강서구 양천로 72,02-2666-5667,,,37.573271,126.811931,5.0,0,"https://www.google.com/maps/search/?api=1&query=37.573271,126.811931",동물병원
219,動物病院,Veterinary clinic,シオン動物病院,Sion Animal Hospital,시온동물병원,,江西区,Gangseo-gu,서울 강서구 까치산로 74,02-2692-9290,,,37.545239,126.847327,1.8,0,"https://www.google.com/maps/search/?api=1&query=37.545239,126.847327",동물병원
220,動物病院,Veterinary clinic,アンバク動物病院,Anbak Animal Hospital,안박동물병원,,江西区,Gangseo-gu,서울 강서구 양천로 510,02-3664-7511,,,37.560106,126.85653,4.3,7,"https://www.google.com/maps/search/?api=1&query=37.560106,126.85653",동물병원
221,動物病院,Veterinary clinic,ヨムチャンジェイル動物病院,Yeomchangjeil Animal Hospital,염창제일동물병원,,江西区,Gangseo-gu,서울 강서구 양천로 651,02-3665-7582,,,37.553036,126.869877,3.7,0,"https://www.google.com/maps/search/?api=1&query=37.553036,126.869877",동물병원
222,動物病院,Veterinary clinic,オジュ動物病院,Ojeu Animal Hospital,오즈동물병원,,江西区,Gangseo-gu,서울 강서구 강서로45길 28,,,,37.548087,126.834593,1.0,0,"https://www.google.com/maps/search/?api=1&query=37.548087,126.834593",동물병원
223,動物病院,Veterinary clinic,オルスター動物医療センター,Ol Star Animal Medical Center,올스타동물의료센터,,江西区,Gangseo-gu,서울 강서구 가로공원로 198,02-2065-7582,,https://blog.naver.com/bsbmil,37.53698,126.837921,,95,"https://www.google.com/maps/search/?api=1&query=37.53698,126.837921",동물병원
224,動物病院,Veterinary clinic,ヨンボン動物病院,Yongbong Animal Hospital,용봉동물병원,,江西区,Gangseo-gu,서울 강서구 강서로17길 20,02-2603-0781,,,37.533068,126.844632,5.0,0,"https://www.google.com/maps/search/?api=1&query=37.533068,126.844632",동물병원
225,動物病院,Veterinary clinic,ウジャン動物病院,Ujang Animal Hospital,우장동물병원,,江西区,Gangseo-gu,서울 강서구 화곡로 143,02-2602-7582,,,37.541126,126.837639,3.2,0,"https://www.google.com/maps/search/?api=1&query=37.541126,126.837639",동물병원
226,動物病院,Veterinary clinic,ウジャンサン動物医療センター,Ujangsan Animal Medical Center,우장산동물의료센터,,江西区,Gangseo-gu,서울 강서구 강서로 282,02-2664-8275,,,37.550896,126.836593,5.0,0,"https://www.google.com/maps/search/?api=1&query=37.550896,126.836593",동물병원
227,動物病院,Veterinary clinic,ウェルリス動物病院,Welliseu Animal Hospital,웰니스동물병원,,江西区,Gangseo-gu,서울 강서구 화곡로 398,0503-7152-0655,,,37.55847,126.854819,5.0,0,"https://www.google.com/maps/search/?api=1&query=37.55847,126.854819",동물병원
228,動物病院,Veterinary clinic,チャジウ動物病院,Chajiu Animal Hospital,차지우동물병원,,江西区,Gangseo-gu,서울 강서구 강서로62길 10,02-2235-1533,,https://blog.naver.com/cjwah,37.562911,126.840437,5.0,2,"https://www.google.com/maps/search/?api=1&query=37.562911,126.840437",동물병원
229,動物病院,Veterinary clinic,チャム動物病院,Cham Animal Hospital,참동물병원,,江西区,Gangseo-gu,서울 강서구 마곡서로 133,02-2666-7990,,https://blog.naver.com/charmah,37.566767,126.823832,,26,"https://www.google.com/maps/search/?api=1&query=37.566767,126.823832",동물병원
230,動物病院,Veterinary clinic,パステル動物病院,Paseutel Animal Hospital,파스텔동물병원,,江西区,Gangseo-gu,서울 강서구 화곡로 112,02-2693-0075,,https://blog.naver.com/pastelclinic,37.53977,126.834462,4.5,5,"https://www.google.com/maps/search/?api=1&query=37.53977,126.834462",동물병원
231,動物病院,Veterinary clinic,プルンドル動物病院,Pureundeul Animal Hospital,푸른들동물병원,,江西区,Gangseo-gu,서울 강서구 양천로 663-1,02-2699-1222,,https://blog.naver.com/chevara77/223070350498,37.552159,126.87083,,8,"https://www.google.com/maps/search/?api=1&query=37.552159,126.87083",동물병원
232,動物病院,Veterinary clinic,ハトオン動物病院,Hateuon Animal Hospital,하트온동물병원,,江西区,Gangseo-gu,서울 강서구 곰달래로 260,02-2644-5975,,,37.532023,126.861786,5.0,0,"https://www.google.com/maps/search/?api=1&query=37.532023,126.861786",동물병원
233,動物病院,Veterinary clinic,ハンマウム動物病院,Hanmaeum Animal Hospital,한마음동물병원,,江西区,Gangseo-gu,서울 강서구 강서로18길 17,02-2692-8275,,,37.534021,126.846585,4.3,0,"https://www.google.com/maps/search/?api=1&query=37.534021,126.846585",동물병원
234,動物病院,Veterinary clinic,ヘマクウン動物病院,Haemakeun Animal Hospital,해맑은동물병원,,江西区,Gangseo-gu,서울 강서구 양천로57길 10-20,,,,37.562498,126.853024,2.6,0,"https://www.google.com/maps/search/?api=1&query=37.562498,126.853024",동물병원
235,動物病院,Veterinary clinic,ファンハ動物病院,Hwangha Animal Hospital,황하동물병원,,江西区,Gangseo-gu,서울 강서구 금낭화로 52,,,,37.569929,126.811793,5.0,0,"https://www.google.com/maps/search/?api=1&query=37.569929,126.811793",동물병원
236,動物病院,Veterinary clinic,ファンファ動物病院,Hwanghwa Animal Hospital,황화동물병원,,江西区,Gangseo-gu,서울 강서구 양천로16길 15,02-2664-7773,,,37.57266,126.811219,,0,"https://www.google.com/maps/search/?api=1&query=37.57266,126.811219",동물병원
237,動物病院,Veterinary clinic,24時間グッケオ動物医療センター,24 Sigutkeeo Animal Medical Center,24시굿케어동물의료센터,はい/Yes,冠岳区,Gwanak-gu,서울 관악구 남부순환로 1861,02-6956-2475,,http://blog.naver.com/goodcare24,37.47989,126.957042,,123,"https://www.google.com/maps/search/?api=1&query=37.47989,126.957042",동물병원
238,動物病院,Veterinary clinic,DS動物病院,DS Animal Hospital,DS동물병원,,冠岳区,Gwanak-gu,서울 관악구 조원중앙로 3,02-837-0837,https://www.instagram.com/shihtzu_family_official,,37.480327,126.904057,,2,"https://www.google.com/maps/search/?api=1&query=37.480327,126.904057",동물병원
239,動物病院,Veterinary clinic,クァナク動物チョンハプ病院,Gwanak Animal Jonghap Clinic,관악동물종합병원,,冠岳区,Gwanak-gu,서울 관악구 남부순환로 1859,02-883-2733,,,37.480118,126.956499,5.0,1,"https://www.google.com/maps/search/?api=1&query=37.480118,126.956499",동물병원
240,動物病院,Veterinary clinic,ヌルプルン動物病院,Neulpureun Animal Hospital,늘푸른동물병원,,冠岳区,Gwanak-gu,서울 관악구 난곡로 223-1,02-857-7572,,,37.474226,126.91693,4.1,2,"https://www.google.com/maps/search/?api=1&query=37.474226,126.91693",동물병원
241,動物病院,Veterinary clinic,トブリュ動物病院,Deobeuryu Animal Hospital,더블유동물병원,,冠岳区,Gwanak-gu,서울 관악구 은천로 85,02-883-0007,,http://blog.naver.com/doubleyou2018,37.487066,126.944722,4.6,17,"https://www.google.com/maps/search/?api=1&query=37.487066,126.944722",동물병원
242,動物病院,Veterinary clinic,ロブペッジョンハプ動物病院,Reobeupetjonghap Animal Hospital,러브펫종합동물병원,,冠岳区,Gwanak-gu,서울 관악구 남부순환로 1429,02-837-8875,,https://blog.naver.com/pianogrl,37.481185,126.909569,3.7,1,"https://www.google.com/maps/search/?api=1&query=37.481185,126.909569",동물병원
243,動物病院,Veterinary clinic,ロジャン動物医療センター,Rojan Animal Medical Center,로잔동물의료센터,,冠岳区,Gwanak-gu,서울 관악구 관악로29길 3,02-872-7588,,http://blog.naver.com/elvmc,37.486435,126.956451,,19,"https://www.google.com/maps/search/?api=1&query=37.486435,126.956451",동물병원
244,動物病院,Veterinary clinic,ピョルビチャン動物病院,Byeolbichan Animal Hospital,별빛안동물병원,,冠岳区,Gwanak-gu,서울 관악구 봉천로 232,02-832-0081,,https://blog.naver.com/vetoxic,37.489244,126.92722,,1,"https://www.google.com/maps/search/?api=1&query=37.489244,126.92722",동물병원
245,動物病院,Veterinary clinic,ポラメ動物病院,Boramae Animal Hospital,보라매동물병원,,冠岳区,Gwanak-gu,서울 관악구 봉천로 239,02-885-2130,,,37.489569,126.92832,4.5,2,"https://www.google.com/maps/search/?api=1&query=37.489569,126.92832",동물병원
246,動物病院,Veterinary clinic,ポンチョンヒョンデ動物病院,Bongcheonhyeondae Animal Hospital,봉천현대동물병원,,冠岳区,Gwanak-gu,서울 관악구 봉천로 520,02-878-9978,,http://pf.kakao.com/_yquSxb,37.479458,126.955704,4.9,11,"https://www.google.com/maps/search/?api=1&query=37.479458,126.955704",동물병원
247,動物病院,Veterinary clinic,ピバ動物病院,Biba Animal Hospital,비바동물병원,,冠岳区,Gwanak-gu,서울 관악구 쑥고개로 57-1,02-872-7582,,https://pf.kakao.com/_fxdExexb,37.479794,126.942919,,36,"https://www.google.com/maps/search/?api=1&query=37.479794,126.942919",동물병원
248,動物病院,Veterinary clinic,ピタミン動物病院,Bitamin Animal Hospital,비타민동물병원,,冠岳区,Gwanak-gu,서울 관악구 인헌6길 8,02-875-7582,,,37.474009,126.966389,4.3,1,"https://www.google.com/maps/search/?api=1&query=37.474009,126.966389",동물병원
249,動物病院,Veterinary clinic,ソウルデハクギョ クァナクケムポス スウィグァデハク 動物病院,Seouldaehakgyo Gwanakkaempeoseu Suuigwadaehak Animal Hospital,서울대학교 관악캠퍼스 수의과대학 동물병원,,冠岳区,Gwanak-gu,서울 관악구 관악로 1,02-880-8661,,https://vmth.snu.ac.kr,37.468151,126.953178,4.3,0,"https://www.google.com/maps/search/?api=1&query=37.468151,126.953178",동물병원
250,動物病院,Veterinary clinic,ソウルジョンハプ動物病院 ポヌォン,Seouljonghap Animal Hospital Bonwon,서울종합동물병원 본원,,冠岳区,Gwanak-gu,서울 관악구 신림로 233,02-888-8807,,http://bzm.kr/?028888807,37.477233,126.935265,2.5,1,"https://www.google.com/maps/search/?api=1&query=37.477233,126.935265",동물병원
251,動物病院,Veterinary clinic,ソウルヘンウン動物病院,Seoulhaengun Animal Hospital,서울행운동물병원,,冠岳区,Gwanak-gu,서울 관악구 남부순환로 1895,02-2088-6259,,,37.47872,126.960285,4.0,2,"https://www.google.com/maps/search/?api=1&query=37.47872,126.960285",동물병원
252,動物病院,Veterinary clinic,ソウルホブ動物病院,Seoulheobeu Animal Hospital,서울허브동물병원,,冠岳区,Gwanak-gu,서울 관악구 남부순환로 1811,02-875-7579,,http://www.seoulherb.com/,37.481716,126.951474,4.5,1,"https://www.google.com/maps/search/?api=1&query=37.481716,126.951474",동물병원
253,動物病院,Veterinary clinic,ソジン動物病院,Seojin Animal Hospital,서진동물병원,,冠岳区,Gwanak-gu,서울 관악구 봉천로 236,02-887-2165,,,37.489193,126.927538,4.4,1,"https://www.google.com/maps/search/?api=1&query=37.489193,126.927538",동물병원
254,動物病院,Veterinary clinic,セギェロ動物医療センター,Segyero Animal Medical Center,세계로동물의료센터,,冠岳区,Gwanak-gu,서울 관악구 남부순환로 1497,02-868-3931,,,37.482553,126.917017,,1,"https://www.google.com/maps/search/?api=1&query=37.482553,126.917017",동물병원
255,動物病院,Veterinary clinic,シルリムジョンハプ動物病院,Sillimjonghap Animal Hospital,신림종합동물병원,,冠岳区,Gwanak-gu,서울 관악구 신림로 157,02-877-5599,,,37.473034,126.932909,,1,"https://www.google.com/maps/search/?api=1&query=37.473034,126.932909",동물병원
256,動物病院,Veterinary clinic,アイロブペッ動物病院,Aireobeupet Animal Hospital,아이러브펫동물병원,,冠岳区,Gwanak-gu,서울 관악구 과천대로 909,02-597-8985,,,37.471472,126.982473,4.0,0,"https://www.google.com/maps/search/?api=1&query=37.471472,126.982473",동물병원
257,動物病院,Veterinary clinic,ヤンジ動物病院,Yangji Animal Hospital,양지동물병원,,冠岳区,Gwanak-gu,서울 관악구 남부순환로191길 6,02-874-3535,,,37.485359,126.934407,2.4,2,"https://www.google.com/maps/search/?api=1&query=37.485359,126.934407",동물병원
258,動物病院,Veterinary clinic,ワウジョンハプ動物病院,Waujonghap Animal Hospital,와우종합동물병원,,冠岳区,Gwanak-gu,서울 관악구 난곡로 247,02-866-0880,,,37.47611,126.915775,4.9,2,"https://www.google.com/maps/search/?api=1&query=37.47611,126.915775",동물병원
259,動物病院,Veterinary clinic,イロ動物医療センター,Iro Animal Medical Center,이로동물의료센터,,冠岳区,Gwanak-gu,서울 관악구 남부순환로 1678,02-887-1575,,http://www.iroanimal.com,37.484225,126.936881,,2,"https://www.google.com/maps/search/?api=1&query=37.484225,126.936881",동물병원
260,動物病院,Veterinary clinic,ッチュニ動物病院,Jjuni Animal Hospital,쭈니동물병원,,冠岳区,Gwanak-gu,서울 관악구 관악로 260,02-878-7588,,https://blog.naver.com/jjuniah,37.487202,126.957972,5.0,9,"https://www.google.com/maps/search/?api=1&query=37.487202,126.957972",동물병원
261,動物病院,Veterinary clinic,プレンジュ 動物病院,Peurenjeu Animal Hospital,프렌즈 동물병원,,冠岳区,Gwanak-gu,서울 관악구 관악로 223,,,,37.484807,126.955135,3.0,0,"https://www.google.com/maps/search/?api=1&query=37.484807,126.955135",동물병원
262,動物病院,Veterinary clinic,ハンソン動物病院,Hanseong Animal Hospital,한성동물병원,,冠岳区,Gwanak-gu,서울 관악구 신림로 265,02-872-7609,,https://pf.kakao.com/_zxnqnV/chat,37.478308,126.93184,,2,"https://www.google.com/maps/search/?api=1&query=37.478308,126.93184",동물병원
263,動物病院,Veterinary clinic,ヘンボクハン動物病院,Haengbokhan Animal Hospital,행복한동물병원,,冠岳区,Gwanak-gu,서울 관악구 은천로 121,02-887-7179,,,37.486866,126.94882,4.0,2,"https://www.google.com/maps/search/?api=1&query=37.486866,126.94882",동물병원
264,動物病院,Veterinary clinic,ヒョンジェ動物医療センター,Hyeongje Animal Medical Center,형제동물의료센터,,冠岳区,Gwanak-gu,서울 관악구 남부순환로 1747-1,02-889-0575,,https://blog.naver.com/hjamckr,37.482344,126.944271,3.3,137,"https://www.google.com/maps/search/?api=1&query=37.482344,126.944271",동물병원
265,動物病院,Veterinary clinic,KU動物アムセンター,KU Animal Am Center,KU동물암센터,,広津区,Gwangjin-gu,서울 광진구 능동로 120,,,,37.539632,127.074569,5.0,0,"https://www.google.com/maps/search/?api=1&query=37.539632,127.074569",동물병원
266,動物病院,Veterinary clinic,SNU伴侶動物ヘルスケオセンター,SNU Pet Helseukeeo Center,SNU반려동물헬스케어센터,,広津区,Gwangjin-gu,서울 광진구 구의강변로 46,0507-1427-5747,,https://animalhealthcare.kr/,37.534793,127.092026,,0,"https://www.google.com/maps/search/?api=1&query=37.534793,127.092026",동물병원
267,動物病院,Veterinary clinic,コングクデハクギョ プソク動物病院,Geongukdaehakgyo Busok Animal Hospital,건국대학교 부속동물병원,,広津区,Gwangjin-gu,서울 광진구 능동로 120,02-450-3664,,http://vmth.konkuk.ac.kr,37.539318,127.074752,3.8,2,"https://www.google.com/maps/search/?api=1&query=37.539318,127.074752",동물병원
268,動物病院,Veterinary clinic,クァンジン動物医療センター,Gwangjin Animal Medical Center,광진동물의료센터,,広津区,Gwangjin-gu,서울 광진구 광나루로 507,02-457-4545,,https://blog.naver.com/kj_amc/,37.54523,127.085942,,97,"https://www.google.com/maps/search/?api=1&query=37.54523,127.085942",동물병원
269,動物病院,Veterinary clinic,クァンジンピル動物病院,Gwangjinpil Animal Hospital,광진필동물병원,,広津区,Gwangjin-gu,서울 광진구 광나루로56길 66,02-446-8175,,http://blog.naver.com/philamc,37.537103,127.095332,,2,"https://www.google.com/maps/search/?api=1&query=37.537103,127.095332",동물병원
270,動物病院,Veterinary clinic,ナレ動物病院,Narae Animal Hospital,나래동물병원,,広津区,Gwangjin-gu,서울 광진구 능동로 283,02-463-3216,,,37.555349,127.07818,4.2,4,"https://www.google.com/maps/search/?api=1&query=37.555349,127.07818",동물병원
271,動物病院,Veterinary clinic,ナル動物病院,Naru Animal Hospital,나루동물병원,,広津区,Gwangjin-gu,서울 광진구 아차산로 537-17,02-457-7582,https://www.instagram.com/naru_animalhospital,,37.542653,127.099924,,2,"https://www.google.com/maps/search/?api=1&query=37.542653,127.099924",동물병원
272,動物病院,Veterinary clinic,ノルンサン動物病院,Norunsan Animal Hospital,노룬산동물병원,,広津区,Gwangjin-gu,서울 광진구 뚝섬로 462,02-464-2748,,,37.536895,127.061854,4.2,2,"https://www.google.com/maps/search/?api=1&query=37.536895,127.061854",동물병원
273,動物病院,Veterinary clinic,タボム動物病院,Dabom Animal Hospital,다봄동물병원,,広津区,Gwangjin-gu,서울 광진구 자양로 163,02-456-7775,https://www.instagram.com/dabom_ah,,37.542177,127.083881,5.0,1,"https://www.google.com/maps/search/?api=1&query=37.542177,127.083881",동물병원
274,動物病院,Veterinary clinic,タオン動物病院,Daon Animal Hospital,다온동물병원,,広津区,Gwangjin-gu,서울 광진구 면목로 142,02-499-7582,,https://blog.naver.com/daon7582,37.56596,127.081437,,55,"https://www.google.com/maps/search/?api=1&query=37.56596,127.081437",동물병원
275,動物病院,Veterinary clinic,トンソウル 動物病院,Dongseoul Animal Hospital,동서울 동물병원,,広津区,Gwangjin-gu,서울 광진구 아차산로 493,,,,37.541723,127.096243,5.0,0,"https://www.google.com/maps/search/?api=1&query=37.541723,127.096243",동물병원
276,動物病院,Veterinary clinic,トリムペッ動物病院,Deurimpet Animal Hospital,드림펫동물병원,,広津区,Gwangjin-gu,서울 광진구 능동로 407,02-464-7588,,,37.565436,127.083787,3.0,13,"https://www.google.com/maps/search/?api=1&query=37.565436,127.083787",동물병원
277,動物病院,Veterinary clinic,ロヤルドグエンケッメディカルセンター スターコンデジョム,Royaldogeuaenkaet Medical Center Star Geondaejeom,로얄도그앤캣메디컬센터 스타건대점,,広津区,Gwangjin-gu,서울 광진구 능동로 49,02-468-6612,,,37.535851,127.068472,,0,"https://www.google.com/maps/search/?api=1&query=37.535851,127.068472",동물병원
278,動物病院,Veterinary clinic,ロヤレイアルッシ チャヤンジジョム,Royareialssi Jayangjijeom,로얄에이알씨 자양지점,,広津区,Gwangjin-gu,서울 광진구 능동로 49,02-468-0955,,,37.535742,127.068402,,0,"https://www.google.com/maps/search/?api=1&query=37.535742,127.068402",동물병원
279,動物病院,Veterinary clinic,ロエル動物病院,Roel Animal Hospital,로엘동물병원,,広津区,Gwangjin-gu,서울 광진구 뚝섬로 622-1,,,,37.532088,127.078821,4.6,1,"https://www.google.com/maps/search/?api=1&query=37.532088,127.078821",동물병원
280,動物病院,Veterinary clinic,パンジュ チョンハプ動物病院,Bangju Jonghap Animal Hospital,방주 종합동물병원,,広津区,Gwangjin-gu,서울 광진구 능동로 334,02-454-9975,,,37.559329,127.080941,3.3,0,"https://www.google.com/maps/search/?api=1&query=37.559329,127.080941",동물병원
281,動物病院,Veterinary clinic,ポラム動物病院,Boram Animal Hospital,보람동물병원,,広津区,Gwangjin-gu,서울 광진구 군자로 84,,,,37.550524,127.071181,3.7,0,"https://www.google.com/maps/search/?api=1&query=37.550524,127.071181",동물병원
282,動物病院,Veterinary clinic,ピビ動物病院,Bibi Animal Hospital,비비동물병원,,広津区,Gwangjin-gu,서울 광진구 능동로 21,02-2039-7770,,https://bibianimal.com/,37.533491,127.067301,,135,"https://www.google.com/maps/search/?api=1&query=37.533491,127.067301",동물병원
283,動物病院,Veterinary clinic,ソウルデハクギョ動物コムジンセンター,Seouldaehakgyo Animal Geomjin Center,서울대학교동물검진센터,,広津区,Gwangjin-gu,서울 광진구 구의강변로 46,02-6930-5747,,https://animalhealthcare.kr/,37.534787,127.092018,3.8,123,"https://www.google.com/maps/search/?api=1&query=37.534787,127.092018",동물병원
284,動物病院,Veterinary clinic,ソウル動物病院,Seoul Animal Hospital,서울동물병원,,広津区,Gwangjin-gu,서울 광진구 천호대로 623-1,02-2038-8253,https://www.instagram.com/jgseoul_animal_hospital,,37.554535,127.08707,4.3,0,"https://www.google.com/maps/search/?api=1&query=37.554535,127.08707",동물병원
285,動物病院,Veterinary clinic,セブランスエイエムッシ,Sebeuranseueiemssi,세브란스에이엠씨,,広津区,Gwangjin-gu,서울 광진구 천호대로 512,,,,37.558432,127.075309,,0,"https://www.google.com/maps/search/?api=1&query=37.558432,127.075309",동물병원
286,動物病院,Veterinary clinic,セルジェニクス トンソウルィウォン,Seljenikseu Dongseouruiwon,셀제닉스 동서울의원,,広津区,Gwangjin-gu,서울 광진구 구의강변로 38,,,,37.534165,127.091889,,0,"https://www.google.com/maps/search/?api=1&query=37.534165,127.091889",동물병원
287,動物病院,Veterinary clinic,スマート動物病院 クンジャジョム,Seu Mart Animal Hospital Gunjajeom,스마트동물병원 군자점,,広津区,Gwangjin-gu,서울 광진구 능동로43길 3-5,02-464-7582,,,37.560831,127.081236,4.3,33,"https://www.google.com/maps/search/?api=1&query=37.560831,127.081236",동물병원
288,動物病院,Veterinary clinic,アイボン動物病院,Aibon Animal Hospital,아이본동물병원,,広津区,Gwangjin-gu,서울 광진구 자양로 65,02-455-5975,https://www.instagram.com/ibonevet,,37.533642,127.084437,4.2,132,"https://www.google.com/maps/search/?api=1&query=37.533642,127.084437",동물병원
289,動物病院,Veterinary clinic,アクロベッ ネグァ動物病院,Akeurobet Naegwa Animal Hospital,아크로벳 내과동물병원,,広津区,Gwangjin-gu,서울 광진구 광나루로 582,02-2088-7119,,https://naver.me/GmbMY6D5,37.543166,127.093408,,251,"https://www.google.com/maps/search/?api=1&query=37.543166,127.093408",동물병원
290,動物病院,Veterinary clinic,エプル動物病院,Aepeul Animal Hospital,애플동물병원,,広津区,Gwangjin-gu,서울 광진구 천호대로 644,02-455-0077,,,37.5531,127.088463,3.9,1,"https://www.google.com/maps/search/?api=1&query=37.5531,127.088463",동물병원
291,動物病院,Veterinary clinic,ヨンドゥ動物病院,Yeondu Animal Hospital,연두동물병원,,広津区,Gwangjin-gu,서울 광진구 광나루로 524,02-455-0975,https://www.instagram.com/yeondooah/,,37.544691,127.087682,,105,"https://www.google.com/maps/search/?api=1&query=37.544691,127.087682",동물병원
292,動物病院,Veterinary clinic,イェイル動物病院,Yeil Animal Hospital,예일동물병원,,広津区,Gwangjin-gu,서울 광진구 자양로 265,,,,37.549916,127.090351,,0,"https://www.google.com/maps/search/?api=1&query=37.549916,127.090351",동물병원
293,動物病院,Veterinary clinic,ヨンマ動物病院,Yongma Animal Hospital,용마동물병원,,広津区,Gwangjin-gu,서울 광진구 용마산로 66,02-446-2349,,,37.55954,127.087859,5.0,0,"https://www.google.com/maps/search/?api=1&query=37.55954,127.087859",동물병원
294,動物病院,Veterinary clinic,ウジュ動物病院,Uju Animal Hospital,우주동물병원,,広津区,Gwangjin-gu,서울 광진구 자양로15길 30,010-5193-0054,,http://blog.naver.com/ujuamc,37.535669,127.081912,4.5,8,"https://www.google.com/maps/search/?api=1&query=37.535669,127.081912",동물병원
295,動物病院,Veterinary clinic,イダジョンハプ動物病院,Idajonghap Animal Hospital,이다종합동물병원,,広津区,Gwangjin-gu,서울 광진구 뚝섬로 504,,,,37.535783,127.066126,5.0,4,"https://www.google.com/maps/search/?api=1&query=37.535783,127.066126",동물병원
296,動物病院,Veterinary clinic,チャヤン動物病院,Jayang Animal Hospital,자양동물병원,,広津区,Gwangjin-gu,서울 광진구 뚝섬로52길 4,,,,37.531792,127.079391,5.0,0,"https://www.google.com/maps/search/?api=1&query=37.531792,127.079391",동물병원
297,動物病院,Veterinary clinic,チュン動物病院,Jun Animal Hospital,준동물병원,,広津区,Gwangjin-gu,서울 광진구 뚝섬로 541,02-457-2220,,https://blog.naver.com/wwqwe12,37.534894,127.070352,,81,"https://www.google.com/maps/search/?api=1&query=37.534894,127.070352",동물병원
298,動物病院,Veterinary clinic,チュンゴク動物病院,Junggok Animal Hospital,중곡동물병원,,広津区,Gwangjin-gu,서울 광진구 긴고랑로 47,02-462-5595,,,37.562744,127.08157,4.5,0,"https://www.google.com/maps/search/?api=1&query=37.562744,127.08157",동물병원
299,動物病院,Veterinary clinic,チュラギ動物病院,Jyuragi Animal Hospital,쥬라기동물병원,,広津区,Gwangjin-gu,서울 광진구 광나루로 601,02-455-7570,,,37.542099,127.095212,,1,"https://www.google.com/maps/search/?api=1&query=37.542099,127.095212",동물병원
300,動物病院,Veterinary clinic,パラゴン動物病院,Paragon Animal Hospital,파라곤동물병원,,広津区,Gwangjin-gu,서울 광진구 광나루로 361,02-498-7588,https://www.instagram.com/paragonah/,,37.548445,127.069744,1.0,1,"https://www.google.com/maps/search/?api=1&query=37.548445,127.069744",동물병원
301,動物病院,Veterinary clinic,プライム動物病院,Peuraim Animal Hospital,프라임동물병원,,広津区,Gwangjin-gu,서울 광진구 아차산로 451,02-457-0292,,,37.539164,127.092094,3.8,0,"https://www.google.com/maps/search/?api=1&query=37.539164,127.092094",동물병원
302,動物病院,Veterinary clinic,ピカソ動物病院,Pikaso Animal Hospital,피카소동물병원,,広津区,Gwangjin-gu,서울 광진구 광나루로 392-1,02-467-3673,,,37.547311,127.073306,4.9,1,"https://www.google.com/maps/search/?api=1&query=37.547311,127.073306",동물병원
303,動物病院,Veterinary clinic,ヘマクウン動物病院,Haemakeun Animal Hospital,해맑은동물병원,,広津区,Gwangjin-gu,서울 광진구 뚝섬로 670,02-6954-7582,,,37.531635,127.083855,3.4,0,"https://www.google.com/maps/search/?api=1&query=37.531635,127.083855",동물병원
304,動物病院,Veterinary clinic,24時間 シンドリムS動物医療センター,24h Sindorim S Animal Medical Center,24시 신도림S동물의료센터,はい/Yes,九老区,Guro-gu,서울 구로구 경인로 619-3,02-6949-3575,,https://blog.naver.com/ssah24,37.506884,126.884036,,204,"https://www.google.com/maps/search/?api=1&query=37.506884,126.884036",동물병원
305,動物病院,Veterinary clinic,24時間メリトウォン動物医療センター,24 Simeriteuwon Animal Medical Center,24시메리트원동물의료센터,はい/Yes,九老区,Guro-gu,서울 구로구 고척로 156,02-2611-1925,,https://blog.naver.com/24merit1,37.503198,126.851202,4.6,311,"https://www.google.com/maps/search/?api=1&query=37.503198,126.851202",동물병원
306,動物病院,Veterinary clinic,24時間ミョン動物メディカルセンター,24 Simyeong Animal Medical Center,24시명동물메디컬센터,はい/Yes,九老区,Guro-gu,서울 구로구 남부순환로 775,02-2619-5102,,http://blog.naver.com/petsong1472,37.501471,126.847047,2.8,0,"https://www.google.com/maps/search/?api=1&query=37.501471,126.847047",동물병원
307,動物病院,Veterinary clinic,24時間ジグチョン 動物メディカルセンター,24 Sijiguchon Animal Medical Center,24시지구촌 동물메디컬센터,はい/Yes,九老区,Guro-gu,서울 구로구 구로중앙로 107,02-869-7582,https://www.instagram.com/jiguchon_24ah,,37.498205,126.885861,,313,"https://www.google.com/maps/search/?api=1&query=37.498205,126.885861",동물병원
308,動物病院,Veterinary clinic,365マウム動物病院,365 Maeum Animal Hospital,365마음동물병원,,九老区,Guro-gu,서울 구로구 오리로 1286,02-2611-5223,,http://blog.naver.com/mastervet,37.496276,126.829994,4.6,371,"https://www.google.com/maps/search/?api=1&query=37.496276,126.829994",동물병원
309,動物病院,Veterinary clinic,ケミョン動物チョンハプ病院,Gaemyeong Animal Jonghap Clinic,개명동물종합병원,,九老区,Guro-gu,서울 구로구 개봉로 50,02-2619-0888,,,37.490083,126.856323,3.7,0,"https://www.google.com/maps/search/?api=1&query=37.490083,126.856323",동물병원
310,動物病院,Veterinary clinic,コチョグォン動物医療センター,Gocheogwon Animal Medical Center,고척원동물의료센터,,九老区,Guro-gu,서울 구로구 경인로 403,02-856-7582,,http://blog.naver.com/oneamc,37.497957,126.864341,4.5,25,"https://www.google.com/maps/search/?api=1&query=37.497957,126.864341",동물병원
311,動物病院,Veterinary clinic,クロジョンハプ動物病院,Gurojonghap Animal Hospital,구로종합동물병원,,九老区,Guro-gu,서울 구로구 경인로 638,02-2631-0085,,,37.507181,126.886144,,3,"https://www.google.com/maps/search/?api=1&query=37.507181,126.886144",동물병원
312,動物病院,Veterinary clinic,クンモニン 動物病院,Gunmoning Animal Hospital,굿모닝 동물병원,,九老区,Guro-gu,서울 구로구 개봉로 121,,,,37.49666,126.856143,5.0,0,"https://www.google.com/maps/search/?api=1&query=37.49666,126.856143",동물병원
313,動物病院,Veterinary clinic,クムガンジョンハプ動物病院,Geumgangjonghap Animal Hospital,금강종합동물병원,,九老区,Guro-gu,서울 구로구 경인로 196,02-2686-8008,,,37.49538,126.842928,3.9,1,"https://www.google.com/maps/search/?api=1&query=37.49538,126.842928",동물병원
314,動物病院,Veterinary clinic,タナウン動物病院,Danaeun Animal Hospital,다나은동물병원,,九老区,Guro-gu,서울 구로구 신도림로 7,02-2672-7582,,https://blog.naver.com/danaeunah,37.506116,126.877252,4.8,2,"https://www.google.com/maps/search/?api=1&query=37.506116,126.877252",동물병원
315,動物病院,Veterinary clinic,トリム動物病院,Deurim Animal Hospital,드림동물병원,,九老区,Guro-gu,서울 구로구 중앙로8길 11,02-3666-0204,,,37.502565,126.862813,5.0,0,"https://www.google.com/maps/search/?api=1&query=37.502565,126.862813",동물병원
316,動物病院,Veterinary clinic,ララ動物ウィリョウォン,Rara Animal Uiryowon,라라동물의료원,,九老区,Guro-gu,서울 구로구 도림로 72,02-839-7585,,https://blog.naver.com/lalapet,37.489353,126.891653,,298,"https://www.google.com/maps/search/?api=1&query=37.489353,126.891653",동물병원
317,動物病院,Veterinary clinic,モドゥ動物病院,Modu Animal Hospital,모두동물병원,,九老区,Guro-gu,서울 구로구 개봉로19길 11,02-2060-7975,,http://blog.naver.com/modooah,37.492704,126.855657,,2,"https://www.google.com/maps/search/?api=1&query=37.492704,126.855657",동물병원
318,動物病院,Veterinary clinic,ペルラ動物病院,Bella Animal Hospital,벨라동물병원,,九老区,Guro-gu,서울 구로구 구로중앙로34길 30,02-859-8775,,,37.500584,126.88463,,0,"https://www.google.com/maps/search/?api=1&query=37.500584,126.88463",동물병원
319,動物病院,Veterinary clinic,サラン動物病院,Sarang Animal Hospital,사랑동물병원,,九老区,Guro-gu,서울 구로구 도림로 98,,,,37.490858,126.893908,3.9,1,"https://www.google.com/maps/search/?api=1&query=37.490858,126.893908",동물병원
320,動物病院,Veterinary clinic,シンドリム動物病院,Sindorim Animal Hospital,신도림동물병원,,九老区,Guro-gu,서울 구로구 경인로 661,,,,37.509467,126.887738,3.7,1,"https://www.google.com/maps/search/?api=1&query=37.509467,126.887738",동물병원
321,動物病院,Veterinary clinic,アイロブペッ動物病院 シンドリムジョム,Aireobeupet Animal Hospital Sindorimjeom,아이러브펫동물병원 신도림점,,九老区,Guro-gu,서울 구로구 경인로 661,02-3439-7533,,,37.509756,126.88846,5.0,0,"https://www.google.com/maps/search/?api=1&query=37.509756,126.88846",동물병원
322,動物病院,Veterinary clinic,アンジョンテク動物病院,Anjeongtaek Animal Hospital,안정택동물병원,,九老区,Guro-gu,서울 구로구 천왕로 106,02-2060-7512,,http://blog.naver.com/goldplaza201,37.486031,126.838552,,0,"https://www.google.com/maps/search/?api=1&query=37.486031,126.838552",동물병원
323,動物病院,Veterinary clinic,オリュ動物病院,Oryu Animal Hospital,오류동물병원,,九老区,Guro-gu,서울 구로구 경인로 236,02-2612-3232,,,37.49708,126.846917,4.5,0,"https://www.google.com/maps/search/?api=1&query=37.49708,126.846917",동물병원
324,動物病院,Veterinary clinic,オルリブ動物病院,Ollibeu Animal Hospital,올리브동물병원,,九老区,Guro-gu,서울 구로구 중앙로 64,02-2135-5866,,https://blog.naver.com/veni1208,37.503927,126.862952,,11,"https://www.google.com/maps/search/?api=1&query=37.503927,126.862952",동물병원
325,動物病院,Veterinary clinic,ケンゴル動物病院,Kaenggeoru Animal Hospital,캥거루동물병원,,九老区,Guro-gu,서울 구로구 오류로 55,02-2066-2579,,,37.489842,126.839805,4.7,0,"https://www.google.com/maps/search/?api=1&query=37.489842,126.839805",동물병원
326,動物病院,Veterinary clinic,ケイナイン動物病院,Keinain Animal Hospital,케이나인동물병원,,九老区,Guro-gu,서울 구로구 개봉로 38-1,02-2686-3939,,http://blog.naver.com/winsomekang,37.489082,126.85642,4.0,0,"https://www.google.com/maps/search/?api=1&query=37.489082,126.85642",동물병원
327,動物病院,Veterinary clinic,クルロボ 動物病院,Keullobeo Animal Hospital,클로버 동물병원,,九老区,Guro-gu,서울 구로구 서해안로 2096,02-2687-7582,,,37.479764,126.822891,4.8,13,"https://www.google.com/maps/search/?api=1&query=37.479764,126.822891",동물병원
328,動物病院,Veterinary clinic,プルン動物病院,Pureun Animal Hospital,푸른동물병원,,九老区,Guro-gu,서울 구로구 구로동로 111-1,02-861-0075,,,37.488592,126.884376,3.7,0,"https://www.google.com/maps/search/?api=1&query=37.488592,126.884376",동물병원
329,動物病院,Veterinary clinic,ハンセム動物病院,Hansaem Animal Hospital,한샘동물병원,,九老区,Guro-gu,서울 구로구 경인로40길 25,02-2681-7585,,,37.49562,126.859195,,1,"https://www.google.com/maps/search/?api=1&query=37.49562,126.859195",동물병원
330,動物病院,Veterinary clinic,ハンドンプルンスプ動物病院,Hangdongpureunsup Animal Hospital,항동푸른숲동물병원,,九老区,Guro-gu,서울 구로구 항동로3길 4,02-2088-7578,,,37.480992,126.824496,3.7,0,"https://www.google.com/maps/search/?api=1&query=37.480992,126.824496",동물병원
331,動物病院,Veterinary clinic,ハッピー動物病院,Happy Animal Hospital,해피동물병원,,九老区,Guro-gu,서울 구로구 중앙로 67,,,,37.503562,126.861685,,1,"https://www.google.com/maps/search/?api=1&query=37.503562,126.861685",동물병원
332,動物病院,Veterinary clinic,ホブ動物病院,Heobeu Animal Hospital,허브동물병원,,九老区,Guro-gu,서울 구로구 구일로10길 27,02-6734-7500,,,37.495615,126.87303,5.0,20,"https://www.google.com/maps/search/?api=1&query=37.495615,126.87303",동물병원
333,動物病院,Veterinary clinic,24時間グルロリ動物病院,24 Sigeullori Animal Hospital,24시글로리동물병원,はい/Yes,衿川区,Geumcheon-gu,서울 금천구 시흥대로 483,02-855-8575,,,37.476729,126.898255,4.3,28,"https://www.google.com/maps/search/?api=1&query=37.476729,126.898255",동물병원
334,動物病院,Veterinary clinic,グリーン動物病院,Green Animal Hospital,그린동물병원,,衿川区,Geumcheon-gu,서울 금천구 독산로 272,02-856-4113,,,37.471001,126.903215,3.0,0,"https://www.google.com/maps/search/?api=1&query=37.471001,126.903215",동물병원
335,動物病院,Veterinary clinic,クムナレ動物病院,Geumnarae Animal Hospital,금나래동물병원,,衿川区,Geumcheon-gu,서울 금천구 벚꽃로 30,,,,37.458116,126.894284,5.0,0,"https://www.google.com/maps/search/?api=1&query=37.458116,126.894284",동물병원
336,動物病院,Veterinary clinic,クムチョン24時間K動物医療センター,Geumcheon 24h K Animal Medical Center,금천24시K동물의료센터,はい/Yes,衿川区,Geumcheon-gu,서울 금천구 시흥대로 251,02-808-2475,http://www.instagram.com/k_vet_clinic,,37.45614,126.899601,4.1,12,"https://www.google.com/maps/search/?api=1&query=37.45614,126.899601",동물병원
337,動物病院,Veterinary clinic,クムチョンジョンハプ動物病院,Geumcheonjonghap Animal Hospital,금천종합동물병원,,衿川区,Geumcheon-gu,서울 금천구 독산로 188,02-894-8085,,,37.463937,126.903436,1.0,0,"https://www.google.com/maps/search/?api=1&query=37.463937,126.903436",동물병원
338,動物病院,Veterinary clinic,ノア動物病院,Noa Animal Hospital,노아동물병원,,衿川区,Geumcheon-gu,서울 금천구 금하로 745,02-805-4758,,,37.450202,126.912576,3.7,0,"https://www.google.com/maps/search/?api=1&query=37.450202,126.912576",동물병원
339,動物病院,Veterinary clinic,トジョウン動物医療センター,Deojoeun Animal Medical Center,더조은동물의료센터,,衿川区,Geumcheon-gu,서울 금천구 시흥대로 172,02-802-2811,,https://blog.naver.com/thejoeunamc/,37.449463,126.903048,3.7,36,"https://www.google.com/maps/search/?api=1&query=37.449463,126.903048",동물병원
340,動物病院,Veterinary clinic,トクサノン動物病院,Doksanon Animal Hospital,독산온동물병원,,衿川区,Geumcheon-gu,서울 금천구 독산로 225,02-868-8275,,,37.467026,126.901522,3.7,0,"https://www.google.com/maps/search/?api=1&query=37.467026,126.901522",동물병원
341,動物病院,Veterinary clinic,ウリ動物メディカルセンター,Uri Animal Medical Center,우리동물메디컬센터,,衿川区,Geumcheon-gu,서울 금천구 남부순환로 1386,02-853-7582,,http://blog.naver.com/wramc,37.479731,126.904727,4.6,118,"https://www.google.com/maps/search/?api=1&query=37.479731,126.904727",동물병원
342,動物病院,Veterinary clinic,ウンヘンナム動物病院,Eunhaengnamu Animal Hospital,은행나무동물병원,,衿川区,Geumcheon-gu,서울 금천구 금하로 694,02-804-0975,,,37.451618,126.907132,5.0,0,"https://www.google.com/maps/search/?api=1&query=37.451618,126.907132",동물병원
343,動物病院,Veterinary clinic,チェイビソルルション,Jeibisollusyeon,제이비솔루션,,衿川区,Geumcheon-gu,서울 금천구 가산디지털2로 115,,,,37.478033,126.879008,,0,"https://www.google.com/maps/search/?api=1&query=37.478033,126.879008",동물병원
344,動物病院,Veterinary clinic,チェイルジョンハプ動物病院,Jeiljonghap Animal Hospital,제일종합동물병원,,衿川区,Geumcheon-gu,서울 금천구 독산로 58,,,,37.452565,126.90624,2.7,0,"https://www.google.com/maps/search/?api=1&query=37.452565,126.90624",동물병원
345,動物病院,Veterinary clinic,チョア動物病院,Joa Animal Hospital,조아동물병원,,衿川区,Geumcheon-gu,서울 금천구 금하로1라길 35,,,,37.453795,126.89038,5.0,0,"https://www.google.com/maps/search/?api=1&query=37.453795,126.89038",동물병원
346,動物病院,Veterinary clinic,チョジョンヨン動物病院,Jojeongyeon Animal Hospital,조정연동물병원,,衿川区,Geumcheon-gu,서울 금천구 금하로 679,,,,37.452604,126.905815,3.7,0,"https://www.google.com/maps/search/?api=1&query=37.452604,126.905815",동물병원
347,動物病院,Veterinary clinic,クルペッ動物病院,Kulpet Animal Hospital,쿨펫동물병원,,衿川区,Geumcheon-gu,서울 금천구 두산로 71,,,,37.470656,126.895763,4.3,1,"https://www.google.com/maps/search/?api=1&query=37.470656,126.895763",동물병원
348,動物病院,Veterinary clinic,パランセ動物病院,Parangsae Animal Hospital,파랑새동물병원,,衿川区,Geumcheon-gu,서울 금천구 시흥대로 276,02-805-2825,https://www.instagram.com/parangse_/,,37.458346,126.899553,3.8,442,"https://www.google.com/maps/search/?api=1&query=37.458346,126.899553",동물병원
349,動物病院,Veterinary clinic,ホブ動物病院,Heobeu Animal Hospital,허브동물병원,,衿川区,Geumcheon-gu,서울 금천구 독산로 70-1,02-867-7776,,https://blog.naver.com/9407wook,37.453623,126.906341,4.5,0,"https://www.google.com/maps/search/?api=1&query=37.453623,126.906341",동물병원
350,動物病院,Veterinary clinic,25シ動物病院,25 Si Animal Hospital,25시동물병원,,蘆原区,Nowon-gu,서울 노원구 한글비석로8길 16,02-935-0075,,https://blog.naver.com/nowon25animal,37.647795,127.077444,3.0,7,"https://www.google.com/maps/search/?api=1&query=37.647795,127.077444",동물병원
351,動物病院,Veterinary clinic,LK動物病院,LK Animal Hospital,LK동물병원,,蘆原区,Nowon-gu,서울 노원구 덕릉로 589,02-952-6426,,,37.650966,127.07173,3.8,0,"https://www.google.com/maps/search/?api=1&query=37.650966,127.07173",동물병원
352,動物病院,Veterinary clinic,Nコヤンイ病院,N Goyangi Clinic,N고양이병원,,蘆原区,Nowon-gu,서울 노원구 노원로 408,02-919-0075,,,37.653129,127.068131,2.7,10,"https://www.google.com/maps/search/?api=1&query=37.653129,127.068131",동물병원
353,動物病院,Veterinary clinic,N動物アングァ病院,N Animal Angwa Clinic,N동물안과병원,,蘆原区,Nowon-gu,서울 노원구 노원로 408,070-5047-1677,,https://www.namc.co.kr/,37.65313,127.068129,5.0,0,"https://www.google.com/maps/search/?api=1&query=37.65313,127.068129",동물병원
354,動物病院,Veterinary clinic,N動物医療センター ノウォンジョム,N Animal Medical Center Nowonjeom,N동물의료센터 노원점,,蘆原区,Nowon-gu,서울 노원구 노원로 408,02-919-0075,,http://www.namc.co.kr,37.653115,127.068104,3.8,386,"https://www.google.com/maps/search/?api=1&query=37.653115,127.068104",동물병원
355,動物病院,Veterinary clinic,VIP動物医療センター ノウォンジョム,VIP Animal Medical Center Nowonjeom,VIP동물의료센터 노원점,,蘆原区,Nowon-gu,서울 노원구 동일로 1333,02-931-1333,,http://vipah.co.kr,37.647832,127.062327,,98,"https://www.google.com/maps/search/?api=1&query=37.647832,127.062327",동물병원
356,動物病院,Veterinary clinic,コリョ動物病院,Goryeo Animal Hospital,고려동물병원,,蘆原区,Nowon-gu,서울 노원구 덕릉로 738,02-3391-0075,,,37.663378,127.076221,4.6,1,"https://www.google.com/maps/search/?api=1&query=37.663378,127.076221",동물병원
357,動物病院,Veterinary clinic,コルドポピ動物病院 コンヌンジョム,Goldeupeopi Animal Hospital Gongneungjeom,골드퍼피동물병원 공릉점,,蘆原区,Nowon-gu,서울 노원구 동일로 1014,0507-1360-5956,,,37.620598,127.074945,,797,"https://www.google.com/maps/search/?api=1&query=37.620598,127.074945",동물병원
358,動物病院,Veterinary clinic,グリーン動物病院,Green Animal Hospital,그린동물병원,,蘆原区,Nowon-gu,서울 노원구 노원로 540,,,,37.661529,127.059011,5.0,0,"https://www.google.com/maps/search/?api=1&query=37.661529,127.059011",동물병원
359,動物病院,Veterinary clinic,ナウ動物医療センター,Nau Animal Medical Center,나우동물의료센터,,蘆原区,Nowon-gu,서울 노원구 동일로 1636,02-952-9111,,,37.67438,127.055633,,96,"https://www.google.com/maps/search/?api=1&query=37.67438,127.055633",동물병원
360,動物病院,Veterinary clinic,ネギョテ動物病院,Naegyeote Animal Hospital,내곁에동물병원,,蘆原区,Nowon-gu,서울 노원구 덕릉로 753,02-952-7599,,,37.665058,127.076853,5.0,52,"https://www.google.com/maps/search/?api=1&query=37.665058,127.076853",동물병원
361,動物病院,Veterinary clinic,ノウォンバルン動物医療センター,Nowonbareun Animal Medical Center,노원바른동물의료센터,,蘆原区,Nowon-gu,서울 노원구 동일로 1598,02-936-5500,,https://blog.naver.com/nowon_barunamc,37.671056,127.0564,,30,"https://www.google.com/maps/search/?api=1&query=37.671056,127.0564",동물병원
362,動物病院,Veterinary clinic,ノウォノン動物病院,Nowonon Animal Hospital,노원온동물병원,,蘆原区,Nowon-gu,서울 노원구 노원로 456,02-6953-1445,,https://blog.naver.com/nowonon,37.65745,127.066728,,139,"https://www.google.com/maps/search/?api=1&query=37.65745,127.066728",동물병원
363,動物病院,Veterinary clinic,タクトスジョンハプ動物病院,Dakteoseujonghap Animal Hospital,닥터스종합동물병원,,蘆原区,Nowon-gu,서울 노원구 월계로 336,02-905-7588,,,37.629177,127.057826,2.3,3,"https://www.google.com/maps/search/?api=1&query=37.629177,127.057826",동물병원
364,動物病院,Veterinary clinic,タンゴゲ動物病院,Danggogae Animal Hospital,당고개동물병원,,蘆原区,Nowon-gu,서울 노원구 덕릉로 810-1,02-932-7582,,,37.669023,127.08033,5.0,1,"https://www.google.com/maps/search/?api=1&query=37.669023,127.08033",동물병원
365,動物病院,Veterinary clinic,ロヤルベッ動物病院 ウォルギェジョム,Royalbet Animal Hospital Wolgyejeom,로얄벳동물병원 월계점,,蘆原区,Nowon-gu,서울 노원구 마들로3길 15,02-949-0995,,,37.626504,127.061969,,0,"https://www.google.com/maps/search/?api=1&query=37.626504,127.061969",동물병원
366,動物病院,Veterinary clinic,ロッデ動物病院,Rotde Animal Hospital,롯데동물병원,,蘆原区,Nowon-gu,서울 노원구 동일로207길 17,02-973-5959,,,37.64285,127.064757,4.4,1,"https://www.google.com/maps/search/?api=1&query=37.64285,127.064757",동물병원
367,動物病院,Veterinary clinic,メイン動物病院,Mein Animal Hospital,메인동물병원,,蘆原区,Nowon-gu,서울 노원구 동일로 1025,02-979-8575,,,37.621591,127.073934,2.4,3,"https://www.google.com/maps/search/?api=1&query=37.621591,127.073934",동물병원
368,動物病院,Veterinary clinic,ミレ動物病院,Mirae Animal Hospital,미래동물병원,,蘆原区,Nowon-gu,서울 노원구 공릉로 168,02-949-5975,,,37.624969,127.079948,4.0,2,"https://www.google.com/maps/search/?api=1&query=37.624969,127.079948",동물병원
369,動物病院,Veterinary clinic,ペリグッ動物病院,Berigut Animal Hospital,베리굿동물병원,,蘆原区,Nowon-gu,서울 노원구 동일로203가길 29,02-6959-7988,,,37.639876,127.064284,4.4,76,"https://www.google.com/maps/search/?api=1&query=37.639876,127.064284",동물병원
370,動物病院,Veterinary clinic,ピョルビッ動物病院,Byeolbit Animal Hospital,별빛동물병원,,蘆原区,Nowon-gu,서울 노원구 덕릉로127길 25,0502-5552-9151,,,37.671577,127.08119,5.0,0,"https://www.google.com/maps/search/?api=1&query=37.671577,127.08119",동물병원
371,動物病院,Veterinary clinic,プラウン動物病院,Beuraun Animal Hospital,브라운동물병원,,蘆原区,Nowon-gu,서울 노원구 동일로203가길 29,,,,37.639816,127.064396,1.0,3,"https://www.google.com/maps/search/?api=1&query=37.639816,127.064396",동물병원
372,動物病院,Veterinary clinic,ソジョン動物病院,Seojeong Animal Hospital,서정동물병원,,蘆原区,Nowon-gu,서울 노원구 동일로 1640,02-930-7161,,,37.674636,127.055566,5.0,3,"https://www.google.com/maps/search/?api=1&query=37.674636,127.055566",동물병원
373,動物病院,Veterinary clinic,ス動物病院,Su Animal Hospital,수동물병원,,蘆原区,Nowon-gu,서울 노원구 동일로 1689,,,,37.679071,127.05488,5.0,0,"https://www.google.com/maps/search/?api=1&query=37.679071,127.05488",동물병원
374,動物病院,Veterinary clinic,スラク動物病院,Surak Animal Hospital,수락동물병원,,蘆原区,Nowon-gu,서울 노원구 동일로 1622,02-938-8575,,,37.672886,127.055996,4.3,144,"https://www.google.com/maps/search/?api=1&query=37.672886,127.055996",동물병원
375,動物病院,Veterinary clinic,スピア動物病院,Supia Animal Hospital,수피아동물병원,,蘆原区,Nowon-gu,서울 노원구 동일로192길 87,02-971-7511,,,37.627645,127.077587,,0,"https://www.google.com/maps/search/?api=1&query=37.627645,127.077587",동물병원
376,動物病院,Veterinary clinic,スマイルプルロス 動物病院,Seumailpeulleoseu Animal Hospital,스마일플러스 동물병원,,蘆原区,Nowon-gu,서울 노원구 동일로 1051,02-976-7582,,,37.623766,127.073272,4.1,2,"https://www.google.com/maps/search/?api=1&query=37.623766,127.073272",동물병원
377,動物病院,Veterinary clinic,スマート動物病院 ノウォンジョム,Seu Mart Animal Hospital Nowonjeom,스마트동물병원 노원점,,蘆原区,Nowon-gu,서울 노원구 노원로 470,02-952-7582,,http://blog.naver.com/nwsmart,37.658433,127.065749,4.8,5,"https://www.google.com/maps/search/?api=1&query=37.658433,127.065749",동물병원
378,動物病院,Veterinary clinic,シマ動物病院,Sima Animal Hospital,시마동물병원,,蘆原区,Nowon-gu,서울 노원구 동일로 1362,02-908-7585,,http://blog.naver.com/vmdjh,37.65025,127.062177,5.0,7,"https://www.google.com/maps/search/?api=1&query=37.65025,127.062177",동물병원
379,動物病院,Veterinary clinic,エンジェル動物病院,Enjel Animal Hospital,엔젤동물병원,,蘆原区,Nowon-gu,서울 노원구 동일로 1104,,,,37.62847,127.071904,5.0,0,"https://www.google.com/maps/search/?api=1&query=37.62847,127.071904",동물병원
380,動物病院,Veterinary clinic,ウリドル動物チョンハプ病院,Urideul Animal Jonghap Clinic,우리들동물종합병원,,蘆原区,Nowon-gu,서울 노원구 동일로 1280,,,,37.643037,127.065423,4.3,9,"https://www.google.com/maps/search/?api=1&query=37.643037,127.065423",동물병원
381,動物病院,Veterinary clinic,ウソル動物病院,Usol Animal Hospital,우솔동물병원,,蘆原区,Nowon-gu,서울 노원구 화랑로 349,02-973-7588,,,37.615394,127.066658,4.1,4,"https://www.google.com/maps/search/?api=1&query=37.615394,127.066658",동물병원
382,動物病院,Veterinary clinic,ウェルリス動物病院,Welliseu Animal Hospital,웰니스동물병원,,蘆原区,Nowon-gu,서울 노원구 마들로3길 15,02-949-0975,,,37.626771,127.061331,5.0,0,"https://www.google.com/maps/search/?api=1&query=37.626771,127.061331",동물병원
383,動物病院,Veterinary clinic,ウェルリス動物病院,Welliseu Animal Hospital,웰리스동물병원,,蘆原区,Nowon-gu,서울 노원구 섬밭로 258,02-978-4775,,http://pf.kakao.com/_sxkHxlb,37.638675,127.064851,,39,"https://www.google.com/maps/search/?api=1&query=37.638675,127.064851",동물병원
384,動物病院,Veterinary clinic,ユリム動物病院,Yurim Animal Hospital,유림동물병원,,蘆原区,Nowon-gu,서울 노원구 월계로45길 28,,,,37.626783,127.051162,5.0,2,"https://www.google.com/maps/search/?api=1&query=37.626783,127.051162",동물병원
385,動物病院,Veterinary clinic,ウンマロ動物病院,Eunmaro Animal Hospital,은마로동물병원,,蘆原区,Nowon-gu,서울 노원구 한글비석로 363,02-931-1575,,,37.658012,127.074515,4.0,1,"https://www.google.com/maps/search/?api=1&query=37.658012,127.074515",동물병원
386,動物病院,Veterinary clinic,ウンビッ動物病院,Eunbit Animal Hospital,은빛동물병원,,蘆原区,Nowon-gu,서울 노원구 동일로 1649,02-932-6658,,,37.675658,127.055068,,0,"https://www.google.com/maps/search/?api=1&query=37.675658,127.055068",동물병원
387,動物病院,Veterinary clinic,イエンバク動物病院,Iaenbak Animal Hospital,이앤박동물병원,,蘆原区,Nowon-gu,서울 노원구 한글비석로52길 18,02-939-6898,,http://blog.naver.com/liven12,37.665316,127.066571,4.3,5,"https://www.google.com/maps/search/?api=1&query=37.665316,127.066571",동물병원
388,動物病院,Veterinary clinic,チュンギェイオ動物病院,Junggyeio Animal Hospital,중계이오동물병원,,蘆原区,Nowon-gu,서울 노원구 한글비석로 245,,,,37.649395,127.076379,3.0,0,"https://www.google.com/maps/search/?api=1&query=37.649395,127.076379",동물병원
389,動物病院,Veterinary clinic,チャム動物病院,Cham Animal Hospital,참동물병원,,蘆原区,Nowon-gu,서울 노원구 동일로 1530,,,,37.665039,127.058034,5.0,0,"https://www.google.com/maps/search/?api=1&query=37.665039,127.058034",동물병원
390,動物病院,Veterinary clinic,チャムサラン動物病院,Chamsarang Animal Hospital,참사랑동물병원,,蘆原区,Nowon-gu,서울 노원구 한글비석로 272,,,,37.651748,127.077578,,0,"https://www.google.com/maps/search/?api=1&query=37.651748,127.077578",동물병원
391,動物病院,Veterinary clinic,キウム動物病院,Kium Animal Hospital,키움동물병원,,蘆原区,Nowon-gu,서울 노원구 노원로1길 9,02-949-7582,,,37.622193,127.086392,4.9,1,"https://www.google.com/maps/search/?api=1&query=37.622193,127.086392",동물병원
392,動物病院,Veterinary clinic,ペッガーデン,Pet Garden,펫가든,,蘆原区,Nowon-gu,서울 노원구 노원로 330,02-951-7707,,,37.646758,127.070949,,0,"https://www.google.com/maps/search/?api=1&query=37.646758,127.070949",동물병원
393,動物病院,Veterinary clinic,ハンガン動物病院,Hangang Animal Hospital,한강동물병원,,蘆原区,Nowon-gu,서울 노원구 노원로34길 116,02-952-8275,,,37.664121,127.066344,,0,"https://www.google.com/maps/search/?api=1&query=37.664121,127.066344",동물병원
394,動物病院,Veterinary clinic,ハングク動物アムセンター,Hanguk Animal Am Center,한국동물암센터,,蘆原区,Nowon-gu,서울 노원구 노원로 408,,,,37.653157,127.068078,,0,"https://www.google.com/maps/search/?api=1&query=37.653157,127.068078",동물병원
395,動物病院,Veterinary clinic,ハンビッジョンハプ動物病院,Hanbitjonghap Animal Hospital,한빛종합동물병원,,蘆原区,Nowon-gu,서울 노원구 동일로 1370,02-951-7582,,,37.650913,127.061846,,1,"https://www.google.com/maps/search/?api=1&query=37.650913,127.061846",동물병원
396,動物病院,Veterinary clinic,ファラン動物病院,Hwarang Animal Hospital,화랑동물병원,,蘆原区,Nowon-gu,서울 노원구 화랑로 473,02-949-7512,,,37.619282,127.079651,3.7,1,"https://www.google.com/maps/search/?api=1&query=37.619282,127.079651",동물병원
397,動物病院,Veterinary clinic,24時間ヂルライト 動物医療センター,24 Sidillaiteu Animal Medical Center,24시딜라이트 동물의료센터,はい/Yes,道峰区,Dobong-gu,서울 도봉구 도봉로 578,02-904-1004,,,37.656294,127.039703,,510,"https://www.google.com/maps/search/?api=1&query=37.656294,127.039703",동물병원
398,動物病院,Veterinary clinic,365動物病院,365 Animal Hospital,365동물병원,,道峰区,Dobong-gu,서울 도봉구 방학로 54,02-6402-0365,,https://blog.naver.com/365ah,37.662976,127.046355,3.6,4,"https://www.google.com/maps/search/?api=1&query=37.662976,127.046355",동물병원
399,動物病院,Veterinary clinic,カナ動物病院,Gana Animal Hospital,가나동물병원,,道峰区,Dobong-gu,서울 도봉구 방학로 162,02-3491-4748,,,37.662696,127.034116,4.0,1,"https://www.google.com/maps/search/?api=1&query=37.662696,127.034116",동물병원
400,動物病院,Veterinary clinic,キムミギョン動物病院,Gimmigyeong Animal Hospital,김미경동물병원,,道峰区,Dobong-gu,서울 도봉구 마들로 664,02-955-6530,,https://blog.naver.com/mkjh5747,37.669429,127.046459,,184,"https://www.google.com/maps/search/?api=1&query=37.669429,127.046459",동물병원
401,動物病院,Veterinary clinic,トダム動物病院,Dodam Animal Hospital,도담동물병원,,道峰区,Dobong-gu,서울 도봉구 도봉로 875,,,,37.682679,127.04556,1.0,0,"https://www.google.com/maps/search/?api=1&query=37.682679,127.04556",동물병원
402,動物病院,Veterinary clinic,動物病院ピアチュ,Animal Hospital Biacheu,동물병원비아츠,,道峰区,Dobong-gu,서울 도봉구 우이천로 446-3,02-999-7582,,,37.653185,127.017109,4.5,160,"https://www.google.com/maps/search/?api=1&query=37.653185,127.017109",동물병원
403,動物病院,Veterinary clinic,トゥルリ動物病院,Dulli Animal Hospital,둘리동물병원,,道峰区,Dobong-gu,서울 도봉구 도봉로 502,02-993-0075,,,37.650084,127.035862,4.2,10,"https://www.google.com/maps/search/?api=1&query=37.650084,127.035862",동물병원
404,動物病院,Veterinary clinic,パンハク動物ウェグァセンター,Banghak Animal Oegwa Center,방학동물외과센터,,道峰区,Dobong-gu,서울 도봉구 도봉로 723,02-3494-0075,,,37.669097,127.043207,1.0,0,"https://www.google.com/maps/search/?api=1&query=37.669097,127.043207",동물병원
405,動物病院,Veterinary clinic,パンハク動物チョンハプ病院,Banghak Animal Jonghap Clinic,방학동물종합병원,,道峰区,Dobong-gu,서울 도봉구 도봉로 723,02-3494-0075,,,37.669031,127.043213,2.0,3,"https://www.google.com/maps/search/?api=1&query=37.669031,127.043213",동물병원
406,動物病院,Veterinary clinic,ピョルラン動物病院,Byeollan Animal Hospital,별난동물병원,,道峰区,Dobong-gu,서울 도봉구 도봉로 603,,,,37.658609,127.040297,4.8,0,"https://www.google.com/maps/search/?api=1&query=37.658609,127.040297",동물병원
407,動物病院,Veterinary clinic,ポドム動物病院,Bodeum Animal Hospital,보듬동물병원,,道峰区,Dobong-gu,서울 도봉구 해등로 255,02-6954-7544,,https://blog.naver.com/bodeumah_,37.657529,127.028087,3.7,2,"https://www.google.com/maps/search/?api=1&query=37.657529,127.028087",동물병원
408,動物病院,Veterinary clinic,ピッガオン動物病院,Bitgaon Animal Hospital,빛가온동물병원,,道峰区,Dobong-gu,서울 도봉구 마들로 695,,,,37.672191,127.046369,,0,"https://www.google.com/maps/search/?api=1&query=37.672191,127.046369",동물병원
409,動物病院,Veterinary clinic,サランヘヨ動物病院,Saranghaeyo Animal Hospital,사랑해요동물병원,,道峰区,Dobong-gu,서울 도봉구 시루봉로 59,02-907-7512,,,37.656196,127.027742,5.0,0,"https://www.google.com/maps/search/?api=1&query=37.656196,127.027742",동물병원
410,動物病院,Veterinary clinic,サムソン動物チョンハプ病院,Samseong Animal Jonghap Clinic,삼성동물종합병원,,道峰区,Dobong-gu,서울 도봉구 도봉로 499,02-902-7582,,,37.650139,127.035314,3.3,3,"https://www.google.com/maps/search/?api=1&query=37.650139,127.035314",동물병원
411,動物病院,Veterinary clinic,シンチャン動物病院,Sinchang Animal Hospital,신창동물병원,,道峰区,Dobong-gu,서울 도봉구 덕릉로 230,,,,37.638263,127.038019,3.5,1,"https://www.google.com/maps/search/?api=1&query=37.638263,127.038019",동물병원
412,動物病院,Veterinary clinic,アイジョウン動物病院,Aijoeun Animal Hospital,아이조은동물병원,,道峰区,Dobong-gu,서울 도봉구 해등로26길 7,02-900-7555,,https://blog.naver.com/ijoeunah,37.658436,127.032606,4.2,2,"https://www.google.com/maps/search/?api=1&query=37.658436,127.032606",동물병원
413,動物病院,Veterinary clinic,ユヒョン動物病院,Yuhyeon Animal Hospital,유현동물병원,,道峰区,Dobong-gu,서울 도봉구 방학로 187,02-955-2882,,,37.66195,127.031412,1.0,0,"https://www.google.com/maps/search/?api=1&query=37.66195,127.031412",동물병원
414,動物病院,Veterinary clinic,テイル動物チグァ病院,Taeil Animal Chigwa Clinic,태일동물치과병원,,道峰区,Dobong-gu,서울 도봉구 해등로 184,02-997-0075,,http://taeilanimaldentistry.com/,37.657916,127.03641,4.7,8,"https://www.google.com/maps/search/?api=1&query=37.657916,127.03641",동물병원
415,動物病院,Veterinary clinic,トウィンス動物病院,Teuwinseu Animal Hospital,트윈스동물병원,,道峰区,Dobong-gu,서울 도봉구 도봉로110다길 20,02-906-7575,,,37.645361,127.033703,3.2,0,"https://www.google.com/maps/search/?api=1&query=37.645361,127.033703",동물병원
416,動物病院,Veterinary clinic,ピュリナ動物病院,Pyurina Animal Hospital,퓨리나동물병원,,道峰区,Dobong-gu,서울 도봉구 도봉로 469,,,,37.647617,127.033695,3.5,0,"https://www.google.com/maps/search/?api=1&query=37.647617,127.033695",동물병원
417,動物病院,Veterinary clinic,ハビ動物病院,Habi Animal Hospital,하비동물병원,,道峰区,Dobong-gu,서울 도봉구 노해로65길 14,0503-7153-6604,,http://blog.naver.com/habianimal,37.652034,127.046523,,16,"https://www.google.com/maps/search/?api=1&query=37.652034,127.046523",동물병원
418,動物病院,Veterinary clinic,ハンビッ動物病院,Hanbit Animal Hospital,한빛동물병원,,道峰区,Dobong-gu,서울 도봉구 덕릉로 256,,,,37.640198,127.039805,4.1,0,"https://www.google.com/maps/search/?api=1&query=37.640198,127.039805",동물병원
419,動物病院,Veterinary clinic,ヘボム動物病院,Haebom Animal Hospital,해봄동물병원,,道峰区,Dobong-gu,서울 도봉구 도봉로180길 28,,,http://blog.naver.com/bowwows,37.682902,127.047464,4.8,3,"https://www.google.com/maps/search/?api=1&query=37.682902,127.047464",동물병원
420,動物病院,Veterinary clinic,ヒョンデジョンハプ動物病院,Hyeondaejonghap Animal Hospital,현대종합동물병원,,道峰区,Dobong-gu,서울 도봉구 도봉로 669,02-3491-8000,,,37.664466,127.042411,3.1,0,"https://www.google.com/maps/search/?api=1&query=37.664466,127.042411",동물병원
421,動物病院,Veterinary clinic,ファシン動物病院,Hwasin Animal Hospital,화신동물병원,,道峰区,Dobong-gu,서울 도봉구 도당로 63,02-3491-7060,,,37.663787,127.034686,3.7,0,"https://www.google.com/maps/search/?api=1&query=37.663787,127.034686",동물병원
422,動物病院,Veterinary clinic,24時間 ルシード動物メディカルセンター トンデムンジョム,24h Ru Seed Animal Medical Center Dongdaemunjeom,24시 루시드동물메디컬센터 동대문점,はい/Yes,東大門区,Dongdaemun-gu,서울 동대문구 전농로 57-1,02-6217-0202,,http://www.lucidamc.co.kr,37.57012,127.05692,4.4,114,"https://www.google.com/maps/search/?api=1&query=37.57012,127.05692",동물병원
423,動物病院,Veterinary clinic,VIP動物医療センター トンデムンジョム,VIP Animal Medical Center Dongdaemunjeom,VIP동물의료센터 동대문점,,東大門区,Dongdaemun-gu,서울 동대문구 한천로14길 87,02-2215-7522,,http://www.vipah.co.kr,37.566347,127.067552,,165,"https://www.google.com/maps/search/?api=1&query=37.566347,127.067552",동물병원
424,動物病院,Veterinary clinic,クレンド動物病院,Geuraendeu Animal Hospital,그랜드동물병원,,東大門区,Dongdaemun-gu,서울 동대문구 전농로 77,02-2214-6129,,,37.571768,127.057108,4.3,0,"https://www.google.com/maps/search/?api=1&query=37.571768,127.057108",동물병원
425,動物病院,Veterinary clinic,グリーン動物病院,Green Animal Hospital,그린동물병원,,東大門区,Dongdaemun-gu,서울 동대문구 정릉천동로 58,,,,37.57698,127.035764,,0,"https://www.google.com/maps/search/?api=1&query=37.57698,127.035764",동물병원
426,動物病院,Veterinary clinic,ニュウォルド動物病院,Nyuwoldeu Animal Hospital,뉴월드동물병원,,東大門区,Dongdaemun-gu,서울 동대문구 한천로 94,02-2212-5233,,https://blog.naver.com/shinks1122,37.569625,127.064526,4.3,130,"https://www.google.com/maps/search/?api=1&query=37.569625,127.064526",동물병원
427,動物病院,Veterinary clinic,トケイ動物病院,Deokei Animal Hospital,더케이동물병원,,東大門区,Dongdaemun-gu,서울 동대문구 답십리로 140,,,,37.572491,127.055599,4.1,3,"https://www.google.com/maps/search/?api=1&query=37.572491,127.055599",동물병원
428,動物病院,Veterinary clinic,チアク動物病院,Diakeu Animal Hospital,디아크동물병원,,東大門区,Dongdaemun-gu,서울 동대문구 홍릉로 64-1,,,,37.585953,127.043549,1.0,0,"https://www.google.com/maps/search/?api=1&query=37.585953,127.043549",동물병원
429,動物病院,Veterinary clinic,ッタンコン動物病院,Ttangkong Animal Hospital,땅콩동물병원,,東大門区,Dongdaemun-gu,서울 동대문구 답십리로 224-1,02-3394-7075,,,37.572591,127.06528,4.8,8,"https://www.google.com/maps/search/?api=1&query=37.572591,127.06528",동물병원
430,動物病院,Veterinary clinic,マクウン動物病院,Makeun Animal Hospital,맑은동물병원,,東大門区,Dongdaemun-gu,서울 동대문구 청계천로 417,02-2234-1379,,,37.572007,127.023906,5.0,2,"https://www.google.com/maps/search/?api=1&query=37.572007,127.023906",동물병원
431,動物病院,Veterinary clinic,パロン動物医療センター,Baron Animal Medical Center,바론동물의료센터,,東大門区,Dongdaemun-gu,서울 동대문구 이문로 136,02-965-0075,https://www.instagram.com/baronamc/,,37.598487,127.061896,4.7,75,"https://www.google.com/maps/search/?api=1&query=37.598487,127.061896",동물병원
432,動物病院,Veterinary clinic,パクチョルファン動物病院,Bakcheolhwan Animal Hospital,박철환동물병원,,東大門区,Dongdaemun-gu,서울 동대문구 사가정로 221,02-2244-7479,,,37.578917,127.069714,5.0,1,"https://www.google.com/maps/search/?api=1&query=37.578917,127.069714",동물병원
433,動物病院,Veterinary clinic,ポムボム動物病院,Bombom Animal Hospital,봄봄동물병원,,東大門区,Dongdaemun-gu,서울 동대문구 회기로18길 46,02-969-7579,,https://blog.naver.com/bombomah,37.590328,127.054086,4.6,58,"https://www.google.com/maps/search/?api=1&query=37.590328,127.054086",동물병원
434,動物病院,Veterinary clinic,スマート動物病院 トンデムンジョム,Seu Mart Animal Hospital Dongdaemunjeom,스마트동물병원 동대문점,,東大門区,Dongdaemun-gu,서울 동대문구 한천로 164,02-2242-0175,,http://blog.naver.com/smartddm,37.575512,127.067678,,448,"https://www.google.com/maps/search/?api=1&query=37.575512,127.067678",동물병원
435,動物病院,Veterinary clinic,シムジェウン動物病院,Simjaeung Animal Hospital,심재웅동물병원,,東大門区,Dongdaemun-gu,서울 동대문구 망우로 120,02-2244-7755,,,37.591104,127.06651,5.0,0,"https://www.google.com/maps/search/?api=1&query=37.591104,127.06651",동물병원
436,動物病院,Veterinary clinic,アッチ動物病院,Atti Animal Hospital,아띠동물병원,,東大門区,Dongdaemun-gu,서울 동대문구 사가정로 51,02-6242-8275,,http://blog.naver.com/attiah,37.573714,127.052367,3.2,0,"https://www.google.com/maps/search/?api=1&query=37.573714,127.052367",동물병원
437,動物病院,Veterinary clinic,アイラン動物病院,Airang Animal Hospital,아이랑동물병원,,東大門区,Dongdaemun-gu,서울 동대문구 이문로35길 12,02-2039-7676,https://www.instagram.com/irangah_2025/,,37.600574,127.061812,5.0,113,"https://www.google.com/maps/search/?api=1&query=37.600574,127.061812",동물병원
438,動物病院,Veterinary clinic,アイウォン動物病院,Aiwon Animal Hospital,아이원동물병원,,東大門区,Dongdaemun-gu,서울 동대문구 전농로 80,02-2217-8930,,https://blog.naver.com/carevet,37.572,127.057578,,3,"https://www.google.com/maps/search/?api=1&query=37.572,127.057578",동물병원
439,動物病院,Veterinary clinic,アインス動物病院,Ainseu Animal Hospital,아인스동물병원,,東大門区,Dongdaemun-gu,서울 동대문구 장한로 44,02-2213-0075,,,37.565072,127.067369,4.6,2,"https://www.google.com/maps/search/?api=1&query=37.565072,127.067369",동물병원
440,動物病院,Veterinary clinic,アナム動物病院,Anam Animal Hospital,안암동물병원,,東大門区,Dongdaemun-gu,서울 동대문구 안암로 40,,,,37.58057,127.026799,3.4,0,"https://www.google.com/maps/search/?api=1&query=37.58057,127.026799",동물병원
441,動物病院,Veterinary clinic,エニケオ動物病院,Aenikeeo Animal Hospital,애니케어동물병원,,東大門区,Dongdaemun-gu,서울 동대문구 이문로 80,,,,37.594041,127.058862,4.5,0,"https://www.google.com/maps/search/?api=1&query=37.594041,127.058862",동물병원
442,動物病院,Veterinary clinic,エル動物病院,El Animal Hospital,엘동물병원,,東大門区,Dongdaemun-gu,서울 동대문구 고산자로 391,02-3295-3927,https://www.instagram.com/el_animal_salon/#,,37.574553,127.037887,4.0,0,"https://www.google.com/maps/search/?api=1&query=37.574553,127.037887",동물병원
443,動物病院,Veterinary clinic,イジュ動物病院,Ijeu Animal Hospital,이즈동물병원,,東大門区,Dongdaemun-gu,서울 동대문구 이문로35길 12,02-2138-0514,,https://blog.naver.com/easevet0219,37.601875,127.061795,5.0,345,"https://www.google.com/maps/search/?api=1&query=37.601875,127.061795",동물병원
444,動物病院,Veterinary clinic,チャンピョンジョンハプ動物病院,Jangpyeongjonghap Animal Hospital,장평종합동물병원,,東大門区,Dongdaemun-gu,서울 동대문구 장한로 139,02-2215-2022,,,37.572796,127.071367,5.0,0,"https://www.google.com/maps/search/?api=1&query=37.572796,127.071367",동물병원
445,動物病院,Veterinary clinic,チェヨン動物病院,Jeyeon Animal Hospital,제연동물병원,,東大門区,Dongdaemun-gu,서울 동대문구 답십리로 77,02-2242-7975,,,37.575033,127.049632,4.7,1,"https://www.google.com/maps/search/?api=1&query=37.575033,127.049632",동물병원
446,動物病院,Veterinary clinic,チュジュ動物病院,Juju Animal Hospital,주주동물병원,,東大門区,Dongdaemun-gu,서울 동대문구 사가정로 121,02-2244-1081,,,37.577863,127.058474,4.8,1,"https://www.google.com/maps/search/?api=1&query=37.577863,127.058474",동물병원
447,動物病院,Veterinary clinic,チョンニャンニ スルギ動物病院,Cheongnyangni Seulgi Animal Hospital,청량리 슬기동물병원,,東大門区,Dongdaemun-gu,서울 동대문구 왕산로 186,02-3293-7582,https://www.instagram.com/seulgi_ah2024,,37.579376,127.044172,5.0,140,"https://www.google.com/maps/search/?api=1&query=37.579376,127.044172",동물병원
448,動物病院,Veterinary clinic,トダクトダク動物病院,Todaktodak Animal Hospital,토닥토닥동물병원,,東大門区,Dongdaemun-gu,서울 동대문구 답십리로 64,02-2039-9119,,http://todaktodakah.com/,37.575488,127.048082,,0,"https://www.google.com/maps/search/?api=1&query=37.575488,127.048082",동물병원
449,動物病院,Veterinary clinic,ペトロ動物ウィリョウォン,Peteuro Animal Uiryowon,페트로동물의료원,,東大門区,Dongdaemun-gu,서울 동대문구 답십리로63길 1,02-2249-0075,,https://blog.naver.com/petropolis,37.572849,127.067689,,1,"https://www.google.com/maps/search/?api=1&query=37.572849,127.067689",동물병원
450,動物病院,Veterinary clinic,プルン動物チョンハプ病院,Pureun Animal Jonghap Clinic,푸른동물종합병원,,東大門区,Dongdaemun-gu,서울 동대문구 홍릉로 48-1,02-963-7582,,,37.584587,127.044069,1.8,0,"https://www.google.com/maps/search/?api=1&query=37.584587,127.044069",동물병원
451,動物病院,Veterinary clinic,ハナ動物病院,Hana Animal Hospital,하나동물병원,,東大門区,Dongdaemun-gu,서울 동대문구 망우로 66,02-6242-7500,,,37.589502,127.060969,,3,"https://www.google.com/maps/search/?api=1&query=37.589502,127.060969",동물병원
452,動物病院,Veterinary clinic,ハイユ動物病院,High Yu Animal Hospital,하이유동물병원,,東大門区,Dongdaemun-gu,서울 동대문구 전농로 15-3,02-2242-7510,,,37.566606,127.05592,5.0,3,"https://www.google.com/maps/search/?api=1&query=37.566606,127.05592",동물병원
453,動物病院,Veterinary clinic,ヒョンデジョンハプ動物病院,Hyeondaejonghap Animal Hospital,현대종합동물병원,,東大門区,Dongdaemun-gu,서울 동대문구 답십리로 293,02-2212-7596,,https://blog.naver.com/hd7596/,37.572483,127.073033,4.7,25,"https://www.google.com/maps/search/?api=1&query=37.572483,127.073033",동물병원
454,動物病院,Veterinary clinic,24時間 テイウォン 動物医療センター,24h Deiwon Animal Medical Center,24시 데이원 동물의료센터,はい/Yes,銅雀区,Dongjak-gu,서울 동작구 동작대로 151,02-591-7555,,,37.490116,126.982214,4.3,129,"https://www.google.com/maps/search/?api=1&query=37.490116,126.982214",동물병원
455,動物病院,Veterinary clinic,24時間 プム 動物医療センター,24h Pum Animal Medical Center,24시 품 동물의료센터,はい/Yes,銅雀区,Dongjak-gu,서울 동작구 상도로 195,02-812-7585,,https://blog.naver.com/poomamc,37.505345,126.940132,4.4,131,"https://www.google.com/maps/search/?api=1&query=37.505345,126.940132",동물병원
456,動物病院,Veterinary clinic,クッパパ伴侶動物コンガンゴムジンセンター,Gutpapa Pet Geonganggeomjin Center,굿파파반려동물건강검진센터,,銅雀区,Dongjak-gu,서울 동작구 사당로 289,02-593-8275,,http://blog.naver.com/shysky3620,37.484846,126.979651,,439,"https://www.google.com/maps/search/?api=1&query=37.484846,126.979651",동물병원
457,動物病院,Veterinary clinic,ナム動物病院,Namu Animal Hospital,나무동물병원,,銅雀区,Dongjak-gu,서울 동작구 흑석한강로 2,02-813-4567,,,37.5066,126.966518,5.0,4,"https://www.google.com/maps/search/?api=1&query=37.5066,126.966518",동물병원
458,動物病院,Veterinary clinic,ナウル動物病院,Naeul Animal Hospital,나을동물병원,,銅雀区,Dongjak-gu,서울 동작구 사당로 196,02-521-5775,,http://blog.naver.com/dongmari,37.484923,126.969978,1.9,1,"https://www.google.com/maps/search/?api=1&query=37.484923,126.969978",동물병원
459,動物病院,Veterinary clinic,タナ動物病院,Dana Animal Hospital,다나동물병원,,銅雀区,Dongjak-gu,서울 동작구 동작대로 47,02-3471-0375,,https://blog.naver.com/danaclinic,37.48091,126.98149,4.3,7,"https://www.google.com/maps/search/?api=1&query=37.48091,126.98149",동물병원
460,動物病院,Veterinary clinic,動物ウンネチング,Animal Eunnaechingu,동물은내친구,,銅雀区,Dongjak-gu,서울 동작구 사당로 252,02-582-7708,,,37.483122,126.975782,5.0,1,"https://www.google.com/maps/search/?api=1&query=37.483122,126.975782",동물병원
461,動物病院,Veterinary clinic,チアク動物チョンハプ病院,Diakeu Animal Jonghap Clinic,디아크동물종합병원,,銅雀区,Dongjak-gu,서울 동작구 장승배기로27길 18,02-816-7582,,,37.511685,126.939062,2.8,1,"https://www.google.com/maps/search/?api=1&query=37.511685,126.939062",동물병원
462,動物病院,Veterinary clinic,ポラメ ウェル チョンハプ 動物病院,Boramae Wel Jonghap Animal Hospital,보라매 웰 종합 동물병원,,銅雀区,Dongjak-gu,서울 동작구 상도로 16,02-3280-7975,,https://blog.naver.com/wellvc,37.499721,126.922376,3.9,80,"https://www.google.com/maps/search/?api=1&query=37.499721,126.922376",동물병원
463,動物病院,Veterinary clinic,サダン動物病院,Sadang Animal Hospital,사당동물병원,,銅雀区,Dongjak-gu,서울 동작구 남부순환로 2051,02-586-8275,,https://blog.naver.com/sadang7582,37.476826,126.976656,5.0,2,"https://www.google.com/maps/search/?api=1&query=37.476826,126.976656",동물병원
464,動物病院,Veterinary clinic,サンドヒルリン動物病院,Sangdohilling Animal Hospital,상도힐링동물병원,,銅雀区,Dongjak-gu,서울 동작구 상도로 353,02-812-7512,,https://blog.naver.com/healing7512,37.497262,126.953194,4.1,21,"https://www.google.com/maps/search/?api=1&query=37.497262,126.953194",동물병원
465,動物病院,Veterinary clinic,セイントピルリプ動物病院,Seinteupillip Animal Hospital,세인트필립동물병원,,銅雀区,Dongjak-gu,서울 동작구 남부순환로267길 5,02-3486-7707,,,37.477107,126.976674,4.0,0,"https://www.google.com/maps/search/?api=1&query=37.477107,126.976674",동물병원
466,動物病院,Veterinary clinic,スムヘ動物病院,Seumuhae Animal Hospital,스무해동물병원,,銅雀区,Dongjak-gu,서울 동작구 서달로 150,02-6953-0475,,,37.506568,126.962027,3.3,172,"https://www.google.com/maps/search/?api=1&query=37.506568,126.962027",동물병원
467,動物病院,Veterinary clinic,アウルム動物病院,Aureum Animal Hospital,아우름동물병원,,銅雀区,Dongjak-gu,서울 동작구 사당로 268,02-2138-2977,,https://m.blog.naver.com/aurumah,37.483639,126.977428,5.0,85,"https://www.google.com/maps/search/?api=1&query=37.483639,126.977428",동물병원
468,動物病院,Veterinary clinic,ウリアイ動物病院,Uriai Animal Hospital,우리아이동물병원,,銅雀区,Dongjak-gu,서울 동작구 상도로 262,02-823-7500,,https://blog.naver.com/vykie210,37.503829,126.946895,4.8,3,"https://www.google.com/maps/search/?api=1&query=37.503829,126.946895",동물병원
469,動物病院,Veterinary clinic,ワン 動物病院,One Animal Hospital,원 동물병원,,銅雀区,Dongjak-gu,서울 동작구 사당로 215,02-587-5618,,https://blog.naver.com/prologue/PrologueList.naver?blogId=jjaem76,37.48446,126.972345,4.7,7,"https://www.google.com/maps/search/?api=1&query=37.48446,126.972345",동물병원
470,動物病院,Veterinary clinic,ユケオジョンハプ動物病院,Yukeeojonghap Animal Hospital,유케어종합동물병원,,銅雀区,Dongjak-gu,서울 동작구 상도로 214,02-3280-8275,,https://blog.naver.com/ucare-ah,37.504972,126.942446,4.4,139,"https://www.google.com/maps/search/?api=1&query=37.504972,126.942446",동물병원
471,動物病院,Veterinary clinic,イス動物病院,Isu Animal Hospital,이수동물병원,,銅雀区,Dongjak-gu,서울 동작구 사당로23나길 30,02-592-8875,,,37.48771,126.975545,4.6,2,"https://www.google.com/maps/search/?api=1&query=37.48771,126.975545",동물병원
472,動物病院,Veterinary clinic,チョンギョウン動物病院,Jeonggyeoun Animal Hospital,정겨운동물병원,,銅雀区,Dongjak-gu,서울 동작구 상도로 315,02-817-8172,,http://blog.naver.com/friendlyac,37.500016,126.950749,4.4,16,"https://www.google.com/maps/search/?api=1&query=37.500016,126.950749",동물병원
473,動物病院,Veterinary clinic,チエン動物病院,Jien Animal Hospital,지엔동물병원,,銅雀区,Dongjak-gu,서울 동작구 상도로31길 87,02-812-8275,,http://blog.naver.com/gnah1016,37.505194,126.94614,,18,"https://www.google.com/maps/search/?api=1&query=37.505194,126.94614",동물병원
474,動物病院,Veterinary clinic,ピニクス動物病院,Pinikseu Animal Hospital,피닉스동물병원,,銅雀区,Dongjak-gu,서울 동작구 상도로 43,02-813-7579,,,37.49999,126.92546,4.0,1,"https://www.google.com/maps/search/?api=1&query=37.49999,126.92546",동물병원
475,動物病院,Veterinary clinic,ハナサラン 動物チョンハプ病院,Hanasarang Animal Jonghap Clinic,하나사랑 동물종합병원,,銅雀区,Dongjak-gu,서울 동작구 상도로 171,02-822-7574,,,37.504491,126.938028,3.9,1,"https://www.google.com/maps/search/?api=1&query=37.504491,126.938028",동물병원
476,動物病院,Veterinary clinic,24時間サンドルサンドル動物病院,24 Sisandeulsandeul Animal Hospital,24시산들산들동물병원,はい/Yes,麻浦区,Mapo-gu,서울 마포구 마포대로16길 7,02-393-3588,,,37.550973,126.95653,3.6,1,"https://www.google.com/maps/search/?api=1&query=37.550973,126.95653",동물병원
477,動物病院,Veterinary clinic,CTチョンハプ動物病院,CT Jonghap Animal Hospital,CT종합동물병원,,麻浦区,Mapo-gu,서울 마포구 만리재로 74,02-6375-0075,,,37.546649,126.957565,5.0,0,"https://www.google.com/maps/search/?api=1&query=37.546649,126.957565",동물병원
478,動物病院,Veterinary clinic,クンモニン動物病院,Gunmoning Animal Hospital,굿모닝동물병원,,麻浦区,Mapo-gu,서울 마포구 독막로 295,02-711-3375,,,37.544647,126.945882,4.4,1,"https://www.google.com/maps/search/?api=1&query=37.544647,126.945882",동물병원
479,動物病院,Veterinary clinic,ッケビ動物病院,Kkaebi Animal Hospital,깨비동물병원,,麻浦区,Mapo-gu,서울 마포구 마포대로 53,02-711-7582,,,37.541217,126.947333,5.0,5,"https://www.google.com/maps/search/?api=1&query=37.541217,126.947333",동물병원
480,動物病院,Veterinary clinic,ナルヌン動物病院,Nareuneun Animal Hospital,날으는동물병원,,麻浦区,Mapo-gu,서울 마포구 마포대로11길 35,02-2135-2225,,http://blog.naver.com/flyingpetclinic,37.548928,126.952168,4.8,186,"https://www.google.com/maps/search/?api=1&query=37.548928,126.952168",동물병원
481,動物病院,Veterinary clinic,ニュヨク動物病院,Nyuyok Animal Hospital,뉴욕동물병원,,麻浦区,Mapo-gu,서울 마포구 양화로 68,02-333-9558,,,37.55076,126.91608,5.0,2,"https://www.google.com/maps/search/?api=1&query=37.55076,126.91608",동물병원
482,動物病院,Veterinary clinic,タクトエム動物病院,Dakteoem Animal Hospital,닥터엠동물병원,,麻浦区,Mapo-gu,서울 마포구 마포대로 195,,,,37.552814,126.953709,5.0,0,"https://www.google.com/maps/search/?api=1&query=37.552814,126.953709",동물병원
483,動物病院,Veterinary clinic,タクトホオ動物病院,Dakteohoo Animal Hospital,닥터호오동물병원,,麻浦区,Mapo-gu,서울 마포구 대흥로 24,02-715-0075,,http://blog.naver.com/dr-hooh,37.543032,126.937878,4.3,40,"https://www.google.com/maps/search/?api=1&query=37.543032,126.937878",동물병원
484,動物病院,Veterinary clinic,トドリム動物病院,Deodeurim Animal Hospital,더드림동물병원,,麻浦区,Mapo-gu,서울 마포구 서강로 65,,,,37.549104,126.931583,,0,"https://www.google.com/maps/search/?api=1&query=37.549104,126.931583",동물병원
485,動物病院,Veterinary clinic,トファ動物病院,Dohwa Animal Hospital,도화동물병원,,麻浦区,Mapo-gu,서울 마포구 삼개로 28,02-712-8875,,https://blog.naver.com/dowhaah,37.537761,126.947301,,5,"https://www.google.com/maps/search/?api=1&query=37.537761,126.947301",동물병원
486,動物病院,Veterinary clinic,動物メディカルセンターW,Animal Medical Center W,동물메디컬센터W,,麻浦区,Mapo-gu,서울 마포구 월드컵로 46,02-323-8275,,http://www.animalw.co.kr,37.55345,126.912212,,195,"https://www.google.com/maps/search/?api=1&query=37.55345,126.912212",동물병원
487,動物病院,Veterinary clinic,動物病院 ヌリエットル,Animal Hospital Nurietteul,동물병원 누리에뜰,,麻浦区,Mapo-gu,서울 마포구 신촌로 248,02-364-3517,,http://nurietteul.co.kr/,37.557023,126.953326,5.0,136,"https://www.google.com/maps/search/?api=1&query=37.557023,126.953326",동물병원
488,動物病院,Veterinary clinic,動物病院タクトK,Animal Hospital Dakteo K,동물병원닥터K,,麻浦区,Mapo-gu,서울 마포구 월드컵북로 347,,,,37.576442,126.893139,4.3,0,"https://www.google.com/maps/search/?api=1&query=37.576442,126.893139",동물병원
489,動物病院,Veterinary clinic,動物サラン動物病院,Animal Sarang Animal Hospital,동물사랑동물병원,,麻浦区,Mapo-gu,서울 마포구 월드컵로 73,02-3142-0008,,,37.55541,126.910397,4.0,4,"https://www.google.com/maps/search/?api=1&query=37.55541,126.910397",동물병원
490,動物病院,Veterinary clinic,ラオン動物病院,Raon Animal Hospital,라온동물병원,,麻浦区,Mapo-gu,서울 마포구 월드컵북로 151,02-375-7575,,https://blog.naver.com/laonah/,37.565998,126.910825,,412,"https://www.google.com/maps/search/?api=1&query=37.565998,126.910825",동물병원
491,動物病院,Veterinary clinic,マリ 動物病院,Mari Animal Hospital,마리 동물병원,,麻浦区,Mapo-gu,서울 마포구 신촌로 16,02-323-7582,http://www.instagram.com/mari_vet_eye_clinic,,37.55798,126.928191,3.9,2,"https://www.google.com/maps/search/?api=1&query=37.55798,126.928191",동물병원
492,動物病院,Veterinary clinic,マポアイビュアングァ動物病院,Mapoaibyuangwa Animal Hospital,마포아이뷰안과동물병원,,麻浦区,Mapo-gu,서울 마포구 토정로31길 12,02-6952-7526,https://www.instagram.com/iview_eye,,37.54146,126.942488,5.0,62,"https://www.google.com/maps/search/?api=1&query=37.54146,126.942488",동물병원
493,動物病院,Veterinary clinic,マポオン動物メディカルセンター,Mapoon Animal Medical Center,마포온동물메디컬센터,,麻浦区,Mapo-gu,서울 마포구 마포대로 173-14,02-2039-3535,https://www.instagram.com/mapoonamc,,37.550998,126.953625,4.8,18,"https://www.google.com/maps/search/?api=1&query=37.550998,126.953625",동물병원
494,動物病院,Veterinary clinic,マンウォン動物病院,Mangwon Animal Hospital,망원동물병원,,麻浦区,Mapo-gu,서울 마포구 월드컵로 65,02-332-0175,,,37.554858,126.910861,5.0,1,"https://www.google.com/maps/search/?api=1&query=37.554858,126.910861",동물병원
495,動物病院,Veterinary clinic,パクチャンソクジョンハプ動物病院,Bakchangseokjonghap Animal Hospital,박창석종합동물병원,,麻浦区,Mapo-gu,서울 마포구 도화길 42,02-6405-7582,,http://blog.naver.com/parkcs900,37.541511,126.950363,4.2,0,"https://www.google.com/maps/search/?api=1&query=37.541511,126.950363",동물병원
496,動物病院,Veterinary clinic,パクヒョリグン動物病院,Bakhyorigun Animal Hospital,박효리군동물병원,,麻浦区,Mapo-gu,서울 마포구 포은로 64,02-326-0275,,,37.55288,126.906522,5.0,0,"https://www.google.com/maps/search/?api=1&query=37.55288,126.906522",동물병원
497,動物病院,Veterinary clinic,サンドルサンドル動物病院,Sandeulsandeul Animal Hospital,산들산들동물병원,,麻浦区,Mapo-gu,서울 마포구 마포대로16길 7,02-393-3588,,,37.550975,126.956498,3.7,1,"https://www.google.com/maps/search/?api=1&query=37.550975,126.956498",동물병원
498,動物病院,Veterinary clinic,サンチェク動物病院,Sanchaek Animal Hospital,산책동물병원,,麻浦区,Mapo-gu,서울 마포구 창전로 50-1,0507-1395-7577,,https://www.youtube.com/@pet_listener,37.546853,126.932651,,1,"https://www.google.com/maps/search/?api=1&query=37.546853,126.932651",동물병원
499,動物病院,Veterinary clinic,サムセギ動物病院,Samsaegi Animal Hospital,삼색이동물병원,,麻浦区,Mapo-gu,서울 마포구 독막로20나길 22,02-3144-3253,,https://blog.naver.com/samsaeki_ah,37.54615,126.926039,4.6,8,"https://www.google.com/maps/search/?api=1&query=37.54615,126.926039",동물병원
500,動物病院,Veterinary clinic,サンアム チン 動物医療センター,Sangam Jin Animal Medical Center,상암 진 동물의료센터,,麻浦区,Mapo-gu,서울 마포구 월드컵북로 308,02-6952-5990,https://www.instagram.com/jinamc2024/,,37.574584,126.897167,,81,"https://www.google.com/maps/search/?api=1&query=37.574584,126.897167",동물병원
501,動物病院,Veterinary clinic,サンアム動物病院,Sangam Animal Hospital,상암동물병원,,麻浦区,Mapo-gu,서울 마포구 월드컵북로 336,02-375-7222,,,37.576061,126.894688,5.0,0,"https://www.google.com/maps/search/?api=1&query=37.576061,126.894688",동물병원
502,動物病院,Veterinary clinic,ソギョ動物病院,Seogyo Animal Hospital,서교동물병원,,麻浦区,Mapo-gu,서울 마포구 포은로 107,02-332-7984,,,37.556559,126.90456,3.3,1,"https://www.google.com/maps/search/?api=1&query=37.556559,126.90456",동물병원
503,動物病院,Veterinary clinic,ソウルジュン動物病院,Seouljun Animal Hospital,서울준동물병원,,麻浦区,Mapo-gu,서울 마포구 대흥로24길 24,02-6954-7522,https://instagram.com/seoul_joon_a.h,,37.55293,126.946858,5.0,1,"https://www.google.com/maps/search/?api=1&query=37.55293,126.946858",동물병원
504,動物病院,Veterinary clinic,ソジン動物病院,Seojin Animal Hospital,서진동물병원,,麻浦区,Mapo-gu,서울 마포구 신촌로16길 34,02-336-3929,,,37.554244,126.9342,,1,"https://www.google.com/maps/search/?api=1&query=37.554244,126.9342",동물병원
505,動物病院,Veterinary clinic,シグノル動物医療センター,Sigeuneol Animal Medical Center,시그널동물의료센터,,麻浦区,Mapo-gu,서울 마포구 모래내로1길 9,02-2088-0922,https://www.instagram.com/signal_vet/,,37.564629,126.903618,,1,"https://www.google.com/maps/search/?api=1&query=37.564629,126.903618",동물병원
506,動物病院,Veterinary clinic,シンチョンスプ動物病院,Sinchonsup Animal Hospital,신촌숲동물병원,,麻浦区,Mapo-gu,서울 마포구 광성로 17,02-2088-7229,,,37.551452,126.933277,5.0,5,"https://www.google.com/maps/search/?api=1&query=37.551452,126.933277",동물병원
507,動物病院,Veterinary clinic,アッテッコッテ 動物病院,Attekkotte Animal Hospital,아떼꼬떼 동물병원,,麻浦区,Mapo-gu,서울 마포구 대흥로 183,0502-5552-5293,,https://atescotes.co.kr/,37.555137,126.94562,5.0,183,"https://www.google.com/maps/search/?api=1&query=37.555137,126.94562",동물병원
508,動物病院,Veterinary clinic,アイエム動物病院,Aiem Animal Hospital,아이엠동물병원,,麻浦区,Mapo-gu,서울 마포구 양화로 72,02-338-2475,,http://www.impet.co.kr,37.551137,126.916664,,14,"https://www.google.com/maps/search/?api=1&query=37.551137,126.916664",동물병원
509,動物病院,Veterinary clinic,アイウェル動物医療センター,Aiwel Animal Medical Center,아이웰동물의료센터,,麻浦区,Mapo-gu,서울 마포구 백범로 130,02-2088-1375,,https://blog.naver.com/365iwellah,37.546142,126.94534,,187,"https://www.google.com/maps/search/?api=1&query=37.546142,126.94534",동물병원
510,動物病院,Veterinary clinic,アプジマルゲ動物病院,Apeujimalge Animal Hospital,아프지말게동물병원,,麻浦区,Mapo-gu,서울 마포구 상암산로1길 24,02-307-3355,,https://blog.naver.com/a_mal,37.578378,126.889595,4.2,2,"https://www.google.com/maps/search/?api=1&query=37.578378,126.889595",동물병원
511,動物病院,Veterinary clinic,オレボム動物病院,Oraebom Animal Hospital,오래봄동물병원,,麻浦区,Mapo-gu,서울 마포구 서강로 65,02-322-7582,https://www.instagram.com/orae_bom,,37.549104,126.931583,5.0,33,"https://www.google.com/maps/search/?api=1&query=37.549104,126.931583",동물병원
512,動物病院,Veterinary clinic,オボク動物チグァ病院,Obok Animal Chigwa Clinic,오복동물치과병원,,麻浦区,Mapo-gu,서울 마포구 독막로 257,,,https://pf.kakao.com/_ghLPn,37.546368,126.942187,4.3,244,"https://www.google.com/maps/search/?api=1&query=37.546368,126.942187",동물병원
513,動物病院,Veterinary clinic,ワウ動物病院,Wau Animal Hospital,와우동물병원,,麻浦区,Mapo-gu,서울 마포구 월드컵북로 167,02-375-1963,,,37.567017,126.909828,4.6,0,"https://www.google.com/maps/search/?api=1&query=37.567017,126.909828",동물병원
514,動物病院,Veterinary clinic,ヨンガン動物病院,Yonggang Animal Hospital,용강동물병원,,麻浦区,Mapo-gu,서울 마포구 대흥로 48,02-707-2340,,https://blog.naver.com/yonggangah,37.544824,126.939452,3.2,7,"https://www.google.com/maps/search/?api=1&query=37.544824,126.939452",동물병원
515,動物病院,Veterinary clinic,ウリドンセン動物病院 マポソンサンジョム,Uridongsaeng Animal Hospital Maposeongsanjeom,우리동생동물병원 마포성산점,,麻浦区,Mapo-gu,서울 마포구 월드컵북로 92,02-335-3333,,https://blog.naver.com/animalscoop,37.561876,126.915209,,173,"https://www.google.com/maps/search/?api=1&query=37.561876,126.915209",동물병원
516,動物病院,Veterinary clinic,ウォノビ動物病院,Woneobi Animal Hospital,워너비동물병원,,麻浦区,Mapo-gu,서울 마포구 동교로 193,02-322-1275,,http://blog.naver.com/wannabeah,37.557691,126.922576,4.5,6,"https://www.google.com/maps/search/?api=1&query=37.557691,126.922576",동물병원
517,動物病院,Veterinary clinic,ウェストン動物医療センター,Weseuteon Animal Medical Center,웨스턴동물의료센터,,麻浦区,Mapo-gu,서울 마포구 신촌로 110,02-701-7580,,http://www.westernamc.com/,37.555145,126.938128,4.5,217,"https://www.google.com/maps/search/?api=1&query=37.555145,126.938128",동물병원
518,動物病院,Veterinary clinic,ウェルケオ動物病院,Welkeeo Animal Hospital,웰케어동물병원,,麻浦区,Mapo-gu,서울 마포구 월드컵북로 27,02-337-7575,,,37.556845,126.919092,4.6,0,"https://www.google.com/maps/search/?api=1&query=37.556845,126.919092",동물병원
519,動物病院,Veterinary clinic,イチュンエゴヤンイ動物病院,Icheungaegoyangi Animal Hospital,이층애고양이동물병원,,麻浦区,Mapo-gu,서울 마포구 월드컵로 46,,,,37.553466,126.91231,1.0,0,"https://www.google.com/maps/search/?api=1&query=37.553466,126.91231",동물병원
520,動物病院,Veterinary clinic,チャオルム動物病院,Chaoreum Animal Hospital,차오름동물병원,,麻浦区,Mapo-gu,서울 마포구 마포대로 208,02-706-7975,,,37.552501,126.956863,4.7,4,"https://www.google.com/maps/search/?api=1&query=37.552501,126.956863",동물병원
521,動物病院,Veterinary clinic,コンダク動物病院,Kongdak Animal Hospital,콩닥동물병원,,麻浦区,Mapo-gu,서울 마포구 마포대로 127,02-6383-0303,,https://blog.naver.com/kongvet,37.546229,126.95217,4.7,3,"https://www.google.com/maps/search/?api=1&query=37.546229,126.95217",동물병원
522,動物病院,Veterinary clinic,キダリ動物病院,Kidari Animal Hospital,키다리동물병원,,麻浦区,Mapo-gu,서울 마포구 월드컵북로 218,02-376-7675,,http://blog.naver.com/keydaddy,37.5695,126.904998,,28,"https://www.google.com/maps/search/?api=1&query=37.5695,126.904998",동물병원
523,動物病院,Veterinary clinic,パーク動物病院,Park Animal Hospital,파크동물병원,,麻浦区,Mapo-gu,서울 마포구 마포대로 173,,,,37.549902,126.954456,,0,"https://www.google.com/maps/search/?api=1&query=37.549902,126.954456",동물병원
524,動物病院,Veterinary clinic,ポインヘンド コンガンゴムジンセンター,Poinhaendeu Geonganggeomjin Center,포인핸드 건강검진센터,,麻浦区,Mapo-gu,서울 마포구 큰우물로 18,070-7607-6217,,,37.544314,126.941186,,0,"https://www.google.com/maps/search/?api=1&query=37.544314,126.941186",동물병원
525,動物病院,Veterinary clinic,プルンスプ動物病院,Pureunsup Animal Hospital,푸른숲동물병원,,麻浦区,Mapo-gu,서울 마포구 월드컵로 98,02-335-7577,,http://blog.naver.com/pureunsoopah,37.557412,126.909264,4.0,60,"https://www.google.com/maps/search/?api=1&query=37.557412,126.909264",동물병원
526,動物病院,Veterinary clinic,ハイチゴヤンイ病院,High Digoyangi Clinic,하이디고양이병원,,麻浦区,Mapo-gu,서울 마포구 성미산로1길 50,02-336-4502,https://www.instagram.com/heidicatclinic,,37.560101,126.907399,5.0,8,"https://www.google.com/maps/search/?api=1&query=37.560101,126.907399",동물병원
527,動物病院,Veterinary clinic,ホンイクジョンハプ動物病院,Hongikjonghap Animal Hospital,홍익종합동물병원,,麻浦区,Mapo-gu,서울 마포구 독막로 45,02-325-2026,,,37.548109,126.918392,3.2,2,"https://www.google.com/maps/search/?api=1&query=37.548109,126.918392",동물병원
528,動物病院,Veterinary clinic,ヒルリン24時間動物病院,Hilling 24h Animal Hospital,힐링24시동물병원,はい/Yes,麻浦区,Mapo-gu,서울 마포구 백범로 205,,,,37.544026,126.954095,,0,"https://www.google.com/maps/search/?api=1&query=37.544026,126.954095",동물병원
529,動物病院,Veterinary clinic,ヒルリン動物病院 & コンガンゴムジンセンター,Hilling Animal Hospital & Geonganggeomjin Center,힐링동물병원 & 건강검진센터,,麻浦区,Mapo-gu,서울 마포구 백범로31길 7,02-713-8275,,https://blog.naver.com/mapo_healing,37.545212,126.948643,,393,"https://www.google.com/maps/search/?api=1&query=37.545212,126.948643",동물병원
530,動物病院,Veterinary clinic,24時間ケオ パルン動物メディカルセンター,24 Sikeeo Bareun Animal Medical Center,24시케어 바른동물메디컬센터,はい/Yes,西大門区,Seodaemun-gu,서울 서대문구 거북골로 100,02-6956-3383,,https://blog.naver.com/bareunamc,37.57549,126.918041,4.4,6,"https://www.google.com/maps/search/?api=1&query=37.57549,126.918041",동물병원
531,動物病院,Veterinary clinic,カジェウルボンジュル動物病院,Gajaeulbongjyureu Animal Hospital,가재울봉쥬르동물병원,,西大門区,Seodaemun-gu,서울 서대문구 거북골로 178,02-305-8275,,https://blog.naver.com/bonjourah/,37.577172,126.910872,3.4,0,"https://www.google.com/maps/search/?api=1&query=37.577172,126.910872",동물병원
532,動物病院,Veterinary clinic,カジュアジョンハプ動物病院,Gajwajonghap Animal Hospital,가좌종합동물병원,,西大門区,Seodaemun-gu,서울 서대문구 응암로 77,02-307-4633,,,37.580025,126.911161,5.0,0,"https://www.google.com/maps/search/?api=1&query=37.580025,126.911161",동물병원
533,動物病院,Veterinary clinic,カンエンジョン動物病院,Gangaenjeong Animal Hospital,강앤정동물병원,,西大門区,Seodaemun-gu,서울 서대문구 가재울미래로 2,02-305-7505,,http://blog.naver.com/knjamc,37.573368,126.915512,4.9,19,"https://www.google.com/maps/search/?api=1&query=37.573368,126.915512",동물병원
534,動物病院,Veterinary clinic,トベションフィ動物病院 the vet yeonhui,Deobesyeonhui Animal Hospital the vet yeonhui,더벳연희동물병원 the vet yeonhui,,西大門区,Seodaemun-gu,서울 서대문구 증가로 15,02-6956-2725,,https://www.thevetyeonhui.com/,37.569527,126.931053,5.0,0,"https://www.google.com/maps/search/?api=1&query=37.569527,126.931053",동물병원
535,動物病院,Veterinary clinic,トンニムムン動物病院,Dongnimmun Animal Hospital,독립문동물병원,,西大門区,Seodaemun-gu,서울 서대문구 통일로 171-1,,,http://animalhospital.co.kr,37.569075,126.963216,4.3,1,"https://www.google.com/maps/search/?api=1&query=37.569075,126.963216",동물병원
536,動物病院,Veterinary clinic,トゥリトル動物病院,Du Little Animal Hospital,두리틀동물병원,,西大門区,Seodaemun-gu,서울 서대문구 응암로 66,02-302-3275,,https://blog.naver.com/drdolittle,37.578853,126.910814,4.3,14,"https://www.google.com/maps/search/?api=1&query=37.578853,126.910814",동물병원
537,動物病院,Veterinary clinic,ラパエルジョンハプ動物病院,Rapaeljonghap Animal Hospital,라파엘종합동물병원,,西大門区,Seodaemun-gu,서울 서대문구 연희로 132,02-333-8632,,,37.569213,126.933075,2.6,1,"https://www.google.com/maps/search/?api=1&query=37.569213,126.933075",동물병원
538,動物病院,Veterinary clinic,リンク動物医療センター,Ringkeu Animal Medical Center,링크동물의료센터,,西大門区,Seodaemun-gu,서울 서대문구 신촌로 209,02-393-7577,,http://linkamc.kr/,37.557209,126.94927,4.4,110,"https://www.google.com/maps/search/?api=1&query=37.557209,126.94927",동물병원
539,動物病院,Veterinary clinic,リンク動物医療センター ウェグァススルセンター,Ringkeu Animal Medical Center Oegwasusul Center,링크동물의료센터 외과수술센터,,西大門区,Seodaemun-gu,서울 서대문구 신촌로 209,02-393-7577,,,37.557174,126.949275,,0,"https://www.google.com/maps/search/?api=1&query=37.557174,126.949275",동물병원
540,動物病院,Veterinary clinic,マウムルラヌヌン 動物病院,Maeumeullanuneun Animal Hospital,마음을나누는 동물병원,,西大門区,Seodaemun-gu,서울 서대문구 신촌로35길 10,02-365-7582,,http://www.manadong.com,37.558073,126.956092,4.1,6,"https://www.google.com/maps/search/?api=1&query=37.558073,126.956092",동물병원
541,動物病院,Veterinary clinic,ペンニョン動物病院,Baengnyeon Animal Hospital,백년동물병원,,西大門区,Seodaemun-gu,서울 서대문구 가좌로 104,02-373-2923,,,37.582046,126.92671,4.4,29,"https://www.google.com/maps/search/?api=1&query=37.582046,126.92671",동물병원
542,動物病院,Veterinary clinic,ペンニョン動物病院,Baengnyeon Animal Hospital,백년동물병원,,西大門区,Seodaemun-gu,서울 서대문구 송죽길 57-4,02-372-2923,,,37.585304,126.937824,,0,"https://www.google.com/maps/search/?api=1&query=37.585304,126.937824",동물병원
543,動物病院,Veterinary clinic,ペンニョン動物病院,Baengnyeon Animal Hospital,백년동물병원,,西大門区,Seodaemun-gu,서울 서대문구 가좌로 139,,,,37.584336,126.923845,,0,"https://www.google.com/maps/search/?api=1&query=37.584336,126.923845",동물병원
544,動物病院,Veterinary clinic,プガヒョン動物病院,Bugahyeon Animal Hospital,북아현동물병원,,西大門区,Seodaemun-gu,서울 서대문구 신촌로 289-1,02-393-0075,,https://blog.naver.com/baha0075,37.557532,126.958298,4.0,11,"https://www.google.com/maps/search/?api=1&query=37.557532,126.958298",동물병원
545,動物病院,Veterinary clinic,ピッガオン動物病院,Bitgaon Animal Hospital,빛가온동물병원,,西大門区,Seodaemun-gu,서울 서대문구 통일로 375,02-736-5834,,,37.583496,126.949383,4.5,0,"https://www.google.com/maps/search/?api=1&query=37.583496,126.949383",동물병원
546,動物病院,Veterinary clinic,シニョン動物病院,Sinyeong Animal Hospital,신영동물병원,,西大門区,Seodaemun-gu,서울 서대문구 통일로 489,02-3217-1081,,,37.591717,126.940963,1.0,0,"https://www.google.com/maps/search/?api=1&query=37.591717,126.940963",동물병원
547,動物病院,Veterinary clinic,オウルリム動物病院,Eoullim Animal Hospital,어울림동물병원,,西大門区,Seodaemun-gu,서울 서대문구 가재울미래로 2,02-305-4242,,http://blog.naver.com/eoullimah,37.573022,126.915793,,23,"https://www.google.com/maps/search/?api=1&query=37.573022,126.915793",동물병원
548,動物病院,Veterinary clinic,エイプルロス動物病院,Eipeulleoseu Animal Hospital,에이플러스동물병원,,西大門区,Seodaemun-gu,서울 서대문구 연희로 114,02-3144-7582,,http://blog.naver.com/aplusah7582,37.567786,126.931856,4.3,3,"https://www.google.com/maps/search/?api=1&query=37.567786,126.931856",동물병원
549,動物病院,Veterinary clinic,ヨンフィ動物病院,Yeonhui Animal Hospital,연희동물병원,,西大門区,Seodaemun-gu,서울 서대문구 연희로25길 101,02-332-2883,,,37.5691,126.93208,2.5,0,"https://www.google.com/maps/search/?api=1&query=37.5691,126.93208",동물병원
550,動物病院,Veterinary clinic,オジュ動物病院,Ojeu Animal Hospital,오즈동물병원,,西大門区,Seodaemun-gu,서울 서대문구 증가로 150,02-305-5975,,https://blog.naver.com/ohsvet2015,37.57799,126.921023,4.3,3,"https://www.google.com/maps/search/?api=1&query=37.57799,126.921023",동물병원
551,動物病院,Veterinary clinic,ウリ動物病院,Uri Animal Hospital,우리동물병원,,西大門区,Seodaemun-gu,서울 서대문구 통일로 197,02-393-6675,,,37.570927,126.961323,3.7,2,"https://www.google.com/maps/search/?api=1&query=37.570927,126.961323",동물병원
552,動物病院,Veterinary clinic,ウィド動物病院,Wideu Animal Hospital,위드동물병원,,西大門区,Seodaemun-gu,서울 서대문구 응암로 76,02-373-7500,,https://blog.naver.com/withahvet,37.579582,126.911393,,0,"https://www.google.com/maps/search/?api=1&query=37.579582,126.911393",동물병원
553,動物病院,Veterinary clinic,チャンスンジュン動物チグァ病院,Jangseungjun Animal Chigwa Clinic,장승준동물치과병원,,西大門区,Seodaemun-gu,서울 서대문구 가좌로 113,02-302-7502,,https://blog.naver.com/allreen,37.5826,126.925545,,122,"https://www.google.com/maps/search/?api=1&query=37.5826,126.925545",동물병원
554,動物病院,Veterinary clinic,チョコレート動物病院,Chocolate Animal Hospital,초콜릿동물병원,,西大門区,Seodaemun-gu,서울 서대문구 응암로 117,02-307-3335,,,37.583133,126.913494,4.4,0,"https://www.google.com/maps/search/?api=1&query=37.583133,126.913494",동물병원
555,動物病院,Veterinary clinic,プランダス動物病院 カジュアジョム,Peurandaseu Animal Hospital Gajwajeom,프란다스동물병원 가좌점,,西大門区,Seodaemun-gu,서울 서대문구 거북골로 120,,,,37.575427,126.915046,3.0,1,"https://www.google.com/maps/search/?api=1&query=37.575427,126.915046",동물병원
556,動物病院,Veterinary clinic,ハンソル動物病院,Hansol Animal Hospital,한솔동물병원,,西大門区,Seodaemun-gu,서울 서대문구 통일로 397,02-737-8375,,http://blog.naver.com/hansolpet,37.585603,126.947166,,34,"https://www.google.com/maps/search/?api=1&query=37.585603,126.947166",동물병원
557,動物病院,Veterinary clinic,ハンス動物病院,Hanseu Animal Hospital,한스동물병원,,西大門区,Seodaemun-gu,서울 서대문구 증가로 111,02-303-1114,,,37.576695,126.924905,4.9,0,"https://www.google.com/maps/search/?api=1&query=37.576695,126.924905",동물병원
558,動物病院,Veterinary clinic,ヘルロウ動物病院,Hellou Animal Hospital,헬로우동물병원,,西大門区,Seodaemun-gu,서울 서대문구 연희로 178,02-333-7750,,,37.572771,126.935762,4.3,5,"https://www.google.com/maps/search/?api=1&query=37.572771,126.935762",동물병원
559,動物病院,Veterinary clinic,ホンジェ24時間モア動物医療センター,Hongje 24 Simoa Animal Medical Center,홍제24시모아동물의료센터,はい/Yes,西大門区,Seodaemun-gu,서울 서대문구 통일로 426,02-2138-2030,,,37.587322,126.946195,,204,"https://www.google.com/maps/search/?api=1&query=37.587322,126.946195",동물병원
560,動物病院,Veterinary clinic,ホンジェ動物病院,Hongje Animal Hospital,홍제동물병원,,西大門区,Seodaemun-gu,서울 서대문구 통일로 463,02-396-5525,,,37.589631,126.942753,3.4,1,"https://www.google.com/maps/search/?api=1&query=37.589631,126.942753",동물병원
561,動物病院,Veterinary clinic,24時間ソチョバルン動物病院,24 Siseochobareun Animal Hospital,24시서초바른동물병원,はい/Yes,瑞草区,Seocho-gu,서울 서초구 서초중앙로 72,,,,37.488122,127.014931,5.0,82,"https://www.google.com/maps/search/?api=1&query=37.488122,127.014931",동물병원
562,動物病院,Veterinary clinic,24時間イェスジョンハプ動物病院,24 Siyeseujonghap Animal Hospital,24시예스종합동물병원,はい/Yes,瑞草区,Seocho-gu,서울 서초구 잠원로 24,02-534-3475,,https://blog.naver.com/numberhana,37.507095,127.00988,5.0,2,"https://www.google.com/maps/search/?api=1&query=37.507095,127.00988",동물병원
563,動物病院,Veterinary clinic,ABC動物病院,ABC Animal Hospital,ABC동물병원,,瑞草区,Seocho-gu,서울 서초구 사임당로 151,02-3471-0075,,https://blog.naver.com/abcanimalhospital,37.492148,127.025924,5.0,2,"https://www.google.com/maps/search/?api=1&query=37.492148,127.025924",동물병원
564,動物病院,Veterinary clinic,VIP動物医療センター ソチョジョム,VIP Animal Medical Center Seochojeom,VIP동물의료센터 서초점,,瑞草区,Seocho-gu,서울 서초구 동작대로 36,02-525-3102,,http://www.vipah.co.kr,37.479671,126.982193,4.5,89,"https://www.google.com/maps/search/?api=1&query=37.479671,126.982193",동물병원
565,動物病院,Veterinary clinic,カヂオン ピニョギ&チェソチムスプススル 動物 病院,Gadieon Binyogi & Choesochimseupsusul Animal Clinic,가디언 비뇨기&최소침습수술 동물 병원,,瑞草区,Seocho-gu,서울 서초구 방배로 110,0507-1427-8329,,http://guardian-amc.com/,37.484105,126.996269,,88,"https://www.google.com/maps/search/?api=1&query=37.484105,126.996269",동물병원
566,動物病院,Veterinary clinic,キョデ動物病院,Gyodae Animal Hospital,교대동물병원,,瑞草区,Seocho-gu,서울 서초구 서초대로 325,02-596-1175,,,37.494957,127.017048,3.0,40,"https://www.google.com/maps/search/?api=1&query=37.494957,127.017048",동물병원
567,動物病院,Veterinary clinic,ックムックヌン動物病院,Kkumkkuneun Animal Hospital,꿈꾸는동물병원,,瑞草区,Seocho-gu,서울 서초구 서초중앙로 224,,,,37.501764,127.012485,5.0,0,"https://www.google.com/maps/search/?api=1&query=37.501764,127.012485",동물병원
568,動物病院,Veterinary clinic,ナビセル動物コンガンジャンスヨングソ動物医療センター,Nabisel Animal Geongangjangsuyeonguso Animal Medical Center,나비셀동물건강장수연구소동물의료센터,,瑞草区,Seocho-gu,서울 서초구 원터2길 4,,,,37.444258,127.056409,,0,"https://www.google.com/maps/search/?api=1&query=37.444258,127.056409",동물병원
569,動物病院,Veterinary clinic,ナムソウル動物病院,Namseoul Animal Hospital,남서울동물병원,,瑞草区,Seocho-gu,서울 서초구 서초대로25길 99,02-582-2186,,,37.491938,126.991705,2.3,0,"https://www.google.com/maps/search/?api=1&query=37.491938,126.991705",동물병원
570,動物病院,Veterinary clinic,ネグァグァルリジョンムン ポムギョル動物病院 ソチョジョム,Naegwagwallijeonmun Bomgyeol Animal Hospital Seochojeom,내과관리전문 봄결동물병원 서초점,,瑞草区,Seocho-gu,서울 서초구 서초중앙로2길 66,02-582-5393,,https://bomgyeolah.com/,37.484411,127.020874,5.0,1,"https://www.google.com/maps/search/?api=1&query=37.484411,127.020874",동물병원
571,動物病院,Veterinary clinic,ネバン動物病院,Naebang Animal Hospital,내방동물병원,,瑞草区,Seocho-gu,서울 서초구 서초대로 108,02-3473-8275,,http://blog.naver.com/365pet119,37.487466,126.994128,,18,"https://www.google.com/maps/search/?api=1&query=37.487466,126.994128",동물병원
572,動物病院,Veterinary clinic,タニエル動物病院,Daniel Animal Hospital,다니엘동물병원,,瑞草区,Seocho-gu,서울 서초구 효령로 214,02-585-0087,,,37.483132,127.0077,,1,"https://www.google.com/maps/search/?api=1&query=37.483132,127.0077",동물병원
573,動物病院,Veterinary clinic,トングラミ,Donggeurami,동그라미,,瑞草区,Seocho-gu,서울 서초구 서초중앙로 110,,,,37.491591,127.014522,,0,"https://www.google.com/maps/search/?api=1&query=37.491591,127.014522",동물병원
574,動物病院,Veterinary clinic,動物病院 グリーンスプ,Animal Hospital Green Sup,동물병원 그린숲,,瑞草区,Seocho-gu,서울 서초구 강남대로 589,02-6949-3038,,,37.514422,127.019162,5.0,22,"https://www.google.com/maps/search/?api=1&query=37.514422,127.019162",동물병원
575,動物病院,Veterinary clinic,動物チェジュンウォン クムソニ動物病院,Animal Jejungwon Geumsoni Animal Hospital,동물제중원 금손이동물병원,,瑞草区,Seocho-gu,서울 서초구 사임당로 143,02-581-5500,,,37.49185,127.025237,5.0,10,"https://www.google.com/maps/search/?api=1&query=37.49185,127.025237",동물병원
576,動物病院,Veterinary clinic,トンピョン動物ヒョレクゴムジンセンター,Dongpyeon Animal Hyeoraekgeomjin Center,동편동물혈액검진센터,,瑞草区,Seocho-gu,서울 서초구 동작대로 20,02-588-8661,,http://pf.kakao.com/_evBBxj,37.478229,126.982092,,3,"https://www.google.com/maps/search/?api=1&query=37.478229,126.982092",동물병원
577,動物病院,Veterinary clinic,トゥリ動物病院,Duri Animal Hospital,두리동물병원,,瑞草区,Seocho-gu,서울 서초구 반포대로 287,02-3476-7522,,,37.50444,127.000283,5.0,1,"https://www.google.com/maps/search/?api=1&query=37.50444,127.000283",동물병원
578,動物病院,Veterinary clinic,チアナ 動物病院,Diana Animal Hospital,디아나 동물병원,,瑞草区,Seocho-gu,서울 서초구 방배로 119,02-521-9010,,http://blog.naver.com/mokujin621,37.484643,126.995227,4.6,1,"https://www.google.com/maps/search/?api=1&query=37.484643,126.995227",동물병원
579,動物病院,Veterinary clinic,ラパエル動物病院,Rapael Animal Hospital,라파엘동물병원,,瑞草区,Seocho-gu,서울 서초구 강남대로 525-3,,,,37.508838,127.021942,5.0,0,"https://www.google.com/maps/search/?api=1&query=37.508838,127.021942",동물병원
580,動物病院,Veterinary clinic,レスペッ 動物病院,Reseupet Animal Hospital,레스펫 동물병원,,瑞草区,Seocho-gu,서울 서초구 논현로 173,02-575-0855,,,37.48493,127.041269,,0,"https://www.google.com/maps/search/?api=1&query=37.48493,127.041269",동물병원
581,動物病院,Veterinary clinic,リジュ動物病院,Rijeu Animal Hospital,리즈동물병원,,瑞草区,Seocho-gu,서울 서초구 잠원로 213-10,02-535-7579,,,37.520919,127.015543,5.0,0,"https://www.google.com/maps/search/?api=1&query=37.520919,127.015543",동물병원
582,動物病院,Veterinary clinic,メヂペッ動物病院,Medipet Animal Hospital,메디펫동물병원,,瑞草区,Seocho-gu,서울 서초구 효령로 384,02-586-7501,,https://vetstem-solution.com,37.487584,127.025938,5.0,1,"https://www.google.com/maps/search/?api=1&query=37.487584,127.025938",동물병원
583,動物病院,Veterinary clinic,モンマルット動物病院,Mongmareutteu Animal Hospital,몽마르뜨동물병원,,瑞草区,Seocho-gu,서울 서초구 방배중앙로 198,02-595-7588,,,37.496808,126.985688,3.5,2,"https://www.google.com/maps/search/?api=1&query=37.496808,126.985688",동물병원
584,動物病院,Veterinary clinic,伴侶動物医療センター タウル,Pet Medical Center Daul,반려동물의료센터 다울,,瑞草区,Seocho-gu,서울 서초구 효령로 95,02-3473-0911,,,37.48074,126.994613,4.0,0,"https://www.google.com/maps/search/?api=1&query=37.48074,126.994613",동물병원
585,動物病院,Veterinary clinic,パンポベイス 動物医療センター,Banpo Bay Seu Animal Medical Center,반포베이스 동물의료센터,,瑞草区,Seocho-gu,서울 서초구 사평대로18길 10,02-6953-0071,https://www.instagram.com/banpobaseamc/,,37.498391,126.995612,5.0,55,"https://www.google.com/maps/search/?api=1&query=37.498391,126.995612",동물병원
586,動物病院,Veterinary clinic,パンポアイジュアングァ動物病院,Banpoaijeuangwa Animal Hospital,반포아이즈안과동물병원,,瑞草区,Seocho-gu,서울 서초구 서래로 24,02-533-2606,,,37.497072,126.998453,5.0,26,"https://www.google.com/maps/search/?api=1&query=37.497072,126.998453",동물병원
587,動物病院,Veterinary clinic,パンポジャイ動物病院,Banpojai Animal Hospital,반포자이동물병원,,瑞草区,Seocho-gu,서울 서초구 사평대로45길 10-25,02-3476-3535,,http://blog.naver.com/bxiah,37.50668,127.013938,5.0,146,"https://www.google.com/maps/search/?api=1&query=37.50668,127.013938",동물병원
588,動物病院,Veterinary clinic,パンベハンガン動物病院,Bangbaehangang Animal Hospital,방배한강동물병원,,瑞草区,Seocho-gu,서울 서초구 방배로 204,02-593-7667,,http://pf.kakao.com/_HxhNuu,37.491644,126.991442,5.0,2,"https://www.google.com/maps/search/?api=1&query=37.491644,126.991442",동물병원
589,動物病院,Veterinary clinic,サランウィ動物病院,Sarangui Animal Hospital,사랑의동물병원,,瑞草区,Seocho-gu,서울 서초구 마방로6길 18,02-577-7475,,http://cafe.daum.net/sarangah,37.474823,127.042174,3.2,1,"https://www.google.com/maps/search/?api=1&query=37.474823,127.042174",동물병원
590,動物病院,Veterinary clinic,サランウィ動物病院,Sarangui Animal Hospital,사랑의동물병원,,瑞草区,Seocho-gu,서울 서초구 언남9길 10,,,,37.473938,127.042828,,0,"https://www.google.com/maps/search/?api=1&query=37.473938,127.042828",동물병원
591,動物病院,Veterinary clinic,ソレ動物病院,Seorae Animal Hospital,서래동물병원,,瑞草区,Seocho-gu,서울 서초구 서래로 38,02-6052-8275,,,37.498357,126.998511,2.0,0,"https://www.google.com/maps/search/?api=1&query=37.498357,126.998511",동물병원
592,動物病院,Veterinary clinic,ソリプル動物病院,Seoripul Animal Hospital,서리풀동물병원,,瑞草区,Seocho-gu,서울 서초구 동작대로 190,0507-1456-4028,https://www.instagram.com/seoripul.a.h/,,37.493525,126.983115,5.0,2,"https://www.google.com/maps/search/?api=1&query=37.493525,126.983115",동물병원
593,動物病院,Veterinary clinic,ソウル動物シムジャン病院,Seoul Animal Simjang Clinic,서울동물심장병원,,瑞草区,Seocho-gu,서울 서초구 사임당로 106,02-6203-7588,,http://sahh.co.kr,37.490174,127.021433,4.2,0,"https://www.google.com/maps/search/?api=1&query=37.490174,127.021433",동물병원
594,動物病院,Veterinary clinic,ソウルジョンハプ動物病院,Seouljonghap Animal Hospital,서울종합동물병원,,瑞草区,Seocho-gu,서울 서초구 방배로19길 17,02-6925-2225,,,37.484988,126.994184,3.7,0,"https://www.google.com/maps/search/?api=1&query=37.484988,126.994184",동물병원
595,動物病院,Veterinary clinic,ソイ動物病院,Seoi Animal Hospital,서이동물병원,,瑞草区,Seocho-gu,서울 서초구 사임당로 139,,,,37.491743,127.024913,,0,"https://www.google.com/maps/search/?api=1&query=37.491743,127.024913",동물병원
596,動物病院,Veterinary clinic,ソチョ動物病院,Seocho Animal Hospital,서초동물병원,,瑞草区,Seocho-gu,서울 서초구 효령로57길 4,02-582-2357,,,37.485387,127.017091,2.3,0,"https://www.google.com/maps/search/?api=1&query=37.485387,127.017091",동물병원
597,動物病院,Veterinary clinic,ソチョイウム動物病院,Seochoieum Animal Hospital,서초이음동물병원,,瑞草区,Seocho-gu,서울 서초구 효령로 347,02-3474-7582,,https://blog.naver.com/iumah,37.486818,127.022024,4.8,15,"https://www.google.com/maps/search/?api=1&query=37.486818,127.022024",동물병원
598,動物病院,Veterinary clinic,ソチョヒルス動物病院,Seochohilseu Animal Hospital,서초힐스동물병원,,瑞草区,Seocho-gu,서울 서초구 우면동 737 서초네이처힐6단지상가 1층 104호,02-574-7582,,http://blog.naver.com/hillsah,37.462108,127.026427,3.7,0,"https://www.google.com/maps/search/?api=1&query=37.462108,127.026427",동물병원
599,動物病院,Veterinary clinic,セヨン動物チグァ&マチュイクルリニク,Seyeon Animal Chigwa & Machwikeullinik,세연동물치과&마취클리닉,,瑞草区,Seocho-gu,서울 서초구 고무래로 18,02-6952-7922,,,37.503005,127.01043,,11,"https://www.google.com/maps/search/?api=1&query=37.503005,127.01043",동물병원
600,動物病院,Veterinary clinic,ス動物病院,Su Animal Hospital,수동물병원,,瑞草区,Seocho-gu,서울 서초구 방배중앙로 149,02-534-9773,,,37.492495,126.986494,5.0,0,"https://www.google.com/maps/search/?api=1&query=37.492495,126.986494",동물병원
601,動物病院,Veterinary clinic,スキネンケオ動物病院,Seukinaenkeeo Animal Hospital,스킨앤케어동물병원,,瑞草区,Seocho-gu,서울 서초구 사임당로 174,02-568-7975,,https://blog.naver.com/winnersamc,37.492317,127.028649,5.0,76,"https://www.google.com/maps/search/?api=1&query=37.492317,127.028649",동물병원
602,動物病院,Veterinary clinic,シニオ動物病院,Sinieo Animal Hospital,시니어동물병원,,瑞草区,Seocho-gu,서울 서초구 서초중앙로 45,02-521-0525,,,37.485784,127.015449,4.7,246,"https://www.google.com/maps/search/?api=1&query=37.485784,127.015449",동물병원
603,動物病院,Veterinary clinic,シンバンポ動物病院,Sinbanpo Animal Hospital,신반포동물병원,,瑞草区,Seocho-gu,서울 서초구 서초중앙로 188,,,,37.498917,127.01296,5.0,0,"https://www.google.com/maps/search/?api=1&query=37.498917,127.01296",동물병원
604,動物病院,Veterinary clinic,シンセギェ動物病院,Sinsegye Animal Hospital,신세계동물병원,,瑞草区,Seocho-gu,서울 서초구 반포대로 287,02-537-7412,,,37.50439,127.001039,4.0,0,"https://www.google.com/maps/search/?api=1&query=37.50439,127.001039",동물병원
605,動物病院,Veterinary clinic,シムバ動物病院,Simba Animal Hospital,심바동물병원,,瑞草区,Seocho-gu,서울 서초구 서초대로4길 4,02-523-0275,,,37.485485,126.985202,4.4,6,"https://www.google.com/maps/search/?api=1&query=37.485485,126.985202",동물병원
606,動物病院,Veterinary clinic,アデル動物病院,Adel Animal Hospital,아델동물병원,,瑞草区,Seocho-gu,서울 서초구 반포대로 45,,,,37.48453,127.010868,4.7,3,"https://www.google.com/maps/search/?api=1&query=37.48453,127.010868",동물병원
607,動物病院,Veterinary clinic,エイブル動物病院,Eibeul Animal Hospital,에이블동물병원,,瑞草区,Seocho-gu,서울 서초구 바우뫼로 211,02-2058-1882,,https://ableah.com,37.480919,127.04167,4.1,2,"https://www.google.com/maps/search/?api=1&query=37.480919,127.04167",동물병원
608,動物病院,Veterinary clinic,エメス動物アングァ病院,Emeseu Animal Angwa Clinic,엠에스동물안과병원,,瑞草区,Seocho-gu,서울 서초구 강남대로 487,02-6925-1396,,https://www.mseye-amc.co.kr/,37.505769,127.023415,,46,"https://www.google.com/maps/search/?api=1&query=37.505769,127.023415",동물병원
609,動物病院,Veterinary clinic,ウミョン動物病院,Umyeon Animal Hospital,우면동물병원,,瑞草区,Seocho-gu,서울 서초구 바우뫼로7길 8,02-578-7572,,,37.470937,127.025318,,5,"https://www.google.com/maps/search/?api=1&query=37.470937,127.025318",동물병원
610,動物病院,Veterinary clinic,ユリム動物アングァ病院,Yurim Animal Angwa Clinic,유림동물안과병원,,瑞草区,Seocho-gu,서울 서초구 강남대로 631,02-593-1045,,,37.518013,127.018572,3.7,2,"https://www.google.com/maps/search/?api=1&query=37.518013,127.018572",동물병원
611,動物病院,Veterinary clinic,ユンジャンウォン ウェグァ 動物病院,Yunjangwon Oegwa Animal Hospital,윤장원 외과 동물병원,,瑞草区,Seocho-gu,서울 서초구 방배로 98,02-522-5975,,https://blog.naver.com/yjwsurgicalamc,37.483145,126.996882,,38,"https://www.google.com/maps/search/?api=1&query=37.483145,126.996882",동물병원
612,動物病院,Veterinary clinic,イリオン ヤンジェジョム,Irion Yangjaejeom,이리온 양재점,,瑞草区,Seocho-gu,서울 서초구 매헌로 16,,,,37.463398,127.037012,3.0,1,"https://www.google.com/maps/search/?api=1&query=37.463398,127.037012",동물병원
613,動物病院,Veterinary clinic,イサンノク動物病院,Isangnok Animal Hospital,이상록동물병원,,瑞草区,Seocho-gu,서울 서초구 잠원로8길 25,02-533-5505,,,37.514198,127.011928,5.0,0,"https://www.google.com/maps/search/?api=1&query=37.514198,127.011928",동물병원
614,動物病院,Veterinary clinic,イウル動物病院,Ieul Animal Hospital,이을동물병원,,瑞草区,Seocho-gu,서울 서초구 서래로 18,02-593-7575,,https://m.blog.naver.com/ieulah,37.496404,126.998378,,57,"https://www.google.com/maps/search/?api=1&query=37.496404,126.998378",동물병원
615,動物病院,Veterinary clinic,チョンダマイウィル24時間動物病院,Cheongdamaiwil 24h Animal Hospital,청담아이윌24시동물병원,はい/Yes,瑞草区,Seocho-gu,서울 서초구 잠원로4길 50,02-6925-7021,,http://blog.naver.com/cnukong,37.512729,127.011797,4.6,1,"https://www.google.com/maps/search/?api=1&query=37.512729,127.011797",동물병원
616,動物病院,Veterinary clinic,クルレオ動物病院,Keulleeo Animal Hospital,클레어동물병원,,瑞草区,Seocho-gu,서울 서초구 잠원로8길 25,02-6952-7505,,https://blog.naver.com/claire_ac,37.514214,127.011792,5.0,2,"https://www.google.com/maps/search/?api=1&query=37.514214,127.011792",동물병원
617,動物病院,Veterinary clinic,パパ動物病院,Papa Animal Hospital,파파동물병원,,瑞草区,Seocho-gu,서울 서초구 잠원로4길 33-2,02-2039-9780,,,37.512816,127.010659,,1,"https://www.google.com/maps/search/?api=1&query=37.512816,127.010659",동물병원
618,動物病院,Veterinary clinic,プレンジュ動物病院,Peurenjeu Animal Hospital,프렌즈동물병원,,瑞草区,Seocho-gu,서울 서초구 방배로 76,,,,37.481117,126.998381,5.0,0,"https://www.google.com/maps/search/?api=1&query=37.481117,126.998381",동물병원
619,動物病院,Veterinary clinic,ハナ動物病院,Hana Animal Hospital,하나동물병원,,瑞草区,Seocho-gu,서울 서초구 헌릉로8길 10-12,,,,37.455619,127.057352,4.3,1,"https://www.google.com/maps/search/?api=1&query=37.455619,127.057352",동물병원
620,動物病院,Veterinary clinic,ハングギョソンチャンオプギョユクヒョプフェ,Hangugyeoseongchangeopgyoyukhyeophoe,한국여성창업교육협회,,瑞草区,Seocho-gu,서울 서초구 서초중앙로22길 107,,,,37.494593,127.019699,,0,"https://www.google.com/maps/search/?api=1&query=37.494593,127.019699",동물병원
621,動物病院,Veterinary clinic,ハンナ動物病院,Hanna Animal Hospital,한나동물병원,,瑞草区,Seocho-gu,서울 서초구 방배로 269,02-595-8875,,,37.496564,126.987805,5.0,0,"https://www.google.com/maps/search/?api=1&query=37.496564,126.987805",동물병원
622,動物病院,Veterinary clinic,ハン動物病院,Han Animal Hospital,한동물병원,,瑞草区,Seocho-gu,서울 서초구 동산로 66,02-577-3690,,,37.471875,127.045979,,42,"https://www.google.com/maps/search/?api=1&query=37.471875,127.045979",동물병원
623,動物病院,Veterinary clinic,ヘットヌン動物病院ヘジルリョクチェクバン,Haetteuneun Animal Hospital Haejillyeokchaekbang,해뜨는동물병원해질녘책방,,瑞草区,Seocho-gu,서울 서초구 신반포로 257,02-536-6469,,,37.508473,127.011751,,0,"https://www.google.com/maps/search/?api=1&query=37.508473,127.011751",동물병원
624,動物病院,Veterinary clinic,ヘイブン動物病院,Heibeun Animal Hospital,헤이븐동물병원,,瑞草区,Seocho-gu,서울 서초구 동광로 15,02-532-5119,,http://pf.kakao.com/_fxbxcyV,37.491015,126.984565,,0,"https://www.google.com/maps/search/?api=1&query=37.491015,126.984565",동물병원
625,動物病院,Veterinary clinic,ヘルリクス動物メディカルセンター ソチョボヌォン,Hellikseu Animal Medical Center Seochobonwon,헬릭스동물메디컬센터 서초본원,,瑞草区,Seocho-gu,서울 서초구 신반포로 162,02-2135-9119,,,37.504889,127.00228,3.5,113,"https://www.google.com/maps/search/?api=1&query=37.504889,127.00228",동물병원
626,動物病院,Veterinary clinic,24時間セントロル動物メディカルセンター,24 Sisenteureol Animal Medical Center,24시센트럴동물메디컬센터,はい/Yes,城東区,Seongdong-gu,서울 성동구 고산자로 207,,,http://www.24시동물병원.com,37.55866,127.033741,2.4,5,"https://www.google.com/maps/search/?api=1&query=37.55866,127.033741",동물병원
627,動物病院,Veterinary clinic,24時間ヘンダンジョンハプ動物病院,24 Sihaengdangjonghap Animal Hospital,24시행당종합동물병원,はい/Yes,城東区,Seongdong-gu,서울 성동구 고산자로 207,02-3395-7975,,,37.558675,127.033736,,0,"https://www.google.com/maps/search/?api=1&query=37.558675,127.033736",동물병원
628,動物病院,Veterinary clinic,BKシムジャン動物病院,BK Simjang Animal Hospital,BK심장동물병원,,城東区,Seongdong-gu,서울 성동구 고산자로6길 40,,,,37.558221,127.035482,5.0,5,"https://www.google.com/maps/search/?api=1&query=37.558221,127.035482",동물병원
629,動物病院,Veterinary clinic,クムホ動物病院,Geumho Animal Hospital,금호동물병원,,城東区,Seongdong-gu,서울 성동구 금호로 105,02-2281-0049,,https://blog.naver.com/kumhoah,37.552528,127.02425,4.5,7,"https://www.google.com/maps/search/?api=1&query=37.552528,127.02425",동물병원
630,動物病院,Veterinary clinic,キリン動物病院,Girin Animal Hospital,기린동물병원,,城東区,Seongdong-gu,서울 성동구 마장로 296,02-2291-8275,,,37.565692,127.042776,,0,"https://www.google.com/maps/search/?api=1&query=37.565692,127.042776",동물병원
631,動物病院,Veterinary clinic,ネオヂンバイオベッ,Neodinbaiobet,네오딘바이오벳,,城東区,Seongdong-gu,서울 성동구 광나루로8길 10,,,,37.54731,127.063616,,0,"https://www.google.com/maps/search/?api=1&query=37.54731,127.063616",동물병원
632,動物病院,Veterinary clinic,ネオヂンバイオベッ プイチエス,Neodinbaiobet Beuitieseu,네오딘바이오벳 브이티에스,,城東区,Seongdong-gu,서울 성동구 광나루로8길 10,,,,37.54731,127.063616,,0,"https://www.google.com/maps/search/?api=1&query=37.54731,127.063616",동물병원
633,動物病院,Veterinary clinic,ネオヂンバイオベッ インベッチュ,Neodinbaiobet Inbetcheu,네오딘바이오벳 인벳츠,,城東区,Seongdong-gu,서울 성동구 광나루로8길 10,,,,37.54731,127.063616,,0,"https://www.google.com/maps/search/?api=1&query=37.54731,127.063616",동물병원
634,動物病院,Veterinary clinic,ネオヂンバイオペッ,Neodinbaiopet,네오딘바이오펫,,城東区,Seongdong-gu,서울 성동구 광나루로8길 10,02-1661-4036,,,37.54731,127.063616,,0,"https://www.google.com/maps/search/?api=1&query=37.54731,127.063616",동물병원
635,動物病院,Veterinary clinic,タルリン動物病院,Dalling Animal Hospital,달링동물병원,,城東区,Seongdong-gu,서울 성동구 왕십리로 16,02-466-8215,https://www.instagram.com/darlingvetclin/,,37.53927,127.045472,5.0,0,"https://www.google.com/maps/search/?api=1&query=37.53927,127.045472",동물병원
636,動物病院,Veterinary clinic,ライム動物病院,Raim Animal Hospital,라임동물병원,,城東区,Seongdong-gu,서울 성동구 무학로 16,02-2281-8122,,https://pf.kakao.com/_xlgxbxgG,37.565507,127.030335,4.1,24,"https://www.google.com/maps/search/?api=1&query=37.565507,127.030335",동물병원
637,動物病院,Veterinary clinic,パラボム動物病院,Barabom Animal Hospital,바라봄동물병원,,城東区,Seongdong-gu,서울 성동구 왕십리로 410,02-2297-9300,,,37.565496,127.024,4.2,3,"https://www.google.com/maps/search/?api=1&query=37.565496,127.024",동물병원
638,動物病院,Veterinary clinic,パルン動物病院,Bareun Animal Hospital,바른동물병원,,城東区,Seongdong-gu,서울 성동구 독서당로 270,02-2297-7570,,http://blog.naver.com/bluebrand_,37.546644,127.019482,,0,"https://www.google.com/maps/search/?api=1&query=37.546644,127.019482",동물병원
639,動物病院,Veterinary clinic,ベイチ動物病院,Bay Ji Animal Hospital,베이지동물병원,,城東区,Seongdong-gu,서울 성동구 왕십리로 410,02-2295-9888,,https://blog.naver.com/beigeamc,37.567136,127.025607,,83,"https://www.google.com/maps/search/?api=1&query=37.567136,127.025607",동물병원
640,動物病院,Veterinary clinic,ソンススプソクピブグァ動物病院,Seongsusupsokpibugwa Animal Hospital,성수숲속피부과동물병원,,城東区,Seongdong-gu,서울 성동구 서울숲2길 32-14,02-2205-2975,,,37.545496,127.042468,5.0,152,"https://www.google.com/maps/search/?api=1&query=37.545496,127.042468",동물병원
641,動物病院,Veterinary clinic,ステイ動物病院,Seutei Animal Hospital,스테이동물병원,,城東区,Seongdong-gu,서울 성동구 매봉길 50,02-2282-7501,,http://blog.naver.com/stayah,37.547299,127.01219,5.0,1,"https://www.google.com/maps/search/?api=1&query=37.547299,127.01219",동물병원
642,動物病院,Veterinary clinic,アジ動物病院,Aji Animal Hospital,아지동물병원,,城東区,Seongdong-gu,서울 성동구 독서당로 289,02-6085-7750,,,37.548056,127.021066,4.2,1,"https://www.google.com/maps/search/?api=1&query=37.548056,127.021066",동물병원
643,動物病院,Veterinary clinic,オヌル動物病院,Oneul Animal Hospital,오늘동물병원,,城東区,Seongdong-gu,서울 성동구 왕십리로 104,02-469-7975,,http://blog.naver.com/oneulah,37.546828,127.044888,,54,"https://www.google.com/maps/search/?api=1&query=37.546828,127.044888",동물병원
644,動物病院,Veterinary clinic,オレンジ動物病院,Orenji Animal Hospital,오렌지동물병원,,城東区,Seongdong-gu,서울 성동구 행당로8길 41-2,02-2297-7582,,,37.55604,127.033966,4.6,2,"https://www.google.com/maps/search/?api=1&query=37.55604,127.033966",동물병원
645,動物病院,Veterinary clinic,オソクホン動物病院,Oseokheon Animal Hospital,오석헌동물병원,,城東区,Seongdong-gu,서울 성동구 독서당로 223,,,http://blog.naver.com/oshvet,37.544439,127.015552,5.0,8,"https://www.google.com/maps/search/?api=1&query=37.544439,127.015552",동물병원
646,動物病院,Veterinary clinic,オクススペットショップ,Oksusu Pet Shop,옥수수펫샵,,城東区,Seongdong-gu,서울 성동구 독서당로40길 39,02-2291-7582,,,37.541649,127.018145,4.8,0,"https://www.google.com/maps/search/?api=1&query=37.541649,127.018145",동물병원
647,動物病院,Veterinary clinic,ワンシムニ動物病院,Wangsimni Animal Hospital,왕십리동물병원,,城東区,Seongdong-gu,서울 성동구 무학로6길 50,0502-5550-4385,,http://pf.kakao.com/_THxocG,37.564163,127.035258,,0,"https://www.google.com/maps/search/?api=1&query=37.564163,127.035258",동물병원
648,動物病院,Veterinary clinic,ワンシムニジョウン動物病院,Wangsimnijoeun Animal Hospital,왕십리조은동물병원,,城東区,Seongdong-gu,서울 성동구 왕십리로 381,02-2297-0075,,,37.564591,127.027896,3.8,1,"https://www.google.com/maps/search/?api=1&query=37.564591,127.027896",동물병원
649,動物病院,Veterinary clinic,イユンセ動物病院,Iyunse Animal Hospital,이윤세동물병원,,城東区,Seongdong-gu,서울 성동구 행당로 76,02-2282-7503,,,37.556326,127.027814,4.5,1,"https://www.google.com/maps/search/?api=1&query=37.556326,127.027814",동물병원
650,動物病院,Veterinary clinic,チェイン動物病院,Jein Animal Hospital,제인동물병원,,城東区,Seongdong-gu,서울 성동구 뚝섬로 395,02-468-7582,,https://www.janepetclinic.com/,37.539032,127.054764,5.0,1,"https://www.google.com/maps/search/?api=1&query=37.539032,127.054764",동물병원
651,動物病院,Veterinary clinic,チョヒョンソヌェグァ動物病院,Johyeongseonoegwa Animal Hospital,조형선외과동물병원,,城東区,Seongdong-gu,서울 성동구 금호로 146,02-2282-0119,,https://blog.naver.com/sunvsc2022,37.554147,127.020869,5.0,353,"https://www.google.com/maps/search/?api=1&query=37.554147,127.020869",동물병원
652,動物病院,Veterinary clinic,テンジュヒルリン動物病院,Tenjeuhilling Animal Hospital,텐즈힐링동물병원,,城東区,Seongdong-gu,서울 성동구 마장로 137,02-2295-0975,,,37.569532,127.023671,5.0,0,"https://www.google.com/maps/search/?api=1&query=37.569532,127.023671",동물병원
653,動物病院,Veterinary clinic,ピョンセンピブグァ動物病院,Pyeongsaengpibugwa Animal Hospital,평생피부과동물병원,,城東区,Seongdong-gu,서울 성동구 행당로 76,02-3395-0075,,,37.556249,127.027529,3.4,10,"https://www.google.com/maps/search/?api=1&query=37.556249,127.027529",동물병원
654,動物病院,Veterinary clinic,ポレ動物病院,Pore Animal Hospital,포레동물병원,,城東区,Seongdong-gu,서울 성동구 상원길 59,02-468-7975,,,37.549344,127.047914,,0,"https://www.google.com/maps/search/?api=1&query=37.549344,127.047914",동물병원
655,動物病院,Veterinary clinic,ハンビッ動物病院,Hanbit Animal Hospital,한빛동물병원,,城東区,Seongdong-gu,서울 성동구 금호산길 58,02-2233-1848,,,37.553337,127.019544,3.8,0,"https://www.google.com/maps/search/?api=1&query=37.553337,127.019544",동물병원
656,動物病院,Veterinary clinic,ハニャン動物メディカルセンター,Hanyang Animal Medical Center,한양동물메디컬센터,,城東区,Seongdong-gu,서울 성동구 왕십리로 282,02-2281-5200,,https://blog.naver.com/hyamc,37.559654,127.037005,,35,"https://www.google.com/maps/search/?api=1&query=37.559654,127.037005",동물병원
657,動物病院,Veterinary clinic,24時間 エニ 動物病院,24h Aeni Animal Hospital,24시 애니 동물병원,はい/Yes,城北区,Seongbuk-gu,서울 성북구 보문로 99,02-926-8275,,,37.584171,127.019803,,4,"https://www.google.com/maps/search/?api=1&query=37.584171,127.019803",동물병원
658,動物病院,Veterinary clinic,VIP動物医療センター ソンブクジョム,VIP Animal Medical Center Seongbukjeom,VIP동물의료센터 성북점,,城北区,Seongbuk-gu,서울 성북구 동소문로 73,02-953-0075,,http://www.vipah.co.kr,37.592333,127.013411,,189,"https://www.google.com/maps/search/?api=1&query=37.592333,127.013411",동물병원
659,動物病院,Veterinary clinic,ZOO動物病院,ZOO Animal Hospital,ZOO동물병원,,城北区,Seongbuk-gu,서울 성북구 정릉로 328,02-914-5545,,,37.60199,127.019546,4.2,2,"https://www.google.com/maps/search/?api=1&query=37.60199,127.019546",동물병원
660,動物病院,Veterinary clinic,カンブク動物病院,Gangbuk Animal Hospital,강북동물병원,,城北区,Seongbuk-gu,서울 성북구 종암로 65,,,,37.596289,127.035212,3.7,0,"https://www.google.com/maps/search/?api=1&query=37.596289,127.035212",동물병원
661,動物病院,Veterinary clinic,キルム動物病院,Gireum Animal Hospital,길음동물병원,,城北区,Seongbuk-gu,서울 성북구 동소문로 248,02-913-1874,,,37.603458,127.024542,4.7,0,"https://www.google.com/maps/search/?api=1&query=37.603458,127.024542",동물병원
662,動物病院,Veterinary clinic,ックムィスプ動物病院,Kkumuisup Animal Hospital,꿈의숲동물병원,,城北区,Seongbuk-gu,서울 성북구 돌곶이로 220,02-915-5485,,,37.618778,127.046626,2.3,0,"https://www.google.com/maps/search/?api=1&query=37.618778,127.046626",동물병원
663,動物病院,Veterinary clinic,ナレ動物病院,Narae Animal Hospital,나래동물병원,,城北区,Seongbuk-gu,서울 성북구 동소문로 66,02-929-5496,,,37.59145,127.013062,4.3,0,"https://www.google.com/maps/search/?api=1&query=37.59145,127.013062",동물병원
664,動物病院,Veterinary clinic,ネル動物医療センター,Nel Animal Medical Center,넬동물의료센터,,城北区,Seongbuk-gu,서울 성북구 오패산로 75-1,02-6925-4347,,,37.608809,127.035784,3.7,1,"https://www.google.com/maps/search/?api=1&query=37.608809,127.035784",동물병원
665,動物病院,Veterinary clinic,テハク動物病院,Daehak Animal Hospital,대학동물병원,,城北区,Seongbuk-gu,서울 성북구 화랑로 299,02-918-3344,,https://cafe.naver.com/daeehak,37.613538,127.061187,3.8,1,"https://www.google.com/maps/search/?api=1&query=37.613538,127.061187",동물병원
666,動物病院,Veterinary clinic,トピョンハン動物病院,Deopyeonhan Animal Hospital,더편한동물병원,,城北区,Seongbuk-gu,서울 성북구 숭인로 50,02-982-7975,,https://blog.naver.com/tph7975,37.612006,127.028773,4.8,27,"https://www.google.com/maps/search/?api=1&query=37.612006,127.028773",동물병원
667,動物病院,Veterinary clinic,トダムドダム動物病院,Dodamdodam Animal Hospital,도담도담동물병원,,城北区,Seongbuk-gu,서울 성북구 화랑로 76,02-943-7582,,,37.601706,127.04058,,6,"https://www.google.com/maps/search/?api=1&query=37.601706,127.04058",동물병원
668,動物病院,Veterinary clinic,トリム動物病院,Deurim Animal Hospital,드림동물병원,,城北区,Seongbuk-gu,서울 성북구 동소문로 74,02-928-7582,,,37.591832,127.013701,5.0,0,"https://www.google.com/maps/search/?api=1&query=37.591832,127.013701",동물병원
669,動物病院,Veterinary clinic,ロイ動物病院,Roi Animal Hospital,로이동물병원,,城北区,Seongbuk-gu,서울 성북구 아리랑로 27,02-927-7878,,,37.595356,127.015758,3.3,1,"https://www.google.com/maps/search/?api=1&query=37.595356,127.015758",동물병원
670,動物病院,Veterinary clinic,ミソ動物病院,Miso Animal Hospital,미소동물병원,,城北区,Seongbuk-gu,서울 성북구 종암로 91,02-929-1212,,,37.598356,127.034484,4.4,0,"https://www.google.com/maps/search/?api=1&query=37.598356,127.034484",동물병원
671,動物病院,Veterinary clinic,ポソントンジュン動物病院,Boseongtongjeung Animal Hospital,보성통증동물병원,,城北区,Seongbuk-gu,서울 성북구 보국문로 68-1,02-943-8376,,,37.610594,127.009369,,1,"https://www.google.com/maps/search/?api=1&query=37.610594,127.009369",동물병원
672,動物病院,Veterinary clinic,ソウル動物チョンハプ病院,Seoul Animal Jonghap Clinic,서울동물종합병원,,城北区,Seongbuk-gu,서울 성북구 보문로 137,02-928-5599,,,37.587106,127.018197,3.7,3,"https://www.google.com/maps/search/?api=1&query=37.587106,127.018197",동물병원
673,動物病院,Veterinary clinic,ソンシン動物病院,Seongsin Animal Hospital,성신동물병원,,城北区,Seongbuk-gu,서울 성북구 아리랑로 18,02-927-7517,,,37.594493,127.016327,4.3,0,"https://www.google.com/maps/search/?api=1&query=37.594493,127.016327",동물병원
674,動物病院,Veterinary clinic,スマート動物病院 ソンブクギルムジョム,Seu Mart Animal Hospital Seongbukgireumjeom,스마트동물병원 성북길음점,,城北区,Seongbuk-gu,서울 성북구 길음로13길 22,02-941-5575,,http://blog.naver.com/smart5575,37.609461,127.019765,5.0,1,"https://www.google.com/maps/search/?api=1&query=37.609461,127.019765",동물병원
675,動物病院,Veterinary clinic,ッスダムッスダム 動物病院,Sseudamsseudam Animal Hospital,쓰담쓰담 동물병원,,城北区,Seongbuk-gu,서울 성북구 종암로 113,02-927-7585,,https://blog.naver.com/ss_dam,37.600163,127.033673,4.7,1,"https://www.google.com/maps/search/?api=1&query=37.600163,127.033673",동물병원
676,動物病院,Veterinary clinic,アイトントン動物病院,Aiteunteun Animal Hospital,아이튼튼동물병원,,城北区,Seongbuk-gu,서울 성북구 길음로 11,,,,37.603785,127.023438,4.0,25,"https://www.google.com/maps/search/?api=1&query=37.603785,127.023438",동물병원
677,動物病院,Veterinary clinic,アンニ動物病院,Angni Animal Hospital,앙리동물병원,,城北区,Seongbuk-gu,서울 성북구 성북로 66,02-766-7577,https://www.instagram.com/henry_vetclinic/,,37.593396,127.001717,3.1,96,"https://www.google.com/maps/search/?api=1&query=37.593396,127.001717",동물병원
678,動物病院,Veterinary clinic,ウリ動物病院,Uri Animal Hospital,우리동물병원,,城北区,Seongbuk-gu,서울 성북구 삼양로 84,,,,37.610852,127.022561,5.0,0,"https://www.google.com/maps/search/?api=1&query=37.610852,127.022561",동물병원
679,動物病院,Veterinary clinic,ウォルロブ動物医療センター,Wolleobeu Animal Medical Center,원러브동물의료센터,,城北区,Seongbuk-gu,서울 성북구 아리랑로 75,02-6956-0040,,https://blog.naver.com/onelovevet,37.599613,127.013305,,17,"https://www.google.com/maps/search/?api=1&query=37.599613,127.013305",동물병원
680,動物病院,Veterinary clinic,ウェルビンビビペッ動物病院,Welbingbibipet Animal Hospital,웰빙비비펫동물병원,,城北区,Seongbuk-gu,서울 성북구 화랑로 91,02-912-0018,,,37.602986,127.042136,2.5,1,"https://www.google.com/maps/search/?api=1&query=37.602986,127.042136",동물병원
681,動物病院,Veterinary clinic,チュンアン動物病院,Jungang Animal Hospital,중앙동물병원,,城北区,Seongbuk-gu,서울 성북구 돌곶이로 56,02-967-0300,,,37.608857,127.059323,4.3,0,"https://www.google.com/maps/search/?api=1&query=37.608857,127.059323",동물병원
682,動物病院,Veterinary clinic,カカオN動物病院,Kakao N Animal Hospital,카카오N동물병원,,城北区,Seongbuk-gu,서울 성북구 길음로 33,,,,37.607057,127.021414,4.4,5,"https://www.google.com/maps/search/?api=1&query=37.607057,127.021414",동물병원
683,動物病院,Veterinary clinic,キュ動物病院,Kyu Animal Hospital,큐동물병원,,城北区,Seongbuk-gu,서울 성북구 장위로 81,02-913-8275,,,37.613981,127.045717,4.1,2,"https://www.google.com/maps/search/?api=1&query=37.613981,127.045717",동물병원
684,動物病院,Veterinary clinic,テヤン動物病院,Taeyang Animal Hospital,태양동물병원,,城北区,Seongbuk-gu,서울 성북구 돌곶이로 31,,,,37.607072,127.060698,5.0,0,"https://www.google.com/maps/search/?api=1&query=37.607072,127.060698",동물병원
685,動物病院,Veterinary clinic,ファースト動物病院,First Animal Hospital,퍼스트동물병원,,城北区,Seongbuk-gu,서울 성북구 한천로 713,02-911-7582,,http://blog.naver.com/jwfirstah,37.619631,127.050575,4.5,2,"https://www.google.com/maps/search/?api=1&query=37.619631,127.050575",동물병원
686,動物病院,Veterinary clinic,ポユ動物病院,Poyu Animal Hospital,포유동물병원,,城北区,Seongbuk-gu,서울 성북구 오패산로 22,02-912-6555,,,37.604217,127.037707,4.6,3,"https://www.google.com/maps/search/?api=1&query=37.604217,127.037707",동물병원
687,動物病院,Veterinary clinic,ポポ動物病院,Popo Animal Hospital,포포동물병원,,城北区,Seongbuk-gu,서울 성북구 보문로 51,02-922-7555,,,37.579971,127.021975,5.0,3,"https://www.google.com/maps/search/?api=1&query=37.579971,127.021975",동물병원
688,動物病院,Veterinary clinic,ハンサラン動物病院,Hansarang Animal Hospital,한사랑동물병원,,城北区,Seongbuk-gu,서울 성북구 성북로 27,02-743-7582,,http://blog.naver.com/dr-lee,37.590337,127.003854,3.9,1,"https://www.google.com/maps/search/?api=1&query=37.590337,127.003854",동물병원
689,動物病院,Veterinary clinic,ヘンボクハン動物病院,Haengbokhan Animal Hospital,행복한동물병원,,城北区,Seongbuk-gu,서울 성북구 돌곶이로 91,,,,37.611122,127.056497,3.9,0,"https://www.google.com/maps/search/?api=1&query=37.611122,127.056497",동물병원
690,動物病院,Veterinary clinic,ホダム動物病院,Hodam Animal Hospital,호담동물병원,,城北区,Seongbuk-gu,서울 성북구 동소문로 302,02-915-5301,,,37.606785,127.02853,4.5,4,"https://www.google.com/maps/search/?api=1&query=37.606785,127.02853",동물병원
691,動物病院,Veterinary clinic,24時間 ステンダド 動物医療センター,24h Seutaendadeu Animal Medical Center,24시 스탠다드 동물의료센터,はい/Yes,松坡区,Songpa-gu,서울 송파구 위례송파로 77,02-448-6400,,https://blog.naver.com/24standardamc,37.48545,127.142443,,151,"https://www.google.com/maps/search/?api=1&query=37.48545,127.142443",동물병원
692,動物病院,Veterinary clinic,24時間シャイン動物メディカルセンター,24 Sisyain Animal Medical Center,24시샤인동물메디컬센터,はい/Yes,松坡区,Songpa-gu,서울 송파구 오금로 147,02-2088-7775,,https://shineamc.com/,37.510829,127.111562,,617,"https://www.google.com/maps/search/?api=1&query=37.510829,127.111562",동물병원
693,動物病院,Veterinary clinic,24時間ソンパリウム動物医療センター,24 Sisongparium Animal Medical Center,24시송파리움동물의료센터,はい/Yes,松坡区,Songpa-gu,서울 송파구 동남로 115,02-6958-7512,,https://blog.naver.com/lieum_amc,37.490555,127.123704,,160,"https://www.google.com/maps/search/?api=1&query=37.490555,127.123704",동물병원
694,動物病院,Veterinary clinic,25シ動物医療センター,25 Si Animal Medical Center,25시동물의료센터,,松坡区,Songpa-gu,서울 송파구 삼전로 80,02-419-1351,,http://blog.naver.com/jamsil25h,37.505548,127.089433,,276,"https://www.google.com/maps/search/?api=1&query=37.505548,127.089433",동물병원
695,動物病院,Veterinary clinic,THEホグ動物医療センター,THE Heogeu Animal Medical Center,THE허그동물의료센터,,松坡区,Songpa-gu,서울 송파구 올림픽로 366,02-2202-2025,,http://hugamc.com,37.516533,127.110813,5.0,189,"https://www.google.com/maps/search/?api=1&query=37.516533,127.110813",동물병원
696,動物病院,Veterinary clinic,カラク動物病院,Garak Animal Hospital,가락동물병원,,松坡区,Songpa-gu,서울 송파구 오금로 247,02-413-0075,,,37.506356,127.120765,4.7,0,"https://www.google.com/maps/search/?api=1&query=37.506356,127.120765",동물병원
697,動物病院,Veterinary clinic,コウン動物医療センター,Goun Animal Medical Center,고운동물의료센터,,松坡区,Songpa-gu,서울 송파구 거마로 56,02-6958-8575,,https://blog.naver.com/gowoonamc,37.496414,127.148248,,8,"https://www.google.com/maps/search/?api=1&query=37.496414,127.148248",동물병원
698,動物病院,Veterinary clinic,キムミンジェジョンハプ動物病院,Gimminjaejonghap Animal Hospital,김민재종합동물병원,,松坡区,Songpa-gu,서울 송파구 동남로 318,010-5950-8973,,,37.503689,127.138678,4.5,0,"https://www.google.com/maps/search/?api=1&query=37.503689,127.138678",동물병원
699,動物病院,Veterinary clinic,キムソニョン ウェグァ 動物病院,Gimseonyeong Oegwa Animal Hospital,김선영 외과 동물병원,,松坡区,Songpa-gu,서울 송파구 새말로 62,02-3012-7507,,https://blog.naver.com/vetssuny,37.481189,127.121623,4.6,46,"https://www.google.com/maps/search/?api=1&query=37.481189,127.121623",동물병원
700,動物病院,Veterinary clinic,ックミクヌン動物病院,Kkumikeuneun Animal Hospital,꿈이크는동물병원,,松坡区,Songpa-gu,서울 송파구 백제고분로 115,02-420-7580,,http://blog.naver.com/rokvet,37.50687,127.080007,4.9,1,"https://www.google.com/maps/search/?api=1&query=37.50687,127.080007",동물병원
701,動物病院,Veterinary clinic,ノア動物病院,Noa Animal Hospital,노아동물병원,,松坡区,Songpa-gu,서울 송파구 오금로 498,02-401-0075,,,37.493006,127.1439,5.0,1,"https://www.google.com/maps/search/?api=1&query=37.493006,127.1439",동물병원
702,動物病院,Veterinary clinic,ヌルプルン動物病院,Neulpureun Animal Hospital,늘푸른동물병원,,松坡区,Songpa-gu,서울 송파구 마천로5길 16,02-449-0101,,,37.509532,127.127215,3.7,1,"https://www.google.com/maps/search/?api=1&query=37.509532,127.127215",동물병원
703,動物病院,Veterinary clinic,タクトM動物メディカルセンター,Dakteo M Animal Medical Center,닥터M동물메디컬센터,,松坡区,Songpa-gu,서울 송파구 송이로14길 11,,,,37.498798,127.118386,5.0,0,"https://www.google.com/maps/search/?api=1&query=37.498798,127.118386",동물병원
704,動物病院,Veterinary clinic,タクトケッゴヤンイ病院,Dakteokaetgoyangi Clinic,닥터캣고양이병원,,松坡区,Songpa-gu,서울 송파구 백제고분로 293,02-2039-2575,,https://blog.naver.com/drcatfh,37.502873,127.098989,4.2,8,"https://www.google.com/maps/search/?api=1&query=37.502873,127.098989",동물병원
705,動物病院,Veterinary clinic,トシャプ動物メディカルセンター,Deosyap Animal Medical Center,더샵동물메디컬센터,,松坡区,Songpa-gu,서울 송파구 올림픽로35가길 9,02-416-7512,,http://blog.naver.com/thesharpah,37.517484,127.103445,5.0,2,"https://www.google.com/maps/search/?api=1&query=37.517484,127.103445",동물병원
706,動物病院,Veterinary clinic,トシャプ動物病院,Deosyap Animal Hospital,더샵동물병원,,松坡区,Songpa-gu,서울 송파구 올림픽로 329,02-416-7512,,,37.516159,127.10666,,0,"https://www.google.com/maps/search/?api=1&query=37.516159,127.10666",동물병원
707,動物病院,Veterinary clinic,トグマル 動物病院,Dogeumaru Animal Hospital,도그마루 동물병원,,松坡区,Songpa-gu,서울 송파구 석촌호수로 104,070-4349-3357,,https://dogmaru.co.kr,37.507746,127.088454,,15,"https://www.google.com/maps/search/?api=1&query=37.507746,127.088454",동물병원
708,動物病院,Veterinary clinic,トンガム動物医療センター,Donggam Animal Medical Center,동감동물의료센터,,松坡区,Songpa-gu,서울 송파구 거마로 56,0503-7152-5078,,https://blog.naver.com/dgamc,37.496401,127.148248,5.0,143,"https://www.google.com/maps/search/?api=1&query=37.496401,127.148248",동물병원
709,動物病院,Veterinary clinic,動物病院アルル,Animal Hospital Allu,동물병원알루,,松坡区,Songpa-gu,서울 송파구 법원로4길 6,02-402-3270,http://instagram.com/animalslikeus_alu,,37.482103,127.122249,4.2,6,"https://www.google.com/maps/search/?api=1&query=37.482103,127.122249",동물병원
710,動物病院,Veterinary clinic,動物病院ユピ,Animal Hospital Yupi,동물병원유피,,松坡区,Songpa-gu,서울 송파구 가락로 69,02-6479-7582,,,37.500129,127.103822,5.0,6,"https://www.google.com/maps/search/?api=1&query=37.500129,127.103822",동물병원
711,動物病院,Veterinary clinic,動物ウィワングク動物病院,Animal Uiwangguk Animal Hospital,동물의왕국동물병원,,松坡区,Songpa-gu,서울 송파구 거마로 56,02-406-4814,,,37.49581,127.149066,4.9,1,"https://www.google.com/maps/search/?api=1&query=37.49581,127.149066",동물병원
712,動物病院,Veterinary clinic,トゥリ動物病院,Duri Animal Hospital,두리동물병원,,松坡区,Songpa-gu,서울 송파구 성내천로 229,02-449-8575,,,37.499525,127.153136,1.2,1,"https://www.google.com/maps/search/?api=1&query=37.499525,127.153136",동물병원
713,動物病院,Veterinary clinic,ッタスム動物病院,Ttasum Animal Hospital,따숨동물병원,,松坡区,Songpa-gu,서울 송파구 위례광장로 136,02-400-8820,https://www.instagram.com/ttasoom_vet/,,37.476559,127.142686,3.0,7,"https://www.google.com/maps/search/?api=1&query=37.476559,127.142686",동물병원
714,動物病院,Veterinary clinic,ラオンペッ動物病院,Raonpet Animal Hospital,라온펫동물병원,,松坡区,Songpa-gu,서울 송파구 가락로 169,02-555-2272,,https://blog.naver.com/raonpet/,37.504016,127.113907,,701,"https://www.google.com/maps/search/?api=1&query=37.504016,127.113907",동물병원
715,動物病院,Veterinary clinic,ライム動物病院,Raim Animal Hospital,라임동물병원,,松坡区,Songpa-gu,서울 송파구 가락로 258,02-6227-7582,,http://blog.naver.com/mino0917,37.510931,127.11892,,0,"https://www.google.com/maps/search/?api=1&query=37.510931,127.11892",동물병원
716,動物病院,Veterinary clinic,リベ動物メディカルセンター,Ribe Animal Medical Center,리베동물메디컬센터,,松坡区,Songpa-gu,서울 송파구 삼전로 56,02-6953-7502,,http://pf.kakao.com/_uwdNT,37.503776,127.087889,,73,"https://www.google.com/maps/search/?api=1&query=37.503776,127.087889",동물병원
717,動物病院,Veterinary clinic,リセンチュスター動物病院,Risencheu Star Animal Hospital,리센츠스타동물병원,,松坡区,Songpa-gu,서울 송파구 올림픽로 145,,,,37.511972,127.087021,4.7,0,"https://www.google.com/maps/search/?api=1&query=37.511972,127.087021",동물병원
718,動物病院,Veterinary clinic,リオ動物病院,Rio Animal Hospital,리오동물병원,,松坡区,Songpa-gu,서울 송파구 올림픽로35길 10,,,,37.520282,127.113161,4.0,1,"https://www.google.com/maps/search/?api=1&query=37.520282,127.113161",동물병원
719,動物病院,Veterinary clinic,リトルポドソウル ポド アンド チュ クルリニク,Little Beodeuseoul Beodeu and Ju Keullinik,리틀버드서울 버드 앤 주 클리닉,,松坡区,Songpa-gu,서울 송파구 오금로 332,0502-5550-4957,,,37.501352,127.128376,4.1,2,"https://www.google.com/maps/search/?api=1&query=37.501352,127.128376",동물병원
720,動物病院,Veterinary clinic,マル動物病院,Maru Animal Hospital,마루동물병원,,松坡区,Songpa-gu,서울 송파구 양산로4길 13,02-443-8898,,http://blog.naver.com/marooah,37.489967,127.144645,1.0,0,"https://www.google.com/maps/search/?api=1&query=37.489967,127.144645",동물병원
721,動物病院,Veterinary clinic,ムンジョンタプ動物病院,Munjeongtap Animal Hospital,문정탑동물병원,,松坡区,Songpa-gu,서울 송파구 송이로 186,02-431-0275,,,37.490856,127.126668,3.4,0,"https://www.google.com/maps/search/?api=1&query=37.490856,127.126668",동물병원
722,動物病院,Veterinary clinic,ムンジョンヒルス動物病院,Munjeonghilseu Animal Hospital,문정힐스동물병원,,松坡区,Songpa-gu,서울 송파구 법원로4길 10,02-404-5852,,https://blog.naver.com/munjeonghills,37.482621,127.122688,4.0,139,"https://www.google.com/maps/search/?api=1&query=37.482621,127.122688",동물병원
723,動物病院,Veterinary clinic,パロスル動物病院,Baroseul Animal Hospital,바로슬동물병원,,松坡区,Songpa-gu,서울 송파구 백제고분로 506,02-6953-7599,,http://blog.naver.com/baroseulah,37.515222,127.115548,5.0,160,"https://www.google.com/maps/search/?api=1&query=37.515222,127.115548",동물병원
724,動物病院,Veterinary clinic,ペルルリン動物チグァセンター,Bereullin Animal Chigwa Center,베를린동물치과센터,,松坡区,Songpa-gu,서울 송파구 백제고분로 506,02-830-1494,,https://blog.naver.com/berlinvet1,37.515161,127.11557,4.0,298,"https://www.google.com/maps/search/?api=1&query=37.515161,127.11557",동물병원
725,動物病院,Veterinary clinic,シャイナイアングァ動物病院,Syainaiangwa Animal Hospital,샤인아이안과동물병원,,松坡区,Songpa-gu,서울 송파구 오금로 147,02-2088-7789,,https://shineamc.com/eye,37.510894,127.111506,3.0,18,"https://www.google.com/maps/search/?api=1&query=37.510894,127.111506",동물병원
726,動物病院,Veterinary clinic,シャインケッ コヤンイメディカルセンター,Syainkaet Goyangi Medical Center,샤인캣 고양이메디컬센터,,松坡区,Songpa-gu,서울 송파구 오금로 147,02-2088-7775,,https://www.shineamc.com/cat,37.510829,127.111562,2.3,0,"https://www.google.com/maps/search/?api=1&query=37.510829,127.111562",동물병원
727,動物病院,Veterinary clinic,ソウルソンパ動物病院,Seoulsongpa Animal Hospital,서울송파동물병원,,松坡区,Songpa-gu,서울 송파구 가락로 169,,,,37.50406,127.113879,,0,"https://www.google.com/maps/search/?api=1&query=37.50406,127.113879",동물병원
728,動物病院,Veterinary clinic,ソクチョン動物病院,Seokchon Animal Hospital,석촌동물병원,,松坡区,Songpa-gu,서울 송파구 송파대로 441,02-414-7975,,,37.505808,127.106199,3.7,2,"https://www.google.com/maps/search/?api=1&query=37.505808,127.106199",동물병원
729,動物病院,Veterinary clinic,ソクチョンホス動物病院,Seokchonhosu Animal Hospital,석촌호수동물병원,,松坡区,Songpa-gu,서울 송파구 송파대로49길 52,02-419-5959,,,37.506337,127.09903,4.8,9,"https://www.google.com/maps/search/?api=1&query=37.506337,127.09903",동물병원
730,動物病院,Veterinary clinic,ソダム動物病院,Sodam Animal Hospital,소담동물병원,,松坡区,Songpa-gu,서울 송파구 삼전로 99,02-424-7582,,https://blog.naver.com/sodam2506/,37.507263,127.090134,,9,"https://www.google.com/maps/search/?api=1&query=37.507263,127.090134",동물병원
731,動物病院,Veterinary clinic,ソンイジョンハプ動物病院,Songijonghap Animal Hospital,송이종합동물병원,,松坡区,Songpa-gu,서울 송파구 가락로 210,010-3245-9577,,,37.50702,127.116477,,4,"https://www.google.com/maps/search/?api=1&query=37.50702,127.116477",동물병원
732,動物病院,Veterinary clinic,ソンパデイリー動物病院,Songpa Daily Animal Hospital,송파데일리동물병원,,松坡区,Songpa-gu,서울 송파구 법원로 55,02-403-7582,,http://blog.naver.com/day12ah/,37.479871,127.121957,4.2,8,"https://www.google.com/maps/search/?api=1&query=37.479871,127.121957",동물병원
733,動物病院,Veterinary clinic,ソンパ動物医療センター,Songpa Animal Medical Center,송파동물의료센터,,松坡区,Songpa-gu,서울 송파구 송파대로 378,02-424-3662,,,37.501583,127.11097,,2,"https://www.google.com/maps/search/?api=1&query=37.501583,127.11097",동물병원
734,動物病院,Veterinary clinic,ソンパマリ動物病院,Songpamari Animal Hospital,송파마리동물병원,,松坡区,Songpa-gu,서울 송파구 오금로 185,02-415-7555,,,37.509076,127.114937,4.9,14,"https://www.google.com/maps/search/?api=1&query=37.509076,127.114937",동물병원
735,動物病院,Veterinary clinic,ソンパバロ動物病院,Songpabaro Animal Hospital,송파바로동물병원,,松坡区,Songpa-gu,서울 송파구 새말로 125,02-400-8575,,http://blog.naver.com/baroah,37.483077,127.12788,4.5,23,"https://www.google.com/maps/search/?api=1&query=37.483077,127.12788",동물병원
736,動物病院,Veterinary clinic,ソンパセナル動物病院,Songpasaenal Animal Hospital,송파새날동물병원,,松坡区,Songpa-gu,서울 송파구 동남로 198,02-2088-3377,,https://blog.naver.com/newdayamc,37.495057,127.130796,5.0,132,"https://www.google.com/maps/search/?api=1&query=37.495057,127.130796",동물병원
737,動物病院,Veterinary clinic,ソンパスマイル動物病院,Songpaseumail Animal Hospital,송파스마일동물병원,,松坡区,Songpa-gu,서울 송파구 새말로5길 17,02-448-7588,,http://blog.naver.com/drdnc,37.484137,127.12392,,201,"https://www.google.com/maps/search/?api=1&query=37.484137,127.12392",동물병원
738,動物病院,Veterinary clinic,ソンパオルリブ動物病院,Songpaollibeu Animal Hospital,송파올리브동물병원,,松坡区,Songpa-gu,서울 송파구 오금로 543,02-2135-8275,,http://oliveah.kr,37.493026,127.149026,5.0,276,"https://www.google.com/maps/search/?api=1&query=37.493026,127.149026",동물병원
739,動物病院,Veterinary clinic,スキネニオ動物病院,Seukinaenieo Animal Hospital,스킨앤이어동물병원,,松坡区,Songpa-gu,서울 송파구 위례성대로 102,02-417-3021,,,37.513342,127.123007,4.6,13,"https://www.google.com/maps/search/?api=1&query=37.513342,127.123007",동물병원
740,動物病院,Veterinary clinic,シンチョン動物病院,Sincheon Animal Hospital,신천동물병원,,松坡区,Songpa-gu,서울 송파구 석촌호수로 108,02-420-0975,,,37.507624,127.088841,,4,"https://www.google.com/maps/search/?api=1&query=37.507624,127.088841",동물병원
741,動物病院,Veterinary clinic,ッシミルレ動物病院,Ssimille Animal Hospital,씨밀레동물병원,,松坡区,Songpa-gu,서울 송파구 올림픽로47길 20,02-470-7905,,,37.528539,127.116898,3.7,2,"https://www.google.com/maps/search/?api=1&query=37.528539,127.116898",동물병원
742,動物病院,Veterinary clinic,アスペン 動物医療センター,Aseupen Animal Medical Center,아스펜 동물의료센터,,松坡区,Songpa-gu,서울 송파구 올림픽로35길 45,02-6953-3339,,https://blog.naver.com/aspen_amc,37.519189,127.109465,,13,"https://www.google.com/maps/search/?api=1&query=37.519189,127.109465",동물병원
743,動物病院,Veterinary clinic,エボペッ動物病院,Ebeopet Animal Hospital,에버펫동물병원,,松坡区,Songpa-gu,서울 송파구 오금로 422,02-409-7533,,,37.496802,127.136742,,1,"https://www.google.com/maps/search/?api=1&query=37.496802,127.136742",동물병원
744,動物病院,Veterinary clinic,エコ動物病院,Eko Animal Hospital,에코동물병원,,松坡区,Songpa-gu,서울 송파구 동남로 161,02-443-2222,,http://blog.naver.com/ecoanimal,37.492761,127.128109,,579,"https://www.google.com/maps/search/?api=1&query=37.492761,127.128109",동물병원
745,動物病院,Veterinary clinic,エコペッケオ,Ekopetkeeo,에코펫케어,,松坡区,Songpa-gu,서울 송파구 동남로 161,,,,37.492767,127.128089,,0,"https://www.google.com/maps/search/?api=1&query=37.492767,127.128089",동물병원
746,動物病院,Veterinary clinic,エル 動物病院,El Animal Hospital,엘 동물병원,,松坡区,Songpa-gu,서울 송파구 중대로 320,02-2088-2878,https://www.instagram.com/l_animal_hospital,,37.508656,127.134016,4.8,2,"https://www.google.com/maps/search/?api=1&query=37.508656,127.134016",동물병원
747,動物病院,Veterinary clinic,ヨン動物病院,Yeon Animal Hospital,연동물병원,,松坡区,Songpa-gu,서울 송파구 올림픽로 119,,,,37.512107,127.084188,1.0,0,"https://www.google.com/maps/search/?api=1&query=37.512107,127.084188",동물병원
748,動物病院,Veterinary clinic,ヨングク動物病院,Yeongguk Animal Hospital,영국동물병원,,松坡区,Songpa-gu,서울 송파구 동남로18길 23,02-430-7005,,,37.494222,127.133078,5.0,0,"https://www.google.com/maps/search/?api=1&query=37.494222,127.133078",동물병원
749,動物病院,Veterinary clinic,オジュ動物病院,Oju Animal Hospital,오주동물병원,,松坡区,Songpa-gu,서울 송파구 마천로 264,02-443-8083,https://www.instagram.com/amc_oju/,,37.498055,127.146224,,0,"https://www.google.com/maps/search/?api=1&query=37.498055,127.146224",동물병원
750,動物病院,Veterinary clinic,オンマウム 動物メディカルセンター,Onmaeum Animal Medical Center,온마음 동물메디컬센터,,松坡区,Songpa-gu,서울 송파구 오금로 473,02-449-0075,,,37.494554,127.141904,4.2,0,"https://www.google.com/maps/search/?api=1&query=37.494554,127.141904",동물병원
751,動物病院,Veterinary clinic,オルリムピク動物医療センター,Ollimpik Animal Medical Center,올림픽동물의료센터,,松坡区,Songpa-gu,서울 송파구 양재대로 1164,02-6956-5259,,,37.511048,127.128251,5.0,103,"https://www.google.com/maps/search/?api=1&query=37.511048,127.128251",동물병원
752,動物病院,Veterinary clinic,ウィドペッジョンハプ動物病院,Wideupetjonghap Animal Hospital,위드펫종합동물병원,,松坡区,Songpa-gu,서울 송파구 백제고분로 161,02-2202-0075,,http://blog.naver.com/withpetah,37.505468,127.084869,,6,"https://www.google.com/maps/search/?api=1&query=37.505468,127.084869",동물병원
753,動物病院,Veterinary clinic,ウィリェS動物医療センター,Wirye S Animal Medical Center,위례S동물의료센터,,松坡区,Songpa-gu,서울 송파구 위례광장로 200,02-431-7575,,http://blog.naver.com/snuamc,37.481208,127.142909,2.8,99,"https://www.google.com/maps/search/?api=1&query=37.481208,127.142909",동물병원
754,動物病院,Veterinary clinic,ウィリェビョル動物医療センター,Wiryebyeol Animal Medical Center,위례별동물의료센터,,松坡区,Songpa-gu,서울 송파구 위례광장로 230,02-401-7579,,http://blog.naver.com/staramc01,37.479674,127.143285,5.0,40,"https://www.google.com/maps/search/?api=1&query=37.479674,127.143285",동물병원
755,動物病院,Veterinary clinic,ユエン動物ウィリョウォン,Yuaen Animal Uiryowon,유앤동물의료원,,松坡区,Songpa-gu,서울 송파구 양재대로 1148,02-2043-7582,,,37.509679,127.12729,4.2,0,"https://www.google.com/maps/search/?api=1&query=37.509679,127.12729",동물병원
756,動物病院,Veterinary clinic,イルム動物病院,Irum Animal Hospital,이룸동물병원,,松坡区,Songpa-gu,서울 송파구 삼학사로 34,02-419-7580,,,37.500269,127.097036,4.5,2,"https://www.google.com/maps/search/?api=1&query=37.500269,127.097036",동물병원
757,動物病院,Veterinary clinic,イジェプン動物病院,Ijaepung Animal Hospital,이재풍동물병원,,松坡区,Songpa-gu,서울 송파구 오금로35길 44,02-404-6123,,,37.50648,127.129254,1.0,0,"https://www.google.com/maps/search/?api=1&query=37.50648,127.129254",동물병원
758,動物病院,Veterinary clinic,チャムシル スムサルィックム動物病院,Jamsil Seumusaruikkum Animal Hospital,잠실 스무살의꿈동물병원,,松坡区,Songpa-gu,서울 송파구 석촌호수로 140,02-423-2010,,https://20dream.co.kr/,37.507016,127.092499,,313,"https://www.google.com/maps/search/?api=1&query=37.507016,127.092499",동물병원
759,動物病院,Veterinary clinic,チャムシルゲルロリア動物病院,Jamsilgaelleoria Animal Hospital,잠실갤러리아동물병원,,松坡区,Songpa-gu,서울 송파구 올림픽로 212,02-6941-1480,https://www.instagram.com/jamsilgalleriaamc/,,37.510707,127.094232,5.0,3,"https://www.google.com/maps/search/?api=1&query=37.510707,127.094232",동물병원
760,動物病院,Veterinary clinic,チャムシル動物病院,Jamsil Animal Hospital,잠실동물병원,,松坡区,Songpa-gu,서울 송파구 올림픽로 329,02-6953-7587,,http://blog.naver.com/dvmellykim,37.51607,127.106638,4.6,13,"https://www.google.com/maps/search/?api=1&query=37.51607,127.106638",동물병원
761,動物病院,Veterinary clinic,チャムシルバルンヌナングァ動物病院,Jamsilbareunnunangwa Animal Hospital,잠실바른눈안과동물병원,,松坡区,Songpa-gu,서울 송파구 삼학사로 67,02-2039-2119,,http://animaleyeclinic.co.kr,37.503354,127.096786,,38,"https://www.google.com/maps/search/?api=1&query=37.503354,127.096786",동물병원
762,動物病院,Veterinary clinic,チャムシルベスト動物メディカルセンター,Jamsil Best Animal Medical Center,잠실베스트동물메디컬센터,,松坡区,Songpa-gu,서울 송파구 삼학사로 88,02-2203-7975,,http://jsbestamc.allthemedi.com,37.504961,127.097399,,370,"https://www.google.com/maps/search/?api=1&query=37.504961,127.097399",동물병원
763,動物病院,Veterinary clinic,チャムシルベスト動物病院 ススルジェファルセンター,Jamsil Best Animal Hospital Susuljaehwal Center,잠실베스트동물병원 수술재활센터,,松坡区,Songpa-gu,서울 송파구 삼학사로 88,,,,37.504964,127.097408,,0,"https://www.google.com/maps/search/?api=1&query=37.504964,127.097408",동물병원
764,動物病院,Veterinary clinic,チャムシロン動物医療センター,Jamsiron Animal Medical Center,잠실온동물의료센터,,松坡区,Songpa-gu,서울 송파구 올림픽로 76,02-418-0724,,http://24onamc.com,37.51157,127.079017,3.7,86,"https://www.google.com/maps/search/?api=1&query=37.51157,127.079017",동물병원
765,動物病院,Veterinary clinic,チャムシルジョンハプ動物病院,Jamsiljonghap Animal Hospital,잠실종합동물병원,,松坡区,Songpa-gu,서울 송파구 송파대로 388,02-415-7585,,,37.502391,127.110162,4.3,0,"https://www.google.com/maps/search/?api=1&query=37.502391,127.110162",동물병원
766,動物病院,Veterinary clinic,チョンダム動物病院,Jeongdam Animal Hospital,정담동물병원,,松坡区,Songpa-gu,서울 송파구 중대로 105,02-400-0075,,https://jungdam-vet.co.kr/,37.493586,127.120052,5.0,2,"https://www.google.com/maps/search/?api=1&query=37.493586,127.120052",동물병원
767,動物病院,Veterinary clinic,チュン25シ動物病院,Jun 25 Si Animal Hospital,준25시동물병원,,松坡区,Songpa-gu,서울 송파구 석촌호수로 138,02-415-7580,,,37.50711,127.092267,5.0,0,"https://www.google.com/maps/search/?api=1&query=37.50711,127.092267",동물병원
768,動物病院,Veterinary clinic,チェウム動物医療センター,Chaeum Animal Medical Center,채움동물의료센터,,松坡区,Songpa-gu,서울 송파구 동남로 282,02-443-6933,,http://www.chaeumamc.co.kr,37.500521,127.137088,5.0,161,"https://www.google.com/maps/search/?api=1&query=37.500521,127.137088",동물병원
769,動物病院,Veterinary clinic,クルドク動物病院,Kuldok Animal Hospital,쿨독동물병원,,松坡区,Songpa-gu,서울 송파구 중대로9길 48,,,,37.497092,127.119169,3.0,1,"https://www.google.com/maps/search/?api=1&query=37.497092,127.119169",동물병원
770,動物病院,Veterinary clinic,クルペッ チャムシルジョム,Kulpet Jamsiljeom,쿨펫 잠실점,,松坡区,Songpa-gu,서울 송파구 올림픽로 240,02-2143-1735,,,37.511694,127.096476,,0,"https://www.google.com/maps/search/?api=1&query=37.511694,127.096476",동물병원
771,動物病院,Veterinary clinic,キダリ動物病院,Kidari Animal Hospital,키다리동물병원,,松坡区,Songpa-gu,서울 송파구 새말로 62,02-6401-1512,,http://blog.naver.com/scarface928,37.480766,127.121784,4.2,0,"https://www.google.com/maps/search/?api=1&query=37.480766,127.121784",동물병원
772,動物病院,Veterinary clinic,キムニ動物病院,Kimni Animal Hospital,킴리동물병원,,松坡区,Songpa-gu,서울 송파구 올림픽로35길 104,02-6925-5475,,,37.520084,127.103853,5.0,2,"https://www.google.com/maps/search/?api=1&query=37.520084,127.103853",동물병원
773,動物病院,Veterinary clinic,ペトピア動物病院,Petopia Animal Hospital,페토피아동물병원,,松坡区,Songpa-gu,서울 송파구 오금로 203,02-414-0075,,,37.50814,127.116662,3.8,0,"https://www.google.com/maps/search/?api=1&query=37.50814,127.116662",동물병원
774,動物病院,Veterinary clinic,ペトピア ムンジョンフェミルリ動物病院,Peteupia Munjeonghwemilli Animal Hospital,페트피아 문정훼밀리동물병원,,松坡区,Songpa-gu,서울 송파구 중대로 24,,,,37.486512,127.113662,,0,"https://www.google.com/maps/search/?api=1&query=37.486512,127.113662",동물병원
775,動物病院,Veterinary clinic,ペッガーデン 動物病院,Pet Garden Animal Hospital,펫가든 동물병원,,松坡区,Songpa-gu,서울 송파구 중대로 80,02-400-0075,,,37.491762,127.117843,2.0,0,"https://www.google.com/maps/search/?api=1&query=37.491762,127.117843",동물병원
776,動物病院,Veterinary clinic,ペスェイブ 動物医療センター,Pesweibeu Animal Medical Center,펫웨이브 동물의료센터,,松坡区,Songpa-gu,서울 송파구 송파대로 450,070-4438-1302,,https://www.petwavemedical.co.kr,37.506844,127.106144,,16,"https://www.google.com/maps/search/?api=1&query=37.506844,127.106144",동물병원
777,動物病院,Veterinary clinic,ハト動物メディカルセンター,Hateu Animal Medical Center,하트동물메디컬센터,,松坡区,Songpa-gu,서울 송파구 삼학사로 75,02-2039-0082,,,37.503945,127.096837,2.0,0,"https://www.google.com/maps/search/?api=1&query=37.503945,127.096837",동물병원
778,動物病院,Veterinary clinic,ハンゴルムドジェファルハンバン動物病院,Hangeoreumdeojaehwalhanbang Animal Hospital,한걸음더재활한방동물병원,,松坡区,Songpa-gu,서울 송파구 백제고분로 294,02-423-2088,,http://www.onepawaway.co.kr,37.502439,127.099338,3.0,103,"https://www.google.com/maps/search/?api=1&query=37.502439,127.099338",동물병원
779,動物病院,Veterinary clinic,ハンス動物病院,Hansu Animal Hospital,한수동물병원,,松坡区,Songpa-gu,서울 송파구 송이로 244,02-6478-7575,https://www.instagram.com/hansuamc25/,,37.487481,127.131788,5.0,11,"https://www.google.com/maps/search/?api=1&query=37.487481,127.131788",동물병원
780,動物病院,Veterinary clinic,ハニャン動物病院,Hanyang Animal Hospital,한양동물병원,,松坡区,Songpa-gu,서울 송파구 가락로 162,02-420-9993,,,37.503238,127.113461,4.5,13,"https://www.google.com/maps/search/?api=1&query=37.503238,127.113461",동물병원
781,動物病院,Veterinary clinic,ヘンボクハヌリアイ動物病院,Haengbokhanuriai Animal Hospital,행복한우리아이동물병원,,松坡区,Songpa-gu,서울 송파구 석촌호수로 146,,,,37.506968,127.093226,4.6,0,"https://www.google.com/maps/search/?api=1&query=37.506968,127.093226",동물병원
782,動物病院,Veterinary clinic,ヘルリオ動物病院,Hellio Animal Hospital,헬리오동물병원,,松坡区,Songpa-gu,서울 송파구 송파대로 345,02-2135-6575,,http://blog.naver.com/helioamc,37.498006,127.103434,5.0,0,"https://www.google.com/maps/search/?api=1&query=37.498006,127.103434",동물병원
783,動物病院,Veterinary clinic,ホス動物病院,Hosu Animal Hospital,호수동물병원,,松坡区,Songpa-gu,서울 송파구 오금로 126,02-413-7514,,,37.511355,127.108827,2.7,0,"https://www.google.com/maps/search/?api=1&query=37.511355,127.108827",동물병원
784,動物病院,Veterinary clinic,フィマン動物病院,Huimang Animal Hospital,희망동물병원,,松坡区,Songpa-gu,서울 송파구 올림픽로 88,02-415-5732,,,37.511454,127.080528,5.0,1,"https://www.google.com/maps/search/?api=1&query=37.511454,127.080528",동물병원
785,動物病院,Veterinary clinic,24時間 ロウン動物医療センター,24h Roun Animal Medical Center,24시 로운동물의료센터,はい/Yes,陽川区,Yangcheon-gu,서울 양천구 등촌로 10,02-6953-7576,,,37.530823,126.864237,,125,"https://www.google.com/maps/search/?api=1&query=37.530823,126.864237",동물병원
786,動物病院,Veterinary clinic,24時間ミルリオン動物病院,24 Simillieon Animal Hospital,24시밀리언동물병원,はい/Yes,陽川区,Yangcheon-gu,서울 양천구 신월로 320,02-2061-5277,,http://blog.naver.com/neoeast12,37.521332,126.856529,4.1,4,"https://www.google.com/maps/search/?api=1&query=37.521332,126.856529",동물병원
787,動物病院,Veterinary clinic,24時間ウリドル動物メディカルセンター,24 Siurideul Animal Medical Center,24시우리들동물메디컬센터,はい/Yes,陽川区,Yangcheon-gu,서울 양천구 신월로 355,02-2642-7588,,http://www.wooridleclinic.kr,37.522187,126.860471,,668,"https://www.google.com/maps/search/?api=1&query=37.522187,126.860471",동물병원
788,動物病院,Veterinary clinic,24時間ウォルドペッ動物メディカルセンター,24 Siwoldeupet Animal Medical Center,24시월드펫동물메디컬센터,はい/Yes,陽川区,Yangcheon-gu,서울 양천구 신월로 208,02-2698-7582,,http://월드펫amc.com,37.520531,126.845376,4.8,291,"https://www.google.com/maps/search/?api=1&query=37.520531,126.845376",동물병원
789,動物病院,Veterinary clinic,カナジョンハプ動物病院,Ganajonghap Animal Hospital,가나종합동물병원,,陽川区,Yangcheon-gu,서울 양천구 목동서로 77,02-2645-7588,,,37.535962,126.87799,4.2,1,"https://www.google.com/maps/search/?api=1&query=37.535962,126.87799",동물병원
790,動物病院,Veterinary clinic,カオン動物病院,Gaon Animal Hospital,가온동물병원,,陽川区,Yangcheon-gu,서울 양천구 등촌로 114,070-4135-0078,,,37.540145,126.864057,,1,"https://www.google.com/maps/search/?api=1&query=37.540145,126.864057",동물병원
791,動物病院,Veterinary clinic,カン/ヒョルリムジョンハプ動物病院,Gang / Hyeollimjonghap Animal Hospital,강/현림종합동물병원,,陽川区,Yangcheon-gu,서울 양천구 등촌로 160,,,,37.54419,126.862375,2.3,1,"https://www.google.com/maps/search/?api=1&query=37.54419,126.862375",동물병원
792,動物病院,Veterinary clinic,コンウォニョプ動物医療センター,Gongwonyeop Animal Medical Center,공원옆동물의료센터,,陽川区,Yangcheon-gu,서울 양천구 목동서로 349,0503-7153-0826,,,37.517541,126.865364,3.5,1,"https://www.google.com/maps/search/?api=1&query=37.517541,126.865364",동물병원
793,動物病院,Veterinary clinic,クルム動物病院,Gureum Animal Hospital,구름동물병원,,陽川区,Yangcheon-gu,서울 양천구 신정이펜2로 22,,,,37.512934,126.832662,4.8,0,"https://www.google.com/maps/search/?api=1&query=37.512934,126.832662",동물병원
794,動物病院,Veterinary clinic,ノマジョンハプ動物病院,Nomajonghap Animal Hospital,노마종합동물병원,,陽川区,Yangcheon-gu,서울 양천구 신목로 82,02-654-6183,,,37.521967,126.87441,,0,"https://www.google.com/maps/search/?api=1&query=37.521967,126.87441",동물병원
795,動物病院,Veterinary clinic,ノア動物病院,Noa Animal Hospital,노아동물병원,,陽川区,Yangcheon-gu,서울 양천구 목동동로10길 6,02-2654-6183,,,37.518446,126.870675,,2,"https://www.google.com/maps/search/?api=1&query=37.518446,126.870675",동물병원
796,動物病院,Veterinary clinic,ノアジョンハプ動物病院,Noajonghap Animal Hospital,노아종합동물병원,,陽川区,Yangcheon-gu,서울 양천구 신목로 82,02-2654-6184,,,37.521967,126.87441,,0,"https://www.google.com/maps/search/?api=1&query=37.521967,126.87441",동물병원
797,動物病院,Veterinary clinic,タオン動物病院,Daon Animal Hospital,다온동물병원,,陽川区,Yangcheon-gu,서울 양천구 중앙로 230,02-2643-8204,,http://blog.naver.com/daonah00,37.51718,126.854569,4.7,0,"https://www.google.com/maps/search/?api=1&query=37.51718,126.854569",동물병원
798,動物病院,Veterinary clinic,テヒョン動物病院,Daehyeon Animal Hospital,대현동물병원,,陽川区,Yangcheon-gu,서울 양천구 목동중앙본로 100,02-2651-1855,,,37.54442,126.870857,4.5,3,"https://www.google.com/maps/search/?api=1&query=37.54442,126.870857",동물병원
799,動物病院,Veterinary clinic,トゥアムハンバン動物病院,Duamhanbang Animal Hospital,두암한방동물병원,,陽川区,Yangcheon-gu,서울 양천구 목동중앙북로 73,02-846-4597,,https://blog.naver.com/lee8314036,37.546822,126.871595,5.0,101,"https://www.google.com/maps/search/?api=1&query=37.546822,126.871595",동물병원
800,動物病院,Veterinary clinic,リドス動物病院,Rideoseu Animal Hospital,리더스동물병원,,陽川区,Yangcheon-gu,서울 양천구 신목로 80,02-2652-5475,,http://blog.naver.com/hopark96,37.521838,126.874375,2.5,36,"https://www.google.com/maps/search/?api=1&query=37.521838,126.874375",동물병원
801,動物病院,Veterinary clinic,リジュ動物病院,Rijeu Animal Hospital,리즈동물병원,,陽川区,Yangcheon-gu,서울 양천구 목동중앙로 43,02-2062-1110,,,37.533577,126.869518,3.6,1,"https://www.google.com/maps/search/?api=1&query=37.533577,126.869518",동물병원
802,動物病院,Veterinary clinic,モクドン動物病院,Mokdong Animal Hospital,목동동물병원,,陽川区,Yangcheon-gu,서울 양천구 목동서로 57,02-2648-8275,,,37.536825,126.879817,,0,"https://www.google.com/maps/search/?api=1&query=37.536825,126.879817",동물병원
803,動物病院,Veterinary clinic,モクドンチャン動物医療センター,Mokdongchan Animal Medical Center,목동찬동물의료센터,,陽川区,Yangcheon-gu,서울 양천구 오목로 285,02-2038-8119,,http://www.chanamc.com,37.525677,126.869144,5.0,133,"https://www.google.com/maps/search/?api=1&query=37.525677,126.869144",동물병원
804,動物病院,Veterinary clinic,ミニジュ動物病院,Miniju Animal Hospital,미니주동물병원,,陽川区,Yangcheon-gu,서울 양천구 목동중앙북로 37,,,,37.548013,126.867827,5.0,0,"https://www.google.com/maps/search/?api=1&query=37.548013,126.867827",동물병원
805,動物病院,Veterinary clinic,ミンビョンチョルジョンハプ動物病院,Minbyeongcheoljonghap Animal Hospital,민병철종합동물병원,,陽川区,Yangcheon-gu,서울 양천구 남부순환로 347,02-2695-1231,,,37.536181,126.82846,5.0,0,"https://www.google.com/maps/search/?api=1&query=37.536181,126.82846",동물병원
806,動物病院,Veterinary clinic,ポムナル動物病院,Bomnal Animal Hospital,봄날동물병원,,陽川区,Yangcheon-gu,서울 양천구 목동중앙로 89,02-6949-0413,http://www.instagram.com/bomnal_pet_clinic,,37.537267,126.871869,,460,"https://www.google.com/maps/search/?api=1&query=37.537267,126.871869",동물병원
807,動物病院,Veterinary clinic,プライトナングァチグァ動物病院,Beuraiteunangwachigwa Animal Hospital,브라이튼안과치과동물병원,,陽川区,Yangcheon-gu,서울 양천구 신월로 338,02-2039-0039,,https://blog.naver.com/brightenvet,37.521536,126.858532,,17,"https://www.google.com/maps/search/?api=1&query=37.521536,126.858532",동물병원
808,動物病院,Veterinary clinic,サンチェク動物病院,Sanchaek Animal Hospital,산책동물병원,,陽川区,Yangcheon-gu,서울 양천구 목동서로 401,02-2653-3335,,https://naver.me/5WcHISHQ,37.51557,126.859607,5.0,6,"https://www.google.com/maps/search/?api=1&query=37.51557,126.859607",동물병원
809,動物病院,Veterinary clinic,サンサン動物病院,Sangsang Animal Hospital,상상동물병원,,陽川区,Yangcheon-gu,서울 양천구 목동서로 295,02-2038-8877,,https://blog.naver.com/sangsangah,37.520974,126.868902,4.0,114,"https://www.google.com/maps/search/?api=1&query=37.520974,126.868902",동물병원
810,動物病院,Veterinary clinic,サンア動物病院,Sanga Animal Hospital,상아동물병원,,陽川区,Yangcheon-gu,서울 양천구 목동로 181,02-2644-0069,,,37.524748,126.864421,5.0,0,"https://www.google.com/maps/search/?api=1&query=37.524748,126.864421",동물병원
811,動物病院,Veterinary clinic,ソソウルホス動物病院,Seoseoulhosu Animal Hospital,서서울호수동물병원,,陽川区,Yangcheon-gu,서울 양천구 남부순환로 421,02-6959-8448,,http://blog.naver.com/slah8448,37.530294,126.832419,,0,"https://www.google.com/maps/search/?api=1&query=37.530294,126.832419",동물병원
812,動物病院,Veterinary clinic,ソウルタプ動物病院,Seoultap Animal Hospital,서울탑동물병원,,陽川区,Yangcheon-gu,서울 양천구 신월로 326,02-2601-8875,,https://topah.co.kr/,37.521353,126.857239,4.3,149,"https://www.google.com/maps/search/?api=1&query=37.521353,126.857239",동물병원
813,動物病院,Veterinary clinic,シヌォルラオン動物医療センター,Sinwollaon Animal Medical Center,신월라온동물의료센터,,陽川区,Yangcheon-gu,서울 양천구 신월로 179,02-2694-7575,,,37.519203,126.843105,5.0,3,"https://www.google.com/maps/search/?api=1&query=37.519203,126.843105",동물병원
814,動物病院,Veterinary clinic,シンジョン動物病院,Sinjeong Animal Hospital,신정동물병원,,陽川区,Yangcheon-gu,서울 양천구 오목로 198-1,02-2697-7576,,,37.52527,126.859455,3.9,1,"https://www.google.com/maps/search/?api=1&query=37.52527,126.859455",동물병원
815,動物病院,Veterinary clinic,ヤンチョンジョンハプ動物病院,Yangcheonjonghap Animal Hospital,양천종합동물병원,,陽川区,Yangcheon-gu,서울 양천구 오목로 45,02-2607-0022,,https://blog.naver.com/kbjvet,37.522262,126.842638,2.2,31,"https://www.google.com/maps/search/?api=1&query=37.522262,126.842638",동물병원
816,動物病院,Veterinary clinic,オラゴ動物病院,Orago Animal Hospital,오라고동물병원,,陽川区,Yangcheon-gu,서울 양천구 공항대로 552,02-2643-7579,,https://blog.naver.com/aurakoah,37.549596,126.867009,4.6,10,"https://www.google.com/maps/search/?api=1&query=37.549596,126.867009",동물병원
817,動物病院,Veterinary clinic,ウシンジョンハプ動物病院,Usinjonghap Animal Hospital,우신종합동물병원,,陽川区,Yangcheon-gu,서울 양천구 중앙로 295,02-2693-8883,,,37.52256,126.851414,4.0,3,"https://www.google.com/maps/search/?api=1&query=37.52256,126.851414",동물병원
818,動物病院,Veterinary clinic,イロサム動物病院,Irosam Animal Hospital,일오삼동물병원,,陽川区,Yangcheon-gu,서울 양천구 지양로 52,,,,37.52047,126.83493,5.0,1,"https://www.google.com/maps/search/?api=1&query=37.52047,126.83493",동물병원
819,動物病院,Veterinary clinic,チョンマルロネグァ動物病院,Jeongmallonaegwa Animal Hospital,정말로내과동물병원,,陽川区,Yangcheon-gu,서울 양천구 신월로10길 22,02-2691-8119,,https://blog.naver.com/jeongmaloah,37.515317,126.840859,4.3,30,"https://www.google.com/maps/search/?api=1&query=37.515317,126.840859",동물병원
820,動物病院,Veterinary clinic,チャムサラン動物病院,Chamsarang Animal Hospital,참사랑동물병원,,陽川区,Yangcheon-gu,서울 양천구 목동남로4길 6-11,,,,37.508218,126.865119,3.7,0,"https://www.google.com/maps/search/?api=1&query=37.508218,126.865119",동물병원
821,動物病院,Veterinary clinic,クルペッ イマートモクドンジョム動物病院,Kulpet I Mart Mokdongjeom Animal Hospital,쿨펫 이마트목동점동물병원,,陽川区,Yangcheon-gu,서울 양천구 오목로 299,02-2645-2727,,,37.525541,126.870323,5.0,1,"https://www.google.com/maps/search/?api=1&query=37.525541,126.870323",동물병원
822,動物病院,Veterinary clinic,クルロボ動物病院,Keullobeo Animal Hospital,클로버동물병원,,陽川区,Yangcheon-gu,서울 양천구 신정로 312,02-6958-8666,,,37.513352,126.855755,5.0,23,"https://www.google.com/maps/search/?api=1&query=37.513352,126.855755",동물병원
823,動物病院,Veterinary clinic,トロント動物病院,Toronto Animal Hospital,토론토동물병원,,陽川区,Yangcheon-gu,서울 양천구 등촌로 172,02-2642-8653,,,37.545229,126.862586,4.2,1,"https://www.google.com/maps/search/?api=1&query=37.545229,126.862586",동물병원
824,動物病院,Veterinary clinic,パランジョンハプ動物病院,Paranjonghap Animal Hospital,파란종합동물병원,,陽川区,Yangcheon-gu,서울 양천구 신월로 149,,,,37.517554,126.84028,3.3,0,"https://www.google.com/maps/search/?api=1&query=37.517554,126.84028",동물병원
825,動物病院,Veterinary clinic,パリス動物病院,Pariseu Animal Hospital,파리스동물병원,,陽川区,Yangcheon-gu,서울 양천구 목동서로 100,02-2644-8878,,https://blog.naver.com/animalhospital/,37.534405,126.875341,,98,"https://www.google.com/maps/search/?api=1&query=37.534405,126.875341",동물병원
826,動物病院,Veterinary clinic,ペッサラン動物病院,Petsarang Animal Hospital,펫사랑동물병원,,陽川区,Yangcheon-gu,서울 양천구 목동동로 309,02-2062-7982,,https://petlove.uriweb.kr/,37.529373,126.876083,,145,"https://www.google.com/maps/search/?api=1&query=37.529373,126.876083",동물병원
827,動物病院,Veterinary clinic,ピル動物チョンハプ病院,Pil Animal Jonghap Clinic,필동물종합병원,,陽川区,Yangcheon-gu,서울 양천구 등촌로 16,02-2649-0774,,,37.531322,126.864083,4.9,7,"https://www.google.com/maps/search/?api=1&query=37.531322,126.864083",동물병원
828,動物病院,Veterinary clinic,ハニ動物医療センター,Hani Animal Medical Center,하니동물의료센터,,陽川区,Yangcheon-gu,서울 양천구 등촌로 58,02-2647-1772,,http://www.dogdr.co.kr,37.535049,126.863745,3.0,3,"https://www.google.com/maps/search/?api=1&query=37.535049,126.863745",동물병원
829,動物病院,Veterinary clinic,ハングクゴヤンイヒョレクセンター,Hangukgoyangihyeoraek Center,한국고양이혈액센터,,陽川区,Yangcheon-gu,서울 양천구 중앙로 349,02-544-7975,,https://catblood.co.kr/,37.526931,126.849007,5.0,20,"https://www.google.com/maps/search/?api=1&query=37.526931,126.849007",동물병원
830,動物病院,Veterinary clinic,ヘマジ動物病院,Haemaji Animal Hospital,해맞이동물병원,,陽川区,Yangcheon-gu,서울 양천구 지양로 7,02-2690-7579,,,37.517435,126.837769,5.0,0,"https://www.google.com/maps/search/?api=1&query=37.517435,126.837769",동물병원
831,動物病院,Veterinary clinic,ヘソン動物病院,Haeseong Animal Hospital,해성동물병원,,陽川区,Yangcheon-gu,서울 양천구 은행정로 10,02-2651-9953,,,37.520619,126.860039,5.0,0,"https://www.google.com/maps/search/?api=1&query=37.520619,126.860039",동물병원
832,動物病院,Veterinary clinic,ヘッサル動物病院,Haetsal Animal Hospital,햇살동물병원,,陽川区,Yangcheon-gu,서울 양천구 월정로 46,,,,37.523803,126.842289,5.0,0,"https://www.google.com/maps/search/?api=1&query=37.523803,126.842289",동물병원
833,動物病院,Veterinary clinic,ヘンボクハン動物病院,Haengbokhan Animal Hospital,행복한동물병원,,陽川区,Yangcheon-gu,서울 양천구 공항대로 636,02-2655-2258,,,37.546731,126.875393,5.0,1,"https://www.google.com/maps/search/?api=1&query=37.546731,126.875393",반려동물용품
834,動物病院,Veterinary clinic,ヒェインジョンハプ動物病院 ポンジョム,Hyeinjonghap Animal Hospital Bonjeom,혜인종합동물병원 본점,,陽川区,Yangcheon-gu,서울 양천구 등촌로 218,02-2645-1475,,http://blog.naver.com/dvmmoon,37.549122,126.863909,,5,"https://www.google.com/maps/search/?api=1&query=37.549122,126.863909",동물병원
835,動物病院,Veterinary clinic,24時間 ヨウィ動物医療センター,24h Yeoui Animal Medical Center,24시 여의동물의료센터,はい/Yes,永登浦区,Yeongdeungpo-gu,서울 영등포구 국회대로74길 4,02-785-2475,https://www.instagram.com/yamc24h/,,37.53055,126.9206,5.0,0,"https://www.google.com/maps/search/?api=1&query=37.53055,126.9206",동물병원
836,動物病院,Veterinary clinic,24時間ス動物メディカルセンター,24 Sisu Animal Medical Center,24시수동물메디컬센터,はい/Yes,永登浦区,Yeongdeungpo-gu,서울 영등포구 영등포로 85-1,02-2676-7582,,http://www.sooamc.com/,37.522307,126.891192,,392,"https://www.google.com/maps/search/?api=1&query=37.522307,126.891192",동물병원
837,動物病院,Veterinary clinic,Drス動物病院,Dr Su Animal Hospital,Dr수동물병원,,永登浦区,Yeongdeungpo-gu,서울 영등포구 국제금융로 79,02-785-7582,http://instagram.com/soovely_pet,,37.520552,126.933371,3.0,0,"https://www.google.com/maps/search/?api=1&query=37.520552,126.933371",동물병원
838,動物病院,Veterinary clinic,キョンイン動物医療センター,Gyeongin Animal Medical Center,경인동물의료센터,,永登浦区,Yeongdeungpo-gu,서울 영등포구 경인로114길 6,02-571-8275,,http://giamc.com/,37.518445,126.913259,3.9,62,"https://www.google.com/maps/search/?api=1&query=37.518445,126.913259",동물병원
839,動物病院,Veterinary clinic,クリムチェギクオジュヌン動物病院,Geurimchaegikeojuneun Animal Hospital,그림책읽어주는동물병원,,永登浦区,Yeongdeungpo-gu,서울 영등포구 당산로36길 12,02-6933-0113,,,37.528235,126.897836,5.0,0,"https://www.google.com/maps/search/?api=1&query=37.528235,126.897836",동물병원
840,動物病院,Veterinary clinic,キメンジョン動物病院,Gimaenjeong Animal Hospital,김앤정동물병원,,永登浦区,Yeongdeungpo-gu,서울 영등포구 선유로 52,02-2675-7511,,,37.518482,126.889354,,2,"https://www.google.com/maps/search/?api=1&query=37.518482,126.889354",동물병원
841,動物病院,Veterinary clinic,タウム動物病院,Daum Animal Hospital,다움동물병원,,永登浦区,Yeongdeungpo-gu,서울 영등포구 가마산로 449-1,02-831-0075,,http://blog.naver.com/daumanimal,37.5058,126.906287,5.0,2,"https://www.google.com/maps/search/?api=1&query=37.5058,126.906287",동물병원
842,動物病院,Veterinary clinic,テバン動物病院,Daebang Animal Hospital,대방동물병원,,永登浦区,Yeongdeungpo-gu,서울 영등포구 신풍로25길 13,02-833-0309,,,37.501173,126.919967,4.7,1,"https://www.google.com/maps/search/?api=1&query=37.501173,126.919967",동물병원
843,動物病院,Veterinary clinic,トグプルロス動物病院,Dogeupeulleoseu Animal Hospital,도그플러스동물병원,,永登浦区,Yeongdeungpo-gu,서울 영등포구 당산로 42,,,https://blog.naver.com/dogpluspark/,37.518233,126.895892,,0,"https://www.google.com/maps/search/?api=1&query=37.518233,126.895892",동물병원
844,動物病院,Veterinary clinic,トリムハナ動物病院,Dorimhana Animal Hospital,도림하나동물병원,,永登浦区,Yeongdeungpo-gu,서울 영등포구 도영로 31,02-849-7582,https://www.instagram.com/dorimhana_animal_hospital/,,37.509,126.89661,4.7,6,"https://www.google.com/maps/search/?api=1&query=37.509,126.89661",동물병원
845,動物病院,Veterinary clinic,動物病院.イェジ,Animal Hospital . Yeji,동물병원.예지,,永登浦区,Yeongdeungpo-gu,서울 영등포구 신길로 29,02-2135-7228,https://instagram.com/animalhospital.yj,,37.495336,126.908246,,38,"https://www.google.com/maps/search/?api=1&query=37.495336,126.908246",동물병원
846,動物病院,Veterinary clinic,動物医療センター24インチ,Animal Medical Center 24 Inchi,동물의료센터24인치,,永登浦区,Yeongdeungpo-gu,서울 영등포구 가마산로 496,0503-7152-3887,,https://amc24in.com/,37.505441,126.911479,5.0,183,"https://www.google.com/maps/search/?api=1&query=37.505441,126.911479",동물병원
847,動物病院,Veterinary clinic,チオビル動物病院,Diobil Animal Hospital,디오빌동물병원,,永登浦区,Yeongdeungpo-gu,서울 영등포구 당산로 222,02-2671-0026,,,37.533234,126.90227,5.0,0,"https://www.google.com/maps/search/?api=1&query=37.533234,126.90227",동물병원
848,動物病院,Veterinary clinic,ライプ動物病院,Raipeu Animal Hospital,라이프동물병원,,永登浦区,Yeongdeungpo-gu,서울 영등포구 가마산로 442,02-832-7975,,,37.505513,126.906924,4.4,69,"https://www.google.com/maps/search/?api=1&query=37.505513,126.906924",동물병원
849,動物病院,Veterinary clinic,ロブペッ動物病院 タイムスクエアチョム,Reobeupet Animal Hospital Taim Square Jeom,러브펫동물병원 타임스퀘어점,,永登浦区,Yeongdeungpo-gu,서울 영등포구 영중로 15,02-2634-8275,,https://blog.naver.com/dr_animal,37.517233,126.903716,4.2,35,"https://www.google.com/maps/search/?api=1&query=37.517233,126.903716",동물병원
850,動物病院,Veterinary clinic,ムンソンファンセムフェギェサムソ,Munseonghwansemuhoegyesamuso,문성환세무회계사무소,,永登浦区,Yeongdeungpo-gu,서울 영등포구 대방천로 256-1,,,,37.498604,126.919275,1.0,1,"https://www.google.com/maps/search/?api=1&query=37.498604,126.919275",동물병원
851,動物病院,Veterinary clinic,ミソロ動物病院,Misoro Animal Hospital,미소로동물병원,,永登浦区,Yeongdeungpo-gu,서울 영등포구 영신로 238,02-2679-9997,,http://blog.naver.com/misoroanimal,37.528395,126.904253,,2,"https://www.google.com/maps/search/?api=1&query=37.528395,126.904253",동물병원
852,動物病院,Veterinary clinic,ソウル動物病院,Seoul Animal Hospital,서울동물병원,,永登浦区,Yeongdeungpo-gu,서울 영등포구 영중로27길 10,02-2632-8687,,,37.524309,126.904232,5.0,0,"https://www.google.com/maps/search/?api=1&query=37.524309,126.904232",동물병원
853,動物病院,Veterinary clinic,ソウルステムセル動物病院,Seoulseutemsel Animal Hospital,서울스템셀동물병원,,永登浦区,Yeongdeungpo-gu,서울 영등포구 의사당대로 38,,,,37.5261,126.918706,,0,"https://www.google.com/maps/search/?api=1&query=37.5261,126.918706",동물병원
854,動物病院,Veterinary clinic,シグノル動物病院,Sigeuneol Animal Hospital,시그널동물병원,,永登浦区,Yeongdeungpo-gu,서울 영등포구 신길로 119,0503-7152-3985,,https://blog.naver.com/signalvetclinic,37.502366,126.91014,,41,"https://www.google.com/maps/search/?api=1&query=37.502366,126.91014",동물병원
855,動物病院,Veterinary clinic,シンギルS動物医療センター,Singil S Animal Medical Center,신길S동물의료센터,,永登浦区,Yeongdeungpo-gu,서울 영등포구 도신로 86,02-6294-0050,https://www.instagram.com/shingilsamc,,37.506723,126.901881,5.0,139,"https://www.google.com/maps/search/?api=1&query=37.506723,126.901881",동물병원
856,動物病院,Veterinary clinic,シンギロン動物病院,Singiron Animal Hospital,신길온동물병원,,永登浦区,Yeongdeungpo-gu,서울 영등포구 신풍로 77,02-848-7975,,,37.500201,126.914996,4.8,3,"https://www.google.com/maps/search/?api=1&query=37.500201,126.914996",동물병원
857,動物病院,Veterinary clinic,シンプン動物病院,Sinpung Animal Hospital,신풍동물병원,,永登浦区,Yeongdeungpo-gu,서울 영등포구 신길로 70,02-835-7572,,,37.498603,126.90854,1.9,0,"https://www.google.com/maps/search/?api=1&query=37.498603,126.90854",동물병원
858,動物病院,Veterinary clinic,アラム動物病院,Aram Animal Hospital,아람동물병원,,永登浦区,Yeongdeungpo-gu,서울 영등포구 도신로 225-1,02-835-7975,,,37.512124,126.91595,5.0,0,"https://www.google.com/maps/search/?api=1&query=37.512124,126.91595",동물병원
859,動物病院,Veterinary clinic,アイペッ動物病院,Aipet Animal Hospital,아이펫동물병원,,永登浦区,Yeongdeungpo-gu,서울 영등포구 여의동로 97,02-786-7582,,,37.518364,126.926804,4.6,26,"https://www.google.com/maps/search/?api=1&query=37.518364,126.926804",동물병원
860,動物病院,Veterinary clinic,エドペッ動物病院,Aedeupet Animal Hospital,애드펫동물병원,,永登浦区,Yeongdeungpo-gu,서울 영등포구 선유서로 67,,,,37.521625,126.884982,3.4,0,"https://www.google.com/maps/search/?api=1&query=37.521625,126.884982",동물병원
861,動物病院,Veterinary clinic,エルリム動物医療センター,Ellim Animal Medical Center,엘림동물의료센터,,永登浦区,Yeongdeungpo-gu,서울 영등포구 가마산로 584,02-749-6750,,,37.504003,126.921128,5.0,1,"https://www.google.com/maps/search/?api=1&query=37.504003,126.921128",동물병원
862,動物病院,Veterinary clinic,ヨウィド 動物病院,Yeouido Animal Hospital,여의도 동물병원,,永登浦区,Yeongdeungpo-gu,서울 영등포구 국제금융로 108,02-783-7580,,https://www.yeouidoah.com,37.51873,126.933543,4.8,28,"https://www.google.com/maps/search/?api=1&query=37.51873,126.933543",동물병원
863,動物病院,Veterinary clinic,ヨンドンポアクロ動物病院,Yeongdeungpoakeuro Animal Hospital,영등포아크로동물병원,,永登浦区,Yeongdeungpo-gu,서울 영등포구 국회대로54길 10,02-2632-2307,,,37.524101,126.907738,5.0,1,"https://www.google.com/maps/search/?api=1&query=37.524101,126.907738",동물병원
864,動物病院,Veterinary clinic,ヨンドンポジョンハプ動物病院,Yeongdeungpojonghap Animal Hospital,영등포종합동물병원,,永登浦区,Yeongdeungpo-gu,서울 영등포구 영등포로 131-2,02-2633-9991,,http://영등포동물병원.com,37.521552,126.896253,4.2,36,"https://www.google.com/maps/search/?api=1&query=37.521552,126.896253",동물병원
865,動物病院,Veterinary clinic,オンヌリジョンハプ動物病院,Onnurijonghap Animal Hospital,온누리종합동물병원,,永登浦区,Yeongdeungpo-gu,서울 영등포구 도신로 186,,,,37.510847,126.912017,4.9,4,"https://www.google.com/maps/search/?api=1&query=37.510847,126.912017",동물병원
866,動物病院,Veterinary clinic,ワルチュシャプ動物病院,Walcheusyap Animal Hospital,왈츠샵동물병원,,永登浦区,Yeongdeungpo-gu,서울 영등포구 가마산로 324,02-834-7582,,,37.498511,126.895521,4.3,1,"https://www.google.com/maps/search/?api=1&query=37.498511,126.895521",동물병원
867,動物病院,Veterinary clinic,ウシンジョンハプ動物病院,Usinjonghap Animal Hospital,우신종합동물병원,,永登浦区,Yeongdeungpo-gu,서울 영등포구 신길로 168,02-849-6509,,http://blog.naver.com/wsah96,37.50722,126.911239,4.1,1,"https://www.google.com/maps/search/?api=1&query=37.50722,126.911239",동물병원
868,動物病院,Veterinary clinic,ユソク動物病院,Yuseok Animal Hospital,유석동물병원,,永登浦区,Yeongdeungpo-gu,서울 영등포구 여의대방로 11,02-833-7554,,http://blog.naver.com/vetdrwoo,37.493459,126.909835,,1,"https://www.google.com/maps/search/?api=1&query=37.493459,126.909835",동물병원
869,動物病院,Veterinary clinic,イドン動物医療センター,Ideun Animal Medical Center,이든동물의료센터,,永登浦区,Yeongdeungpo-gu,서울 영등포구 양평로 5,02-2635-2475,,http://blog.naver.com/edenamc2,37.532094,126.905041,,3,"https://www.google.com/maps/search/?api=1&query=37.532094,126.905041",동물병원
870,動物病院,Veterinary clinic,チャム動物病院,Cham Animal Hospital,참동물병원,,永登浦区,Yeongdeungpo-gu,서울 영등포구 영등포로 376,02-841-0075,,,37.513681,126.919873,4.5,1,"https://www.google.com/maps/search/?api=1&query=37.513681,126.919873",동물병원
871,動物病院,Veterinary clinic,ケセンケッ コヤンイ病院,Kaesaenkaet Goyangi Clinic,캣앤캣 고양이병원,,永登浦区,Yeongdeungpo-gu,서울 영등포구 선유로 76,02-2677-2720,,https://www.catcatclinic.co.kr,37.520649,126.889906,,15,"https://www.google.com/maps/search/?api=1&query=37.520649,126.889906",동물병원
872,動物病院,Veterinary clinic,ポコス動物医療センター,Pokeoseu Animal Medical Center,포커스동물의료센터,,永登浦区,Yeongdeungpo-gu,서울 영등포구 신풍로 28,02-6952-4946,,https://blog.naver.com/focus_amc,37.499814,126.909603,5.0,14,"https://www.google.com/maps/search/?api=1&query=37.499814,126.909603",동물병원
873,動物病院,Veterinary clinic,プルロス動物メディカルセンター,Peulleoseu Animal Medical Center,플러스동물메디컬센터,,永登浦区,Yeongdeungpo-gu,서울 영등포구 양평로12가길 14,02-3662-3533,,,37.536823,126.899465,4.3,171,"https://www.google.com/maps/search/?api=1&query=37.536823,126.899465",동물병원
874,動物病院,Veterinary clinic,ハンガラム動物医療センター,Hangaram Animal Medical Center,한가람동물의료센터,,永登浦区,Yeongdeungpo-gu,서울 영등포구 도신로 252,02-844-7775,,http://www.hangaramanimal.com/,37.513432,126.918538,3.4,31,"https://www.google.com/maps/search/?api=1&query=37.513432,126.918538",동물병원
875,動物病院,Veterinary clinic,ヘルロウ動物病院,Hellou Animal Hospital,헬로우동물병원,,永登浦区,Yeongdeungpo-gu,서울 영등포구 국제금융로7길 22,02-784-7588,,,37.523214,126.933086,3.7,0,"https://www.google.com/maps/search/?api=1&query=37.523214,126.933086",동물병원
876,動物病院,Veterinary clinic,24時間ドヒル動物センター,24 Sideohil Animal Center,24시더힐동물센터,はい/Yes,龍山区,Yongsan-gu,서울 용산구 독서당로 81-1,,,,37.534626,127.009554,,12,"https://www.google.com/maps/search/?api=1&query=37.534626,127.009554",동물병원
877,動物病院,Veterinary clinic,24時間シユ動物メディカルセンター,24 Sisiyu Animal Medical Center,24시시유동물메디컬센터,はい/Yes,龍山区,Yongsan-gu,서울 용산구 이촌로64길 24,02-793-0075,,http://blog.naver.com/seeu_amc,37.520005,126.969872,3.4,19,"https://www.google.com/maps/search/?api=1&query=37.520005,126.969872",동물병원
878,動物病院,Veterinary clinic,クムガン動物病院,Geumgang Animal Hospital,금강동물병원,,龍山区,Yongsan-gu,서울 용산구 이촌로 300,02-798-7512,,,37.517837,126.980318,5.0,1,"https://www.google.com/maps/search/?api=1&query=37.517837,126.980318",동물병원
879,動物病院,Veterinary clinic,ナムサン動物病院,Namsan Animal Hospital,남산동물병원,,龍山区,Yongsan-gu,서울 용산구 후암로 51,02-778-7582,,https://www.youtube.com/namsanah,37.550482,126.977104,4.1,1,"https://www.google.com/maps/search/?api=1&query=37.550482,126.977104",동물병원
880,動物病院,Veterinary clinic,タルレ動物医療センター,Dallae Animal Medical Center,달래동물의료센터,,龍山区,Yongsan-gu,서울 용산구 한남대로 76,02-794-1255,,,37.535563,127.006549,4.6,13,"https://www.google.com/maps/search/?api=1&query=37.535563,127.006549",동물병원
881,動物病院,Veterinary clinic,トベイス 動物ピブグァ病院,Deo Bay Seu Animal Pibugwa Clinic,더베이스 동물피부과병원,,龍山区,Yongsan-gu,서울 용산구 한강대로 95,02-6954-0175,,https://thebasevd.co.kr/,37.529714,126.967432,,14,"https://www.google.com/maps/search/?api=1&query=37.529714,126.967432",동물병원
882,動物病院,Veterinary clinic,トヒル動物医療センター,Deohil Animal Medical Center,더힐동물의료센터,,龍山区,Yongsan-gu,서울 용산구 독서당로 81-1,02-792-8275,,https://blog.naver.com/thehillvet,37.534608,127.009572,3.2,13,"https://www.google.com/maps/search/?api=1&query=37.534608,127.009572",동물병원
883,動物病院,Veterinary clinic,ラオン動物病院,Raon Animal Hospital,라온동물병원,,龍山区,Yongsan-gu,서울 용산구 회나무로 7,02-792-7585,,https://blog.naver.com/raonah,37.538658,126.987691,,470,"https://www.google.com/maps/search/?api=1&query=37.538658,126.987691",동물병원
884,動物病院,Veterinary clinic,ミント動物病院,Minteu Animal Hospital,민트동물병원,,龍山区,Yongsan-gu,서울 용산구 원효로 51,02-707-2235,,http://www.mintlove.co.kr/,37.533891,126.950314,4.0,44,"https://www.google.com/maps/search/?api=1&query=37.533891,126.950314",동물병원
885,動物病院,Veterinary clinic,パダ動物病院,Bada Animal Hospital,바다동물병원,,龍山区,Yongsan-gu,서울 용산구 서빙고로 67,02-792-2561,http://instagram.com/badavet,,37.523876,126.971565,4.4,158,"https://www.google.com/maps/search/?api=1&query=37.523876,126.971565",동물병원
886,動物病院,Veterinary clinic,ベイ動物病院,Bay Animal Hospital,베이동물병원,,龍山区,Yongsan-gu,서울 용산구 이촌로 248,02-749-7588,,,37.520167,126.972616,,0,"https://www.google.com/maps/search/?api=1&query=37.520167,126.972616",동물병원
887,動物病院,Veterinary clinic,アプリカ動物病院,Apeurika Animal Hospital,아프리카동물병원,,龍山区,Yongsan-gu,서울 용산구 후암로 32,,,,37.548712,126.977938,3.2,0,"https://www.google.com/maps/search/?api=1&query=37.548712,126.977938",동물병원
888,動物病院,Veterinary clinic,オンクルジャン動物病院,Eongkeuljang Animal Hospital,엉클장동물병원,,龍山区,Yongsan-gu,서울 용산구 백범로 341,02-713-0053,https://www.instagram.com/unclejangvet,,37.537981,126.967988,3.7,18,"https://www.google.com/maps/search/?api=1&query=37.537981,126.967988",동물병원
889,動物病院,Veterinary clinic,エス動物病院,Eseu Animal Hospital,에스동물병원,,龍山区,Yongsan-gu,서울 용산구 서빙고로 17,02-797-7975,,https://blog.naver.com/sanimalclinic,37.52506,126.967877,3.7,151,"https://www.google.com/maps/search/?api=1&query=37.52506,126.967877",동물병원
890,動物病院,Veterinary clinic,ヨルリン動物病院,Yeollin Animal Hospital,열린동물병원,,龍山区,Yongsan-gu,서울 용산구 원효로 171,02-3273-0075,,,37.535593,126.961753,5.0,0,"https://www.google.com/maps/search/?api=1&query=37.535593,126.961753",동물병원
891,動物病院,Veterinary clinic,ヨンサンマウム動物病院,Yongsanmaeum Animal Hospital,용산마음동물병원,,龍山区,Yongsan-gu,서울 용산구 백범로 340,02-711-7580,,https://blog.naver.com/rkwmn67022,37.537695,126.966615,,61,"https://www.google.com/maps/search/?api=1&query=37.537695,126.966615",동물병원
892,動物病院,Veterinary clinic,ウォンス動物病院,Wonseu Animal Hospital,원스동물병원,,龍山区,Yongsan-gu,서울 용산구 청파로47길 16,02-719-8275,https://www.instagram.com/once_ah,,37.54498,126.969493,2.7,3,"https://www.google.com/maps/search/?api=1&query=37.54498,126.969493",동물병원
893,動物病院,Veterinary clinic,ウォンヒョ動物病院,Wonhyo Animal Hospital,원효동물병원,,龍山区,Yongsan-gu,서울 용산구 새창로 122-2,,,,37.536541,126.96073,2.6,0,"https://www.google.com/maps/search/?api=1&query=37.536541,126.96073",동물병원
894,動物病院,Veterinary clinic,ウィロンハンバンジェファル動物病院,Wireonhanbangjaehwal Animal Hospital,위런한방재활동물병원,,龍山区,Yongsan-gu,서울 용산구 한강대로 95,,https://www.instagram.com/werunvet/,,37.529149,126.9669,5.0,31,"https://www.google.com/maps/search/?api=1&query=37.529149,126.9669",동물병원
895,動物病院,Veterinary clinic,イサンユン動物病院,Isangyun Animal Hospital,이상윤동물병원,,龍山区,Yongsan-gu,서울 용산구 이촌로 248,02-792-5455,,,37.519387,126.975026,3.6,0,"https://www.google.com/maps/search/?api=1&query=37.519387,126.975026",동물병원
896,動物病院,Veterinary clinic,イテウォン動物病院,Itaewon Animal Hospital,이태원동물병원,,龍山区,Yongsan-gu,서울 용산구 녹사평대로 210,02-797-6677,,http://www.vetmedic.co.kr,37.536399,126.987198,,0,"https://www.google.com/maps/search/?api=1&query=37.536399,126.987198",동물병원
897,動物病院,Veterinary clinic,チョアソハヌン動物病院,Joaseohaneun Animal Hospital,좋아서하는동물병원,,龍山区,Yongsan-gu,서울 용산구 백범로 341,02-703-0075,,,37.537914,126.967961,3.8,0,"https://www.google.com/maps/search/?api=1&query=37.537914,126.967961",동물병원
898,動物病院,Veterinary clinic,チョンファジョンハプ動物病院,Cheonghwajonghap Animal Hospital,청화종합동물병원,,龍山区,Yongsan-gu,서울 용산구 장문로 18,02-792-7602,,https://blog.naver.com/chungwhavet,37.528434,126.992375,2.8,4,"https://www.google.com/maps/search/?api=1&query=37.528434,126.992375",동물병원
899,動物病院,Veterinary clinic,ポス動物病院,Peoseu Animal Hospital,퍼스동물병원,,龍山区,Yongsan-gu,서울 용산구 신흥로 54,02-790-7508,,,37.543102,126.987834,,2,"https://www.google.com/maps/search/?api=1&query=37.543102,126.987834",동물병원
900,動物病院,Veterinary clinic,ペッ動物病院 ソウリョンサンジョム,Pet Animal Hospital Seouryongsanjeom,펫동물병원 서울용산점,,龍山区,Yongsan-gu,서울 용산구 백범로 285,02-3275-0079,,,37.539597,126.961081,,1,"https://www.google.com/maps/search/?api=1&query=37.539597,126.961081",동물병원
901,動物病院,Veterinary clinic,ペットイ動物病院,Pettoi Animal Hospital,펫토이동물병원,,龍山区,Yongsan-gu,서울 용산구 대사관로 32,,,,37.533491,127.001702,3.0,0,"https://www.google.com/maps/search/?api=1&query=37.533491,127.001702",동물병원
902,動物病院,Veterinary clinic,ハンナムシムジャンネグァ動物病院,Hannamsimjangnaegwa Animal Hospital,한남심장내과동물병원,,龍山区,Yongsan-gu,서울 용산구 독서당로 46,02-6085-4777,,https://hannamheart.com/,37.532241,127.007314,3.6,219,"https://www.google.com/maps/search/?api=1&query=37.532241,127.007314",동물병원
903,動物病院,Veterinary clinic,ハンサラン動物病院,Hansarang Animal Hospital,한사랑동물병원,,龍山区,Yongsan-gu,서울 용산구 신흥로 36-1,,,,37.541711,126.987408,4.3,0,"https://www.google.com/maps/search/?api=1&query=37.541711,126.987408",동물병원
904,動物病院,Veterinary clinic,ヒョチャン動物病院,Hyochang Animal Hospital,효창동물병원,,龍山区,Yongsan-gu,서울 용산구 백범로 293,02-711-4527,,,37.539305,126.961882,4.4,0,"https://www.google.com/maps/search/?api=1&query=37.539305,126.961882",동물병원
905,動物病院,Veterinary clinic,24時間 スマート動物メディカルセンター,24h Seu Mart Animal Medical Center,24시 스마트동물메디컬센터,はい/Yes,恩平区,Eunpyeong-gu,서울 은평구 은평로 93,02-387-7582,,https://blog.naver.com/eosksh,37.599783,126.918127,4.7,75,"https://www.google.com/maps/search/?api=1&query=37.599783,126.918127",동물병원
906,動物病院,Veterinary clinic,ガーデンペッ動物病院,Garden Pet Animal Hospital,가든펫동물병원,,恩平区,Eunpyeong-gu,서울 은평구 증산로9길 26-23,,,,37.586998,126.908535,,0,"https://www.google.com/maps/search/?api=1&query=37.586998,126.908535",동물병원
907,動物病院,Veterinary clinic,ケワニャンイ動物病院,Gaewanyangi Animal Hospital,개와냥이동물병원,,恩平区,Eunpyeong-gu,서울 은평구 통일로 727-5,02-352-7275,,,37.610212,126.929203,5.0,0,"https://www.google.com/maps/search/?api=1&query=37.610212,126.929203",동물병원
908,動物病院,Veterinary clinic,クムッチョクガトンネセッキ 動物病院,Geumjjokgateunnaesaekki Animal Hospital,금쪽같은내새끼 동물병원,,恩平区,Eunpyeong-gu,서울 은평구 연서로 185,,,,37.615374,126.917829,3.4,1,"https://www.google.com/maps/search/?api=1&query=37.615374,126.917829",동물병원
909,動物病院,Veterinary clinic,キムジョンボク動物病院,Gimjeongbok Animal Hospital,김정복동물병원,,恩平区,Eunpyeong-gu,서울 은평구 통일로 879,02-357-8538,,,37.621415,126.91963,3.3,3,"https://www.google.com/maps/search/?api=1&query=37.621415,126.91963",동물병원
910,動物病院,Veterinary clinic,ノクボン動物病院,Nokbeon Animal Hospital,녹번동물병원,,恩平区,Eunpyeong-gu,서울 은평구 통일로 697,02-354-4110,,,37.608317,126.931567,3.5,0,"https://www.google.com/maps/search/?api=1&query=37.608317,126.931567",동물병원
911,動物病院,Veterinary clinic,ニュタウン動物病院,Nyu Town Animal Hospital,뉴타운동물병원,,恩平区,Eunpyeong-gu,서울 은평구 진관3로 70,,,,37.643012,126.92234,3.2,2,"https://www.google.com/maps/search/?api=1&query=37.643012,126.92234",동물병원
912,動物病院,Veterinary clinic,ヌルスム動物病院 シムジャンヨンサン センター,Neulsum Animal Hospital Simjangyeongsang Center,늘숨동물병원 심장영상 센터,,恩平区,Eunpyeong-gu,서울 은평구 수색로 217,02-2135-4275,,https://pf.kakao.com/_zTCKX,37.579703,126.899051,5.0,22,"https://www.google.com/maps/search/?api=1&query=37.579703,126.899051",동물병원
913,動物病院,Veterinary clinic,ヌルプルン動物病院,Neulpureun Animal Hospital,늘푸른동물병원,,恩平区,Eunpyeong-gu,서울 은평구 은평로 29,02-388-3008,,,37.598261,126.911017,3.9,5,"https://www.google.com/maps/search/?api=1&query=37.598261,126.911017",동물병원
914,動物病院,Veterinary clinic,タル動物病院,Daru Animal Hospital,다루동물병원,,恩平区,Eunpyeong-gu,서울 은평구 불광로 60,02-356-8353,,,37.612377,126.932108,4.4,3,"https://www.google.com/maps/search/?api=1&query=37.612377,126.932108",동물병원
915,動物病院,Veterinary clinic,タソム動物病院,Dasom Animal Hospital,다솜동물병원,,恩平区,Eunpyeong-gu,서울 은평구 응암로 152,02-3477-7667,,https://open.kakao.com/o/gdOngFwd,37.585639,126.915717,5.0,0,"https://www.google.com/maps/search/?api=1&query=37.585639,126.915717",동물병원
916,動物病院,Veterinary clinic,タクトユン 動物医療センター,Dakteoyun Animal Medical Center,닥터윤 동물의료센터,,恩平区,Eunpyeong-gu,서울 은평구 통일로 767,,,,37.613996,126.9265,3.8,1,"https://www.google.com/maps/search/?api=1&query=37.613996,126.9265",동물병원
917,動物病院,Veterinary clinic,タムン動物病院,Dameun Animal Hospital,담은동물병원,,恩平区,Eunpyeong-gu,서울 은평구 통일로 796,02-356-9475,,http://blog.naver.com/dameunamc,37.615578,126.925466,3.7,3,"https://www.google.com/maps/search/?api=1&query=37.615578,126.925466",동물병원
918,動物病院,Veterinary clinic,トドク動物病院,Deodok Animal Hospital,더독동물병원,,恩平区,Eunpyeong-gu,서울 은평구 서오릉로 140,02-383-7337,,,37.611325,126.917604,4.2,1,"https://www.google.com/maps/search/?api=1&query=37.611325,126.917604",동물병원
919,動物病院,Veterinary clinic,トグウォン 動物医療センター,Dogeuwon Animal Medical Center,도그원 동물의료센터,,恩平区,Eunpyeong-gu,서울 은평구 연서로29길 24,02-358-1591,,http://blog.naver.com/cafedog1,37.619615,126.917747,5.0,40,"https://www.google.com/maps/search/?api=1&query=37.619615,126.917747",동물병원
920,動物病院,Veterinary clinic,動物病院 ウム,Animal Hospital Um,동물병원 움,,恩平区,Eunpyeong-gu,서울 은평구 불광로 59,02-6956-7599,,https://blog.naver.com/um7599,37.612363,126.931753,4.7,40,"https://www.google.com/maps/search/?api=1&query=37.612363,126.931753",동물병원
921,動物病院,Veterinary clinic,動物病院サンチェク ネグァウェグァ チェファルセンター,Animal Hospital Sanchaek Naegwaoegwa Jaehwal Center,동물병원산책 내과외과 재활센터,,恩平区,Eunpyeong-gu,서울 은평구 서오릉로 9,02-2088-4531,,,37.602206,126.926289,,7,"https://www.google.com/maps/search/?api=1&query=37.602206,126.926289",동물병원
922,動物病院,Veterinary clinic,トゥルレギル動物病院,Dullegil Animal Hospital,둘레길동물병원,,恩平区,Eunpyeong-gu,서울 은평구 연서로 317,,,,37.623759,126.92768,5.0,2,"https://www.google.com/maps/search/?api=1&query=37.623759,126.92768",동물병원
923,動物病院,Veterinary clinic,ロブマイペッ,Reobeu My Pet,러브마이펫,,恩平区,Eunpyeong-gu,서울 은평구 은평로 208,02-382-7582,,,37.601056,126.930773,4.1,3,"https://www.google.com/maps/search/?api=1&query=37.601056,126.930773",동물병원
924,動物病院,Veterinary clinic,ロヤル動物病院,Royal Animal Hospital,로얄동물병원,,恩平区,Eunpyeong-gu,서울 은평구 연서로 137,02-354-0975,,,37.611023,126.916905,2.9,2,"https://www.google.com/maps/search/?api=1&query=37.611023,126.916905",동물병원
925,動物病院,Veterinary clinic,メヂペッ動物病院,Medipet Animal Hospital,메디펫동물병원,,恩平区,Eunpyeong-gu,서울 은평구 통일로 885,02-384-0075,,https://blog.naver.com/medipetclinic,37.621981,126.919526,5.0,31,"https://www.google.com/maps/search/?api=1&query=37.621981,126.919526",동물병원
926,動物病院,Veterinary clinic,ミレ動物病院,Mirae Animal Hospital,미래동물병원,,恩平区,Eunpyeong-gu,서울 은평구 서오릉로 192,02-386-6092,,,37.613777,126.912335,4.9,6,"https://www.google.com/maps/search/?api=1&query=37.613777,126.912335",동물병원
927,動物病院,Veterinary clinic,プルグァン動物病院,Bulgwang Animal Hospital,불광동물병원,,恩平区,Eunpyeong-gu,서울 은평구 통일로 767,02-356-1656,,,37.612718,126.92754,5.0,2,"https://www.google.com/maps/search/?api=1&query=37.612718,126.92754",동물병원
928,動物病院,Veterinary clinic,セウンピョン動物医療センター,Saeeunpyeong Animal Medical Center,새은평동물의료센터,,恩平区,Eunpyeong-gu,서울 은평구 서오릉로 80,02-358-7566,,https://blog.naver.com/wxyz543,37.607512,126.922124,,4,"https://www.google.com/maps/search/?api=1&query=37.607512,126.922124",동물병원
929,動物病院,Veterinary clinic,ソウルンネグァ動物病院,Seoureunnaegwa Animal Hospital,서울은내과동물병원,,恩平区,Eunpyeong-gu,서울 은평구 응암로 278,02-354-9990,,https://www.euninternist.com,37.596326,126.919702,4.3,49,"https://www.google.com/maps/search/?api=1&query=37.596326,126.919702",동물병원
930,動物病院,Veterinary clinic,ソウルヘッビッ動物病院,Seoulhaetbit Animal Hospital,서울햇빛동물병원,,恩平区,Eunpyeong-gu,서울 은평구 진관2로 67,02-387-8275,,http://blog.naver.com/hvanimal,37.63432,126.924561,4.8,3,"https://www.google.com/maps/search/?api=1&query=37.63432,126.924561",동물병원
931,動物病院,Veterinary clinic,スセク動物病院,Susaek Animal Hospital,수색동물병원,,恩平区,Eunpyeong-gu,서울 은평구 수색로 322,02-304-7772,,,37.585417,126.893071,5.0,17,"https://www.google.com/maps/search/?api=1&query=37.585417,126.893071",동물병원
932,動物病院,Veterinary clinic,スモプ動物病院,Seumeopeu Animal Hospital,스머프동물병원,,恩平区,Eunpyeong-gu,서울 은평구 백련산로 145,02-969-7582,,,37.598202,126.925091,4.5,132,"https://www.google.com/maps/search/?api=1&query=37.598202,126.925091",동물병원
933,動物病院,Veterinary clinic,アイロブペッ動物病院 ウンピョンジョム,Aireobeupet Animal Hospital Eunpyeongjeom,아이러브펫동물병원 은평점,,恩平区,Eunpyeong-gu,서울 은평구 통일로 1050,02-6975-5253,,https://blog.naver.com/ilpah21,37.637538,126.9179,5.0,0,"https://www.google.com/maps/search/?api=1&query=37.637538,126.9179",동물병원
934,動物病院,Veterinary clinic,ヤオン動物病院,Yaong Animal Hospital,야옹동물병원,,恩平区,Eunpyeong-gu,서울 은평구 증산로 413,02-354-0087,,,37.59323,126.913909,4.0,1,"https://www.google.com/maps/search/?api=1&query=37.59323,126.913909",동물병원
935,動物病院,Veterinary clinic,オウル動物医療センター,Eoul Animal Medical Center,어울동물의료센터,,恩平区,Eunpyeong-gu,서울 은평구 통일로 665,02-384-1110,,https://blog.naver.com/urwoolamc,37.605884,126.933681,4.2,44,"https://www.google.com/maps/search/?api=1&query=37.605884,126.933681",동물병원
936,動物病院,Veterinary clinic,ヨンソ動物チョンハプ病院,Yeonseo Animal Jonghap Clinic,연서동물종합병원,,恩平区,Eunpyeong-gu,서울 은평구 연서로 162,02-358-7582,,,37.613265,126.917868,4.4,3,"https://www.google.com/maps/search/?api=1&query=37.613265,126.917868",동물병원
937,動物病院,Veterinary clinic,オゴリ動物病院,Ogeori Animal Hospital,오거리동물병원,,恩平区,Eunpyeong-gu,서울 은평구 가좌로 239,02-306-0158,,,37.590797,126.915972,1.9,1,"https://www.google.com/maps/search/?api=1&query=37.590797,126.915972",동물병원
938,動物病院,Veterinary clinic,ウリドクグ動物病院,Urideokgu Animal Hospital,우리덕구동물병원,,恩平区,Eunpyeong-gu,서울 은평구 진관2로 77,02-6953-8275,,https://blog.naver.com/woorideokgu,37.634286,126.926362,3.7,83,"https://www.google.com/maps/search/?api=1&query=37.634286,126.926362",동물병원
939,動物病院,Veterinary clinic,チョンドン動物病院,Jeongdeun Animal Hospital,정든동물병원,,恩平区,Eunpyeong-gu,서울 은평구 수색로 200,02-306-9990,https://www.instagram.com/jungdn.animalhospital/,,37.57942,126.900673,4.8,458,"https://www.google.com/maps/search/?api=1&query=37.57942,126.900673",동물병원
940,動物病院,Veterinary clinic,チンソル 動物病院,Jinsol Animal Hospital,진솔 동물병원,,恩平区,Eunpyeong-gu,서울 은평구 연서로 72,02-356-7547,,https://blog.naver.com/jinsolah,37.605537,126.915731,,70,"https://www.google.com/maps/search/?api=1&query=37.605537,126.915731",동물병원
941,動物病院,Veterinary clinic,チャムジョウン動物病院,Chamjoeun Animal Hospital,참좋은동물병원,,恩平区,Eunpyeong-gu,서울 은평구 백련산로 29,02-3152-0075,,http://blog.naver.com/naraevc,37.588221,126.92246,3.5,1,"https://www.google.com/maps/search/?api=1&query=37.588221,126.92246",동물병원
942,動物病院,Veterinary clinic,ピウム動物病院,Pium Animal Hospital,피움동물병원,,恩平区,Eunpyeong-gu,서울 은평구 진관3로 37,02-384-3100,https://www.instagram.com/pium_ah/,,37.640465,126.920813,,2,"https://www.google.com/maps/search/?api=1&query=37.640465,126.920813",동물병원
943,動物病院,Veterinary clinic,ハンマウム動物病院,Hanmaeum Animal Hospital,한마음동물병원,,恩平区,Eunpyeong-gu,서울 은평구 갈현로 35,02-355-7931,,,37.601003,126.910163,4.5,0,"https://www.google.com/maps/search/?api=1&query=37.601003,126.910163",동물병원
944,動物病院,Veterinary clinic,ハンビッ 動物病院,Hanbit Animal Hospital,한빛 동물병원,,恩平区,Eunpyeong-gu,서울 은평구 진관4로 87,,,,37.647492,126.929578,3.5,2,"https://www.google.com/maps/search/?api=1&query=37.647492,126.929578",동물병원
945,動物病院,Veterinary clinic,ハンス動物病院,Hansu Animal Hospital,한수동물병원,,恩平区,Eunpyeong-gu,서울 은평구 증산로 267,02-306-8575,,,37.581827,126.907137,4.3,0,"https://www.google.com/maps/search/?api=1&query=37.581827,126.907137",동물병원
946,動物病院,Veterinary clinic,ハノル動物病院,Haneol Animal Hospital,한얼동물병원,,恩平区,Eunpyeong-gu,서울 은평구 응암로 226,,,,37.592056,126.917923,,1,"https://www.google.com/maps/search/?api=1&query=37.592056,126.917923",동물병원
947,動物病院,Veterinary clinic,ヘルッシペッ,Helssipet,헬씨펫,,恩平区,Eunpyeong-gu,서울 은평구 증산로9길 26-23,02-373-5555,,http://healthypet.kr/,37.587,126.908535,,0,"https://www.google.com/maps/search/?api=1&query=37.587,126.908535",동물병원
948,動物病院,Veterinary clinic,キョンフィグンバルン動物病院,Gyeonghuigungbareun Animal Hospital,경희궁바른동물병원,,鍾路区,Jongno-gu,서울 종로구 송월길 99,02-735-9088,https://www.instagram.com/ghg_bareun_ah,,37.569114,126.963894,4.8,1,"https://www.google.com/maps/search/?api=1&query=37.569114,126.963894",동물병원
949,動物病院,Veterinary clinic,クァンファムン動物病院,Gwanghwamun Animal Hospital,광화문동물병원,,鍾路区,Jongno-gu,서울 종로구 자하문로 35-3,02-722-8275,,http://blog.naver.com/ghmah,37.5791,126.971091,3.7,1,"https://www.google.com/maps/search/?api=1&query=37.5791,126.971091",동물병원
950,動物病院,Veterinary clinic,ヌリボム動物病院,Nuribom Animal Hospital,누리봄동물병원,,鍾路区,Jongno-gu,서울 종로구 사직로12길 2,02-735-7530,,,37.575809,126.971033,5.0,2,"https://www.google.com/maps/search/?api=1&query=37.575809,126.971033",동물병원
951,動物病院,Veterinary clinic,ニュヨク動物病院,Nyuyok Animal Hospital,뉴욕동물병원,,鍾路区,Jongno-gu,서울 종로구 창경궁로35길 19,02-762-7582,,https://veterrrr.tistory.com,37.586833,127.001744,,0,"https://www.google.com/maps/search/?api=1&query=37.586833,127.001744",동물병원
952,動物病院,Veterinary clinic,テハンノ動物病院,Daehangno Animal Hospital,대학로동물병원,,鍾路区,Jongno-gu,서울 종로구 창경궁로 261,02-3672-8440,,,37.584645,127.000183,,0,"https://www.google.com/maps/search/?api=1&query=37.584645,127.000183",동물병원
953,動物病院,Veterinary clinic,動物病院,Animal Hospital,동물병원,,鍾路区,Jongno-gu,서울 종로구 창경궁로 261,02-3672-8441,,,37.584653,127.000195,3.0,0,"https://www.google.com/maps/search/?api=1&query=37.584653,127.000195",동물병원
954,動物病院,Veterinary clinic,プガク動物病院,Bugak Animal Hospital,북악동물병원,,鍾路区,Jongno-gu,서울 종로구 자하문로 293,02-391-4575,,,37.598897,126.960262,3.7,1,"https://www.google.com/maps/search/?api=1&query=37.598897,126.960262",동물병원
955,動物病院,Veterinary clinic,ソン動物病院,Seon Animal Hospital,선동물병원,,鍾路区,Jongno-gu,서울 종로구 자하문로 95,02-733-6030,,,37.584451,126.969982,,1,"https://www.google.com/maps/search/?api=1&query=37.584451,126.969982",동물병원
956,動物病院,Veterinary clinic,オルリブ動物病院,Ollibeu Animal Hospital,올리브동물병원,,鍾路区,Jongno-gu,서울 종로구 자하문로 305,02-391-7502,https://www.instagram.com/olivefamily,,37.599282,126.958985,,6,"https://www.google.com/maps/search/?api=1&query=37.599282,126.958985",동물병원
957,動物病院,Veterinary clinic,ウリ動物病院,Uri Animal Hospital,우리동물병원,,鍾路区,Jongno-gu,서울 종로구 지봉로 96-3,,,,37.578709,127.015654,5.0,0,"https://www.google.com/maps/search/?api=1&query=37.578709,127.015654",동물병원
958,動物病院,Veterinary clinic,ウォルドペッ動物病院,Woldeupet Animal Hospital,월드펫동물병원,,鍾路区,Jongno-gu,서울 종로구 평창문화로 75,02-379-7575,,http://blog.naver.com/vetline,37.606898,126.96867,,104,"https://www.google.com/maps/search/?api=1&query=37.606898,126.96867",동물병원
959,動物病院,Veterinary clinic,ポルラ動物病院,Polla Animal Hospital,폴라동물병원,,鍾路区,Jongno-gu,서울 종로구 낙산길 311,,,,37.580539,127.017216,,1,"https://www.google.com/maps/search/?api=1&query=37.580539,127.017216",동물병원
960,動物病院,Veterinary clinic,ヘ動物病院,Hae Animal Hospital,해동물병원,,鍾路区,Jongno-gu,서울 종로구 지봉로 53-1,02-744-9098,,,37.574903,127.015513,4.9,1,"https://www.google.com/maps/search/?api=1&query=37.574903,127.015513",동물병원
961,動物病院,Veterinary clinic,24時間SD動物医療センター ソンドン,24h SD Animal Medical Center Seongdong,24시SD동물의료센터 성동,はい/Yes,中区,Jung-gu,서울 중구 왕십리로 407,02-2039-0303,,https://sdamc.co.kr,37.564904,127.024701,4.7,90,"https://www.google.com/maps/search/?api=1&query=37.564904,127.024701",동물병원
962,動物病院,Veterinary clinic,ナムサン動物病院,Namsan Animal Hospital,남산동물병원,,中区,Jung-gu,서울 중구 다산로 32,02-2256-8275,,,37.547545,127.006268,3.7,1,"https://www.google.com/maps/search/?api=1&query=37.547545,127.006268",동물병원
963,動物病院,Veterinary clinic,テハン動物病院,Daehan Animal Hospital,대한동물병원,,中区,Jung-gu,서울 중구 퇴계로 227-1,02-2263-6134,,,37.562109,126.996933,5.0,0,"https://www.google.com/maps/search/?api=1&query=37.562109,126.996933",동물병원
964,動物病院,Veterinary clinic,メジョン動物病院,Mejong Animal Hospital,메종동물병원,,中区,Jung-gu,서울 중구 다산로 230,02-2038-7555,,http://blog.naver.com/maison_ah,37.563503,127.015961,5.0,17,"https://www.google.com/maps/search/?api=1&query=37.563503,127.015961",동물병원
965,動物病院,Veterinary clinic,ミレジ動物医療センター,Miraeji Animal Medical Center,미래지동물의료센터,,中区,Jung-gu,서울 중구 다산로 107,02-2233-7574,,https://blog.naver.com/miraeji_amc_official,37.553662,127.009622,4.4,85,"https://www.google.com/maps/search/?api=1&query=37.553662,127.009622",동물병원
966,動物病院,Veterinary clinic,パルン動物病院,Bareun Animal Hospital,바른동물병원,,中区,Jung-gu,서울 중구 퇴계로 447,02-2232-7975,,http://blog.naver.com/yanmj,37.565842,127.021615,,4,"https://www.google.com/maps/search/?api=1&query=37.565842,127.021615",동물병원
967,動物病院,Veterinary clinic,パウミウ動物病院,Baumiu Animal Hospital,바우미우동물병원,,中区,Jung-gu,서울 중구 다산로 175,02-2237-3366,,,37.559252,127.012889,,1,"https://www.google.com/maps/search/?api=1&query=37.559252,127.012889",동물병원
968,動物病院,Veterinary clinic,ペクスル動物病院,Baekseul Animal Hospital,백슬동물병원,,中区,Jung-gu,서울 중구 만리재로 175,02-393-7588,,https://www.ssah.co.kr,37.553657,126.964606,2.7,9,"https://www.google.com/maps/search/?api=1&query=37.553657,126.964606",동물병원
969,動物病院,Veterinary clinic,ソウル動物ヨンサンジョンヤンセンター,Seoul Animal Yeongsangjongyang Center,서울동물영상종양센터,,中区,Jung-gu,서울 중구 을지로38길 20,02-6956-7502,,http://www.svicc.co.kr,37.565781,127.003441,,256,"https://www.google.com/maps/search/?api=1&query=37.565781,127.003441",동물병원
970,動物病院,Veterinary clinic,エニコムメディカルセンター,Aenikeom Medical Center,애니컴메디컬센터,,中区,Jung-gu,서울 중구 다산로 83-1,02-2232-9702,,https://www.anicomvet.com,37.552086,127.008045,4.1,390,"https://www.google.com/maps/search/?api=1&query=37.552086,127.008045",동물병원
971,動物病院,Veterinary clinic,ウェルリスクルリニク チョンギェチョンジョム,Welliseukeullinik Cheonggyecheonjeom,웰니스클리닉 청계천점,,中区,Jung-gu,서울 중구 청계천로 400,02-2234-7585,,https://pf.kakao.com/_rasnG,37.571239,127.022711,5.0,1,"https://www.google.com/maps/search/?api=1&query=37.571239,127.022711",동물병원
972,動物病院,Veterinary clinic,ウェルトン動物医療センター,Welteun Animal Medical Center,웰튼동물의료센터,,中区,Jung-gu,서울 중구 난계로 197,02-2253-2233,,https://blog.naver.com/weltonamc2,37.569112,127.023261,,367,"https://www.google.com/maps/search/?api=1&query=37.569112,127.023261",동물병원
973,動物病院,Veterinary clinic,ユンシングンバクサ動物病院,Yunsingeunbaksa Animal Hospital,윤신근박사동물병원,,中区,Jung-gu,서울 중구 퇴계로 226,02-2272-1234,,http://xn--6i0b64id4g0ya60ae3ozmeu6jnva.kr/,37.561638,126.996863,1.8,2,"https://www.google.com/maps/search/?api=1&query=37.561638,126.996863",동물병원
974,動物病院,Veterinary clinic,チョアヨ動物病院,Joayo Animal Hospital,좋아요동물병원,,中区,Jung-gu,서울 중구 다산로36길 83,02-2233-6675,,,37.560519,127.019091,3.0,1,"https://www.google.com/maps/search/?api=1&query=37.560519,127.019091",동물병원
975,動物病院,Veterinary clinic,ヘルギスAMCPET,Helgiseu AMCPET,헬기스AMCPET,,中区,Jung-gu,서울 중구 을지로38길 20,,,,37.565885,127.00334,,0,"https://www.google.com/maps/search/?api=1&query=37.565885,127.00334",동물병원
976,動物病院,Veterinary clinic,ヘルリクス動物シムジャンススルセンター,Hellikseu Animal Simjangsusul Center,헬릭스동물심장수술센터,,中区,Jung-gu,서울 중구 을지로38길 20,,,,37.565884,127.003346,,0,"https://www.google.com/maps/search/?api=1&query=37.565884,127.003346",동물병원
977,動物病院,Veterinary clinic,ヘルリクス動物アムセンター,Hellikseu Animal Am Center,헬릭스동물암센터,,中区,Jung-gu,서울 중구 을지로38길 20,,,,37.565894,127.003332,,0,"https://www.google.com/maps/search/?api=1&query=37.565894,127.003332",동물병원
978,動物病院,Veterinary clinic,ファン動物病院,Hwang Animal Hospital,황동물병원,,中区,Jung-gu,서울 중구 퇴계로 254-1,02-2278-0075,,,37.562366,127.000009,4.6,0,"https://www.google.com/maps/search/?api=1&query=37.562366,127.000009",동물병원
979,動物病院,Veterinary clinic,ヒルスターウン動物病院,Hil Star Un Animal Hospital,힐스타운동물병원,,中区,Jung-gu,서울 중구 다산로 32,0503-7151-7999,,,37.547698,127.008459,5.0,7,"https://www.google.com/maps/search/?api=1&query=37.547698,127.008459",동물병원
980,動物病院,Veterinary clinic,クムナン 動物病院,Geumnan Animal Hospital,금란 동물병원,,中浪区,Jungnang-gu,서울 중랑구 용마산로 532,02-492-7582,,https://blog.naver.com/vca55,37.598453,127.100601,3.5,43,"https://www.google.com/maps/search/?api=1&query=37.598453,127.100601",동물병원
981,動物病院,Veterinary clinic,タクトモン動物病院,Dakteomeong Animal Hospital,닥터멍동물병원,,中浪区,Jungnang-gu,서울 중랑구 상봉로 17,02-439-7582,,https://blog.naver.com/dm5547505/,37.587492,127.094133,4.3,540,"https://www.google.com/maps/search/?api=1&query=37.587492,127.094133",동물병원
982,動物病院,Veterinary clinic,タクトアイペッ動物病院,Dakteoaipet Animal Hospital,닥터아이펫동물병원,,中浪区,Jungnang-gu,서울 중랑구 망우로 315,02-2208-0329,,http://pf.kakao.com/_Nsiws,37.597166,127.087464,,3,"https://www.google.com/maps/search/?api=1&query=37.597166,127.087464",동물병원
983,動物病院,Veterinary clinic,レミ動物病院,Remi Animal Hospital,레미동물병원,,中浪区,Jungnang-gu,서울 중랑구 동일로 593,02-470-4707,,,37.583349,127.079465,,1,"https://www.google.com/maps/search/?api=1&query=37.583349,127.079465",동물병원
984,動物病院,Veterinary clinic,ロヤル動物メディカルセンター ポヌォン,Royal Animal Medical Center Bonwon,로얄동물메디컬센터 본원,,中浪区,Jungnang-gu,서울 중랑구 동일로 640,02-494-7582,,http://royalamc.com,37.587509,127.080264,,953,"https://www.google.com/maps/search/?api=1&query=37.587509,127.080264",동물병원
985,動物病院,Veterinary clinic,ロヤル動物ウェグァススルセンター,Royal Animal Oegwasusul Center,로얄동물외과수술센터,,中浪区,Jungnang-gu,서울 중랑구 동일로 640,070-8660-0936,,,37.587509,127.080264,,0,"https://www.google.com/maps/search/?api=1&query=37.587509,127.080264",동물병원
986,動物病院,Veterinary clinic,ロヤレイアルッシ チュンファジジョム,Royareialssi Junghwajijeom,로얄에이알씨 중화지점,,中浪区,Jungnang-gu,서울 중랑구 망우로 247,02-2208-7533,,,37.595424,127.079997,,0,"https://www.google.com/maps/search/?api=1&query=37.595424,127.079997",동물병원
987,動物病院,Veterinary clinic,ミョンモク動物病院,Myeonmok Animal Hospital,면목동물병원,,中浪区,Jungnang-gu,서울 중랑구 사가정로 363,02-437-7579,,,37.581184,127.084914,3.5,1,"https://www.google.com/maps/search/?api=1&query=37.581184,127.084914",동물병원
988,動物病院,Veterinary clinic,モル動物医療センター,Moru Animal Medical Center,모루동물의료센터,,中浪区,Jungnang-gu,서울 중랑구 망우로 373,02-2038-7533,,http://www.moruamc.com/landing.php,37.598631,127.093643,4.4,101,"https://www.google.com/maps/search/?api=1&query=37.598631,127.093643",동물병원
989,動物病院,Veterinary clinic,ポダム動物病院,Bodam Animal Hospital,보담동물병원,,中浪区,Jungnang-gu,서울 중랑구 용마산로 434,02-494-7775,,http://blog.naver.com/vet10018,37.589947,127.097379,4.0,1,"https://www.google.com/maps/search/?api=1&query=37.589947,127.097379",동물병원
990,動物病院,Veterinary clinic,ポラム動物病院,Boram Animal Hospital,보람동물병원,,中浪区,Jungnang-gu,서울 중랑구 면목로 269,02-434-5465,,,37.576946,127.085796,2.7,1,"https://www.google.com/maps/search/?api=1&query=37.576946,127.085796",동물병원
991,動物病院,Veterinary clinic,サンドル動物病院,Sandeul Animal Hospital,산들동물병원,,中浪区,Jungnang-gu,서울 중랑구 용마산로 670,02-435-7582,,https://pf.kakao.com/_xgDxexmG,37.609931,127.101319,,6,"https://www.google.com/maps/search/?api=1&query=37.609931,127.101319",동물병원
992,動物病院,Veterinary clinic,ソンジ動物病院,Seongji Animal Hospital,성지동물병원,,中浪区,Jungnang-gu,서울 중랑구 면목로 311,,,,37.579874,127.087792,4.0,3,"https://www.google.com/maps/search/?api=1&query=37.579874,127.087792",동물병원
993,動物病院,Veterinary clinic,セジン動物病院,Sejin Animal Hospital,세진동물병원,,中浪区,Jungnang-gu,서울 중랑구 망우로 415,,,,37.599662,127.098327,,3,"https://www.google.com/maps/search/?api=1&query=37.599662,127.098327",동물병원
994,動物病院,Veterinary clinic,スプソク動物病院,Supsok Animal Hospital,숲속동물병원,,中浪区,Jungnang-gu,서울 중랑구 겸재로 207,02-492-9303,,,37.589228,127.0906,3.0,1,"https://www.google.com/maps/search/?api=1&query=37.589228,127.0906",동물병원
995,動物病院,Veterinary clinic,シンネ動物病院,Sinnae Animal Hospital,신내동물병원,,中浪区,Jungnang-gu,서울 중랑구 봉화산로 103,02-3422-0001,,,37.602722,127.085769,4.3,3,"https://www.google.com/maps/search/?api=1&query=37.602722,127.085769",동물병원
996,動物病院,Veterinary clinic,アイボム動物病院,Aibom Animal Hospital,아이봄동물병원,,中浪区,Jungnang-gu,서울 중랑구 신내로 66,02-433-7515,,http://blog.naver.com/ibomah,37.605049,127.095627,3.7,6,"https://www.google.com/maps/search/?api=1&query=37.605049,127.095627",동물병원
997,動物病院,Veterinary clinic,エンジェル動物病院,Enjel Animal Hospital,엔젤동물병원,,中浪区,Jungnang-gu,서울 중랑구 겸재로 187,02-435-0166,,,37.588804,127.08836,4.0,2,"https://www.google.com/maps/search/?api=1&query=37.588804,127.08836",동물병원
998,動物病院,Veterinary clinic,チュヨン動物病院,Juyeon Animal Hospital,주연동물병원,,中浪区,Jungnang-gu,서울 중랑구 면목로 273,,,,37.577295,127.085702,5.0,1,"https://www.google.com/maps/search/?api=1&query=37.577295,127.085702",동물병원
999,動物病院,Veterinary clinic,チュンナンチャ動物病院,Jungnangcha Animal Hospital,중랑차동물병원,,中浪区,Jungnang-gu,서울 중랑구 중랑천로 81,02-433-0787,,,37.59239,127.072697,3.0,1,"https://www.google.com/maps/search/?api=1&query=37.59239,127.072697",동물병원
1000,動物病院,Veterinary clinic,チンソ動物病院,Jinseo Animal Hospital,진서동물병원,,中浪区,Jungnang-gu,서울 중랑구 신내로10길 7,02-432-7530,,,37.604699,127.095926,3.7,6,"https://www.google.com/maps/search/?api=1&query=37.604699,127.095926",동물병원
1001,動物病院,Veterinary clinic,チンジョンフン動物病院,Jinjeonghun Animal Hospital,진정훈동물병원,,中浪区,Jungnang-gu,서울 중랑구 봉화산로 39-1,02-2207-0073,,,37.601776,127.078761,,1,"https://www.google.com/maps/search/?api=1&query=37.601776,127.078761",동물병원
1002,動物病院,Veterinary clinic,チリョヘジュオ チュンナング動物病院,Chiryohaejuo Jungnanggu Animal Hospital,치료해주오 중랑구동물병원,,中浪区,Jungnang-gu,서울 중랑구 동일로 925,02-949-7577,,https://juohospital.imweb.me/,37.612948,127.076849,,2,"https://www.google.com/maps/search/?api=1&query=37.612948,127.076849",동물병원
1003,動物病院,Veterinary clinic,テヌン動物病院,Taeneung Animal Hospital,태능동물병원,,中浪区,Jungnang-gu,서울 중랑구 동일로 920,02-973-1953,,,37.612699,127.077594,3.3,5,"https://www.google.com/maps/search/?api=1&query=37.612699,127.077594",동물병원
1004,動物病院,Veterinary clinic,ハニ動物病院,Hani Animal Hospital,하니동물병원,,中浪区,Jungnang-gu,서울 중랑구 신내로 225,,,,37.616999,127.091433,3.6,0,"https://www.google.com/maps/search/?api=1&query=37.616999,127.091433",동물병원
1005,動物病院,Veterinary clinic,ハスペッタル動物病院,Haseupettal Animal Hospital,하스펫탈동물병원,,中浪区,Jungnang-gu,서울 중랑구 면목로 442-1,02-435-2275,,,37.591589,127.086948,2.7,2,"https://www.google.com/maps/search/?api=1&query=37.591589,127.086948",동물병원
1006,動物病院,Veterinary clinic,ハングク動物ポホギョユクジェダン ハングク動物メヂ,Hanguk Animal Bohogyoyukjaedan Hanguk Animal Medi,한국동물보호교육재단 한국동물메디,,中浪区,Jungnang-gu,서울 중랑구 겸재로 165,02-2208-6788,,,37.588179,127.085918,2.0,0,"https://www.google.com/maps/search/?api=1&query=37.588179,127.085918",동물병원
1007,動物病院,Veterinary clinic,ハングク動物ヨンサンウィハクセンター,Hanguk Animal Yeongsanguihak Center,한국동물영상의학센터,,中浪区,Jungnang-gu,서울 중랑구 망우로 241,,,,37.595033,127.079466,,0,"https://www.google.com/maps/search/?api=1&query=37.595033,127.079466",동물병원
1008,動物病院,Veterinary clinic,ヘンボギインヌン動物病院,Haengbogiinneun Animal Hospital,행복이있는동물병원,,中浪区,Jungnang-gu,서울 중랑구 봉화산로 232,02-433-3387,,,37.60785,127.09848,4.4,1,"https://www.google.com/maps/search/?api=1&query=37.60785,127.09848",동물병원
1009,動物病院,Veterinary clinic,ヒェウォン動物病院,Hyewon Animal Hospital,혜원동물병원,,中浪区,Jungnang-gu,서울 중랑구 면목로 341,02-439-8300,,,37.582317,127.088465,1.0,0,"https://www.google.com/maps/search/?api=1&query=37.582317,127.088465",동물병원
1010,動物病院,Veterinary clinic,ホンサンフィジョンハプ動物病院,Hongsanghuijonghap Animal Hospital,홍상희종합동물병원,,中浪区,Jungnang-gu,서울 중랑구 동일로 899,02-974-0339,,,37.610663,127.077427,3.0,5,"https://www.google.com/maps/search/?api=1&query=37.610663,127.077427",동물병원
1011,動物病院,Veterinary clinic,ヒルリンペチュ,Hillingpecheu,힐링페츠,,中浪区,Jungnang-gu,서울 중랑구 답십리로77길 33,,,,37.573076,127.081477,,0,"https://www.google.com/maps/search/?api=1&query=37.573076,127.081477",동물병원
1012,ペットショップ,Pet shop,Kanine (ケナイン),Kanine ( Kenain ),Kanine (케나인),,江南区,Gangnam-gu,서울 강남구 강남대로156길 45,02-518-7790,,http://www.kanine.co.kr,37.519206,127.022539,5.0,7,"https://www.google.com/maps/search/?api=1&query=37.519206,127.022539",반려동물용품
1013,ペットショップ,Pet shop,カムガク,Gamgakeu,감가크,,江南区,Gangnam-gu,서울 강남구 학동로20길 43,010-2948-2380,https://www.instagram.com/meongpoom_shop,,37.510576,127.027644,,0,"https://www.google.com/maps/search/?api=1&query=37.510576,127.027644",반려동물용품
1014,ペットショップ,Pet shop,カンナマクア,Gangnamakua,강남아쿠아,,江南区,Gangnam-gu,서울 강남구 압구정로46길 5-10,070-4108-7379,,,37.527906,127.037528,,0,"https://www.google.com/maps/search/?api=1&query=37.527906,127.037528",반려동물용품
1015,ペットショップ,Pet shop,カンナムペッスターイル,Gangnampet Star Il,강남펫스타일,,江南区,Gangnam-gu,서울 강남구 언주로79길 5,,,,37.499328,127.043553,,1,"https://www.google.com/maps/search/?api=1&query=37.499328,127.043553",반려동물용품
1016,ペットショップ,Pet shop,カンアジデトンニョン,Gangajidaetongnyeong,강아지대통령,,江南区,Gangnam-gu,서울 강남구 삼성로 570,1588-2469,,http://www.dogpre.com/,37.512402,127.054134,5.0,1,"https://www.google.com/maps/search/?api=1&query=37.512402,127.054134",반려동물용품
1017,ペットショップ,Pet shop,ケコドニア,Gekodonia,게코도니아,,江南区,Gangnam-gu,서울 강남구 언주로 627,,,,37.512518,127.03512,,0,"https://www.google.com/maps/search/?api=1&query=37.512518,127.03512",반려동물분양
1018,ペットショップ,Pet shop,コゴンケッ,Gogongkaet,고공캣,,江南区,Gangnam-gu,서울 강남구 도산대로99길 28-8,070-5022-9052,,https://kogongcat.com/,37.526656,127.051489,,0,"https://www.google.com/maps/search/?api=1&query=37.526656,127.051489",반려동물용품
1019,ペットショップ,Pet shop,コヤンイ分譲 ホヤケッ ポンジョム,Goyangi Adoption Hoyakaet Bonjeom,고양이분양 호야캣 본점,,江南区,Gangnam-gu,서울 강남구 논현로171길 15,0502-5551-4522,https://www.instagram.com/_hoya_cat/,,37.525524,127.027021,,148,"https://www.google.com/maps/search/?api=1&query=37.525524,127.027021",반려동물분양
1020,ペットショップ,Pet shop,コルドンペッ,Goldeunpet,골든펫,,江南区,Gangnam-gu,서울 강남구 역삼로7길 17,02-3288-5579,,http://www.goldenpet.co.kr,37.495151,127.032663,,0,"https://www.google.com/maps/search/?api=1&query=37.495151,127.032663",반려동물분양
1021,ペットショップ,Pet shop,ノンヒョン愛犬シャプ,Nonhyeon Dog Syap,논현애견샵,,江南区,Gangnam-gu,서울 강남구 강남대로118길 47,02-344-3786,,,37.507512,127.0268,,0,"https://www.google.com/maps/search/?api=1&query=37.507512,127.0268",반려동물분양
1022,ペットショップ,Pet shop,ニオバイオス,Nieobaieoseu,니어바이어스,,江南区,Gangnam-gu,서울 강남구 도산대로54길 48-6,070-8866-1203,,https://nearbyus.co.kr,37.519745,127.039016,,1,"https://www.google.com/maps/search/?api=1&query=37.519745,127.039016",반려동물용품
1023,ペットショップ,Pet shop,テサネンカンパニー,Daesanaen Company,대산앤컴퍼니,,江南区,Gangnam-gu,서울 강남구 테헤란로 508,,,,37.506817,127.057978,,0,"https://www.google.com/maps/search/?api=1&query=37.506817,127.057978",반려동물용품
1024,ペットショップ,Pet shop,トログイン,Deorogeuin,더로그인,,江南区,Gangnam-gu,서울 강남구 역삼로19길 9,,,,37.49596,127.036865,,0,"https://www.google.com/maps/search/?api=1&query=37.49596,127.036865",반려동물용품
1025,ペットショップ,Pet shop,トグマケッ,Dogeumakaet,도그마캣,,江南区,Gangnam-gu,서울 강남구 강남대로122길 31,,,,37.508581,127.025475,,0,"https://www.google.com/maps/search/?api=1&query=37.508581,127.025475",반려동물용품
1026,ペットショップ,Pet shop,トグボヂ ノンヒョンジョム,Dogeubeodi Nonhyeonjeom,도그버디 논현점,,江南区,Gangnam-gu,서울 강남구 강남대로120길 46,02-6032-5979,,,37.507741,127.026897,,1,"https://www.google.com/maps/search/?api=1&query=37.507741,127.026897",반려동물용품
1027,ペットショップ,Pet shop,トグケスル,Dogeukaeseul,도그캐슬,,江南区,Gangnam-gu,서울 강남구 도산대로62길 14,02-514-5051,,http://www.dogcastle.co.kr,37.522527,127.042928,5.0,0,"https://www.google.com/maps/search/?api=1&query=37.522527,127.042928",반려동물분양
1028,ペットショップ,Pet shop,トマベムセマリ,Domabaemsemari,도마뱀세마리,,江南区,Gangnam-gu,서울 강남구 선릉로 328,0503-7153-5458,https://www.instagram.com/domabam3,,37.498949,127.052026,,0,"https://www.google.com/maps/search/?api=1&query=37.498949,127.052026",반려동물분양
1029,ペットショップ,Pet shop,チオマイトグ(DearMyDog),Dieo My Dogeu (DearMyDog),디어마이도그(DearMyDog),,江南区,Gangnam-gu,서울 강남구 삼성로145길 3,070-4006-8832,,,37.522195,127.047886,,0,"https://www.google.com/maps/search/?api=1&query=37.522195,127.047886",반려동물분양
1030,ペットショップ,Pet shop,チジャインポドグ,Dijainpodogeu,디자인포도그,,江南区,Gangnam-gu,서울 강남구 강남대로162길 36,02-540-8542,,https://designfordog.com/,37.520576,127.021414,5.0,8,"https://www.google.com/maps/search/?api=1&query=37.520576,127.021414",반려동물용품
1031,ペットショップ,Pet shop,チトゥエイチ,Ditueichi,디투에이치,,江南区,Gangnam-gu,서울 강남구 선릉로 561,070-8240-0682,,http://www.facebook.com/dtoh38,37.508698,127.044169,,0,"https://www.google.com/maps/search/?api=1&query=37.508698,127.044169",반려동물용품
1032,ペットショップ,Pet shop,ラピドコリア,Rapideukoria,라피드코리아,,江南区,Gangnam-gu,서울 강남구 논현로75길 15,010-8941-8272,,https://mujijota.com/,37.496194,127.037569,3.0,0,"https://www.google.com/maps/search/?api=1&query=37.496194,127.037569",반려동물용품
1033,ペットショップ,Pet shop,ロブルリハウス,Reobeulli House,러블리하우스,,江南区,Gangnam-gu,서울 강남구 압구정로80길 13,02-543-2724,,http://www.lovelyhouse.co.kr/,37.52471,127.045735,5.0,1,"https://www.google.com/maps/search/?api=1&query=37.52471,127.045735",반려동물용품
1034,ペットショップ,Pet shop,ロヤルケニンコリア ポンサ,Royalkaeninkoria Bonsa,로얄캐닌코리아 본사,,江南区,Gangnam-gu,서울 강남구 학동로 401,080-880-8100,,https://www.royalcanin.com/,37.517543,127.041559,,3,"https://www.google.com/maps/search/?api=1&query=37.517543,127.041559",반려동물용품
1035,ペットショップ,Pet shop,ルイドク,Ruidok,루이독,,江南区,Gangnam-gu,서울 강남구 압구정로 461,02-541-1640,,https://www.louisdog.co.kr,37.525286,127.047238,2.3,3,"https://www.google.com/maps/search/?api=1&query=37.525286,127.047238",반려동물용품
1036,ペットショップ,Pet shop,ルイドク ヒョンデベクファジョム ムヨクセンターチョム,Ruidok Hyeondaebaekhwajeom Muyeok Center Jeom,루이독 현대백화점 무역센터점,,江南区,Gangnam-gu,서울 강남구 삼성동 159-8 지하1층,02-3467-6600,,http://www.louisdog.co.kr,37.508411,127.060401,,2,"https://www.google.com/maps/search/?api=1&query=37.508411,127.060401",반려동물용품
1037,ペットショップ,Pet shop,ルイドク ヒョンデベクファジョム アプグジョンボンジョム,Ruidok Hyeondaebaekhwajeom Apgujeongbonjeom,루이독 현대백화점 압구정본점,,江南区,Gangnam-gu,서울 강남구 압구정로 165,02-3449-5158,,http://www.louisdog.co.kr,37.527349,127.027085,1.0,3,"https://www.google.com/maps/search/?api=1&query=37.527349,127.027085",반려동물용품
1038,ペットショップ,Pet shop,ルダルリン ソウル,Reudalling Seoul,르달링 서울,,江南区,Gangnam-gu,서울 강남구 역삼로9길 24,070-4066-7414,,,37.495572,127.033886,5.0,11,"https://www.google.com/maps/search/?api=1&query=37.495572,127.033886",반려동물분양
1039,ペットショップ,Pet shop,マイトミノント,My Domineonteu,마이도미넌트,,江南区,Gangnam-gu,서울 강남구 삼성로 547,1670-8028,,https://mydominant.co.kr/,37.510348,127.054373,,0,"https://www.google.com/maps/search/?api=1&query=37.510348,127.054373",반려동물용품
1040,ペットショップ,Pet shop,マインドケッ,Maindeukaet,마인드캣,,江南区,Gangnam-gu,서울 강남구 학동로6길 18,,,,37.510628,127.024159,,0,"https://www.google.com/maps/search/?api=1&query=37.510628,127.024159",반려동물용품
1041,ペットショップ,Pet shop,マイルロ,Maillo,마일로,,江南区,Gangnam-gu,서울 강남구 개포로 508,02-566-7420,,https://milo-dogwear.com/main,37.489233,127.067956,,0,"https://www.google.com/maps/search/?api=1&query=37.489233,127.067956",반려동물용품
1042,ペットショップ,Pet shop,モムミス,Meommiseu,멈미스,,江南区,Gangnam-gu,서울 강남구 압구정로79길 51-4,02-512-0401,https://www.instagram.com/mummis401,,37.525765,127.051519,,12,"https://www.google.com/maps/search/?api=1&query=37.525765,127.051519",반려동물분양
1043,ペットショップ,Pet shop,モンニャンウィミンジョク セゴクジョム,Meongnyanguiminjok Segokjeom,멍냥의민족 세곡점,,江南区,Gangnam-gu,서울 강남구 헌릉로571길 13,,,https://www.mungmin.com,37.466486,127.101376,,146,"https://www.google.com/maps/search/?api=1&query=37.466486,127.101376",멍냥의민족
1044,ペットショップ,Pet shop,モントゥドニャン,Meongtudeonyang,멍투더냥,,江南区,Gangnam-gu,서울 강남구 논현로67길 46,010-5602-0125,,,37.493351,127.036228,,0,"https://www.google.com/maps/search/?api=1&query=37.493351,127.036228",반려동물용품
1045,ペットショップ,Pet shop,モンプムシャプ,Meongpumsyap,멍품샵,,江南区,Gangnam-gu,서울 강남구 학동로20길 43,,,,37.510576,127.027644,,1,"https://www.google.com/maps/search/?api=1&query=37.510576,127.027644",반려동물용품
1046,ペットショップ,Pet shop,メイキッ,Meikit,메이킷,,江南区,Gangnam-gu,서울 강남구 선릉로112길 52,,,http://makemakit.com,37.512171,127.047854,5.0,0,"https://www.google.com/maps/search/?api=1&query=37.512171,127.047854",반려동물용품
1047,ペットショップ,Pet shop,メジョンナップッペ,Mejongnappeuppe,메종라쁘뻬,,江南区,Gangnam-gu,서울 강남구 논현로150길 36-5,,,https://jenne.kr,37.519602,127.031744,,0,"https://www.google.com/maps/search/?api=1&query=37.519602,127.031744",반려동물용품
1048,ペットショップ,Pet shop,モゴンネトウォクス,Mogeonneteuwokseu,모건네트웍스,,江南区,Gangnam-gu,서울 강남구 도곡로37길 35,070-4603-3354,,http://www.petsajang.com,37.496048,127.044605,,0,"https://www.google.com/maps/search/?api=1&query=37.496048,127.044605",반려동물용품
1049,ペットショップ,Pet shop,モンシュシュ,Mongsyusyu,몽슈슈,,江南区,Gangnam-gu,서울 강남구 학동로55길 12,,,,37.518232,127.042017,,4,"https://www.google.com/maps/search/?api=1&query=37.518232,127.042017",반려동물용품
1050,ペットショップ,Pet shop,ムンゲコパチュンニュシャプ,Mungekopachungnyusyap,문게코파충류샵,,江南区,Gangnam-gu,서울 강남구 역삼로70길 15,02-2088-3828,https://www.instagram.com/moon_gecko/,,37.500509,127.053955,4.9,1,"https://www.google.com/maps/search/?api=1&query=37.500509,127.053955",반려동물분양
1051,ペットショップ,Pet shop,ミュジュイン,Myujeuin,뮤즈인,,江南区,Gangnam-gu,서울 강남구 압구정로14길 7,,,,37.523786,127.023252,,3,"https://www.google.com/maps/search/?api=1&query=37.523786,127.023252",반려동물용품
1052,ペットショップ,Pet shop,ムエット,Meuetteu,므에뜨,,江南区,Gangnam-gu,서울 강남구 선릉로146길 27-8,,,,37.522282,127.042308,,1,"https://www.google.com/maps/search/?api=1&query=37.522282,127.042308",반려동물용품
1053,ペットショップ,Pet shop,ミニペッ,Minipet,미니펫,,江南区,Gangnam-gu,서울 강남구 논현로106길 8,02-2205-0279,,http://www.minipetmall.co.kr,37.506231,127.035205,4.2,1,"https://www.google.com/maps/search/?api=1&query=37.506231,127.035205",반려동물분양
1054,ペットショップ,Pet shop,ミオジュ コヤンイ分譲 カンアジ分譲 カンナムジョム,Miojeu Goyangi Adoption Gangaji Adoption Gangnamjeom,미오즈 고양이분양 강아지분양 강남점,,江南区,Gangnam-gu,서울 강남구 압구정로18길 19,0502-5553-5561,,https://blog.naver.com/intogo26,37.523824,127.025004,5.0,374,"https://www.google.com/maps/search/?api=1&query=37.523824,127.025004",반려동물분양
1055,ペットショップ,Pet shop,パドゥガサランヘ,Badugasaranghae,바둑아사랑해,,江南区,Gangnam-gu,서울 강남구 강남대로84길 33,02-501-4428,,,37.497522,127.031076,4.8,2,"https://www.google.com/maps/search/?api=1&query=37.497522,127.031076",반려동물분양
1056,ペットショップ,Pet shop,パスペッ,Baseupet,바스펫,,江南区,Gangnam-gu,서울 강남구 강남대로136길 15,070-4762-0235,,,37.51309,127.021844,,0,"https://www.google.com/maps/search/?api=1&query=37.51309,127.021844",반려동물용품
1057,ペットショップ,Pet shop,パインミ,Bainmi,바잇미,,江南区,Gangnam-gu,서울 강남구 논현로80길 7,02-2038-3727,,https://www.biteme.co.kr/,37.498194,127.038883,,0,"https://www.google.com/maps/search/?api=1&query=37.498194,127.038883",반려동물용품
1058,ペットショップ,Pet shop,バーガース,Burger Seu,버거스,,江南区,Gangnam-gu,서울 강남구 테헤란로79길 6,010-5015-0225,,https://www.burgerss.kr/,37.507317,127.055632,,0,"https://www.google.com/maps/search/?api=1&query=37.507317,127.055632",반려동물용품
1059,ペットショップ,Pet shop,ポゴペッ,Bogopet,보고펫,,江南区,Gangnam-gu,서울 강남구 선릉로 648,1661-0314,,https://pppick.co.kr/,37.5146,127.042476,,0,"https://www.google.com/maps/search/?api=1&query=37.5146,127.042476",반려동물용품
1060,ペットショップ,Pet shop,ポネンジョイント,Bonaenjointeu,본앤조인트,,江南区,Gangnam-gu,서울 강남구 도산대로 213,02-549-0279,,https://본앤조인트.com/,37.520727,127.02998,,1,"https://www.google.com/maps/search/?api=1&query=37.520727,127.02998",반려동물용품
1061,ペットショップ,Pet shop,プガラカタ,Bugarakata,부가라카타,,江南区,Gangnam-gu,서울 강남구 논현로 565,02-515-9111,,,37.506686,127.033878,,0,"https://www.google.com/maps/search/?api=1&query=37.506686,127.033878",반려동물용품
1062,ペットショップ,Pet shop,ピエンビエン,Bienbien,비엔비엔,,江南区,Gangnam-gu,서울 강남구 선릉로153길 5,02-6959-9598,,http://blog.naver.com/bienbiencompany,37.524536,127.038938,,0,"https://www.google.com/maps/search/?api=1&query=37.524536,127.038938",반려동물용품
1063,ペットショップ,Pet shop,ピエムステイジ,Biemseuteiji,비엠스테이지,,江南区,Gangnam-gu,서울 강남구 테헤란로44길 8,,,,37.502333,127.044441,,0,"https://www.google.com/maps/search/?api=1&query=37.502333,127.044441",반려동물용품
1064,ペットショップ,Pet shop,ピクトリアペッ カンナミョクジョム,Biktoriapet Gangnamyeokjeom,빅토리아펫 강남역점,,江南区,Gangnam-gu,서울 강남구 역삼로7길 13,070-4349-5578,,https://victoriapet.co.kr,37.494895,127.032703,,0,"https://www.google.com/maps/search/?api=1&query=37.494895,127.032703",반려동물분양
1065,ペットショップ,Pet shop,シュポ パウ アプグジョンボンジョム,Syupeo Bau Apgujeongbonjeom,슈퍼 바우 압구정본점,,江南区,Gangnam-gu,서울 강남구 선릉로157길 27-6,1577-2711,,http://www.superbow.co.kr/,37.52601,127.037254,,26,"https://www.google.com/maps/search/?api=1&query=37.52601,127.037254",반려동물분양
1066,ペットショップ,Pet shop,スウィピ,Seuwipi,스위피,,江南区,Gangnam-gu,서울 강남구 선릉로125길 21,1661-6927,,,37.514552,127.040234,,0,"https://www.google.com/maps/search/?api=1&query=37.514552,127.040234",반려동물용품
1067,ペットショップ,Pet shop,スタートルス,Star Dolseu,스타돌스,,江南区,Gangnam-gu,서울 강남구 압구정로28길 25,010-2255-4647,,http://blog.naver.com/jalnancat,37.524885,127.027838,4.3,316,"https://www.google.com/maps/search/?api=1&query=37.524885,127.027838",반려동물분양
1068,ペットショップ,Pet shop,スターモンマーケット,Star Mong Market,스타몽마켓,,江南区,Gangnam-gu,서울 강남구 학동로4길 24,02-545-4511,,,37.509893,127.023272,5.0,62,"https://www.google.com/maps/search/?api=1&query=37.509893,127.023272",반려동물용품
1069,ペットショップ,Pet shop,シバギョン 分譲 ルイモン カンナムボンジョム,Sibagyeon Adoption Ruimong Gangnambonjeom,시바견 분양 루이몽 강남본점,,江南区,Gangnam-gu,서울 강남구 도산대로85길 39-5,010-9318-5338,,https://www.louismong.com/,37.527462,127.049488,3.7,45,"https://www.google.com/maps/search/?api=1&query=37.527462,127.049488",반려동물분양
1070,ペットショップ,Pet shop,ッソムポピ,Sseompeopi,썸퍼피,,江南区,Gangnam-gu,서울 강남구 도산대로8길 22,010-9391-2221,https://www.instagram.com/some_puppy_/,,37.515415,127.022306,,3,"https://www.google.com/maps/search/?api=1&query=37.515415,127.022306",반려동물분양
1071,ペットショップ,Pet shop,アダムスペッ カンナムジョム,Adamseupet Gangnamjeom,아담스펫 강남점,,江南区,Gangnam-gu,서울 강남구 논현로157길 18,010-9572-5776,,https://가필드고양이.com/,37.522489,127.026638,4.4,193,"https://www.google.com/maps/search/?api=1&query=37.522489,127.026638",반려동물분양
1072,ペットショップ,Pet shop,アリュオプ,Aryueop,알유업,,江南区,Gangnam-gu,서울 강남구 학동로 지하 180,,,,37.514206,127.031464,,0,"https://www.google.com/maps/search/?api=1&query=37.514206,127.031464",반려동물용품
1073,ペットショップ,Pet shop,アンジュハウス,Angjyu House,앙쥬하우스,,江南区,Gangnam-gu,서울 강남구 선릉로105길 7,,,http://blog.naver.com/marie_ange,37.508168,127.044381,,0,"https://www.google.com/maps/search/?api=1&query=37.508168,127.044381",반려동물분양
1074,ペットショップ,Pet shop,愛犬ウィリュ ックルックルストア,Dog Uiryu Kkulkkul Store,애견의류 꿀꿀스토어,,江南区,Gangnam-gu,서울 강남구 가로수길 35,,https://www.instagram.com/ggulggul_store_,,37.520341,127.02285,5.0,3,"https://www.google.com/maps/search/?api=1&query=37.520341,127.02285",반려동물용품
1075,ペットショップ,Pet shop,アンドペッ,and Pet,앤드펫,,江南区,Gangnam-gu,서울 강남구 강남대로152길 14,070-4837-3340,,,37.517152,127.0207,,0,"https://www.google.com/maps/search/?api=1&query=37.517152,127.0207",반려동물분양
1076,ペットショップ,Pet shop,エンポルペッチュ,Aenpolpetcheu,앤폴펫츠,,江南区,Gangnam-gu,서울 강남구 테헤란로84길 14,070-8620-7387,,https://www.andforpets.com/,37.506261,127.05846,,0,"https://www.google.com/maps/search/?api=1&query=37.506261,127.05846",반려동물용품
1077,ペットショップ,Pet shop,ヤオンア モンモンヘブァ ソウルガンナミョクジョム,Yaonga Meongmeonghaebwa Seoulgangnamyeokjeom,야옹아 멍멍해봐 서울강남역점,,江南区,Gangnam-gu,서울 강남구 테헤란로 101,02-538-8956,,http://www.yamungparadise.com,37.498623,127.028066,5.0,2,"https://www.google.com/maps/search/?api=1&query=37.498623,127.028066",반려동물용품
1078,ペットショップ,Pet shop,ヤオンアモンモンヘブァ ハクドンヨクジョム,Yaongameongmeonghaebwa Hakdongyeokjeom,야옹아멍멍해봐 학동역점,,江南区,Gangnam-gu,서울 강남구 학동로 지하 180,010-5612-0654,,,37.514474,127.032333,5.0,0,"https://www.google.com/maps/search/?api=1&query=37.514474,127.032333",반려동물용품
1079,ペットショップ,Pet shop,オバウッペッ,Eobautpet,어바웃펫,,江南区,Gangnam-gu,서울 강남구 테헤란로 201,1644-9601,,https://www.aboutpet.co.kr/,37.501312,127.03718,,2,"https://www.google.com/maps/search/?api=1&query=37.501312,127.03718",반려동물용품
1080,ペットショップ,Pet shop,エイミロブジュペッ,Eimireobeujeupet,에이미러브즈펫,,江南区,Gangnam-gu,서울 강남구 영동대로118길 30-4,02-548-1245,,http://www.amylovespet.co.kr,37.51681,127.061797,,2,"https://www.google.com/maps/search/?api=1&query=37.51681,127.061797",반려동물용품
1081,トリミング,Grooming,エルリ愛犬トリミングシル,Elli Dog Grooming Sil,엘리애견미용실,,江南区,Gangnam-gu,서울 강남구 언주로71길 34,02-558-7050,,,37.496693,127.04242,5.0,3,"https://www.google.com/maps/search/?api=1&query=37.496693,127.04242",반려동물분양
1082,ペットショップ,Pet shop,オルクルロボ,Oreukeullobeo,오르클로버,,江南区,Gangnam-gu,서울 강남구 테헤란로113길 7,02-569-9033,,https://orclover.com,37.510671,127.06588,,0,"https://www.google.com/maps/search/?api=1&query=37.510671,127.06588",반려동물용품
1083,ペットショップ,Pet shop,オプンパム,Opeunpam,오픈팜,,江南区,Gangnam-gu,서울 강남구 논현로 336,070-4652-3764,,,37.495217,127.03995,,0,"https://www.google.com/maps/search/?api=1&query=37.495217,127.03995",반려동물용품
1084,ペットショップ,Pet shop,オルリポドク,Ollipodok,온리포독,,江南区,Gangnam-gu,서울 강남구 논현로102길 57,,,,37.506328,127.039684,,0,"https://www.google.com/maps/search/?api=1&query=37.506328,127.039684",반려동물분양
1085,ペットショップ,Pet shop,ヨギドク カンアジ分譲 コヤンイ分譲 カンナムボンジョム,Yogidok Gangaji Adoption Goyangi Adoption Gangnambonjeom,요기독 강아지분양 고양이분양 강남본점,,江南区,Gangnam-gu,서울 강남구 역삼로14길 15,010-6528-8250,,http://www.yogidog.co.kr,37.493625,127.03581,1.0,1,"https://www.google.com/maps/search/?api=1&query=37.493625,127.03581",반려동물분양
1086,ペットショップ,Pet shop,ヨミドクガンアジ分譲愛犬シャプ カンナムジョム,Yomidokgangaji Adoption Dog Syap Gangnamjeom,요미독강아지분양애견샵 강남점,,江南区,Gangnam-gu,서울 강남구 언주로108길 17,010-4659-1862,,http://www.yomidog.com,37.508548,127.040672,,9,"https://www.google.com/maps/search/?api=1&query=37.508548,127.040672",반려동물분양
1087,ペットショップ,Pet shop,ウリジプガンアジヌン,Urijipgangajineun,우리집강아지는,,江南区,Gangnam-gu,서울 강남구 도산대로78길 23,02-547-3060,,,37.522453,127.046838,,0,"https://www.google.com/maps/search/?api=1&query=37.522453,127.046838",반려동물분양
1088,ペットショップ,Pet shop,イイスタジオ,Ii Studio,이이스튜디오,,江南区,Gangnam-gu,서울 강남구 봉은사로63길 11,0507-1318-1201,,http://www.facebook.com/yiyistudi5,37.512132,127.046895,,1,"https://www.google.com/maps/search/?api=1&query=37.512132,127.046895",반려동물분양
1089,ペットショップ,Pet shop,イルランイルラン,Illangillang,일랑일랑,,江南区,Gangnam-gu,서울 강남구 언주로103길 41,,,,37.50584,127.036736,,0,"https://www.google.com/maps/search/?api=1&query=37.50584,127.036736",반려동물용품
1090,ペットショップ,Pet shop,イッダペッ カンアジ分譲 コヤンイ分譲 カンナムジョム,Itdapet Gangaji Adoption Goyangi Adoption Gangnamjeom,잇다펫 강아지분양 고양이분양 강남점,,江南区,Gangnam-gu,서울 강남구 선릉로 660,02-515-9996,,https://itdapet.co.kr/,37.515551,127.042333,,3,"https://www.google.com/maps/search/?api=1&query=37.515551,127.042333",반려동물분양
1091,ペットショップ,Pet shop,チョングルェイブ,Jeonggeurweibeu,정글웨이브,,江南区,Gangnam-gu,서울 강남구 역삼로10길 6,010-2853-4030,,https://blog.naver.com/junglewave_,37.493737,127.033868,,18,"https://www.google.com/maps/search/?api=1&query=37.493737,127.033868",반려동물분양
1092,ペットショップ,Pet shop,チェロペセプエンビ,Jeropesepeuaenbi,제로펫에프앤비,,江南区,Gangnam-gu,서울 강남구 도산대로 217,1899-0937,,http://greatbilly.com/,37.520827,127.030561,,0,"https://www.google.com/maps/search/?api=1&query=37.520827,127.030561",반려동물용품
1093,ペットショップ,Pet shop,チェイッシコミュニチ,Jeissikeomyuniti,제이씨커뮤니티,,江南区,Gangnam-gu,서울 강남구 논현로131길 10-3,,,,37.514647,127.029166,,0,"https://www.google.com/maps/search/?api=1&query=37.514647,127.029166",반려동물용품
1094,ペットショップ,Pet shop,チェイアンドチ,Jei and Ji,제이앤드지,,江南区,Gangnam-gu,서울 강남구 강남대로156길 45,,,,37.519203,127.02254,,0,"https://www.google.com/maps/search/?api=1&query=37.519203,127.02254",반려동물용품
1095,ペットショップ,Pet shop,チェイエムココ,Jeiemkoko,제이엠코코,,江南区,Gangnam-gu,서울 강남구 테헤란로84길 14,,,,37.506261,127.05846,,0,"https://www.google.com/maps/search/?api=1&query=37.506261,127.05846",반려동물용품
1096,ペットショップ,Pet shop,チェイルペッフード,Jeilpet Food,제일펫푸드,,江南区,Gangnam-gu,서울 강남구 도산대로 130,070-8640-4101,,http://www.jeilpet.co.kr,37.517188,127.022976,1.0,2,"https://www.google.com/maps/search/?api=1&query=37.517188,127.022976",반려동물용품
1097,ペットショップ,Pet shop,チョイピア,Joipia,조이피아,,江南区,Gangnam-gu,서울 강남구 역삼로 134,02-6497-3633,,,37.494134,127.034304,,0,"https://www.google.com/maps/search/?api=1&query=37.494134,127.034304",반려동물분양
1098,ペットショップ,Pet shop,チョンダムペッチュ,Cheongdampetcheu,청담펫츠,,江南区,Gangnam-gu,서울 강남구 선릉로 737,02-548-8844,,https://www.kimspups.com,37.520139,127.039886,4.4,169,"https://www.google.com/maps/search/?api=1&query=37.520139,127.039886",반려동물분양
1099,ペットショップ,Pet shop,チチエンコ,Chichiaenko,치치앤코,,江南区,Gangnam-gu,서울 강남구 도산대로23길 5,010-6527-7910,,https://cicinco.com,37.519479,127.025963,,2,"https://www.google.com/maps/search/?api=1&query=37.519479,127.025963",반려동물용품
1100,ペットショップ,Pet shop,ケップレンジュ,Kaetpeurenjeu,캣프렌즈,,江南区,Gangnam-gu,서울 강남구 가로수길 53,070-8733-7923,,,37.521495,127.022597,,0,"https://www.google.com/maps/search/?api=1&query=37.521495,127.022597",반려동물분양
1101,ペットショップ,Pet shop,ケイドクST,Keidok ST,케이독ST,,江南区,Gangnam-gu,서울 강남구 강남대로156길 31-7,,,,37.519009,127.0213,1.0,68,"https://www.google.com/maps/search/?api=1&query=37.519009,127.0213",반려동물분양
1102,ペットショップ,Pet shop,ケイワン,Keiwang,케이왕,,江南区,Gangnam-gu,서울 강남구 영동대로118길 30-4,02-548-1245,,http://www.amylovespet.co.kr/,37.516712,127.06205,,1,"https://www.google.com/maps/search/?api=1&query=37.516712,127.06205",반려동물용품
1103,ペットショップ,Pet shop,キベイチク,Ki Bay Jik,키베이직,,江南区,Gangnam-gu,서울 강남구 논현로98길 28,070-8866-7749,,,37.504136,127.038017,,0,"https://www.google.com/maps/search/?api=1&query=37.504136,127.038017",반려동물용품
1104,ペットショップ,Pet shop,キムスケンネル カンナムジョム,Kimseukennel Gangnamjeom,킴스켄넬 강남점,,江南区,Gangnam-gu,서울 강남구 삼성로149길 3-8,010-4150-0079,,http://www.kimskn.co.kr/,37.522943,127.047186,1.0,74,"https://www.google.com/maps/search/?api=1&query=37.522943,127.047186",반려동물분양
1105,ペットショップ,Pet shop,タムアンドポル,Tam and Pol,탐앤드폴,,江南区,Gangnam-gu,서울 강남구 삼성로 40,,,,37.488959,127.066654,,0,"https://www.google.com/maps/search/?api=1&query=37.488959,127.066654",반려동물용품
1106,ペットショップ,Pet shop,チムボウルプ,Timbeoulpeu,팀버울프,,江南区,Gangnam-gu,서울 강남구 강남대로146길 7,02-325-1102,,,37.514801,127.020767,,0,"https://www.google.com/maps/search/?api=1&query=37.514801,127.020767",반려동물용품
1107,ペットショップ,Pet shop,ポプルポピ,Peopeulpeopi,퍼플퍼피,,江南区,Gangnam-gu,서울 강남구 압구정로18길 14,02-545-1211,,,37.523952,127.024562,,2,"https://www.google.com/maps/search/?api=1&query=37.523952,127.024562",반려동물분양
1108,ペットショップ,Pet shop,ポピヴィレッジ チョンダムジョム,Peopi Village Cheongdamjeom,퍼피빌리지 청담점,,江南区,Gangnam-gu,서울 강남구 학동로82길 13,010-6834-5155,https://www.instagram.com/puppy_village__,,37.518062,127.051694,,3,"https://www.google.com/maps/search/?api=1&query=37.518062,127.051694",반려동물분양
1109,ペットショップ,Pet shop,ポピポピ,Peopipeopi,퍼피퍼피,,江南区,Gangnam-gu,서울 강남구 테헤란로20길 19,070-7682-3288,,,37.498545,127.035044,,1,"https://www.google.com/maps/search/?api=1&query=37.498545,127.035044",반려동물용품
1110,ペットショップ,Pet shop,ポンキココ,Peongkikoko,펑키코코,,江南区,Gangnam-gu,서울 강남구 봉은사로69길 11,02-6082-1252,,http://www.funkycoco.co.kr/,37.512765,127.049055,4.0,16,"https://www.google.com/maps/search/?api=1&query=37.512765,127.049055",반려동물용품
1111,ペットショップ,Pet shop,ペスルム,Peseurum,페스룸,,江南区,Gangnam-gu,서울 강남구 테헤란로44길 8,1644-9603,,https://www.pethroom.com/,37.502324,127.044446,2.5,0,"https://www.google.com/maps/search/?api=1&query=37.502324,127.044446",반려동물용품
1112,ペットショップ,Pet shop,ペペロニ,Peperoni,페페로니,,江南区,Gangnam-gu,서울 강남구 삼성로119길 21,02-543-8824,,http://www.pepenroni.com/,37.515637,127.049792,,4,"https://www.google.com/maps/search/?api=1&query=37.515637,127.049792",반려동물용품
1113,ペットショップ,Pet shop,ペッブチク ケルロリアベクファジョム ウェストジョム,Petbutikeu Gaelleoriabaekhwajeom Weseuteujeom,펫부티크 갤러리아백화점 웨스트점,,江南区,Gangnam-gu,서울 강남구 압구정로 343,02-6905-4265,,,37.528485,127.040112,,2,"https://www.google.com/maps/search/?api=1&query=37.528485,127.040112",반려동물용품
1114,ペットショップ,Pet shop,ペッセンガク,Petsaenggak,펫생각,,江南区,Gangnam-gu,서울 강남구 선릉로 613,1600-9643,,https://thinkpets.co.kr,37.511502,127.043055,,4,"https://www.google.com/maps/search/?api=1&query=37.511502,127.043055",반려동물용품
1115,ペットショップ,Pet shop,ペッジェイ ソウルボンジョム,Petjei Seoulbonjeom,펫제이 서울본점,,江南区,Gangnam-gu,서울 강남구 압구정로80길 36,1522-2016,,http://www.pet-j.net,37.524732,127.04378,,14,"https://www.google.com/maps/search/?api=1&query=37.524732,127.04378",반려동물분양
1116,ペットショップ,Pet shop,ペッチュノルロジ,Petcheunolloji,펫츠놀로지,,江南区,Gangnam-gu,서울 강남구 봉은사로30길 54,1577-3854,,,37.50403,127.036123,,2,"https://www.google.com/maps/search/?api=1&query=37.50403,127.036123",반려동물용품
1117,ペットショップ,Pet shop,ペッチュエンミ,Petcheuaenmi,펫츠앤미,,江南区,Gangnam-gu,서울 강남구 논현로8길 32-19,0502-5551-9456,,,37.473494,127.050335,,0,"https://www.google.com/maps/search/?api=1&query=37.473494,127.050335",반려동물용품
1118,ペットショップ,Pet shop,ペップレシ,Petpeuresi,펫프레시,,江南区,Gangnam-gu,서울 강남구 선릉로93길 40,02-3280-2147,,https://www.petfresh.co.kr,37.504639,127.045476,,0,"https://www.google.com/maps/search/?api=1&query=37.504639,127.045476",반려동물용품
1119,ペットショップ,Pet shop,ペップレンジュ,Petpeurenjeu,펫프렌즈,,江南区,Gangnam-gu,서울 강남구 도산대로4길 15,070-5096-0900,,https://www.pet-friends.co.kr,37.515454,127.021434,2.2,5,"https://www.google.com/maps/search/?api=1&query=37.515454,127.021434",반려동물용품
1120,ペットショップ,Pet shop,ポドペッ,Podeopet,포더펫,,江南区,Gangnam-gu,서울 강남구 논현로63길 16,,,,37.492993,127.039098,,0,"https://www.google.com/maps/search/?api=1&query=37.492993,127.039098",반려동물용품
1121,ペットショップ,Pet shop,ポバイトゥ,Pobaitu,포바이투,,江南区,Gangnam-gu,서울 강남구 테헤란로 415,1811-0342,,https://m.drfelis.com/,37.50579,127.051541,,0,"https://www.google.com/maps/search/?api=1&query=37.50579,127.051541",반려동물용품
1122,ペットショップ,Pet shop,ポコニモル,Pokonimeol,포코니멀,,江南区,Gangnam-gu,서울 강남구 도곡로73길 12,010-4441-3523,,,37.498688,127.057245,,24,"https://www.google.com/maps/search/?api=1&query=37.498688,127.057245",반려동물용품
1123,ペットショップ,Pet shop,ポムスモン,Pomseumong,폼스몽,,江南区,Gangnam-gu,서울 강남구 도산대로85길 39-5,1666-3572,,https://www.pomsmong.com/,37.527454,127.049498,,2,"https://www.google.com/maps/search/?api=1&query=37.527454,127.049498",반려동물분양
1124,ペットショップ,Pet shop,プリセント,Peurisenteu,프리센트,,江南区,Gangnam-gu,서울 강남구 테헤란로82길 15,1544-4915,,http://www.theprescent.com/,37.506046,127.058228,,0,"https://www.google.com/maps/search/?api=1&query=37.506046,127.058228",반려동물용품
1125,ペットショップ,Pet shop,プンプン,Peunpeun,픈픈,,江南区,Gangnam-gu,서울 강남구 언주로106길 41,02-6346-4004,,https://fnfn.kr/index.html,37.50864,127.043056,1.0,0,"https://www.google.com/maps/search/?api=1&query=37.50864,127.043056",반려동물용품
1126,ペットショップ,Pet shop,ピエネイチプルレイス,Piaeneichipeulleiseu,피앤에이치플레이스,,江南区,Gangnam-gu,서울 강남구 논현로106길 40,02-501-2627,,,37.506813,127.037645,,0,"https://www.google.com/maps/search/?api=1&query=37.506813,127.037645",반려동물용품
1127,ペットショップ,Pet shop,ピチエンクリーム ポンジョム,Pichiaen Cream Bonjeom,피치앤크림 본점,,江南区,Gangnam-gu,서울 강남구 테헤란로79길 33,02-334-4689,,https://www.peachncream.com/,37.508958,127.054457,,7,"https://www.google.com/maps/search/?api=1&query=37.508958,127.054457",반려동물용품
1128,ペットショップ,Pet shop,ピッペッ,Pitpet,핏펫,,江南区,Gangnam-gu,서울 강남구 테헤란로107길 6,02-6339-1800,https://www.instagram.com/fitpet_official/,,37.510234,127.065605,,1,"https://www.google.com/maps/search/?api=1&query=37.510234,127.065605",반려동물용품
1129,ペットショップ,Pet shop,ハウンドパッ,Haundeupat,하운드팟,,江南区,Gangnam-gu,서울 강남구 도산대로15길 27,02-792-4056,,https://www.houndpot.com/,37.520043,127.023615,,0,"https://www.google.com/maps/search/?api=1&query=37.520043,127.023615",반려동물용품
1130,ペットショップ,Pet shop,ハングクプロビドンス 動物ヤクプム,Hangukpeurobideonseu Animal Yakpum,한국프로비던스 동물약품,,江南区,Gangnam-gu,서울 강남구 테헤란로4길 6,02-555-4328,,http://www.farmina.co.kr/shop/,37.497667,127.029285,1.0,0,"https://www.google.com/maps/search/?api=1&query=37.497667,127.029285",반려동물용품
1131,ペットショップ,Pet shop,ホグル ポンサ,Heogeul Bonsa,허글 본사,,江南区,Gangnam-gu,서울 강남구 언주로 652,1688-5001,,https://smartstore.naver.com/hugglemall,37.515163,127.035748,,0,"https://www.google.com/maps/search/?api=1&query=37.515163,127.035748",반려동물용품
1132,ペットショップ,Pet shop,ホサガ,Hosaga,호사가,,江南区,Gangnam-gu,서울 강남구 논현로168길 36,010-3235-6828,,,37.523209,127.030994,,0,"https://www.google.com/maps/search/?api=1&query=37.523209,127.030994",반려동물용품
1133,ペットショップ,Pet shop,ヒオロペッ,Hieoropet,히어로펫,,江南区,Gangnam-gu,서울 강남구 강남대로122길 47,,,,37.508973,127.026684,,1,"https://www.google.com/maps/search/?api=1&query=37.508973,127.026684",반려동물분양
1134,ペットショップ,Pet shop,カンニャンイシュポ,Gangnyangisyupeo,강냥이슈퍼,,江東区,Gangdong-gu,서울 강동구 고덕로 140,070-4090-9181,,,37.554518,127.140865,5.0,1,"https://www.google.com/maps/search/?api=1&query=37.554518,127.140865",반려동물용품
1135,ペットショップ,Pet shop,カンアジゴヤンイピョヌィジョム カンドンアムサジョム,Gangajigoyangipyeonuijeom Gangdongamsajeom,강아지고양이편의점 강동암사점,,江東区,Gangdong-gu,서울 강동구 구천면로 319,02-3394-9003,,http://www.petstore24.co.kr/,37.548116,127.135283,,0,"https://www.google.com/maps/search/?api=1&query=37.548116,127.135283",강아지고양이편의점
1136,トリミング,Grooming,ケイップダ,Gaeippeuda,개이쁘다,,江東区,Gangdong-gu,서울 강동구 암사길 41,02-427-5888,https://www.instagram.com/petsalon_dogpretty4/,,37.551963,127.133855,5.0,10,"https://www.google.com/maps/search/?api=1&query=37.551963,127.133855",반려동물미용
1137,ペットショップ,Pet shop,ケコジプ,Gekojip,게코집,,江東区,Gangdong-gu,서울 강동구 올림픽로 659,,http://www.instagram.com/geckozip,,37.540306,127.123565,,0,"https://www.google.com/maps/search/?api=1&query=37.540306,127.123565",반려동물분양
1138,ペットショップ,Pet shop,クンミンペッ,Gungminpet,국민펫,,江東区,Gangdong-gu,서울 강동구 고덕로14길 61,,,,37.551938,127.131205,,0,"https://www.google.com/maps/search/?api=1&query=37.551938,127.131205",반려동물용품
1139,ペットショップ,Pet shop,ッコットンケンネル,Kkottongkennel,꼬똥켄넬,,江東区,Gangdong-gu,서울 강동구 구천면로29길 23,02-472-9966,https://www.instagram.com/coton_kennel_?igsh=MWU2YmFmcjFjcHU0Zg%3D%3D&utm_source=qr,,37.541518,127.129256,,46,"https://www.google.com/maps/search/?api=1&query=37.541518,127.129256",반려동물분양
1140,ペットショップ,Pet shop,タルペッ,Dalpet,달펫,,江東区,Gangdong-gu,서울 강동구 성안로 180,010-2484-9438,,https://blog.naver.com/dal9438,37.538948,127.136296,,21,"https://www.google.com/maps/search/?api=1&query=37.538948,127.136296",반려동물분양
1141,ペットショップ,Pet shop,トグボヂ ミョンイルジョム,Dogeubeodi Myeongiljeom,도그버디 명일점,,江東区,Gangdong-gu,서울 강동구 양재대로138길 11,02-3013-0138,,https://blog.naver.com/cyberhyunggul,37.549738,127.144585,,1,"https://www.google.com/maps/search/?api=1&query=37.549738,127.144585",반려동물용품
1142,ペットショップ,Pet shop,トゥナペッコリア,Dunapetkoria,두나펫코리아,,江東区,Gangdong-gu,서울 강동구 구천면로41길 79,02-482-8633,,,37.547425,127.130004,,0,"https://www.google.com/maps/search/?api=1&query=37.547425,127.130004",반려동물용품
1143,ペットショップ,Pet shop,トゥンジ動物ポホヒョプフェ,Dungji Animal Bohohyeophoe,둥지동물보호협회,,江東区,Gangdong-gu,서울 강동구 양재대로102가길 50,010-5286-5664,,,37.530063,127.141432,,0,"https://www.google.com/maps/search/?api=1&query=37.530063,127.141432",반려동물용품
1144,ペットショップ,Pet shop,ライプ&ペット,Raipeu & Pet,라이프&펫,,江東区,Gangdong-gu,서울 강동구 양재대로128길 28,,,https://blog.naver.com/ysh990914,37.544597,127.144347,,0,"https://www.google.com/maps/search/?api=1&query=37.544597,127.144347",반려동물분양
1145,ペットショップ,Pet shop,ラピアカンパニー,Rapia Company,라피아컴퍼니,,江東区,Gangdong-gu,서울 강동구 성안로7길 49,070-4132-1974,,,37.528499,127.127939,,0,"https://www.google.com/maps/search/?api=1&query=37.528499,127.127939",반려동물용품
1146,ペットショップ,Pet shop,レクドルケトリ,Raekdolkaeteori,랙돌캐터리,,江東区,Gangdong-gu,서울 강동구 상암로 20,,,,37.550647,127.125807,5.0,0,"https://www.google.com/maps/search/?api=1&query=37.550647,127.125807",반려동물분양
1147,ペットショップ,Pet shop,ロブペッ愛犬シャプ,Reobeupet Dog Syap,러브펫애견샵,,江東区,Gangdong-gu,서울 강동구 천호대로185길 89,,,,37.538051,127.142088,,0,"https://www.google.com/maps/search/?api=1&query=37.538051,127.142088",반려동물용품
1148,ペットショップ,Pet shop,マニサゲ,Manisagae,마니사개,,江東区,Gangdong-gu,서울 강동구 구천면로 259-1,02-6014-4660,,,37.543491,127.131826,5.0,2,"https://www.google.com/maps/search/?api=1&query=37.543491,127.131826",반려동물용품
1149,トリミング,Grooming,マイチェイス,My Jeiseu,마이제이스,,江東区,Gangdong-gu,서울 강동구 성안로3길 23,070-7954-8942,,https://naver.me/xVQ8118I,37.525895,127.1283,5.0,3,"https://www.google.com/maps/search/?api=1&query=37.525895,127.1283",반려동물미용
1150,ペットショップ,Pet shop,マイペッ トゥンチョンジョム,My Pet Dunchonjeom,마이펫 둔촌점,,江東区,Gangdong-gu,서울 강동구 양재대로 1355,02-473-5751,,,37.527663,127.135678,5.0,2,"https://www.google.com/maps/search/?api=1&query=37.527663,127.135678",반려동물용품
1151,ペットショップ,Pet shop,モンニャンウィミンジョク トゥンチョンジョム,Meongnyanguiminjok Dunchonjeom,멍냥의민족 둔촌점,,江東区,Gangdong-gu,서울 강동구 양재대로 1360,,,https://www.mungmin.com,37.527476,127.137046,,1,"https://www.google.com/maps/search/?api=1&query=37.527476,127.137046",멍냥의민족
1152,ペットショップ,Pet shop,モンニャンイチャンゴ アムサジョム,Meongnyangichanggo Amsajeom,멍냥이창고 암사점,,江東区,Gangdong-gu,서울 강동구 고덕로 81,02-427-5873,,,37.554952,127.134485,,0,"https://www.google.com/maps/search/?api=1&query=37.554952,127.134485",반려동물용품
1153,ペットショップ,Pet shop,モンットル,Meongtteul,멍뜰,,江東区,Gangdong-gu,서울 강동구 아리수로68길 24,0502-5554-0802,,https://montelier.co.kr/,37.561726,127.15644,5.0,0,"https://www.google.com/maps/search/?api=1&query=37.561726,127.15644",반려동물용품
1154,ペットショップ,Pet shop,モンモンイジプ,Meongmeongijip,멍멍이집,,江東区,Gangdong-gu,서울 강동구 천호대로193길 36,02-487-0940,,,37.536689,127.145165,5.0,0,"https://www.google.com/maps/search/?api=1&query=37.536689,127.145165",반려동물분양
1155,ペットショップ,Pet shop,ミニペッ ソンネジョム,Minipet Seongnaejeom,미니펫 성내점,,江東区,Gangdong-gu,서울 강동구 풍성로37가길 6,02-470-8442,,,37.533347,127.126585,,0,"https://www.google.com/maps/search/?api=1&query=37.533347,127.126585",반려동물분양
1156,ペットショップ,Pet shop,ミミンコ,Mimingko,미밍코,,江東区,Gangdong-gu,서울 강동구 성안로 163,02-2225-0256,,http://miminko.kr/,37.53776,127.135274,,0,"https://www.google.com/maps/search/?api=1&query=37.53776,127.135274",반려동물용품
1157,ペットショップ,Pet shop,パルコ,Bareuko,바르코,,江東区,Gangdong-gu,서울 강동구 성내로6길 31,02-474-8586,,http://www.barko.co.kr,37.52836,127.122717,,0,"https://www.google.com/maps/search/?api=1&query=37.52836,127.122717",반려동물용품
1158,ペットショップ,Pet shop,ポクシリワナビ,Boksiriwanabi,복실이와나비,,江東区,Gangdong-gu,서울 강동구 천호대로163길 21,010-7223-8374,,,37.537545,127.130944,2.0,1,"https://www.google.com/maps/search/?api=1&query=37.537545,127.130944",반려동물용품
1159,ペットショップ,Pet shop,スウィッハゲ,Seuwithagae,스윗하개,,江東区,Gangdong-gu,서울 강동구 상암로 61,,,,37.549059,127.130229,,3,"https://www.google.com/maps/search/?api=1&query=37.549059,127.130229",반려동물용품
1160,ペットショップ,Pet shop,ストーンマミ,Stone Mami,스톤마미,,江東区,Gangdong-gu,서울 강동구 강동대로53길 57-10,0503-7154-4082,,,37.525631,127.131787,,0,"https://www.google.com/maps/search/?api=1&query=37.525631,127.131787",반려동물용품
1161,ペットショップ,Pet shop,ッソペッ カンドンボンジョム,Ssopet Gangdongbonjeom,쏘펫 강동본점,,江東区,Gangdong-gu,서울 강동구 양재대로128길 28,070-8064-1637,,,37.544621,127.144385,,0,"https://www.google.com/maps/search/?api=1&query=37.544621,127.144385",반려동물분양
1162,ペットショップ,Pet shop,アムドオプゲ ミョンイルジョム,Amudoeopgae Myeongiljeom,아무도없개 명일점,,江東区,Gangdong-gu,서울 강동구 상암로 201,010-4182-0078,,https://updog.kr,37.546591,127.145026,,25,"https://www.google.com/maps/search/?api=1&query=37.546591,127.145026",아무도없개
1163,ペットショップ,Pet shop,ヤオンアモンモンヘブァ ミョンイリョクジョム,Yaongameongmeonghaebwa Myeongiryeokjeom,야옹아멍멍해봐 명일역점,,江東区,Gangdong-gu,서울 강동구 양재대로 지하 1632,010-5612-0654,,,37.55126,127.144,5.0,1,"https://www.google.com/maps/search/?api=1&query=37.55126,127.144",반려동물용품
1164,ペットショップ,Pet shop,ヤオンアモンモンヘブァ アムサヨクジョム,Yaongameongmeonghaebwa Amsayeokjeom,야옹아멍멍해봐 암사역점,,江東区,Gangdong-gu,서울 강동구 올림픽로 지하 776,010-5612-0654,,,37.550138,127.127541,,1,"https://www.google.com/maps/search/?api=1&query=37.550138,127.127541",반려동물용품
1165,ペットショップ,Pet shop,オバウッドク,Eobautdok,어바웃독,,江東区,Gangdong-gu,서울 강동구 양재대로101길 41,02-558-8077,,,37.532596,127.135547,,1,"https://www.google.com/maps/search/?api=1&query=37.532596,127.135547",반려동물분양
1166,ペットショップ,Pet shop,オバウッチコプポピ,Eobauttikeoppeopi,어바웃티컵퍼피,,江東区,Gangdong-gu,서울 강동구 양재대로101길 41,02-558-8077,,,37.53264,127.135525,,0,"https://www.google.com/maps/search/?api=1&query=37.53264,127.135525",반려동물분양
1167,ペットショップ,Pet shop,オンマンジンチャンドマベミョングソ,Eongmangjinchangdomabaemyeonguso,엉망진창도마뱀연구소,,江東区,Gangdong-gu,서울 강동구 상일로19길 25,,,https://blog.naver.com/gecko_lab/,37.55915,127.169434,,31,"https://www.google.com/maps/search/?api=1&query=37.55915,127.169434",반려동물분양
1168,ペットショップ,Pet shop,イェグリナ,Yegeurina,예그리나,,江東区,Gangdong-gu,서울 강동구 상암로 257,,,,37.546751,127.151209,,0,"https://www.google.com/maps/search/?api=1&query=37.546751,127.151209",반려동물용품
1169,ペットショップ,Pet shop,オルリブネ ペッサロン,Ollibeune Pet Salon,올리브네 펫살롱,,江東区,Gangdong-gu,서울 강동구 양재대로115길 22,,,,37.539096,127.139204,,1,"https://www.google.com/maps/search/?api=1&query=37.539096,127.139204",반려동물분양
1170,ペットショップ,Pet shop,チャンボヌンガンアジワゴヤンイ カンドンドゥンチョンジョム,Jangboneungangajiwagoyangi Gangdongdunchonjeom,장보는강아지와고양이 강동둔촌점,,江東区,Gangdong-gu,서울 강동구 천호대로 1224,070-8875-4286,https://www.instagram.com/dogcatgangdong,,37.53554,127.14691,5.0,6,"https://www.google.com/maps/search/?api=1&query=37.53554,127.14691",장보는강아지와고양이
1171,トリミング,Grooming,チュルミ愛犬トリミングタウン,Jureumi Dog Grooming Town,주름이애견미용타운,,江東区,Gangdong-gu,서울 강동구 암사길 26,,,,37.551603,127.132162,,0,"https://www.google.com/maps/search/?api=1&query=37.551603,127.132162",반려동물분양
1172,ペットショップ,Pet shop,コオロン愛犬,Koorong Dog,코오롱애견,,江東区,Gangdong-gu,서울 강동구 성안로 107,02-485-2248,,,37.532919,127.133021,2.3,1,"https://www.google.com/maps/search/?api=1&query=37.532919,127.133021",반려동물용품
1173,ペットショップ,Pet shop,クレゴンジャクソ,Keuregongjakso,크레공작소,,江東区,Gangdong-gu,서울 강동구 천중로53길 13,,,,37.541392,127.145146,,0,"https://www.google.com/maps/search/?api=1&query=37.541392,127.145146",반려동물용품
1174,ペットショップ,Pet shop,クレエンクリーム,Keureaen Cream,크레앤크림,,江東区,Gangdong-gu,서울 강동구 천중로5길 25,010-4331-2316,https://www.instagram.com/thescale_cnc?igsh=NDg0dzR3b3hweHM2,,37.546465,127.123853,5.0,0,"https://www.google.com/maps/search/?api=1&query=37.546465,127.123853",반려동물분양
1175,ペットショップ,Pet shop,キコペッ トンブジジョム,Kikopet Dongbujijeom,키코펫 동부지점,,江東区,Gangdong-gu,서울 강동구 천호대로 1162,010-4443-8494,,http://thekico.co.kr,37.533252,127.140796,,0,"https://www.google.com/maps/search/?api=1&query=37.533252,127.140796",반려동물용품
1176,ペットショップ,Pet shop,トゥテイルス,Tuteilseu,투테일스,,江東区,Gangdong-gu,서울 강동구 성안로 93,010-222-8457,,,37.531865,127.132475,,1,"https://www.google.com/maps/search/?api=1&query=37.531865,127.132475",반려동물용품
1177,ペットショップ,Pet shop,チグリスゲコ ソウルガンドンジョム,Tigeuriseugeko Seoulgangdongjeom,티그리스게코 서울강동점,,江東区,Gangdong-gu,서울 강동구 상암로 8-1,,https://www.instagram.com/tigris_seoul/,,37.551173,127.124665,5.0,15,"https://www.google.com/maps/search/?api=1&query=37.551173,127.124665",반려동물분양
1178,ペットショップ,Pet shop,パチュンニュシャプ トマベミョングソ,Pachungnyusyap Domabaemyeonguso,파충류샵 도마뱀연구소,,江東区,Gangdong-gu,서울 강동구 동남로82길 111,010-7444-1879,,,37.560438,127.16315,,12,"https://www.google.com/maps/search/?api=1&query=37.560438,127.16315",반려동물분양
1179,ペットショップ,Pet shop,ペッマート ソウルチョンホジョム,Pet Mart Seoulcheonhojeom,펫마트 서울천호점,,江東区,Gangdong-gu,서울 강동구 천호대로 995,02-470-1550,,http://www.petmart.co.kr,37.5391,127.122974,5.0,21,"https://www.google.com/maps/search/?api=1&query=37.5391,127.122974",펫마트
1180,ペットショップ,Pet shop,ペッブロ,Petbeuro,펫브로,,江東区,Gangdong-gu,서울 강동구 구천면로 504,,,,37.549094,127.154432,,0,"https://www.google.com/maps/search/?api=1&query=37.549094,127.154432",반려동물용품
1181,ペットショップ,Pet shop,ペックラブ ミョンイルジョム,Pet Club Myeongiljeom,펫클럽 명일점,,江東区,Gangdong-gu,서울 강동구 구천면로 428,02-3428-4036,,,37.550224,127.146033,,0,"https://www.google.com/maps/search/?api=1&query=37.550224,127.146033",반려동물분양
1182,ペットショップ,Pet shop,ペックラブ サンイルジョム,Pet Club Sangiljeom,펫클럽 상일점,,江東区,Gangdong-gu,서울 강동구 천호대로 1459,02-429-3051,,http://petclub.co.kr/,37.546022,127.170313,,0,"https://www.google.com/maps/search/?api=1&query=37.546022,127.170313",반려동물용품
1183,ペットショップ,Pet shop,ペップルロス,Petpeulleoseu,펫플러스,,江東区,Gangdong-gu,서울 강동구 구천면로 192,1522-4264,,https://www.doggynkitty.co.kr,37.540358,127.125819,,0,"https://www.google.com/maps/search/?api=1&query=37.540358,127.125819",반려동물용품
1184,ペットショップ,Pet shop,ポオルリ,Poolli,포올리,,江東区,Gangdong-gu,서울 강동구 양재대로 1595,010-2569-4521,https://www.instagram.com/pawolli_official?igsh=ZGJsczZpcmJzZ3gy&utm_source=qr,,37.547968,127.143171,,1,"https://www.google.com/maps/search/?api=1&query=37.547968,127.143171",반려동물용품
1185,ペットショップ,Pet shop,ポルリパーク アムサジョム,Polli Park Amsajeom,폴리파크 암사점,,江東区,Gangdong-gu,서울 강동구 올림픽로98길 8,070-7844-9228,,https://polypark.co.kr/,37.551129,127.128438,,2,"https://www.google.com/maps/search/?api=1&query=37.551129,127.128438",반려동물용품
1186,ペットショップ,Pet shop,プリミオムペッ,Peurimieompet,프리미엄펫,,江東区,Gangdong-gu,서울 강동구 구천면로 160,02-476-9746,,http://premiumpet.co.kr,37.541731,127.122485,,58,"https://www.google.com/maps/search/?api=1&query=37.541731,127.122485",반려동물분양
1187,ペットショップ,Pet shop,ハルッガンアジ,Harutgangaji,하룻강아지,,江東区,Gangdong-gu,서울 강동구 양재대로 1522,,,http://blog.naver.com/jong555111,37.541483,127.141707,,0,"https://www.google.com/maps/search/?api=1&query=37.541483,127.141707",반려동물분양
1188,ペットショップ,Pet shop,ハイモンニャン ソウルボンジョム,High Meongnyang Seoulbonjeom,하이멍냥 서울본점,,江東区,Gangdong-gu,서울 강동구 아리수로50길 50,010-7698-4200,,https://blog.naver.com/hi_meong_nyang,37.558375,127.151067,2.3,36,"https://www.google.com/maps/search/?api=1&query=37.558375,127.151067",반려동물분양
1189,ペットショップ,Pet shop,ホジ,Hoji,호지,,江東区,Gangdong-gu,서울 강동구 천호대로219가길 8,1544-1819,,https://hozi.co.kr/,37.546547,127.170867,,19,"https://www.google.com/maps/search/?api=1&query=37.546547,127.170867",반려동물용품
1190,ペットショップ,Pet shop,ホワイト愛犬,White Dog,화이트애견,,江東区,Gangdong-gu,서울 강동구 고덕로14길 61,02-473-4663,,,37.551928,127.131225,,0,"https://www.google.com/maps/search/?api=1&query=37.551928,127.131225",반려동물용품
1191,ペットショップ,Pet shop,365 愛玩用品ハリンマート,365 Pet Supplies Harin Mart,365 애완용품할인마트,,江北区,Gangbuk-gu,서울 강북구 노해로23길 77,,,,37.646128,127.01944,,0,"https://www.google.com/maps/search/?api=1&query=37.646128,127.01944",반려동물용품
1192,ペットショップ,Pet shop,カンアジゴヤンイピョヌィジョム ミアジョム,Gangajigoyangipyeonuijeom Miajeom,강아지고양이편의점 미아점,,江北区,Gangbuk-gu,서울 강북구 월계로 39,02-3394-9003,,http://www.petstore24.co.kr/,37.611247,127.034016,,4,"https://www.google.com/maps/search/?api=1&query=37.611247,127.034016",강아지고양이편의점
1193,ペットショップ,Pet shop,ケピョンハンセサン,Gaepyeonhansesang,개편한세상,,江北区,Gangbuk-gu,서울 강북구 삼양로163길 13,010-5718-3359,,https://blog.naver.com/dptmf5450,37.658564,127.01301,3.5,0,"https://www.google.com/maps/search/?api=1&query=37.658564,127.01301",반려동물용품
1194,ペットショップ,Pet shop,キョンセンニャンプム 24時間 無人ペットショップ ソウルミアヨクジョム,Gyeonsaengnyangpum 24h Unmanned Pet Shop Seoulmiayeokjeom,견생냥품 24시 무인펫샵 서울미아역점,はい/Yes,江北区,Gangbuk-gu,서울 강북구 솔매로 109,,,https://petgz.com/,37.625867,127.024253,,10,"https://www.google.com/maps/search/?api=1&query=37.625867,127.024253",견생냥품 24시 무인펫샵
1195,ペットショップ,Pet shop,キョンセンニャンプム 24時間 無人ペットショップ ソウルスユヨクジョム,Gyeonsaengnyangpum 24h Unmanned Pet Shop Seoulsuyuyeokjeom,견생냥품 24시 무인펫샵 서울수유역점,はい/Yes,江北区,Gangbuk-gu,서울 강북구 도봉로83길 10,,,https://petgz.com/,37.637496,127.02412,3.0,1,"https://www.google.com/maps/search/?api=1&query=37.637496,127.02412",견생냥품 24시 무인펫샵
1196,ペットショップ,Pet shop,ナラ&ソンイ愛犬シャプ,Nara & Songi Dog Syap,나라&송이애견샵,,江北区,Gangbuk-gu,서울 강북구 한천로144길 54,070-8165-8002,,,37.643003,127.027258,,0,"https://www.google.com/maps/search/?api=1&query=37.643003,127.027258",반려동물용품
1197,ペットショップ,Pet shop,ノランハムッケ,Neoranghamkke,너랑함께,,江北区,Gangbuk-gu,서울 강북구 오현로 169,,,,37.627351,127.037474,5.0,0,"https://www.google.com/maps/search/?api=1&query=37.627351,127.037474",반려동물용품
1198,ペットショップ,Pet shop,タモンスジェガンシク,Damongsujegansik,다몽수제간식,,江北区,Gangbuk-gu,서울 강북구 솔샘로 174,,,,37.617638,127.0106,,0,"https://www.google.com/maps/search/?api=1&query=37.617638,127.0106",반려동물용품
1199,ペットショップ,Pet shop,タジョンハゴマシッゲ,Dajeonghagomasitgae,다정하고맛있개,,江北区,Gangbuk-gu,서울 강북구 삼양로 369,0502-5550-7810,https://instagram.com/damatgae,,37.636373,127.017122,5.0,17,"https://www.google.com/maps/search/?api=1&query=37.636373,127.017122",반려동물용품
1200,ペットショップ,Pet shop,テンニャンイピョヌィジョム,Daengnyangipyeonuijeom,댕냥이편의점,,江北区,Gangbuk-gu,서울 강북구 화계사길 5,,,,37.633656,127.013069,,0,"https://www.google.com/maps/search/?api=1&query=37.633656,127.013069",반려동물용품
1201,ペットショップ,Pet shop,ロブルリチュ,Reobeullichyu,러블리츄,,江北区,Gangbuk-gu,서울 강북구 삼양로80나길 45,010-9481-0666,https://www.instagram.com/lovelychu_official/,,37.633009,127.020197,,0,"https://www.google.com/maps/search/?api=1&query=37.633009,127.020197",반려동물용품
1202,ペットショップ,Pet shop,モンガネ,Meonggane,멍가네,,江北区,Gangbuk-gu,서울 강북구 오패산로30길 74,010-4419-3326,,https://blog.naver.com/munggane,37.616357,127.035286,,88,"https://www.google.com/maps/search/?api=1&query=37.616357,127.035286",반려동물분양
1203,ペットショップ,Pet shop,モンニャンスター カンアジ分譲 コヤンイ分譲 スユジョム,Meongnyang Star Gangaji Adoption Goyangi Adoption Suyujeom,멍냥스타 강아지분양 고양이분양 수유점,,江北区,Gangbuk-gu,서울 강북구 도봉로 403,010-9793-0477,,https://m.place.naver.com/place/2086723698/home?entry=pll,37.642539,127.030122,,6,"https://www.google.com/maps/search/?api=1&query=37.642539,127.030122",반려동물분양
1204,ペットショップ,Pet shop,モンニャンハウス,Meongnyang House,멍냥하우스,,江北区,Gangbuk-gu,서울 강북구 한천로 1167,,,,37.647671,127.015751,,0,"https://www.google.com/maps/search/?api=1&query=37.647671,127.015751",반려동물용품
1205,ペットショップ,Pet shop,モンモンワルァル,Meongmeongwarwal,멍멍왈왈,,江北区,Gangbuk-gu,서울 강북구 도봉로99길 16,0506-816-4263,,,37.642632,127.029199,,2,"https://www.google.com/maps/search/?api=1&query=37.642632,127.029199",반려동물용품
1206,ペットショップ,Pet shop,モンス,Meongseu,멍스,,江北区,Gangbuk-gu,서울 강북구 솔샘로67길 108,02-983-3866,,https://blog.naver.com/jjhguess,37.621957,127.027108,,142,"https://www.google.com/maps/search/?api=1&query=37.621957,127.027108",반려동물용품
1207,ペットショップ,Pet shop,ペルロンスペッ スユシジャンジョム,Baelleonseupet Suyusijangjeom,밸런스펫 수유시장점,,江北区,Gangbuk-gu,서울 강북구 도봉로67길 18,,,,37.630728,127.022961,,0,"https://www.google.com/maps/search/?api=1&query=37.630728,127.022961",반려동물용품
1208,ペットショップ,Pet shop,ポブルペッ,Beobeulpet,버블펫,,江北区,Gangbuk-gu,서울 강북구 오패산로52길 28,02-987-9808,,,37.624062,127.032225,,0,"https://www.google.com/maps/search/?api=1&query=37.624062,127.032225",반려동물분양
1209,ペットショップ,Pet shop,ピョペッ コルドンヘムストジョンムンジョム,Byopet Goldeunhaemseuteojeonmunjeom,뵤펫 골든햄스터전문점,,江北区,Gangbuk-gu,서울 강북구 삼양로 510-5,010-4789-1946,,https://m.blog.naver.com/jgirl11004?tab=1,37.64878,127.014379,,0,"https://www.google.com/maps/search/?api=1&query=37.64878,127.014379",반려동물분양
1210,ペットショップ,Pet shop,シャプアイスクリーム,Syap Ice Cream,샵아이스크림,,江北区,Gangbuk-gu,서울 강북구 삼양로118길 46,,,,37.644073,127.018522,,1,"https://www.google.com/maps/search/?api=1&query=37.644073,127.018522",반려동물용품
1211,ペットショップ,Pet shop,ソルセムペッ,Solsaempet,솔샘펫,,江北区,Gangbuk-gu,서울 강북구 솔샘로 226,02-986-0012,,,37.619859,127.017806,4.2,2,"https://www.google.com/maps/search/?api=1&query=37.619859,127.017806",반려동물용품
1212,ペットショップ,Pet shop,スネンモン,Seunaengmong,스낵몽,,江北区,Gangbuk-gu,서울 강북구 4.19로 8,010-7622-9754,https://www.instagram.com/snackmong,,37.648187,127.013398,4.6,3,"https://www.google.com/maps/search/?api=1&query=37.648187,127.013398",반려동물용품
1213,ペットショップ,Pet shop,スプリングペッ スユボンジョム,Spring Pet Suyubonjeom,스프링펫 수유본점,,江北区,Gangbuk-gu,서울 강북구 한천로 1056,02-993-6805,,,37.641308,127.025525,,0,"https://www.google.com/maps/search/?api=1&query=37.641308,127.025525",반려동물용품
1214,ペットショップ,Pet shop,ッシユペッ,Ssiyupet,씨유펫,,江北区,Gangbuk-gu,서울 강북구 월계로7길 66,,,,37.612942,127.03424,,0,"https://www.google.com/maps/search/?api=1&query=37.612942,127.03424",반려동물용품
1215,ペットショップ,Pet shop,ッシユペッ カオリヨクジョム,Ssiyupet Gaoriyeokjeom,씨유펫 가오리역점,,江北区,Gangbuk-gu,서울 강북구 삼양로 422,,,https://seeyoupet.com,37.641147,127.017077,,24,"https://www.google.com/maps/search/?api=1&query=37.641147,127.017077",씨유펫
1216,ペットショップ,Pet shop,アルパテイルジュ,Alpateiljeu,알파테일즈,,江北区,Gangbuk-gu,서울 강북구 도봉로 191,070-4571-8310,,,37.62577,127.026051,,0,"https://www.google.com/maps/search/?api=1&query=37.62577,127.026051",반려동물용품
1217,ペットショップ,Pet shop,愛犬用品 ハリンマート,Dog Supplies Harin Mart,애견용품 할인마트,,江北区,Gangbuk-gu,서울 강북구 인수봉로 185-1,,,,37.636344,127.012839,,0,"https://www.google.com/maps/search/?api=1&query=37.636344,127.012839",반려동물용품
1218,ペットショップ,Pet shop,エニモルパーク,Aenimol Park,애니몰파크,,江北区,Gangbuk-gu,서울 강북구 도봉로96길 95,02-902-9097,,,37.638149,127.033133,,0,"https://www.google.com/maps/search/?api=1&query=37.638149,127.033133",반려동물용품
1219,ペットショップ,Pet shop,愛玩用品ハリンベクファジョム,Pet Supplies Harinbaekhwajeom,애완용품할인백화점,,江北区,Gangbuk-gu,서울 강북구 솔매로 111,02-6010-6642,,,37.625897,127.024506,3.0,0,"https://www.google.com/maps/search/?api=1&query=37.625897,127.024506",반려동물용품
1220,ペットショップ,Pet shop,オナドペイジ,Eonadeopeiji,어나더페이지,,江北区,Gangbuk-gu,서울 강북구 월계로37길 33,070-7776-3733,http://www.instagram.com/anotheru_official,,37.623751,127.045696,,0,"https://www.google.com/maps/search/?api=1&query=37.623751,127.045696",반려동물용품
1221,ペットショップ,Pet shop,イルダ,Iruda,이루다,,江北区,Gangbuk-gu,서울 강북구 숭인로 5,070-4104-2580,,,37.61159,127.022682,,0,"https://www.google.com/maps/search/?api=1&query=37.61159,127.022682",반려동물용품
1222,ペットショップ,Pet shop,チュパーク カンブクジョム,Jyu Park Gangbukjeom,쥬파크 강북점,,江北区,Gangbuk-gu,서울 강북구 삼양로 112-1,010-3980-2286,,,37.613867,127.022302,5.0,0,"https://www.google.com/maps/search/?api=1&query=37.613867,127.022302",반려동물용품
1223,ペットショップ,Pet shop,ココリベ,Kokoribe,코코리베,,江北区,Gangbuk-gu,서울 강북구 한천로144길 63,010-8829-9269,,,37.643434,127.027479,,1,"https://www.google.com/maps/search/?api=1&query=37.643434,127.027479",반려동물용품
1224,ペットショップ,Pet shop,クレトク,Keuretok,크레톡,,江北区,Gangbuk-gu,서울 강북구 도봉로41길 43-2,,https://www.instagram.com/cretalk3791/,,37.622754,127.024803,,2,"https://www.google.com/maps/search/?api=1&query=37.622754,127.024803",반려동물분양
1225,ペットショップ,Pet shop,クルルンマーケット ロッデベクファジョムミアジョム,Keureureung Market Rotdebaekhwajeommiajeom,크르릉마켓 롯데백화점미아점,,江北区,Gangbuk-gu,서울 강북구 도봉로 62,,,,37.614701,127.030411,,0,"https://www.google.com/maps/search/?api=1&query=37.614701,127.030411",반려동물용품
1226,ペットショップ,Pet shop,タランセンター,Taran Center,타란센터,,江北区,Gangbuk-gu,서울 강북구 한천로140길 59,010-2005-5030,,http://tarancenter.com,37.64219,127.028825,5.0,23,"https://www.google.com/maps/search/?api=1&query=37.64219,127.028825",반려동물분양
1227,ペットショップ,Pet shop,トゥトゥドク,Tutudok,투투독,,江北区,Gangbuk-gu,서울 강북구 도봉로29길 47,070-8870-3838,,,37.620045,127.025667,,3,"https://www.google.com/maps/search/?api=1&query=37.620045,127.025667",반려동물용품
1228,ペットショップ,Pet shop,パチュンニュシャプ レクサリウム,Pachungnyusyap Reksarium,파충류샵 렉사리움,,江北区,Gangbuk-gu,서울 강북구 솔매로 107,010-2209-4019,https://www.instagram.com/racksarium,,37.625829,127.024134,,3,"https://www.google.com/maps/search/?api=1&query=37.625829,127.024134",반려동물분양
1229,ペットショップ,Pet shop,パチュンニュシャプ ピポレスト,Pachungnyusyap Biporeseuteu,파충류샵 비포레스트,,江北区,Gangbuk-gu,서울 강북구 한천로 1163,0503-7153-7950,https://www.instagram.com/b_fo_rest/,,37.647422,127.016016,,11,"https://www.google.com/maps/search/?api=1&query=37.647422,127.016016",반려동물분양
1230,ペットショップ,Pet shop,ポピハウス,Peopi House,퍼피하우스,,江北区,Gangbuk-gu,서울 강북구 노해로 73,,,,37.642156,127.022135,5.0,0,"https://www.google.com/maps/search/?api=1&query=37.642156,127.022135",반려동물용품
1231,ペットショップ,Pet shop,ペイポピ,Peipeopi,페이퍼피,,江北区,Gangbuk-gu,서울 강북구 도봉로53길 17,02-945-5275,,,37.626675,127.02482,,0,"https://www.google.com/maps/search/?api=1&query=37.626675,127.02482",반려동물분양
1232,ペットショップ,Pet shop,ペッスクル,Petseukul,펫스쿨,,江北区,Gangbuk-gu,서울 강북구 도봉로67길 18,070-4203-2028,,,37.630729,127.022668,,0,"https://www.google.com/maps/search/?api=1&query=37.630729,127.022668",반려동물용품
1233,ペットショップ,Pet shop,ポルリパーク 419タプジョム,Polli Park 419 Tapjeom,폴리파크 419탑점,,江北区,Gangbuk-gu,서울 강북구 인수봉로85길 24,1660-4190,,https://polypark.co.kr/,37.646818,127.009194,5.0,1,"https://www.google.com/maps/search/?api=1&query=37.646818,127.009194",반려동물용품
1234,ペットショップ,Pet shop,ポルリパーク スユヨクジョム,Polli Park Suyuyeokjeom,폴리파크 수유역점,,江北区,Gangbuk-gu,서울 강북구 도봉로 388,02-2088-3124,,https://www.polypark.co.kr,37.641478,127.0297,5.0,3,"https://www.google.com/maps/search/?api=1&query=37.641478,127.0297",반려동물용품
1235,ペットショップ,Pet shop,ピチエンマリ,Pichiaenmari,피치앤마리,,江北区,Gangbuk-gu,서울 강북구 삼양로130길 9,010-2336-5560,,http://blog.naver.com/hwanheey,37.64679,127.01563,5.0,0,"https://www.google.com/maps/search/?api=1&query=37.64679,127.01563",반려동물분양
1236,ペットショップ,Pet shop,ホットドッグ 2ホジョム,Hot Dog 2 Hojeom,핫도그 2호점,,江北区,Gangbuk-gu,서울 강북구 삼양로91길 11-9,,,,37.6363,127.016451,5.0,0,"https://www.google.com/maps/search/?api=1&query=37.6363,127.016451",반려동물분양
1237,ペットショップ,Pet shop,ヘイペッ,Heipet,헤이펫,,江北区,Gangbuk-gu,서울 강북구 삼양로 356,,,,37.635124,127.017544,,0,"https://www.google.com/maps/search/?api=1&query=37.635124,127.017544",반려동물분양
1238,ペットショップ,Pet shop,カンソYDペットショップ,Gangseo YD Pet Shop,강서YD펫샵,,江西区,Gangseo-gu,서울 강서구 화곡로 371,02-518-7500,,,37.556956,126.852242,,0,"https://www.google.com/maps/search/?api=1&query=37.556956,126.852242",반려동물분양
1239,ペットショップ,Pet shop,カンアジ ソプン,Gangaji Sopung,강아지 소풍,,江西区,Gangseo-gu,서울 강서구 까치산로 33,,,,37.542726,126.843956,2.3,0,"https://www.google.com/maps/search/?api=1&query=37.542726,126.843956",반려동물분양
1240,ペットショップ,Pet shop,ケバプパヌンゴヤンイ ッカチサニョクジョム,Gaebappaneungoyangi Kkachisanyeokjeom,개밥파는고양이 까치산역점,,江西区,Gangseo-gu,서울 강서구 강서로16길 23,02-2606-7912,,https://gaepago.mycafe24.com,37.533039,126.84758,5.0,1,"https://www.google.com/maps/search/?api=1&query=37.533039,126.84758",개밥파는고양이
1241,ペットショップ,Pet shop,ケバプパヌンゴヤンイ トンチョンジョム,Gaebappaneungoyangi Deungchonjeom,개밥파는고양이 등촌점,,江西区,Gangseo-gu,서울 강서구 등촌로13길 24,010-2434-8440,,https://gaepago.mycafe24.com/,37.535596,126.86192,,2,"https://www.google.com/maps/search/?api=1&query=37.535596,126.86192",개밥파는고양이
1242,ペットショップ,Pet shop,ケバプパヌンゴヤンイ ウジャンサニョクジョム,Gaebappaneungoyangi Ujangsanyeokjeom,개밥파는고양이 우장산역점,,江西区,Gangseo-gu,서울 강서구 강서로 211,02-2602-2305,,https://gaepago.mycafe24.com,37.544674,126.837167,,10,"https://www.google.com/maps/search/?api=1&query=37.544674,126.837167",개밥파는고양이
1243,ペットショップ,Pet shop,ケバプパヌンゴヤンイ ファゴクジョム,Gaebappaneungoyangi Hwagokjeom,개밥파는고양이 화곡점,,江西区,Gangseo-gu,서울 강서구 까치산로 86,02-2699-8440,,https://gaepago.mycafe24.com,37.546166,126.847993,5.0,1,"https://www.google.com/maps/search/?api=1&query=37.546166,126.847993",개밥파는고양이
1244,ペットショップ,Pet shop,ケバプハウス コンハンジョム,Gaebap House Gonghangjeom,개밥하우스 공항점,,江西区,Gangseo-gu,서울 강서구 공항대로 49-2,02-2666-2220,,,37.56143,126.81304,5.0,2,"https://www.google.com/maps/search/?api=1&query=37.56143,126.81304",반려동물용품
1245,ペットショップ,Pet shop,ケバプハウス(コンハンジョム) クペッ,Gaebap House ( Gonghangjeom ) Kupet,개밥하우스(공항점) 쿠펫,,江西区,Gangseo-gu,서울 강서구 공항대로 49-2,02-2666-2220,https://www.instagram.com/gaebob__house/,,37.561429,126.813041,5.0,3,"https://www.google.com/maps/search/?api=1&query=37.561429,126.813041",반려동물용품
1246,ペットショップ,Pet shop,キョンセンニャンプム 24時間 無人ペットショップ カンソバルサニョクジョム,Gyeonsaengnyangpum 24h Unmanned Pet Shop Gangseobalsanyeokjeom,견생냥품 24시 무인펫샵 강서발산역점,はい/Yes,江西区,Gangseo-gu,서울 강서구 강서로 349,,,https://petgz.com/,37.55696,126.837423,3.0,32,"https://www.google.com/maps/search/?api=1&query=37.55696,126.837423",견생냥품 24시 무인펫샵
1247,ペットショップ,Pet shop,キョテイッスルゲ,Gyeoteisseulgae,곁에있을개,,江西区,Gangseo-gu,서울 강서구 화곡로66길 162,02-3661-1459,,https://blog.naver.com/badirangg84,37.55454,126.861604,3.0,0,"https://www.google.com/maps/search/?api=1&query=37.55454,126.861604",반려동물분양
1248,ペットショップ,Pet shop,ッカチルハンビジュ,Kkachilhanbijyu,까칠한비쥬,,江西区,Gangseo-gu,서울 강서구 강서로 279-55,02-2666-3252,,https://blog.naver.com/bijoo0715,37.549464,126.835278,,0,"https://www.google.com/maps/search/?api=1&query=37.549464,126.835278",반려동물용품
1249,ペットショップ,Pet shop,ッコリビョル,Kkoribyeol,꼬리별,,江西区,Gangseo-gu,서울 강서구 금낭화로 135,02-2661-5476,,,37.577445,126.812438,,0,"https://www.google.com/maps/search/?api=1&query=37.577445,126.812438",반려동물용품
1250,ペットショップ,Pet shop,ナムシムマウル,Namusimmaeul,나뭇잎마을,,江西区,Gangseo-gu,서울 강서구 공항대로 219,010-9585-1190,https://instagram.com/witdoha,,37.559485,126.832121,,85,"https://www.google.com/maps/search/?api=1&query=37.559485,126.832121",반려동물분양
1251,ペットショップ,Pet shop,ニャンイワモンイサンジョム,Nyangiwameongisangjeom,냥이와멍이상점,,江西区,Gangseo-gu,서울 강서구 까치산로 30,02-2608-6861,,,37.542228,126.843799,,1,"https://www.google.com/maps/search/?api=1&query=37.542228,126.843799",반려동물용품
1252,ペットショップ,Pet shop,ニャンイワモンイサンジョム ッカチサンジョム,Nyangiwameongisangjeom Kkachisanjeom,냥이와멍이상점 까치산점,,江西区,Gangseo-gu,서울 강서구 강서로 40,010-2524-6861,,,37.531514,126.847226,5.0,1,"https://www.google.com/maps/search/?api=1&query=37.531514,126.847226",반려동물용품
1253,ペットショップ,Pet shop,ニャンイワモンイサンジョム ナムブシジャンジョム,Nyangiwameongisangjeom Nambusijangjeom,냥이와멍이상점 남부시장점,,江西区,Gangseo-gu,서울 강서구 곰달래로53길 41,,,,37.533515,126.858791,,0,"https://www.google.com/maps/search/?api=1&query=37.533515,126.858791",반려동물용품
1254,ペットショップ,Pet shop,ニャンイワモンイサンジョム パンファジョム,Nyangiwameongisangjeom Banghwajeom,냥이와멍이상점 방화점,,江西区,Gangseo-gu,서울 강서구 방화동로 90,010-2524-6861,,,37.568365,126.812896,,0,"https://www.google.com/maps/search/?api=1&query=37.568365,126.812896",반려동물용품
1255,ペットショップ,Pet shop,ニャンイワモンイサンジョム ウジャンサンジョム,Nyangiwameongisangjeom Ujangsanjeom,냥이와멍이상점 우장산점,,江西区,Gangseo-gu,서울 강서구 강서로 263-24,,,,37.549437,126.834944,,0,"https://www.google.com/maps/search/?api=1&query=37.549437,126.834944",반려동물용품
1256,ペットショップ,Pet shop,タナペットショップ,Dana Pet Shop,다나펫샵,,江西区,Gangseo-gu,서울 강서구 강서로 254,02-2690-1060,,,37.548436,126.836715,,0,"https://www.google.com/maps/search/?api=1&query=37.548436,126.836715",반려동물분양
1257,ペットショップ,Pet shop,タルキ愛犬,Dalki Dog,달키애견,,江西区,Gangseo-gu,서울 강서구 강서로45길 174,02-796-9000,,,37.553026,126.830576,,0,"https://www.google.com/maps/search/?api=1&query=37.553026,126.830576",반려동물용품
1258,ペットショップ,Pet shop,テングルペッ ッカチサンジョム,Daenggeureupet Kkachisanjeom,댕그르펫 까치산점,,江西区,Gangseo-gu,서울 강서구 곰달래로 121,,,,37.530686,126.846292,,0,"https://www.google.com/maps/search/?api=1&query=37.530686,126.846292",반려동물용품
1259,ペットショップ,Pet shop,テンスウィッ,Daengseuwit,댕스윗,,江西区,Gangseo-gu,서울 강서구 공항대로 219,010-6668-4050,,,37.559635,126.832011,,4,"https://www.google.com/maps/search/?api=1&query=37.559635,126.832011",반려동물용품
1260,ペットショップ,Pet shop,テンキュベリ,Daengkyuberi,댕큐베리,,江西区,Gangseo-gu,서울 강서구 마곡서로 101,,,,37.562667,126.823602,,0,"https://www.google.com/maps/search/?api=1&query=37.562667,126.823602",반려동물용품
1261,ペットショップ,Pet shop,トドレゴン パチュンニュ,Deodeuraegon Pachungnyu,더드래곤 파충류,,江西区,Gangseo-gu,서울 강서구 양천로47나길 7,010-3295-1469,,,37.571446,126.838331,5.0,36,"https://www.google.com/maps/search/?api=1&query=37.571446,126.838331",반려동물분양
1262,ペットショップ,Pet shop,トドリムパム,Deodeurimpam,더드림팜,,江西区,Gangseo-gu,서울 강서구 국회대로7길 185,,,,37.528754,126.850328,5.0,0,"https://www.google.com/maps/search/?api=1&query=37.528754,126.850328",반려동물분양
1263,ペットショップ,Pet shop,トグボヂ,Dogeubeodi,도그버디,,江西区,Gangseo-gu,서울 강서구 곰달래로25길 65-28,02-2690-0845,,,37.53311,126.846594,,0,"https://www.google.com/maps/search/?api=1&query=37.53311,126.846594",반려동물용품
1264,ペットショップ,Pet shop,ララレプタイル,Rarareptail,라라렙타일,,江西区,Gangseo-gu,서울 강서구 마곡중앙1로 10,070-8283-1107,,,37.558479,126.825706,5.0,0,"https://www.google.com/maps/search/?api=1&query=37.558479,126.825706",반려동물분양
1265,ペットショップ,Pet shop,ロニネ無人愛玩用品ハリンジョム,Ronine Unmanned Pet Supplies Harinjeom,론이네무인애완용품할인점,,江西区,Gangseo-gu,서울 강서구 가로공원로76길 100,02-2690-1359,,,37.532823,126.838836,5.0,0,"https://www.google.com/maps/search/?api=1&query=37.532823,126.838836",반려동물용품
1266,ペットショップ,Pet shop,マダンコリア,Madankoria,마단코리아,,江西区,Gangseo-gu,서울 강서구 강서로45길 174,0502-019-9000,,http://www.madan.kr,37.552866,126.830614,,0,"https://www.google.com/maps/search/?api=1&query=37.552866,126.830614",반려동물용품
1267,ペットショップ,Pet shop,モンニャンウィミンジョク カロゴンウォンジョム,Meongnyanguiminjok Garogongwonjeom,멍냥의민족 가로공원점,,江西区,Gangseo-gu,서울 강서구 가로공원로 217,,,https://www.mungmin.com,37.537869,126.839937,,2,"https://www.google.com/maps/search/?api=1&query=37.537869,126.839937",멍냥의민족
1268,ペットショップ,Pet shop,モンニャンウィミンジョク カンソガヤンジョム,Meongnyanguiminjok Gangseogayangjeom,멍냥의민족 강서가양점,,江西区,Gangseo-gu,서울 강서구 화곡로72길 62,,,https://www.mungmin.com,37.560027,126.858511,5.0,1,"https://www.google.com/maps/search/?api=1&query=37.560027,126.858511",멍냥의민족
1269,ペットショップ,Pet shop,モンニャンウィミンジョク ヨムチャンジョム,Meongnyanguiminjok Yeomchangjeom,멍냥의민족 염창점,,江西区,Gangseo-gu,서울 강서구 양천로75길 19,,,https://www.mungmin.com/,37.550744,126.874006,,0,"https://www.google.com/maps/search/?api=1&query=37.550744,126.874006",멍냥의민족
1270,ペットショップ,Pet shop,モンニャンウィミンジョク ファゴクボンドンジョム,Meongnyanguiminjok Hwagokbondongjeom,멍냥의민족 화곡본동점,,江西区,Gangseo-gu,서울 강서구 까치산로4길 60,,https://www.instagram.com/dogs_cat_hgbd,,37.540413,126.845895,,0,"https://www.google.com/maps/search/?api=1&query=37.540413,126.845895",멍냥의민족
1271,ペットショップ,Pet shop,モンニャンウィミンジョク ファゴクジョム,Meongnyanguiminjok Hwagokjeom,멍냥의민족 화곡점,,江西区,Gangseo-gu,서울 강서구 강서로17길 31,070-8018-9116,https://www.instagram.com/dogs_cat_hwagok,,37.532587,126.844013,5.0,7,"https://www.google.com/maps/search/?api=1&query=37.532587,126.844013",멍냥의민족
1272,ペットショップ,Pet shop,モンモンシンドシ,Meongmeongsindosi,멍멍신도시,,江西区,Gangseo-gu,서울 강서구 곰달래로 85,02-2699-3650,,,37.53042,126.842316,5.0,0,"https://www.google.com/maps/search/?api=1&query=37.53042,126.842316",반려동물용품
1273,ペットショップ,Pet shop,ミスエンペッ,Miseuaenpet,미스앤펫,,江西区,Gangseo-gu,서울 강서구 마곡중앙2로 35,02-6735-0099,,,37.557965,126.830662,,0,"https://www.google.com/maps/search/?api=1&query=37.557965,126.830662",반려동물용품
1274,ペットショップ,Pet shop,ミンキ愛犬,Mingki Dog,밍키애견,,江西区,Gangseo-gu,서울 강서구 까치산로 114,,,,37.548158,126.849897,5.0,0,"https://www.google.com/maps/search/?api=1&query=37.548158,126.849897",반려동물분양
1275,ペットショップ,Pet shop,パソア,Basoa,바소아,,江西区,Gangseo-gu,서울 강서구 마곡중앙4로 18,02-858-0509,,,37.558526,126.82862,,0,"https://www.google.com/maps/search/?api=1&query=37.558526,126.82862",반려동물용품
1276,ペットショップ,Pet shop,ペネンコモス,Baenaenkeomeoseu,밴앤커머스,,江西区,Gangseo-gu,서울 강서구 화곡로68길 15,,,,37.559455,126.855323,,0,"https://www.google.com/maps/search/?api=1&query=37.559455,126.855323",반려동물용품
1277,ペットショップ,Pet shop,ブルーペブルジュ,Blue Pebeuljeu,블루페블즈,,江西区,Gangseo-gu,서울 강서구 공항대로 219,02-3663-2288,,,37.559587,126.832005,,0,"https://www.google.com/maps/search/?api=1&query=37.559587,126.832005",반려동물용품
1278,ペットショップ,Pet shop,ピバプルレニッ,Bibapeullaenit,비바플래닛,,江西区,Gangseo-gu,서울 강서구 강서로45길 45,,,,37.547875,126.833637,,0,"https://www.google.com/maps/search/?api=1&query=37.547875,126.833637",반려동물용품
1279,ペットショップ,Pet shop,シムクンハゲガンアジゴヤンイ分譲 カンソジョム,Simkunghagaegangajigoyangi Adoption Gangseojeom,심쿵하개강아지고양이분양 강서점,,江西区,Gangseo-gu,서울 강서구 송정로 16,010-8279-4915,,,37.556625,126.812273,5.0,3,"https://www.google.com/maps/search/?api=1&query=37.556625,126.812273",반려동물분양
1280,ペットショップ,Pet shop,アガベル,Agabel,아가벨,,江西区,Gangseo-gu,서울 강서구 마곡중앙로 143,070-8064-6679,,https://www.berrymarch.com/,37.565474,126.825536,,0,"https://www.google.com/maps/search/?api=1&query=37.565474,126.825536",반려동물용품
1281,ペットショップ,Pet shop,アムドオプゲ ヨムチャンジョム,Amudoeopgae Yeomchangjeom,아무도없개 염창점,,江西区,Gangseo-gu,서울 강서구 공항대로61길 42,1644-9896,,https://updog.kr/,37.552725,126.866384,,11,"https://www.google.com/maps/search/?api=1&query=37.552725,126.866384",아무도없개
1282,ペットショップ,Pet shop,アムドオプゲ ウジャンサンジョム,Amudoeopgae Ujangsanjeom,아무도없개 우장산점,,江西区,Gangseo-gu,서울 강서구 강서로 242,0503-7154-2445,,,37.546666,126.836818,,5,"https://www.google.com/maps/search/?api=1&query=37.546666,126.836818",아무도없개
1283,ペットショップ,Pet shop,アムドオプゲ ファゴクジョム,Amudoeopgae Hwagokjeom,아무도없개 화곡점,,江西区,Gangseo-gu,서울 강서구 가로공원로 188,0507-1347-8194,,https://updog.kr/,37.536898,126.836933,,10,"https://www.google.com/maps/search/?api=1&query=37.536898,126.836933",아무도없개
1284,ペットショップ,Pet shop,アルモネイチョコリア,Almoneichyeokoria,알모네이쳐코리아,,江西区,Gangseo-gu,서울 강서구 화곡로68길 15,02-6953-0003,,https://www.almonature.co.kr,37.559448,126.855323,,3,"https://www.google.com/maps/search/?api=1&query=37.559448,126.855323",반려동물용품
1285,ペットショップ,Pet shop,ヤオンアモンモン ヘブァ ソウルファゴクジョム,Yaongameongmeong Haebwa Seoulhwagokjeom,야옹아멍멍 해봐 서울화곡점,,江西区,Gangseo-gu,서울 강서구 곰달래로 215-1,0502-5552-3588,https://www.instagram.com/yamung_hwagok,,37.531735,126.856976,,109,"https://www.google.com/maps/search/?api=1&query=37.531735,126.856976",반려동물용품
1286,ペットショップ,Pet shop,オクフィドクフィ,Okhuidokhui,옥희독희,,江西区,Gangseo-gu,서울 강서구 공항대로 220,02-2666-8765,,,37.558718,126.831745,,0,"https://www.google.com/maps/search/?api=1&query=37.558718,126.831745",반려동물용품
1287,ペットショップ,Pet shop,オロバウソルス,Oreobauseolseu,올어바웃얼스,,江西区,Gangseo-gu,서울 강서구 마곡서로 101,010-3382-4169,https://instagram.com/gaebobjangsu.tacone?igshid=OGQ5ZDc2ODk2ZA%3D%3D&utm_source=qr,,37.562671,126.823606,,0,"https://www.google.com/maps/search/?api=1&query=37.562671,126.823606",반려동물용품
1288,ペットショップ,Pet shop,ウルジママイペッ,Uljima My Pet,울지마마이펫,,江西区,Gangseo-gu,서울 강서구 강서로 215-1,1644-9613,,http://www.dontcrymypet.com,37.545023,126.836782,,0,"https://www.google.com/maps/search/?api=1&query=37.545023,126.836782",반려동물용품
1289,ペットショップ,Pet shop,ウォンミルリモオ,Wonmillimoeo,원밀리모어,,江西区,Gangseo-gu,서울 강서구 마곡중앙로 161-8,02-6959-2503,,https://1mmmore.com/,37.568851,126.827339,,2,"https://www.google.com/maps/search/?api=1&query=37.568851,126.827339",반려동물용품
1290,ペットショップ,Pet shop,ユエンビカンパニー,Yuaenbi Company,유앤비컴퍼니,,江西区,Gangseo-gu,서울 강서구 양천로63길 38,1899-7897,,,37.556978,126.865873,,0,"https://www.google.com/maps/search/?api=1&query=37.556978,126.865873",반려동물용품
1291,ペットショップ,Pet shop,チョイレプタイル,Joireptail,조이렙타일,,江西区,Gangseo-gu,서울 강서구 공항대로 209,010-5182-3137,,https://blog.naver.com/joyreptile,37.559753,126.830889,5.0,0,"https://www.google.com/maps/search/?api=1&query=37.559753,126.830889",반려동물분양
1292,ペットショップ,Pet shop,ッチャプッチャプドマベム ッチャプッチャプドマベム,Jjyapjjyapdomabaem Jjapjjapdomabaem,쨥쨥도마뱀 짭짭도마뱀,,江西区,Gangseo-gu,서울 강서구 공항대로41길 43,0502-5553-0837,,,37.559907,126.845541,,1,"https://www.google.com/maps/search/?api=1&query=37.559907,126.845541",반려동물분양
1293,ペットショップ,Pet shop,コルリオルリ ロッデマートキムポゴンハンジョム,Kolliolli Rotde Mart Gimpogonghangjeom,콜리올리 롯데마트김포공항점,,江西区,Gangseo-gu,서울 강서구 하늘길 38,,,,37.563216,126.803101,,0,"https://www.google.com/maps/search/?api=1&query=37.563216,126.803101",반려동물용품
1294,ペットショップ,Pet shop,クレスプ,Keuresup,크레숲,,江西区,Gangseo-gu,서울 강서구 강서로47길 108,010-9600-5399,,,37.553499,126.830078,,0,"https://www.google.com/maps/search/?api=1&query=37.553499,126.830078",반려동물분양
1295,ペットショップ,Pet shop,クロスエム,Keuroseuaem,크로스앰,,江西区,Gangseo-gu,서울 강서구 화곡로68길 82,02-6961-5454,,,37.557538,126.858326,,0,"https://www.google.com/maps/search/?api=1&query=37.557538,126.858326",반려동물용품
1296,ペットショップ,Pet shop,タラントゥルラコリア,Tarantullakoria,타란툴라코리아,,江西区,Gangseo-gu,서울 강서구 공항대로 227,010-8814-5981,,http://타란툴라코리아.com,37.559601,126.832687,5.0,10,"https://www.google.com/maps/search/?api=1&query=37.559601,126.832687",반려동물분양
1297,ペットショップ,Pet shop,トゥビペッ,Tubipet,투비펫,,江西区,Gangseo-gu,서울 강서구 양천로 401,02-6737-0030,,,37.565552,126.847997,5.0,0,"https://www.google.com/maps/search/?api=1&query=37.565552,126.847997",반려동물용품
1298,ペットショップ,Pet shop,トゥポピ カンソジョム,Tupeopi Gangseojeom,투퍼피 강서점,,江西区,Gangseo-gu,서울 강서구 화곡로58길 30,010-2272-2142,https://www.instagram.com/topuppy.gangseo/,,37.5527,126.852455,5.0,10,"https://www.google.com/maps/search/?api=1&query=37.5527,126.852455",반려동물용품
1299,ペットショップ,Pet shop,パチュンニュシャプ トスプ,Pachungnyusyap Deosup,파충류샵 더숲,,江西区,Gangseo-gu,서울 강서구 공항대로 186,010-9600-5399,,https://open.kakao.com/o/gzITB7Jc,37.5591,126.827995,5.0,13,"https://www.google.com/maps/search/?api=1&query=37.5591,126.827995",반려동물분양
1300,ペットショップ,Pet shop,パチュンニュシャプ レプペイジ,Pachungnyusyap Reppeiji,파충류샵 렙페이지,,江西区,Gangseo-gu,서울 강서구 강서로45길 45,0503-7153-6507,https://www.instagram.com/rep2age,,37.547875,126.833637,,0,"https://www.google.com/maps/search/?api=1&query=37.547875,126.833637",반려동물용품
1301,ペットショップ,Pet shop,ペンマインド,Penmaindeu,펫마인드,,江西区,Gangseo-gu,서울 강서구 양천로 482,0503-7152-5203,,https://blog.naver.com/rokmc5979,37.56119,126.854004,4.2,1,"https://www.google.com/maps/search/?api=1&query=37.56119,126.854004",반려동물용품
1302,ペットショップ,Pet shop,ペッサロン153,Pet Salon 153,펫살롱153,,江西区,Gangseo-gu,서울 강서구 우장산로 104,02-2065-8494,,http://blog.naver.com/petsalon153,37.553146,126.847497,5.0,4,"https://www.google.com/maps/search/?api=1&query=37.553146,126.847497",반려동물분양
1303,ペットショップ,Pet shop,ペセンコ,Pesaenko,펫앤코,,江西区,Gangseo-gu,서울 강서구 양천로 344,010-7759-7507,,,37.56809,126.840036,5.0,2,"https://www.google.com/maps/search/?api=1&query=37.56809,126.840036",반려동물용품
1304,ペットショップ,Pet shop,ペップルト,Petpeureuteu,펫프르트,,江西区,Gangseo-gu,서울 강서구 송정로 41-1,1661-2394,,https://petfarmom.com,37.55864,126.810576,,0,"https://www.google.com/maps/search/?api=1&query=37.55864,126.810576",반려동물용품
1305,ペットショップ,Pet shop,ポモント,Pomeonteu,포먼트,,江西区,Gangseo-gu,서울 강서구 공항대로 212,02-6095-7995,https://www.instagram.com/pawment/,,37.558821,126.831002,,0,"https://www.google.com/maps/search/?api=1&query=37.558821,126.831002",반려동물용품
1306,ペットショップ,Pet shop,ピメプバイオ,Pimepubaio,피메푸바이오,,江西区,Gangseo-gu,서울 강서구 마곡중앙로 165,02-3445-1616,,http://www.pemefobio.com,37.56858,126.827697,5.0,0,"https://www.google.com/maps/search/?api=1&query=37.56858,126.827697",반려동물용품
1307,ペットショップ,Pet shop,ハルッガンアジ,Harutgangaji,하룻강아지,,江西区,Gangseo-gu,서울 강서구 양천로 713,0507-1326-0603,,,37.549849,126.875256,,0,"https://www.google.com/maps/search/?api=1&query=37.549849,126.875256",반려동물용품
1308,ペットショップ,Pet shop,ハルッガンアジ,Harutgangaji,하룻강아지,,江西区,Gangseo-gu,서울 강서구 곰달래로49길 10,010-8379-2789,https://www.instagram.com/1daypuppy,,37.53222,126.858084,5.0,0,"https://www.google.com/maps/search/?api=1&query=37.53222,126.858084",반려동물분양
1309,ペットショップ,Pet shop,ハプメニモル & ロドント クラブ カンソマゴクジョム,Hapumaenimeol & Rodeonteu Club Gangseomagokjeom,하품애니멀 & 로던트 클럽 강서마곡점,,江西区,Gangseo-gu,서울 강서구 공항대로 219,010-9887-2006,https://www.instagram.com/rodentclub_hapum,,37.559706,126.832008,,39,"https://www.google.com/maps/search/?api=1&query=37.559706,126.832008",반려동물분양
1310,ペットショップ,Pet shop,ケバプパヌンゴヤンイ シルリムジョム,Gaebappaneungoyangi Sillimjeom,개밥파는고양이 신림점,,冠岳区,Gwanak-gu,서울 관악구 신림동길 31,02-882-7208,,https://gaepago.mycafe24.com,37.486824,126.925389,5.0,4,"https://www.google.com/maps/search/?api=1&query=37.486824,126.925389",개밥파는고양이
1311,ペットショップ,Pet shop,ケッパンジプ,Gaeppangjip,개빵집,,冠岳区,Gwanak-gu,서울 관악구 신사로14길 30,010-5585-8728,http://www.instagram.com/dogb_akery,,37.48729,126.916428,5.0,1,"https://www.google.com/maps/search/?api=1&query=37.48729,126.916428",반려동물용품
1312,ペットショップ,Pet shop,グリーンチュ,Green Jyu,그린쥬,,冠岳区,Gwanak-gu,서울 관악구 봉천로41길 34,,,,37.484173,126.948413,,0,"https://www.google.com/maps/search/?api=1&query=37.484173,126.948413",반려동물분양
1313,ペットショップ,Pet shop,ッカマンッコリ,Kkamangkkori,까망꼬리,,冠岳区,Gwanak-gu,서울 관악구 쑥고개로 114-1,,,,37.478864,126.949119,5.0,7,"https://www.google.com/maps/search/?api=1&query=37.478864,126.949119",반려동물분양
1314,ペットショップ,Pet shop,ナルデリョガゲ,Nalderyeogagae,날데려가개,,冠岳区,Gwanak-gu,서울 관악구 쑥고개로11길 9,,,,37.480163,126.942548,,0,"https://www.google.com/maps/search/?api=1&query=37.480163,126.942548",반려동물분양
1315,ペットショップ,Pet shop,ナルラジュ,Nallaju,날라주,,冠岳区,Gwanak-gu,서울 관악구 봉천로 545,,,,37.478497,126.958549,,0,"https://www.google.com/maps/search/?api=1&query=37.478497,126.958549",반려동물용품
1316,ペットショップ,Pet shop,ネプマヌィ伴侶犬 シルリムジョム,Naepumanui Dog Sillimjeom,내품안의반려견 신림점,,冠岳区,Gwanak-gu,서울 관악구 신림로64길 46,070-4790-7771,,,37.485113,126.932232,,2684,"https://www.google.com/maps/search/?api=1&query=37.485113,126.932232",반려동물분양
1317,ペットショップ,Pet shop,ヌリネ サリョジプ,Nurine Saryojip,누리네 사료집,,冠岳区,Gwanak-gu,서울 관악구 은천로 142,010-4831-4204,,,37.486335,126.951074,,1,"https://www.google.com/maps/search/?api=1&query=37.486335,126.951074",반려동물용품
1318,ペットショップ,Pet shop,テギョンハン サロン,Daegyeonhan Salon,대견한 살롱,,冠岳区,Gwanak-gu,서울 관악구 신림로11길 62-3,010-7573-6858,https://instagram.com/daegyeonhan_salon?igshid=OGQ5ZDc2ODk2ZA%3D%3D&utm_source=qr,,37.467602,126.938565,,0,"https://www.google.com/maps/search/?api=1&query=37.467602,126.938565",반려동물용품
1319,ペットショップ,Pet shop,テンモア,Daengmoa,댕모아,,冠岳区,Gwanak-gu,서울 관악구 청림3길 10,,https://www.instagram.com/daengmoa/,,37.488638,126.959485,,7,"https://www.google.com/maps/search/?api=1&query=37.488638,126.959485",반려동물용품
1320,ペットショップ,Pet shop,トベストパム ソウルデイプグジョム,Deo Best Pam Seouldaeipgujeom,더베스트팜 서울대입구점,,冠岳区,Gwanak-gu,서울 관악구 봉천로41길 34,0507-1400-0218,,https://blog.naver.com/lingkey03/,37.484173,126.948428,5.0,48,"https://www.google.com/maps/search/?api=1&query=37.484173,126.948428",반려동물분양
1321,ペットショップ,Pet shop,トグボヂ シルリムジョム,Dogeubeodi Sillimjeom,도그버디 신림점,,冠岳区,Gwanak-gu,서울 관악구 신원로5길 41,070-4266-9323,,http://blog.naver.com/2sunhyung,37.482752,126.926639,,0,"https://www.google.com/maps/search/?api=1&query=37.482752,126.926639",반려동물용품
1322,ペットショップ,Pet shop,トギランニャンイラン ポンチョンジョム,Dogirangnyangirang Bongcheonjeom,도기랑냥이랑 봉천점,,冠岳区,Gwanak-gu,서울 관악구 남부순환로 1698,02-884-0006,,,37.483383,126.938755,5.0,0,"https://www.google.com/maps/search/?api=1&query=37.483383,126.938755",반려동물용품
1323,ペットショップ,Pet shop,トクケッガンアジ 分譲 ソウルシルリムジョム,Dokkaetgangaji Adoption Seoulsillimjeom,독캣강아지 분양 서울신림점,,冠岳区,Gwanak-gu,서울 관악구 난곡로 156,010-4404-9192,https://www.instagram.com/dog_cat_sky/,,37.468883,126.920177,,808,"https://www.google.com/maps/search/?api=1&query=37.468883,126.920177",반려동물분양
1324,ペットショップ,Pet shop,トゥジュパーク,Dujeu Park,두즈파크,,冠岳区,Gwanak-gu,서울 관악구 조원중앙로1길 55,0503-7153-6437,https://instagram.com/dooz_park?igshid=MmIzYWVlNDQ5Yg==,,37.48003,126.901507,,14,"https://www.google.com/maps/search/?api=1&query=37.48003,126.901507",반려동물용품
1325,トリミング,Grooming,ロブペットリミング用品,Reobeupet Grooming Supplies,러브펫미용용품,,冠岳区,Gwanak-gu,서울 관악구 남부순환로 1429,02-837-8875,,,37.48114,126.90964,,0,"https://www.google.com/maps/search/?api=1&query=37.48114,126.90964",반려동물용품
1326,ペットショップ,Pet shop,モッチ,Mojji,모찌,,冠岳区,Gwanak-gu,서울 관악구 대학길 96,02-877-8407,,,37.46645,126.937471,2.6,1,"https://www.google.com/maps/search/?api=1&query=37.46645,126.937471",반려동물용품
1327,トリミング,Grooming,トリミングハヌンガンアジ,Grooming Haneungangaji,미용하는강아지,,冠岳区,Gwanak-gu,서울 관악구 서림길 17,,,,37.475341,126.937905,,3,"https://www.google.com/maps/search/?api=1&query=37.475341,126.937905",반려동물분양
1328,ペットショップ,Pet shop,ミジュミストペッ,Mijeumiseuteopet,미즈미스터펫,,冠岳区,Gwanak-gu,서울 관악구 조원로 128,02-3281-0362,,http://blog.naver.com/dooridm,37.485106,126.916642,,0,"https://www.google.com/maps/search/?api=1&query=37.485106,126.916642",반려동물용품
1329,ペットショップ,Pet shop,プルランカ,Beullangka,블랑카,,冠岳区,Gwanak-gu,서울 관악구 남부순환로157길 58,02-862-6457,,,37.48475,126.917827,,2,"https://www.google.com/maps/search/?api=1&query=37.48475,126.917827",반려동물용품
1330,ペットショップ,Pet shop,ソウルポピ,Seoulpeopi,서울퍼피,,冠岳区,Gwanak-gu,서울 관악구 호암로 591,02-6407-7500,,,37.470345,126.933162,4.7,1,"https://www.google.com/maps/search/?api=1&query=37.470345,126.933162",반려동물용품
1331,ペットショップ,Pet shop,シュポモン,Syupeomeong,슈퍼멍,,冠岳区,Gwanak-gu,서울 관악구 남부순환로249길 6-7,,,,37.475984,126.967915,,0,"https://www.google.com/maps/search/?api=1&query=37.475984,126.967915",반려동물용품
1332,ペットショップ,Pet shop,アムドオプゲ ポンチョンジョム,Amudoeopgae Bongcheonjeom,아무도없개 봉천점,,冠岳区,Gwanak-gu,서울 관악구 쑥고개로11길 41,0507-1356-5499,,https://blog.naver.com/taerin1982,37.481556,126.942239,5.0,14,"https://www.google.com/maps/search/?api=1&query=37.481556,126.942239",아무도없개
1333,ペットショップ,Pet shop,愛玩用品ハリンジョム,Pet Supplies Harinjeom,애완용품할인점,,冠岳区,Gwanak-gu,서울 관악구 난우길 20,02-869-7621,,,37.474738,126.918597,,0,"https://www.google.com/maps/search/?api=1&query=37.474738,126.918597",반려동물용품
1334,ペットショップ,Pet shop,エンヂオ,Aendieo,앤디어,,冠岳区,Gwanak-gu,서울 관악구 신림로53길 3,010-7768-6379,https://instagram.com/n.dear_ing,,37.479743,126.930219,5.0,0,"https://www.google.com/maps/search/?api=1&query=37.479743,126.930219",반려동물용품
1335,ペットショップ,Pet shop,エイブルポメラニアン,Eibeulpomeranian,에이블포메라니안,,冠岳区,Gwanak-gu,서울 관악구 봉천로 397,,,,37.483252,126.944148,,0,"https://www.google.com/maps/search/?api=1&query=37.483252,126.944148",반려동물분양
1336,ペットショップ,Pet shop,オルペッ,Olpet,올펫,,冠岳区,Gwanak-gu,서울 관악구 문성로 226,02-6052-7855,,,37.47922,126.9288,,0,"https://www.google.com/maps/search/?api=1&query=37.47922,126.9288",반려동물용품
1337,ペットショップ,Pet shop,オルプロムヨク,Olpeuromuyeok,올프로무역,,冠岳区,Gwanak-gu,서울 관악구 문성로 226,,,,37.479182,126.928823,,0,"https://www.google.com/maps/search/?api=1&query=37.479182,126.928823",반려동물용품
1338,ペットショップ,Pet shop,ウダダ,Udada,우다다,,冠岳区,Gwanak-gu,서울 관악구 봉천로 373-9,0502-5554-0898,https://www.instagram.com/woodada_cake?igsh=cXlqYXEzeWszNmI0&utm_source=qr,,37.484015,126.94178,,0,"https://www.google.com/maps/search/?api=1&query=37.484015,126.94178",반려동물용품
1339,ペットショップ,Pet shop,ウリ愛犬,Uri Dog,우리애견,,冠岳区,Gwanak-gu,서울 관악구 남부순환로 1538,,,,37.482857,126.921461,,0,"https://www.google.com/maps/search/?api=1&query=37.482857,126.921461",반려동물용품
1340,ペットショップ,Pet shop,ウィヂュコポレイション,Widyukopeoreisyeon,위듀코퍼레이션,,冠岳区,Gwanak-gu,서울 관악구 승방4길 32,02-1661-8792,,,37.475209,126.980708,,0,"https://www.google.com/maps/search/?api=1&query=37.475209,126.980708",반려동물용품
1341,ペットショップ,Pet shop,チョングルモンスト,Jeonggeulmonseuteo,정글몬스터,,冠岳区,Gwanak-gu,서울 관악구 승방1길 5,,,,37.47358,126.981528,,3,"https://www.google.com/maps/search/?api=1&query=37.47358,126.981528",반려동물용품
1342,ペットショップ,Pet shop,チャムジョウンメト,Chamjoeunmaeteu,참조은매트,,冠岳区,Gwanak-gu,서울 관악구 보라매로 62,010-2238-0357,,https://chamjoeunmat.kr/,37.494533,126.927566,,18,"https://www.google.com/maps/search/?api=1&query=37.494533,126.927566",반려동물용품
1343,ペットショップ,Pet shop,ポピエン,Peopiaen,퍼피앤,,冠岳区,Gwanak-gu,서울 관악구 남부순환로 1596,,,,37.483765,126.928094,1.0,0,"https://www.google.com/maps/search/?api=1&query=37.483765,126.928094",반려동물용품
1344,ペットショップ,Pet shop,ペッグァナウィイヤギ,Petgwanauiiyagi,펫과나의이야기,,冠岳区,Gwanak-gu,서울 관악구 관악로10길 56,02-883-2724,,,37.476406,126.955687,,0,"https://www.google.com/maps/search/?api=1&query=37.476406,126.955687",반려동물용품
1345,ペットショップ,Pet shop,ペックラブ シルリムジョム,Pet Club Sillimjeom,펫클럽 신림점,,冠岳区,Gwanak-gu,서울 관악구 남부순환로 1552,070-4675-2206,,http://petclub.co.kr/,37.483114,126.923021,4.5,1,"https://www.google.com/maps/search/?api=1&query=37.483114,126.923021",반려동물용품
1346,ペットショップ,Pet shop,ペップルト クァナクジョム,Petpeureuteu Gwanakjeom,펫프르트 관악점,,冠岳区,Gwanak-gu,서울 관악구 남부순환로142길 19,1661-2394,,,37.48018,126.911418,,1,"https://www.google.com/maps/search/?api=1&query=37.48018,126.911418",반려동물용품
1347,ペットショップ,Pet shop,プランダスウィゲ,Peurandaseuuigae,프란다스의개,,冠岳区,Gwanak-gu,서울 관악구 호암로 581,,,,37.469367,126.932603,2.5,0,"https://www.google.com/maps/search/?api=1&query=37.469367,126.932603",반려동물용품
1348,ペットショップ,Pet shop,ハイミペッ,High Mipet,하이미펫,,冠岳区,Gwanak-gu,서울 관악구 남부순환로 1888,,,,37.478524,126.959151,,0,"https://www.google.com/maps/search/?api=1&query=37.478524,126.959151",반려동물용품
1349,ペットショップ,Pet shop,ハイキュブ,High Kyubeu,하이큐브,,冠岳区,Gwanak-gu,서울 관악구 남부순환로 1888,02-878-3435,,,37.478562,126.95901,,0,"https://www.google.com/maps/search/?api=1&query=37.478562,126.95901",반려동물용품
1350,ペットショップ,Pet shop,ハッピーエンドク,Happy Aendok,해피앤독,,冠岳区,Gwanak-gu,서울 관악구 봉천로 232,,,http://happypangpang.net,37.489269,126.927235,3.7,2,"https://www.google.com/maps/search/?api=1&query=37.489269,126.927235",반려동물분양
1351,ペットショップ,Pet shop,ハッピーパンパン,Happy Pangpang,해피팡팡,,冠岳区,Gwanak-gu,서울 관악구 봉천로 232,,,,37.489264,126.92723,5.0,0,"https://www.google.com/maps/search/?api=1&query=37.489264,126.92723",반려동물용품
1352,ペットショップ,Pet shop,ヘルロウドグ,Helloudogeu,헬로우도그,,冠岳区,Gwanak-gu,서울 관악구 남부순환로248길 68,02-888-9979,,,37.47323,126.966021,,0,"https://www.google.com/maps/search/?api=1&query=37.47323,126.966021",반려동물용품
1353,ペットショップ,Pet shop,24時間 無人 愛犬用品& ペッガンシクシャプ アムドオプゲ オリニデゴンウォンジョム,24h Unmanned Dog Supplies & Petgansiksyap Amudoeopgae Eorinidaegongwonjeom,24시 무인 애견용품& 펫간식샵 아무도없개 어린이대공원점,はい/Yes,広津区,Gwangjin-gu,서울 광진구 자양로 197,,,,37.545297,127.085218,,0,"https://www.google.com/maps/search/?api=1&query=37.545297,127.085218",반려동물용품
1354,ペットショップ,Pet shop,24時間アジ分譲,24 Sigangaji Adoption,24시강아지분양,はい/Yes,広津区,Gwangjin-gu,서울 광진구 자양로 54,010-5896-5799,,,37.532801,127.08542,2.0,0,"https://www.google.com/maps/search/?api=1&query=37.532801,127.08542",반려동물분양
1355,ペットショップ,Pet shop,カンアジゴヤンイピョヌィジョム チュンゴクジョム,Gangajigoyangipyeonuijeom Junggokjeom,강아지고양이편의점 중곡점,,広津区,Gwangjin-gu,서울 광진구 용마산로1길 14,02-3394-9003,,http://www.petstore24.co.kr,37.554873,127.08772,2.0,0,"https://www.google.com/maps/search/?api=1&query=37.554873,127.08772",강아지고양이편의점
1356,ペットショップ,Pet shop,カンアジゴヤンイピョヌィジョム チュンナンチョンジョム,Gangajigoyangipyeonuijeom Jungnangcheonjeom,강아지고양이편의점 중랑천점,,広津区,Gwangjin-gu,서울 광진구 긴고랑로 35,010-6336-2235,,http://www.petstore24.co.kr,37.563087,127.080441,5.0,0,"https://www.google.com/maps/search/?api=1&query=37.563087,127.080441",강아지고양이편의점
1357,ペットショップ,Pet shop,キョンセンニャンプム 24時間 無人ペットショップ クウィヨクジョム,Gyeonsaengnyangpum 24h Unmanned Pet Shop Guuiyeokjeom,견생냥품 24시 무인펫샵 구의역점,はい/Yes,広津区,Gwangjin-gu,서울 광진구 아차산로 384-1,,,https://petgz.com/,37.537154,127.08618,5.0,8,"https://www.google.com/maps/search/?api=1&query=37.537154,127.08618",견생냥품 24시 무인펫샵
1358,ペットショップ,Pet shop,コルドンチス,Goldeuntiseu,골든티스,,広津区,Gwangjin-gu,서울 광진구 아차산로78길 7,02-6398-3123,,http://www.gtdogs.com,37.550386,127.109336,5.0,63,"https://www.google.com/maps/search/?api=1&query=37.550386,127.109336",반려동물분양
1359,ペットショップ,Pet shop,キモンニペッサロン,Gimeonnipet Salon,김언니펫살롱,,広津区,Gwangjin-gu,서울 광진구 자양번영로1길 6,02-456-6996,,https://blog.naver.com/ek170,37.53071,127.074457,,2,"https://www.google.com/maps/search/?api=1&query=37.53071,127.074457",반려동물용품
1360,ペットショップ,Pet shop,ッコッガンアジ クァンジンジョム,Kkotgangaji Gwangjinjeom,꽃강아지 광진점,,広津区,Gwangjin-gu,서울 광진구 용마산로 25,010-5485-8774,https://www.instagram.com/flmung/,,37.555872,127.087992,,902,"https://www.google.com/maps/search/?api=1&query=37.555872,127.087992",반려동물분양
1361,ペットショップ,Pet shop,テヒョンギョンプリミオマウルレッ,Daehyeonggyeonpeurimieomaullet,대형견프리미엄아울렛,,広津区,Gwangjin-gu,서울 광진구 자양로 54,,,,37.532833,127.085411,,0,"https://www.google.com/maps/search/?api=1&query=37.532833,127.085411",반려동물분양
1362,ペットショップ,Pet shop,トグデイジュ,Dogeudeijeu,도그데이즈,,広津区,Gwangjin-gu,서울 광진구 능동로32길 130-22,,,,37.552265,127.08484,,0,"https://www.google.com/maps/search/?api=1&query=37.552265,127.08484",반려동물용품
1363,ペットショップ,Pet shop,トグボヂ アチャサンジョム,Dogeubeodi Achasanjeom,도그버디 아차산점,,広津区,Gwangjin-gu,서울 광진구 자양로49길 25,02-6338-2526,,,37.553095,127.091403,,0,"https://www.google.com/maps/search/?api=1&query=37.553095,127.091403",반려동물용품
1364,ペットショップ,Pet shop,トギパーク,Dogi Park,도기파크,,広津区,Gwangjin-gu,서울 광진구 자양로13나길 16,02-454-8660,,,37.53405,127.08019,,0,"https://www.google.com/maps/search/?api=1&query=37.53405,127.08019",반려동물용품
1365,ペットショップ,Pet shop,モンブラドス,Meongbeuradeoseu,멍브라더스,,広津区,Gwangjin-gu,서울 광진구 구의강변로 102,070-8888-9368,,,37.539418,127.094611,,0,"https://www.google.com/maps/search/?api=1&query=37.539418,127.094611",반려동물용품
1366,ペットショップ,Pet shop,モルリス チャヤンジョム,Molliseu Jayangjeom,몰리스 자양점,,広津区,Gwangjin-gu,서울 광진구 아차산로 272,02-2024-1250,https://www.instagram.com/mollys_jayang,,37.538564,127.073057,,12,"https://www.google.com/maps/search/?api=1&query=37.538564,127.073057",몰리스
1367,ペットショップ,Pet shop,ミョハンガゲ コンデボンジョム,Myohangagae Geondaebonjeom,묘한가개 건대본점,,広津区,Gwangjin-gu,서울 광진구 능동로13길 82,,,,37.545269,127.06885,,1,"https://www.google.com/maps/search/?api=1&query=37.545269,127.06885",반려동물용품
1368,ペットショップ,Pet shop,パウホルリク,Bauhollik,바우홀릭,,広津区,Gwangjin-gu,서울 광진구 자양로 180,02-453-7338,,,37.543505,127.084876,,0,"https://www.google.com/maps/search/?api=1&query=37.543505,127.084876",반려동물분양
1369,ペットショップ,Pet shop,ポドラウンジ,Beodeu Lounge,버드라운지,,広津区,Gwangjin-gu,서울 광진구 자양로 165,010-2657-1177,https://www.instagram.com/birdlounge_premium,,37.54237,127.083858,5.0,21,"https://www.google.com/maps/search/?api=1&query=37.54237,127.083858",반려동물용품
1370,ペットショップ,Pet shop,ペネペッ,Benepet,베네펫,,広津区,Gwangjin-gu,서울 광진구 능동로37길 11,0503-7150-9294,,https://linktr.ee/benpet?fbclid=PAZXh0bgNhZW0CMTEAc3J0YwZhcHBfaWQMMjU2MjgxMDQwNTU4AAGnu35ygjwB2SN-1Ydc1X66MB0gphiIPqHBzlf_DTMgMBhgONyDHBPWFLL1RQw_aem_MTSrZeILZ1M1nSD2ZkdBGQ,37.558023,127.079053,,146,"https://www.google.com/maps/search/?api=1&query=37.558023,127.079053",반려동물용품
1371,ペットショップ,Pet shop,ペベミニョン,Bebeminyong,베베미뇽,,広津区,Gwangjin-gu,서울 광진구 능동로50길 15,0503-7152-8511,,,37.563979,127.084211,,0,"https://www.google.com/maps/search/?api=1&query=37.563979,127.084211",반려동물분양
1372,ペットショップ,Pet shop,ペビス,Bebisu,베비수,,広津区,Gwangjin-gu,서울 광진구 능동로53길 40,02-6104-0207,,,37.567066,127.082444,,0,"https://www.google.com/maps/search/?api=1&query=37.567066,127.082444",반려동물용품
1373,ペットショップ,Pet shop,ベイピドク,Bay Bidok,베이비독,,広津区,Gwangjin-gu,서울 광진구 능동로4길 17,070-7608-4184,,,37.53332,127.068821,,0,"https://www.google.com/maps/search/?api=1&query=37.53332,127.068821",반려동물분양
1374,ペットショップ,Pet shop,プルリドク ソウルジョム コヤンイガンアジ分譲マルチプビション ポメラニアン,Beullidok Seouljeom Goyangigangaji Adoption Maltipubisyong Pomeranian,블리독 서울점 고양이강아지분양말티푸비숑 포메라니안,,広津区,Gwangjin-gu,서울 광진구 자양로 263,010-4477-3393,,http://www.theilovedog.com,37.549848,127.090197,2.4,53,"https://www.google.com/maps/search/?api=1&query=37.549848,127.090197",반려동물분양
1375,ペットショップ,Pet shop,プルリドク ソウルジョム コヤンイガンアジ分譲マルチプビションポメラニイン,Beullidok Seouljeom Goyangigangaji Adoption Maltipubisyongpomeraniin,블리독 서울점 고양이강아지분양말티푸비숑포메라니인,,広津区,Gwangjin-gu,서울 광진구 자양로 263,02-454-3337,,,37.549848,127.090198,,0,"https://www.google.com/maps/search/?api=1&query=37.549848,127.090198",반려동물용품
1376,ペットショップ,Pet shop,ッポッチャクッポッチャクペッ,Ppojjakppojjakpet,뽀짝뽀짝펫,,広津区,Gwangjin-gu,서울 광진구 강변역로4길 10,010-7769-0727,,,37.535175,127.093292,,0,"https://www.google.com/maps/search/?api=1&query=37.535175,127.093292",반려동물용품
1377,ペットショップ,Pet shop,セルピヂ,Selpidi,셀피디,,広津区,Gwangjin-gu,서울 광진구 광나루로 436,0507-1390-9343,,,37.545568,127.077731,,0,"https://www.google.com/maps/search/?api=1&query=37.545568,127.077731",반려동물용품
1378,ペットショップ,Pet shop,スプリングペッ チュンゴクジョム,Spring Pet Junggokjeom,스프링펫 중곡점,,広津区,Gwangjin-gu,서울 광진구 능동로49길 40,02-466-6805,,,37.565016,127.081291,5.0,0,"https://www.google.com/maps/search/?api=1&query=37.565016,127.081291",반려동물용품
1379,ペットショップ,Pet shop,シンソンエプエンビ,Sinseongepeuaenbi,신성에프앤비,,広津区,Gwangjin-gu,서울 광진구 능동로37길 6,,,,37.558191,127.079577,,0,"https://www.google.com/maps/search/?api=1&query=37.558191,127.079577",반려동물용품
1380,ペットショップ,Pet shop,アムドオプゲ クンジャジョム,Amudoeopgae Gunjajeom,아무도없개 군자점,,広津区,Gwangjin-gu,서울 광진구 면목로 52,1644-9896,,https://updog.kr,37.558656,127.077397,5.0,13,"https://www.google.com/maps/search/?api=1&query=37.558656,127.077397",아무도없개
1381,ペットショップ,Pet shop,アムドオプゲ オリニデゴンウォンジョム,Amudoeopgae Eorinidaegongwonjeom,아무도없개 어린이대공원점,,広津区,Gwangjin-gu,서울 광진구 자양로 197,0507-1472-1590,,http://pf.kakao.com/_xmbxhyG,37.545297,127.085218,,7,"https://www.google.com/maps/search/?api=1&query=37.545297,127.085218",아무도없개
1382,ペットショップ,Pet shop,アムドオプゲ チャヤンシジャンジョム,Amudoeopgae Jayangsijangjeom,아무도없개 자양시장점,,広津区,Gwangjin-gu,서울 광진구 뚝섬로51길 84,1644-9896,,https://updog.kr,37.535534,127.082443,5.0,10,"https://www.google.com/maps/search/?api=1&query=37.535534,127.082443",아무도없개
1383,ペットショップ,Pet shop,アンジュンマーケット,Angjeung Market,앙증마켓,,広津区,Gwangjin-gu,서울 광진구 광나루로56길 85,0507-707-2054,,,37.535807,127.095389,,0,"https://www.google.com/maps/search/?api=1&query=37.535807,127.095389",반려동물용품
1384,ペットショップ,Pet shop,オネネ,Onene,오네네,,広津区,Gwangjin-gu,서울 광진구 용마산로 103,010-8740-6083,https://www.instagram.com/onene_grooming/,,37.562898,127.086753,5.0,2,"https://www.google.com/maps/search/?api=1&query=37.562898,127.086753",반려동물분양
1385,ペットショップ,Pet shop,オヌルィモンナン,Oneuruimeongnang,오늘의멍낭,,広津区,Gwangjin-gu,서울 광진구 구의강변로 96,,,,37.539143,127.094311,,0,"https://www.google.com/maps/search/?api=1&query=37.539143,127.094311",반려동물용품
1386,ペットショップ,Pet shop,オトゥエンドク,Otuaendok,오투앤독,,広津区,Gwangjin-gu,서울 광진구 뚝섬로 476-5,02-498-2549,,,37.536437,127.062852,,0,"https://www.google.com/maps/search/?api=1&query=37.536437,127.062852",반려동물용품
1387,ペットショップ,Pet shop,ワワペッ,Wawapet,와와펫,,広津区,Gwangjin-gu,서울 광진구 능동로 401,02-6419-8268,,,37.564964,127.083573,4.8,0,"https://www.google.com/maps/search/?api=1&query=37.564964,127.083573",반려동물용품
1388,ペットショップ,Pet shop,ワルストア,Wal Store,왈스토어,,広津区,Gwangjin-gu,서울 광진구 뚝섬로52가길 47,010-8722-4879,https://www.instagram.com/wal.store_,,37.530861,127.081928,,0,"https://www.google.com/maps/search/?api=1&query=37.530861,127.081928",반려동물용품
1389,ペットショップ,Pet shop,コムトゥペッ ソウルボンジョム,Keomtupet Seoulbonjeom,컴투펫 서울본점,,広津区,Gwangjin-gu,서울 광진구 자양로 54,010-2103-3339,,https://www.com2pet.com,37.532833,127.085411,2.2,490,"https://www.google.com/maps/search/?api=1&query=37.532833,127.085411",반려동물분양
1390,ペットショップ,Pet shop,ココ愛犬,Koko Dog,코코애견,,広津区,Gwangjin-gu,서울 광진구 면목로 146,,,,37.566234,127.081592,,1,"https://www.google.com/maps/search/?api=1&query=37.566234,127.081592",반려동물분양
1391,ペットショップ,Pet shop,トリネガンシクジュバン,Torinegansikjubang,토리네간식주방,,広津区,Gwangjin-gu,서울 광진구 자양로3길 67,,https://www.instagram.com/tory_snack,,37.529372,127.082997,,1,"https://www.google.com/maps/search/?api=1&query=37.529372,127.082997",반려동물용품
1392,ペットショップ,Pet shop,ペッマート クァンジンジョム,Pet Mart Gwangjinjeom,펫마트 광진점,,広津区,Gwangjin-gu,서울 광진구 능동로 442,02-466-1550,,http://www.petmart.co.kr,37.568055,127.085759,5.0,3,"https://www.google.com/maps/search/?api=1&query=37.568055,127.085759",펫마트
1393,ペットショップ,Pet shop,プププストア,Peupeupeu Store,프프프스토어,,広津区,Gwangjin-gu,서울 광진구 용마산로2길 6,0503-7151-9476,,,37.554885,127.088881,,29,"https://www.google.com/maps/search/?api=1&query=37.554885,127.088881",반려동물용품
1394,ペットショップ,Pet shop,プルレイドクス,Peulleidokseu,플레이독스,,広津区,Gwangjin-gu,서울 광진구 능동로 163,02-497-5789,https://www.instagram.com/cafe.playdogs/,,37.545351,127.072919,3.9,46,"https://www.google.com/maps/search/?api=1&query=37.545351,127.072919",반려동물용품
1395,ペットショップ,Pet shop,ハイパイボホソ ソウルジョム,High Baibohoso Seouljeom,하이바이보호소 서울점,,広津区,Gwangjin-gu,서울 광진구 자양로 180,010-3232-7969,,https://hibyeshelter.com/,37.543509,127.084871,,8,"https://www.google.com/maps/search/?api=1&query=37.543509,127.084871",반려동물분양
1396,ペットショップ,Pet shop,ハッピーウンッスデイ,Happy Ungsseudei,해피웅쓰데이,,広津区,Gwangjin-gu,서울 광진구 능동로 340,010-9592-8974,https://www.instagram.com/happy_woongs_day,,37.559807,127.081173,5.0,13,"https://www.google.com/maps/search/?api=1&query=37.559807,127.081173",반려동물용품
1397,トリミング,Grooming,ヘヂスグルミン,Hediseugeuruming,헤디스그루밍,,広津区,Gwangjin-gu,서울 광진구 광장로1길 30,1588-4673,https://www.instagram.com/hedysgrooming,,37.548019,127.102362,,0,"https://www.google.com/maps/search/?api=1&query=37.548019,127.102362",반려동물용품
1398,ペットショップ,Pet shop,ヘルロットゥニ オリニデゴンウォンジョム,Hellottuni Eorinidaegongwonjeom,헬로뚜니 어린이대공원점,,広津区,Gwangjin-gu,서울 광진구 광나루로 521,,https://www.instagram.com/hello_dduni,,37.545125,127.087448,5.0,0,"https://www.google.com/maps/search/?api=1&query=37.545125,127.087448",반려동물용품
1399,ペットショップ,Pet shop,ヘルシヤムペッストア,Helsiyampet Store,헬시얌펫스토어,,広津区,Gwangjin-gu,서울 광진구 아차산로 410,,,,37.536282,127.087754,,0,"https://www.google.com/maps/search/?api=1&query=37.536282,127.087754",반려동물용품
1400,ペットショップ,Pet shop,カンアジゴヤンイピョヌィジョム クロオンスジョム,Gangajigoyangipyeonuijeom Guroonsujeom,강아지고양이편의점 구로온수점,,九老区,Guro-gu,서울 구로구 부일로9길 133,070-4533-7076,https://www.instagram.com/petstore24_go,,37.496903,126.822186,5.0,12,"https://www.google.com/maps/search/?api=1&query=37.496903,126.822186",강아지고양이편의점
1401,ペットショップ,Pet shop,カンアジゴヤンイピョヌィジョム クロハンドンジョム,Gangajigoyangipyeonuijeom Gurohangdongjeom,강아지고양이편의점 구로항동점,,九老区,Guro-gu,서울 구로구 서해안로 2124,010-4022-8389,,http://www.petstore24.co.kr,37.481655,126.825376,,0,"https://www.google.com/maps/search/?api=1&query=37.481655,126.825376",강아지고양이편의점
1402,ペットショップ,Pet shop,キョンミョイムダン,Gyeonmyoimdang,견묘임당,,九老区,Guro-gu,서울 구로구 개봉로 17,,,,37.487185,126.856161,,0,"https://www.google.com/maps/search/?api=1&query=37.487185,126.856161",반려동물용품
1403,ペットショップ,Pet shop,キョンセンニャンプム 24時間 無人ペットショップ クロゴチョガイパークチョム,Gyeonsaengnyangpum 24h Unmanned Pet Shop Gurogocheogai Park Jeom,견생냥품 24시 무인펫샵 구로고척아이파크점,はい/Yes,九老区,Guro-gu,서울 구로구 경서로 15,070-4519-8626,,https://petgz.com/,37.49884,126.856582,,6,"https://www.google.com/maps/search/?api=1&query=37.49884,126.856582",견생냥품 24시 무인펫샵
1404,ペットショップ,Pet shop,ッコヌッコッピア,Kkonukkoppia,꼬누꼬삐아,,九老区,Guro-gu,서울 구로구 디지털로32가길 18,070-7302-6550,,,37.482667,126.898483,,0,"https://www.google.com/maps/search/?api=1&query=37.482667,126.898483",반려동물용품
1405,ペットショップ,Pet shop,トグマケッ シンドリムゴリゴンウォンジョム,Dogeumakaet Sindorimgeorigongwonjeom,도그마캣 신도림거리공원점,,九老区,Guro-gu,서울 구로구 공원로 27,,,,37.499516,126.890943,3.0,4,"https://www.google.com/maps/search/?api=1&query=37.499516,126.890943",반려동물용품
1406,ペットショップ,Pet shop,トグボヂ コチョクジョム,Dogeubeodi Gocheokjeom,도그버디 고척점,,九老区,Guro-gu,서울 구로구 고척로32길 3,,,,37.502462,126.849247,,0,"https://www.google.com/maps/search/?api=1&query=37.502462,126.849247",반려동물용품
1407,ペットショップ,Pet shop,トグコリア,Dogeukoria,도그코리아,,九老区,Guro-gu,서울 구로구 디지털로32길 30,1599-6331,,http://www.petworldkorea.com,37.483454,126.896523,,0,"https://www.google.com/maps/search/?api=1&query=37.483454,126.896523",반려동물용품
1408,ペットショップ,Pet shop,トグタウン,Dogeu Town,도그타운,,九老区,Guro-gu,서울 구로구 개봉로 40,0507-1495-9335,,,37.489182,126.856377,,74,"https://www.google.com/maps/search/?api=1&query=37.489182,126.856377",반려동물용품
1409,ペットショップ,Pet shop,トッケビペッ クロボンジョム,Dokkaebipet Gurobonjeom,도깨비펫 구로본점,,九老区,Guro-gu,서울 구로구 구로동로26길 115,,,,37.490103,126.89044,5.0,0,"https://www.google.com/maps/search/?api=1&query=37.490103,126.89044",반려동물용품
1410,ペットショップ,Pet shop,トシムソクドマベム パチュンニュシャプ,Dosimsokdomabaem Pachungnyusyap,도심속도마뱀 파충류샵,,九老区,Guro-gu,서울 구로구 구로동로 214,010-4977-3336,,https://blog.naver.com/gang7514,37.497579,126.882704,5.0,15,"https://www.google.com/maps/search/?api=1&query=37.497579,126.882704",반려동물분양
1411,ペットショップ,Pet shop,チエイチドンヘンヂジャイン,Dieichidonghaengdijain,디에이치동행디자인,,九老区,Guro-gu,서울 구로구 디지털로 243,02-2224-3425,,,37.481992,126.892349,,0,"https://www.google.com/maps/search/?api=1&query=37.481992,126.892349",반려동물용품
1412,ペットショップ,Pet shop,ットグライプ,Ttogeuraipeu,또그라이프,,九老区,Guro-gu,서울 구로구 구일로4길 46,,,,37.492285,126.876293,,0,"https://www.google.com/maps/search/?api=1&query=37.492285,126.876293",반려동물용품
1413,ペットショップ,Pet shop,リチポピ,Richipeopi,리치퍼피,,九老区,Guro-gu,서울 구로구 도림천로 448,010-2461-0099,,https://cafe.daum.net/tinypuppyworld,37.485608,126.899039,,0,"https://www.google.com/maps/search/?api=1&query=37.485608,126.899039",반려동물분양
1414,ペットショップ,Pet shop,リケイ,Rikei,리케이,,九老区,Guro-gu,서울 구로구 경서로 81,02-832-0310,,http://www.barykkang.com,37.504114,126.860666,5.0,0,"https://www.google.com/maps/search/?api=1&query=37.504114,126.860666",반려동물용품
1415,ペットショップ,Pet shop,モンニャン カンシクチャンゴ,Meongnyang Gansikchanggo,멍냥 간식창고,,九老区,Guro-gu,서울 구로구 중앙로 60,,,,37.503134,126.862582,5.0,1,"https://www.google.com/maps/search/?api=1&query=37.503134,126.862582",반려동물용품
1416,ペットショップ,Pet shop,モンニャンウィミンジョク ケボンジョム,Meongnyanguiminjok Gaebongjeom,멍냥의민족 개봉점,,九老区,Guro-gu,서울 구로구 개봉로3길 6,,,,37.486526,126.855863,,0,"https://www.google.com/maps/search/?api=1&query=37.486526,126.855863",반려동물용품
1417,ペットショップ,Pet shop,モンモンモギョクタン,Meongmeongmogyoktang,멍멍목욕탕,,九老区,Guro-gu,서울 구로구 구일로10길 53,0503-7150-3987,,https://blog.naver.com/dogshower2024/,37.495846,126.875818,,4,"https://www.google.com/maps/search/?api=1&query=37.495846,126.875818",반려동물용품
1418,ペットショップ,Pet shop,メリモンモン,Merimeongmeong,메리멍멍,,九老区,Guro-gu,서울 구로구 구로중앙로31길 30,,,,37.4988,126.884822,,0,"https://www.google.com/maps/search/?api=1&query=37.4988,126.884822",반려동물분양
1419,ペットショップ,Pet shop,ペベフント,Bebehunteu,베베훈트,,九老区,Guro-gu,서울 구로구 고척로 149,010-2978-3554,,,37.503121,126.85014,,0,"https://www.google.com/maps/search/?api=1&query=37.503121,126.85014",반려동물용품
1420,ペットショップ,Pet shop,シャムプハヌンガンアジ,Syampuhaneungangaji,샴푸하는강아지,,九老区,Guro-gu,서울 구로구 구일로4길 46,,,,37.492134,126.876267,,0,"https://www.google.com/maps/search/?api=1&query=37.492134,126.876267",반려동물분양
1421,ペットショップ,Pet shop,シュポペド,Syupeopaedeu,슈퍼패드,,九老区,Guro-gu,서울 구로구 디지털로27길 36,1800-0219,,,37.483887,126.892606,,0,"https://www.google.com/maps/search/?api=1&query=37.483887,126.892606",반려동물용품
1422,ペットショップ,Pet shop,ッスダミ,Sseudami,쓰다미,,九老区,Guro-gu,서울 구로구 구일로 110,,,,37.495075,126.872008,,0,"https://www.google.com/maps/search/?api=1&query=37.495075,126.872008",반려동물용품
1423,ペットショップ,Pet shop,アムドオプゲ ケボンモクガムチョンジョム,Amudoeopgae Gaebongmokgamcheonjeom,아무도없개 개봉목감천점,,九老区,Guro-gu,서울 구로구 개봉로2길 71,010-4946-3074,,,37.488225,126.859211,,0,"https://www.google.com/maps/search/?api=1&query=37.488225,126.859211",아무도없개
1424,ペットショップ,Pet shop,アムドオプゲ ケボンジョム,Amudoeopgae Gaebongjeom,아무도없개 개봉점,,九老区,Guro-gu,서울 구로구 경인로 315,070-4304-2397,https://www.instagram.com/updog_gaebong/,,37.497567,126.855304,,10,"https://www.google.com/maps/search/?api=1&query=37.497567,126.855304",아무도없개
1425,ペットショップ,Pet shop,アムドオプゲ クログチョンジョム,Amudoeopgae Gurogucheongjeom,아무도없개 구로구청점,,九老区,Guro-gu,서울 구로구 가마산로 265,0507-1325-5631,,https://updog.kr/,37.496181,126.889726,,11,"https://www.google.com/maps/search/?api=1&query=37.496181,126.889726",아무도없개
1426,ペットショップ,Pet shop,アムドオプゲ オリュドンヨクジョム,Amudoeopgae Oryudongyeokjeom,아무도없개 오류동역점,,九老区,Guro-gu,서울 구로구 경인로20나길 30,010-4565-6031,,https://updog.kr/,37.494877,126.841841,5.0,6,"https://www.google.com/maps/search/?api=1&query=37.494877,126.841841",아무도없개
1427,ペットショップ,Pet shop,アイセム(isam),Aisaem (isam),아이샘(isam),,九老区,Guro-gu,서울 구로구 경인로 579,010-9632-1321,,,37.504625,126.880875,,0,"https://www.google.com/maps/search/?api=1&query=37.504625,126.880875",반려동물용품
1428,ペットショップ,Pet shop,愛犬シャウォギ ハイキュブ,Dog Syawogi High Kyubeu,애견샤워기 하이큐브,,九老区,Guro-gu,서울 구로구 공원로 3,010-9287-2568,,https://blog.naver.com/ssim2568/222691489914,37.497692,126.892255,,0,"https://www.google.com/maps/search/?api=1&query=37.497692,126.892255",반려동물용품
1429,ペットショップ,Pet shop,エスエイカンパニー,Eseuei Company,에스에이컴퍼니,,九老区,Guro-gu,서울 구로구 구일로10길 27,070-8704-9050,,https://studioalive.co.kr/,37.495633,126.872736,,0,"https://www.google.com/maps/search/?api=1&query=37.495633,126.872736",반려동물용품
1430,ペットショップ,Pet shop,エレイエムッシ,Ereiemssi,엘에이엠씨,,九老区,Guro-gu,서울 구로구 도림로 72,02-839-7584,,,37.489333,126.89167,,0,"https://www.google.com/maps/search/?api=1&query=37.489333,126.89167",반려동물용품
1431,ペットショップ,Pet shop,チェイドペッ,Jeideupet,제이드펫,,九老区,Guro-gu,서울 구로구 경서로 81,02-6268-1618,,http://jadepet.com,37.504115,126.860666,,0,"https://www.google.com/maps/search/?api=1&query=37.504115,126.860666",반려동물용품
1432,ペットショップ,Pet shop,コスモスエフェクト,Koseumoseu Effect,코스모스이펙트,,九老区,Guro-gu,서울 구로구 디지털로33길 12,02-6212-8587,,https://www.peopet.co.kr,37.486553,126.896162,,0,"https://www.google.com/maps/search/?api=1&query=37.486553,126.896162",반려동물분양
1433,ペットショップ,Pet shop,コンイオッパ動物ヤクグク,Kongioppa Animal Yakguk,콩이오빠동물약국,,九老区,Guro-gu,서울 구로구 경인로47길 126,02-2681-3535,,,37.504173,126.863459,4.5,0,"https://www.google.com/maps/search/?api=1&query=37.504173,126.863459",반려동물용품
1434,ペットショップ,Pet shop,ペッリビン,Petribing,펫리빙,,九老区,Guro-gu,서울 구로구 개봉로 40,,,,37.489182,126.856377,,0,"https://www.google.com/maps/search/?api=1&query=37.489182,126.856377",반려동물용품
1435,ペットショップ,Pet shop,ペッハッピー,Pet Happy,펫해피,,九老区,Guro-gu,서울 구로구 고척로27다길 35-5,,,,37.50557,126.847848,,0,"https://www.google.com/maps/search/?api=1&query=37.50557,126.847848",반려동물용품
1436,ドッグラン,Dog park,プロンイネプレイグラウンド,Purongine Playground,푸롱이네놀이터,,九老区,Guro-gu,서울 구로구 구로중앙로34길 30,,,,37.50059,126.884623,,0,"https://www.google.com/maps/search/?api=1&query=37.50059,126.884623",반려동물용품
1437,ペットショップ,Pet shop,ハルウィハル,Haruuiharu,하루의하루,,九老区,Guro-gu,서울 구로구 가마산로 232-11,02-6951-0420,,https://blog.naver.com/day_of_haru,37.493717,126.887331,5.0,0,"https://www.google.com/maps/search/?api=1&query=37.493717,126.887331",반려동물용품
1438,ペットショップ,Pet shop,クムチョン動物ヤクグク,Geumcheon Animal Yakguk,금천동물약국,,衿川区,Geumcheon-gu,서울 금천구 남부순환로 1372,010-9711-3187,,https://blog.naver.com/diaryhjh,37.479459,126.903473,,0,"https://www.google.com/maps/search/?api=1&query=37.479459,126.903473",반려동물용품
1439,ペットショップ,Pet shop,タクトブルレンク,Dakteobeullaengkeu,닥터블랭크,,衿川区,Geumcheon-gu,서울 금천구 서부샛길 606,,,https://blog.naver.com/drblank_korea/,37.479953,126.877008,,11,"https://www.google.com/maps/search/?api=1&query=37.479953,126.877008",반려동물용품
1440,ペットショップ,Pet shop,トドクス,Deodokseu,더독스,,衿川区,Geumcheon-gu,서울 금천구 두산로 70,010-9221-9253,,http://www.thedogs.co.kr,37.469012,126.895531,5.0,34,"https://www.google.com/maps/search/?api=1&query=37.469012,126.895531",반려동물분양
1441,ペットショップ,Pet shop,トビンナゲ,Deobinnagae,더빛나개,,衿川区,Geumcheon-gu,서울 금천구 시흥대로73길 11,010-2178-1225,https://www.instagram.com/mini_youki/,,37.456796,126.899144,,0,"https://www.google.com/maps/search/?api=1&query=37.456796,126.899144",반려동물분양
1442,ペットショップ,Pet shop,トギランニャンイラン クムチョン1ホジョム,Dogirangnyangirang Geumcheon 1 Hojeom,도기랑냥이랑 금천1호점,,衿川区,Geumcheon-gu,서울 금천구 독산로 221,02-857-7020,,,37.466779,126.901552,,0,"https://www.google.com/maps/search/?api=1&query=37.466779,126.901552",반려동물용품
1443,ペットショップ,Pet shop,ロルスモンス,Rolseumeongseu,롤스멍스,,衿川区,Geumcheon-gu,서울 금천구 가산로5길 46,0502-5554-6193,,https://naver.me/xXnBKgrq,37.473723,126.89198,,0,"https://www.google.com/maps/search/?api=1&query=37.473723,126.89198",반려동물용품
1444,ペットショップ,Pet shop,ルシペッコリア,Rusipetkoria,루시펫코리아,,衿川区,Geumcheon-gu,서울 금천구 범안로 1130,0502-5550-9274,,https://lucypet.kr/,37.465522,126.887672,,0,"https://www.google.com/maps/search/?api=1&query=37.465522,126.887672",반려동물용품
1445,ペットショップ,Pet shop,リスペッ,Riseupet,리스펫,,衿川区,Geumcheon-gu,서울 금천구 벚꽃로 298,070-4012-8068,,https://respet.co.kr/,37.481441,126.883872,,1,"https://www.google.com/maps/search/?api=1&query=37.481441,126.883872",반려동물용품
1446,ペットショップ,Pet shop,リンダドゥプ,Rindadup,린다둡,,衿川区,Geumcheon-gu,서울 금천구 독산로36길 81,010-4432-1484,,,37.461015,126.908785,,2,"https://www.google.com/maps/search/?api=1&query=37.461015,126.908785",반려동물용품
1447,ペットショップ,Pet shop,リルラロブスイッ,Rillareobeuseuit,릴라러브스잇,,衿川区,Geumcheon-gu,서울 금천구 가산디지털1로 205,02-6111-8540,,http://lilalovesit.co.kr/,37.48399,126.879504,,0,"https://www.google.com/maps/search/?api=1&query=37.48399,126.879504",반려동물용품
1448,ペットショップ,Pet shop,モイペッチ,Moipetti,모이펫티,,衿川区,Geumcheon-gu,서울 금천구 범안로 1130,010-8423-1841,,https://www.moipety.co.kr/,37.465606,126.887663,,0,"https://www.google.com/maps/search/?api=1&query=37.465606,126.887663",반려동물용품
1449,ペットショップ,Pet shop,ミミンコ マリオアウルレッジョム,Mimingko Marioaulletjeom,미밍코 마리오아울렛점,,衿川区,Geumcheon-gu,서울 금천구 디지털로9길 23,02-2067-3605,,http://www.miminko.kr/,37.478666,126.886359,,0,"https://www.google.com/maps/search/?api=1&query=37.478666,126.886359",반려동물용품
1450,ペットショップ,Pet shop,ソユペッ シフンジョム,Seoyupet Siheungjeom,서유펫 시흥점,,衿川区,Geumcheon-gu,서울 금천구 시흥대로62길 62,02-806-8808,https://www.instagram.com/seoyupet/,,37.456999,126.902855,,0,"https://www.google.com/maps/search/?api=1&query=37.456999,126.902855",반려동물용품
1451,ペットショップ,Pet shop,ッシユペッ トクサンジョム,Ssiyupet Doksanjeom,씨유펫 독산점,,衿川区,Geumcheon-gu,서울 금천구 시흥대로 475,,,https://seeyoupet.com,37.476111,126.898256,5.0,2,"https://www.google.com/maps/search/?api=1&query=37.476111,126.898256",씨유펫
1452,ペットショップ,Pet shop,アイネッグルロボル,Ainetgeullobeol,아이넷글로벌,,衿川区,Geumcheon-gu,서울 금천구 디지털로9길 47,02-858-3440,,,37.479628,126.885815,,0,"https://www.google.com/maps/search/?api=1&query=37.479628,126.885815",반려동물용품
1453,ペットショップ,Pet shop,アンビニュ,Angbinyu,앙비뉴,,衿川区,Geumcheon-gu,서울 금천구 가산디지털2로 143,02-2678-1316,,https://anvenue.com/,37.480699,126.87742,5.0,0,"https://www.google.com/maps/search/?api=1&query=37.480699,126.87742",반려동물용품
1454,ペットショップ,Pet shop,エピクカンパニー,Epik Company,에픽컴퍼니,,衿川区,Geumcheon-gu,서울 금천구 시흥대로 459,02-866-0717,https://www.instagram.com/epic_seoul,,37.474753,126.898119,,10,"https://www.google.com/maps/search/?api=1&query=37.474753,126.898119",반려동물분양
1455,ペットショップ,Pet shop,オブエン,Obeuaen,오브앤,,衿川区,Geumcheon-gu,서울 금천구 가산디지털2로 98,02-2624-0024,,https://www.harryspet.com,37.477234,126.881058,,0,"https://www.google.com/maps/search/?api=1&query=37.477234,126.881058",반려동물용품
1456,ペットショップ,Pet shop,オヤオヤ,Oyaoya,오야오야,,衿川区,Geumcheon-gu,서울 금천구 벚꽃로 30,070-4012-0937,,,37.458033,126.894222,5.0,0,"https://www.google.com/maps/search/?api=1&query=37.458033,126.894222",반려동물용품
1457,ペットショップ,Pet shop,ワルチュカンパニー,Walcheu Company,왈츠컴퍼니,,衿川区,Geumcheon-gu,서울 금천구 가산디지털1로 45,,,,37.469904,126.885554,,0,"https://www.google.com/maps/search/?api=1&query=37.469904,126.885554",반려동물용품
1458,ペットショップ,Pet shop,ウェスチホワイトテリオ チクスイムミニビションガンアジ分譲 ポピピク,Weseuti White Terieo Jiksuimminibisyonggangaji Adoption Peopipik,웨스티화이트테리어 직수입미니비숑강아지분양 퍼피픽,,衿川区,Geumcheon-gu,서울 금천구 가산디지털1로 75-15,010-2920-0144,,,37.4723,126.884207,,19,"https://www.google.com/maps/search/?api=1&query=37.4723,126.884207",반려동물분양
1459,ペットショップ,Pet shop,ケッグルル,Kaetgeullu,캣글루,,衿川区,Geumcheon-gu,서울 금천구 가산디지털2로 108,,,,37.477896,126.880667,,0,"https://www.google.com/maps/search/?api=1&query=37.477896,126.880667",반려동물용품
1460,ペットショップ,Pet shop,トゥドルリ,Tudeulli,투들리,,衿川区,Geumcheon-gu,서울 금천구 가산디지털1로 181,02-2135-6695,,,37.481425,126.880393,,0,"https://www.google.com/maps/search/?api=1&query=37.481425,126.880393",반려동물용품
1461,ペットショップ,Pet shop,ポスノルデンデン,Peoseuneoldaengdaeng,퍼스널댕댕,,衿川区,Geumcheon-gu,서울 금천구 가산로5길 46,010-5249-5366,,,37.473724,126.89198,,6,"https://www.google.com/maps/search/?api=1&query=37.473724,126.89198",반려동물용품
1462,ペットショップ,Pet shop,ペッタプ,Pettap,펫탑,,衿川区,Geumcheon-gu,서울 금천구 시흥대로78길 17,02-780-5594,,https://petop.co.kr,37.458861,126.899722,5.0,0,"https://www.google.com/maps/search/?api=1&query=37.458861,126.899722",반려동물용품
1463,ペットショップ,Pet shop,ペッポルス,Petpeolseu,펫펄스,,衿川区,Geumcheon-gu,서울 금천구 가산디지털1로 131,02-2635-8520,,http://www.petpuls.net,37.476957,126.882006,,0,"https://www.google.com/maps/search/?api=1&query=37.476957,126.882006",반려동물용품
1464,ペットショップ,Pet shop,ペップルト プルロスモル クムチョンジョム,Petpeureuteu Peulleoseumol Geumcheonjeom,펫프르트 플러스몰 금천점,,衿川区,Geumcheon-gu,서울 금천구 가산로3길 86,010-3891-8728,,https://petfarmom.com,37.472408,126.890744,,0,"https://www.google.com/maps/search/?api=1&query=37.472408,126.890744",반려동물용품
1465,ペットショップ,Pet shop,24時間 無人 愛犬用品& ペッガンシクシャプ アムドオプゲ テルンジョム,24h Unmanned Dog Supplies & Petgansiksyap Amudoeopgae Taereungjeom,24시 무인 애견용품& 펫간식샵 아무도없개 태릉점,はい/Yes,蘆原区,Nowon-gu,서울 노원구 공릉로 97,,,,37.618961,127.078255,,0,"https://www.google.com/maps/search/?api=1&query=37.618961,127.078255",반려동물용품
1466,ペットショップ,Pet shop,カンアジサラン,Gangajisarang,강아지사랑,,蘆原区,Nowon-gu,서울 노원구 덕릉로 663,,,,37.656774,127.074565,,1,"https://www.google.com/maps/search/?api=1&query=37.656774,127.074565",반려동물분양
1467,ペットショップ,Pet shop,ケニャンイネ ノウォンボンジョム,Gaenyangine Nowonbonjeom,개냥이네 노원본점,,蘆原区,Nowon-gu,서울 노원구 상계로7길 7,070-4193-0080,,https://blog.naver.com/ganakost,37.657172,127.065177,5.0,249,"https://www.google.com/maps/search/?api=1&query=37.657172,127.065177",반려동물분양
1468,ペットショップ,Pet shop,キョンセンニャンプム 24時間 無人ペットショップ コンヌンジュンアンジョム,Gyeonsaengnyangpum 24h Unmanned Pet Shop Gongneungjungangjeom,견생냥품 24시 무인펫샵 공릉중앙점,はい/Yes,蘆原区,Nowon-gu,서울 노원구 공릉로 138,010-7576-9671,,https://petgz.com/,37.622192,127.079371,,9,"https://www.google.com/maps/search/?api=1&query=37.622192,127.079371",견생냥품 24시 무인펫샵
1469,ペットショップ,Pet shop,キョンセンニャンプム 24時間 無人ペットショップ マドリョクジョム,Gyeonsaengnyangpum 24h Unmanned Pet Shop Madeuryeokjeom,견생냥품 24시 무인펫샵 마들역점,はい/Yes,蘆原区,Nowon-gu,서울 노원구 동일로 1541,,,https://petgz.com,37.665642,127.057237,,2,"https://www.google.com/maps/search/?api=1&query=37.665642,127.057237",견생냥품 24시 무인펫샵
1470,ペットショップ,Pet shop,キョンセンニャンプム 24時間 無人ペットショップ ソウルロウォニョクジョム,Gyeonsaengnyangpum 24h Unmanned Pet Shop Seoullowonyeokjeom,견생냥품 24시 무인펫샵 서울노원역점,はい/Yes,蘆原区,Nowon-gu,서울 노원구 상계로 65,,,https://petgz.com,37.656354,127.06225,5.0,8,"https://www.google.com/maps/search/?api=1&query=37.656354,127.06225",견생냥품 24시 무인펫샵
1471,ペットショップ,Pet shop,キョンセンニャンプム 24時間 無人ペットショップ ソウルサンギェヨクジョム,Gyeonsaengnyangpum 24h Unmanned Pet Shop Seoulsanggyeyeokjeom,견생냥품 24시 무인펫샵 서울상계역점,はい/Yes,蘆原区,Nowon-gu,서울 노원구 덕릉로 718,,,https://petgz.com/,37.661266,127.075875,,2,"https://www.google.com/maps/search/?api=1&query=37.661266,127.075875",견생냥품 24시 무인펫샵
1472,ペットショップ,Pet shop,キョンセンニャンプム 24時間 無人ペットショップ チュンギェウンヘンサゴリジョム,Gyeonsaengnyangpum 24h Unmanned Pet Shop Junggyeeunhaengsageorijeom,견생냥품 24시 무인펫샵 중계은행사거리점,はい/Yes,蘆原区,Nowon-gu,서울 노원구 중계로 201,010-2277-9470,,https://petgz.com/,37.65051,127.077804,5.0,2,"https://www.google.com/maps/search/?api=1&query=37.65051,127.077804",견생냥품 24시 무인펫샵
1473,ペットショップ,Pet shop,ネプムモンニャン ノウォン,Naepummeongnyang Nowon,내품멍냥 노원,,蘆原区,Nowon-gu,서울 노원구 노원로 473,010-9571-1192,https://www.instagram.com/mypumdog/,,37.658486,127.064961,,9,"https://www.google.com/maps/search/?api=1&query=37.658486,127.064961",반려동물분양
1474,ペットショップ,Pet shop,ニュロルレプシチ,Nyureollepsiti,뉴런렙시티,,蘆原区,Nowon-gu,서울 노원구 노원로 473,,,,37.658466,127.064998,,2,"https://www.google.com/maps/search/?api=1&query=37.658466,127.064998",반려동물분양
1475,ペットショップ,Pet shop,タルビッヘムストリ,Dalbithaemseuteori,달빛햄스터리,,蘆原区,Nowon-gu,서울 노원구 동일로180길 21,0503-7153-3139,,,37.622499,127.075484,,12,"https://www.google.com/maps/search/?api=1&query=37.622499,127.075484",반려동물분양
1476,ペットショップ,Pet shop,テンデンアカデミ,Daengdaengakademi,댕댕아카데미,,蘆原区,Nowon-gu,서울 노원구 동일로207길 50,010-4568-2368,,,37.643,127.061679,,0,"https://www.google.com/maps/search/?api=1&query=37.643,127.061679",반려동물용품
1477,ペットショップ,Pet shop,トグマル カンアジ コヤンイ ウィジョンブノウォンジョム,Dogeumaru Gangaji Goyangi Uijeongbunowonjeom,도그마루 강아지 고양이 의정부노원점,,蘆原区,Nowon-gu,서울 노원구 동일로 1354,1566-8713,,https://dogmaru.co.kr,37.649555,127.062242,3.2,7,"https://www.google.com/maps/search/?api=1&query=37.649555,127.062242",반려동물분양
1478,ペットショップ,Pet shop,トグボヂ コンヌンジョム,Dogeubeodi Gongneungjeom,도그버디 공릉점,,蘆原区,Nowon-gu,서울 노원구 동일로180길 37,02-979-1528,,,37.62264,127.076275,5.0,0,"https://www.google.com/maps/search/?api=1&query=37.62264,127.076275",반려동물용품
1479,ペットショップ,Pet shop,ットンガンアジ,Ttonggangaji,똥강아지,,蘆原区,Nowon-gu,서울 노원구 한글비석로 405,02-938-0166,,,37.660914,127.071098,,0,"https://www.google.com/maps/search/?api=1&query=37.660914,127.071098",반려동물분양
1480,ペットショップ,Pet shop,ッチアモン,Ttiamong,띠아몽,,蘆原区,Nowon-gu,서울 노원구 동일로 1042,010-6330-6816,,https://blog.naver.com/honeypet2/,37.6231,127.074122,5.0,25,"https://www.google.com/maps/search/?api=1&query=37.6231,127.074122",반려동물분양
1481,ペットショップ,Pet shop,ロブペンモルチペットショップ コンヌン,Reobeupenmeolti Pet Shop Gongneung,러브펫멀티펫샵 공릉,,蘆原区,Nowon-gu,서울 노원구 동일로 1014,02-971-5955,,,37.620598,127.074945,,0,"https://www.google.com/maps/search/?api=1&query=37.620598,127.074945",반려동물분양
1482,ペットショップ,Pet shop,マモモ,Mamomo,마모모,,蘆原区,Nowon-gu,서울 노원구 월계로45길 28,010-5280-1617,,,37.62676,127.05111,,0,"https://www.google.com/maps/search/?api=1&query=37.62676,127.05111",반려동물용품
1483,ペットショップ,Pet shop,モンニャンウィミンジョク ノウォンサンギェジョム,Meongnyanguiminjok Nowonsanggyejeom,멍냥의민족 노원상계점,,蘆原区,Nowon-gu,서울 노원구 수락산로 17-1,0507-1338-3961,,https://www.mungmin.com,37.664527,127.073935,1.0,3,"https://www.google.com/maps/search/?api=1&query=37.664527,127.073935",멍냥의민족
1484,ペットショップ,Pet shop,モンニャンウィミンジョク ノウォンハギェジョム,Meongnyanguiminjok Nowonhagyejeom,멍냥의민족 노원하계점,,蘆原区,Nowon-gu,서울 노원구 섬밭로 263,0507-1353-9074,,https://www.mungmin.com,37.639127,127.063816,,4,"https://www.google.com/maps/search/?api=1&query=37.639127,127.063816",멍냥의민족
1485,ペットショップ,Pet shop,モンニャンウィミンジョク チュンギェジョム,Meongnyanguiminjok Junggyejeom,멍냥의민족 중계점,,蘆原区,Nowon-gu,서울 노원구 중계로 162-11,,,https://www.mungmin.com/,37.649849,127.081571,,0,"https://www.google.com/maps/search/?api=1&query=37.649849,127.081571",멍냥의민족
1486,ペットショップ,Pet shop,メガモン コンヌンジョム,Megameong Gongneungjeom,메가멍 공릉점,,蘆原区,Nowon-gu,서울 노원구 공릉로27길 12,,,,37.621531,127.078389,,4,"https://www.google.com/maps/search/?api=1&query=37.621531,127.078389",반려동물용품
1487,ペットショップ,Pet shop,モオライク,Moeoraikeu,모어라이크,,蘆原区,Nowon-gu,서울 노원구 노원로 547,02-6404-2727,,,37.66098,127.05802,,0,"https://www.google.com/maps/search/?api=1&query=37.66098,127.05802",반려동물용품
1488,ペットショップ,Pet shop,モルリス イマート ウォルギェジョム,Molliseu I Mart Wolgyejeom,몰리스 이마트 월계점,,蘆原区,Nowon-gu,서울 노원구 마들로3길 15,02-2092-1010,https://instagram.com/mollys_wolgye,,37.626508,127.061978,2.0,5,"https://www.google.com/maps/search/?api=1&query=37.626508,127.061978",몰리스
1489,ペットショップ,Pet shop,ポムボムペッ,Bombompet,봄봄펫,,蘆原区,Nowon-gu,서울 노원구 덕릉로83길 14-7,070-8880-7558,,,37.66032,127.074677,,0,"https://www.google.com/maps/search/?api=1&query=37.66032,127.074677",반려동물용품
1490,ペットショップ,Pet shop,ピビレプタイル,Bibireptail,비비렙타일,,蘆原区,Nowon-gu,서울 노원구 한글비석로 444,,,,37.663608,127.06849,,0,"https://www.google.com/maps/search/?api=1&query=37.663608,127.06849",반려동물분양
1491,ペットショップ,Pet shop,スウィッビ,Seuwitbi,스윗비,,蘆原区,Nowon-gu,서울 노원구 초안산로2길 84,,,,37.632371,127.05724,,19,"https://www.google.com/maps/search/?api=1&query=37.632371,127.05724",반려동물용품
1492,ペットショップ,Pet shop,ッシユペッ ノウォンジョム,Ssiyupet Nowonjeom,씨유펫 노원점,,蘆原区,Nowon-gu,서울 노원구 동일로218길 41,010-7556-7706,,,37.654176,127.063182,,0,"https://www.google.com/maps/search/?api=1&query=37.654176,127.063182",씨유펫
1493,ペットショップ,Pet shop,ッシユペッ サンギェドンジョム,Ssiyupet Sanggyedongjeom,씨유펫 상계동점,,蘆原区,Nowon-gu,서울 노원구 한글비석로46가길 16,,,https://seeyoupet.com,37.665338,127.068914,5.0,0,"https://www.google.com/maps/search/?api=1&query=37.665338,127.068914",씨유펫
1494,ペットショップ,Pet shop,アムドオプゲ テルンジョム,Amudoeopgae Taereungjeom,아무도없개 태릉점,,蘆原区,Nowon-gu,서울 노원구 공릉로 97,1644-9896,,https://updog.kr,37.618961,127.078255,,10,"https://www.google.com/maps/search/?api=1&query=37.618961,127.078255",아무도없개
1495,ペットショップ,Pet shop,アイエムクレ,Aiemkeure,아이엠크레,,蘆原区,Nowon-gu,서울 노원구 상계로1길 38-11,0502-5553-9011,,https://litt.ly/imcre,37.657969,127.062091,,3,"https://www.google.com/maps/search/?api=1&query=37.657969,127.062091",반려동물분양
1496,ペットショップ,Pet shop,ヤオンアモンモンヘブァ コンヌンヨクジョム,Yaongameongmeonghaebwa Gongneungyeokjeom,야옹아멍멍해봐 공릉역점,,蘆原区,Nowon-gu,서울 노원구 동일로 지하 1074,,,http://www.yamungparadise.com,37.625477,127.073005,5.0,14,"https://www.google.com/maps/search/?api=1&query=37.625477,127.073005",반려동물용품
1497,ペットショップ,Pet shop,ヤオンアモンモンヘブァ マドリョクジョム,Yaongameongmeonghaebwa Madeuryeokjeom,야옹아멍멍해봐 마들역점,,蘆原区,Nowon-gu,서울 노원구 동일로 지하 1530-1,010-5612-0654,,,37.6652,127.05773,,0,"https://www.google.com/maps/search/?api=1&query=37.6652,127.05773",반려동물용품
1498,ペットショップ,Pet shop,エイミペッ,Eimipet,에이미펫,,蘆原区,Nowon-gu,서울 노원구 한글비석로47길 67,02-937-7770,,,37.661081,127.066722,,0,"https://www.google.com/maps/search/?api=1&query=37.661081,127.066722",반려동물용품
1499,ペットショップ,Pet shop,オヌルドイェップゲ,Oneuldoyeppeugae,오늘도예쁘개,,蘆原区,Nowon-gu,서울 노원구 동일로237길 58,,,,37.673508,127.052161,5.0,0,"https://www.google.com/maps/search/?api=1&query=37.673508,127.052161",반려동물분양
1500,ペットショップ,Pet shop,ワイタウン,Wai Town,와이타운,,蘆原区,Nowon-gu,서울 노원구 상계로26길 13,070-7726-1084,,,37.658052,127.070998,,0,"https://www.google.com/maps/search/?api=1&query=37.658052,127.070998",반려동물용품
1501,ペットショップ,Pet shop,ウィロブィド,Wireobwideu,위럽위드,,蘆原区,Nowon-gu,서울 노원구 동일로176길 11-11,0503-7154-6119,https://www.instagram.com/weluvwith?igsh=Ymg1YmhjNG9taGNs&utm_source=qr,,37.620489,127.075397,,0,"https://www.google.com/maps/search/?api=1&query=37.620489,127.075397",반려동물용품
1502,ペットショップ,Pet shop,チュジュペッ,Jujupet,주주펫,,蘆原区,Nowon-gu,서울 노원구 광운로12길 8,,,,37.621017,127.059618,,0,"https://www.google.com/maps/search/?api=1&query=37.621017,127.059618",반려동물분양
1503,ペットショップ,Pet shop,テガンイネ モンモンマーケット,Taegangine Meongmeong Market,태강이네 멍멍마켓,,蘆原区,Nowon-gu,서울 노원구 노원로30길 58-3,02-6080-4004,,,37.655291,127.070227,,5,"https://www.google.com/maps/search/?api=1&query=37.655291,127.070227",반려동물용품
1504,ペットショップ,Pet shop,パチュンニュシャプドクトク,Pachungnyusyapdokteuk,파충류샵독특,,蘆原区,Nowon-gu,서울 노원구 동일로 1529,,,,37.665101,127.057309,,1,"https://www.google.com/maps/search/?api=1&query=37.665101,127.057309",반려동물분양
1505,ペットショップ,Pet shop,パチュンニュシャプコリビンジュ,Pachungnyusyapkoribinjeu,파충류샵코리빈즈,,蘆原区,Nowon-gu,서울 노원구 동일로173가길 128,0502-5553-2622,https://www.instagram.com/korybeanz,,37.623871,127.072109,,18,"https://www.google.com/maps/search/?api=1&query=37.623871,127.072109",반려동물분양
1506,ペットショップ,Pet shop,ポピス,Peopiseu,퍼피스,,蘆原区,Nowon-gu,서울 노원구 덕릉로126길 44,0507-1391-1679,https://www.instagram.com/pupeace_,,37.671713,127.083045,,2,"https://www.google.com/maps/search/?api=1&query=37.671713,127.083045",반려동물용품
1507,ペットショップ,Pet shop,ペックラブ サンギェヨクサジョム,Pet Club Sanggyeyeoksajeom,펫클럽 상계역사점,,蘆原区,Nowon-gu,서울 노원구 상계로 182,02-952-3051,,http://www.petclubhome.co.kr,37.660904,127.073576,3.3,0,"https://www.google.com/maps/search/?api=1&query=37.660904,127.073576",반려동물용품
1508,ペットショップ,Pet shop,ペットピア,Pettopia,펫토피아,,蘆原区,Nowon-gu,서울 노원구 상계로1길 24,,,https://blog.naver.com/dark9560,37.657216,127.061705,5.0,0,"https://www.google.com/maps/search/?api=1&query=37.657216,127.061705",반려동물용품
1509,ペットショップ,Pet shop,ポルリパーク ノウォンジョム,Polli Park Nowonjeom,폴리파크 노원점,,蘆原区,Nowon-gu,서울 노원구 상계로 127,02-933-5289,,https://blog.naver.com/ho0380,37.658233,127.068582,5.0,67,"https://www.google.com/maps/search/?api=1&query=37.658233,127.068582",반려동물용품
1510,ペットショップ,Pet shop,ポルリパーク サンギェジョム,Polli Park Sanggyejeom,폴리파크 상계점,,蘆原区,Nowon-gu,서울 노원구 동일로 1598,02-935-3838,,https://polypark.co.kr,37.671055,127.056402,5.0,2,"https://www.google.com/maps/search/?api=1&query=37.671055,127.056402",반려동물용품
1511,ペットショップ,Pet shop,プルロピハウス,Peulleopi House,플러피하우스,,蘆原区,Nowon-gu,서울 노원구 상계로 97,010-8650-1194,https://www.instagram.com/fluffyhouse_puppy,,37.657004,127.065711,,22,"https://www.google.com/maps/search/?api=1&query=37.657004,127.065711",반려동물분양
1512,ペットショップ,Pet shop,ピヒッチ,Pihitti,피힛티,,蘆原区,Nowon-gu,서울 노원구 상계로23길 27,010-2609-4208,https://www.instagram.com/p_hiti_,,37.659146,127.068191,5.0,6,"https://www.google.com/maps/search/?api=1&query=37.659146,127.068191",반려동물용품
1513,ペットショップ,Pet shop,ホットドッグ,Hot Dog,핫도그,,蘆原区,Nowon-gu,서울 노원구 공릉로 141,02-949-6555,,,37.622674,127.079107,,1,"https://www.google.com/maps/search/?api=1&query=37.622674,127.079107",반려동물분양
1514,ペットショップ,Pet shop,カンアジゴヤンイアウルレッ&ホムクク,Gangajigoyangiaullet & Homkuk,강아지고양이아울렛&홈쿡,,道峰区,Dobong-gu,서울 도봉구 도당로27길 60,,,,37.670261,127.041224,,0,"https://www.google.com/maps/search/?api=1&query=37.670261,127.041224",반려동물용품
1515,ペットショップ,Pet shop,カンアジゴヤンイピョヌィジョム トボンジョム,Gangajigoyangipyeonuijeom Dobongjeom,강아지고양이편의점 도봉점,,道峰区,Dobong-gu,서울 도봉구 도봉로177가길 10,02-3394-9003,,http://www.petstore24.co.kr,37.681658,127.044099,,0,"https://www.google.com/maps/search/?api=1&query=37.681658,127.044099",강아지고양이편의점
1516,ペットショップ,Pet shop,カンアジゴヤンイピョヌィジョム パンハクジョム,Gangajigoyangipyeonuijeom Banghakjeom,강아지고양이편의점 방학점,,道峰区,Dobong-gu,서울 도봉구 시루봉로 220,02-3394-9003,,http://www.petstore24.co.kr/,37.667919,127.034573,,0,"https://www.google.com/maps/search/?api=1&query=37.667919,127.034573",강아지고양이편의점
1517,ペットショップ,Pet shop,カンアジゴヤンイピョヌィジョム ッサンニダンギルジョム,Gangajigoyangipyeonuijeom Ssangnidangiljeom,강아지고양이편의점 쌍리단길점,,道峰区,Dobong-gu,서울 도봉구 도봉로114길 50,02-3394-9003,,http://www.petstore24.co.kr/,37.647535,127.037227,,0,"https://www.google.com/maps/search/?api=1&query=37.647535,127.037227",강아지고양이편의점
1518,ペットショップ,Pet shop,カンアジゴヤンイピョヌィジョム ッサンムンジョム,Gangajigoyangipyeonuijeom Ssangmunjeom,강아지고양이편의점 쌍문점,,道峰区,Dobong-gu,서울 도봉구 시루봉로 88,02-3394-9003,,http://www.petstore24.co.kr,37.65874,127.02806,,1,"https://www.google.com/maps/search/?api=1&query=37.65874,127.02806",강아지고양이편의점
1519,ペットショップ,Pet shop,ケワゴヤンイウィセンガク,Gaewagoyangiuisaenggak,개와고양이의생각,,道峰区,Dobong-gu,서울 도봉구 방학로10길 9,02-955-6733,,,37.662855,127.032822,,0,"https://www.google.com/maps/search/?api=1&query=37.662855,127.032822",반려동물용품
1520,ペットショップ,Pet shop,キョンセンニャンプム 24時間 無人ペットショップ トボンバンハギョクジョム,Gyeonsaengnyangpum 24h Unmanned Pet Shop Dobongbanghagyeokjeom,견생냥품 24시 무인펫샵 도봉방학역점,はい/Yes,道峰区,Dobong-gu,서울 도봉구 도봉로150길 43,,,https://petgz.com/,37.66621,127.045542,5.0,3,"https://www.google.com/maps/search/?api=1&query=37.66621,127.045542",견생냥품 24시 무인펫샵
1521,ペットショップ,Pet shop,キョンセンニャンプム 24時間 無人ペットショップ トボンッサンムニョクジョム,Gyeonsaengnyangpum 24h Unmanned Pet Shop Dobongssangmunyeokjeom,견생냥품 24시 무인펫샵 도봉쌍문역점,はい/Yes,道峰区,Dobong-gu,서울 도봉구 도봉로110길 39-16,,,https://petgz.com/,37.646466,127.035759,,9,"https://www.google.com/maps/search/?api=1&query=37.646466,127.035759",견생냥품 24시 무인펫샵
1522,ペットショップ,Pet shop,コノムドル,Gonomdeul,고놈들,,道峰区,Dobong-gu,서울 도봉구 우이천로 284,,,,37.643623,127.030579,,1,"https://www.google.com/maps/search/?api=1&query=37.643623,127.030579",반려동물분양
1523,トリミング,Grooming,タルダルボムボム 愛犬トリミング,Daldalbombom Dog Grooming,달달봄봄 애견미용,,道峰区,Dobong-gu,서울 도봉구 덕릉로63가길 32,,,,37.643426,127.038582,,0,"https://www.google.com/maps/search/?api=1&query=37.643426,127.038582",반려동물분양
1524,ペットショップ,Pet shop,テンニャン24 チャンドンジョム,Daengnyang 24 Changdongjeom,댕냥24 창동점,,道峰区,Dobong-gu,서울 도봉구 덕릉로60길 139,010-7654-3419,,,37.634477,127.04287,4.0,0,"https://www.google.com/maps/search/?api=1&query=37.634477,127.04287",반려동물용품
1525,ペットショップ,Pet shop,テンデンイイップゲ,Daengdaengiippeugae,댕댕이이쁘개,,道峰区,Dobong-gu,서울 도봉구 우이천로32길 62,010-7308-6838,,,37.65039,127.025288,,3,"https://www.google.com/maps/search/?api=1&query=37.65039,127.025288",반려동물용품
1526,ペットショップ,Pet shop,トグボヂ シンドボンジョム,Dogeubeodi Sindobongjeom,도그버디 신도봉점,,道峰区,Dobong-gu,서울 도봉구 도봉로153길 13,02-3491-4503,https://www.instagram.com/dogbuddy4503,,37.669789,127.042691,,19,"https://www.google.com/maps/search/?api=1&query=37.669789,127.042691",반려동물용품
1527,ペットショップ,Pet shop,トグヤム,Dogeuyam,도그얌,,道峰区,Dobong-gu,서울 도봉구 도당로 134,,,https://blog.naver.com/redhee2000,37.667134,127.04103,,28,"https://www.google.com/maps/search/?api=1&query=37.667134,127.04103",반려동물분양
1528,ペットショップ,Pet shop,トゥブネペッ,Dubunepet,두부네펫,,道峰区,Dobong-gu,서울 도봉구 도당로17길 4,02-3492-1004,,,37.666671,127.038374,2.6,139,"https://www.google.com/maps/search/?api=1&query=37.666671,127.038374",반려동물용품
1529,ペットショップ,Pet shop,トゥルリバルリョ用品ハリンメジャン,Dulliballyeo Supplies Harinmaejang,둘리반려용품할인매장,,道峰区,Dobong-gu,서울 도봉구 도봉로 502,,,,37.65013,127.035882,,0,"https://www.google.com/maps/search/?api=1&query=37.65013,127.035882",반려동물용품
1530,ペットショップ,Pet shop,ットンッカンアジネ愛犬シャプ,Ttongkkangajine Dog Syap,똥깡아지네애견샵,,道峰区,Dobong-gu,서울 도봉구 우이천로24길 76,02-6319-0119,,,37.646572,127.032561,,0,"https://www.google.com/maps/search/?api=1&query=37.646572,127.032561",반려동물분양
1531,ペットショップ,Pet shop,リオポレ,Riopore,리오포레,,道峰区,Dobong-gu,서울 도봉구 도당로 125,,,,37.667451,127.040146,5.0,1,"https://www.google.com/maps/search/?api=1&query=37.667451,127.040146",반려동물분양
1532,ペットショップ,Pet shop,マンガクボルレ,Manggakbeolle,망각벌레,,道峰区,Dobong-gu,서울 도봉구 도봉로156길 22,010-9767-8477,https://www.instagram.com/mang_gak.bugstore,,37.67257,127.045549,,0,"https://www.google.com/maps/search/?api=1&query=37.67257,127.045549",반려동물분양
1533,ペットショップ,Pet shop,モンシルモンモン,Meongsilmeongmeong,멍실멍멍,,道峰区,Dobong-gu,서울 도봉구 노해로62길 86,,,,37.647587,127.038616,,0,"https://www.google.com/maps/search/?api=1&query=37.647587,127.038616",반려동물용품
1534,ペットショップ,Pet shop,モンクルレオ,Meongkeulleeo,멍클레어,,道峰区,Dobong-gu,서울 도봉구 마들로 744-1,070-8840-2848,,http://www.facebook.com/mungblanc,37.676245,127.048485,,0,"https://www.google.com/maps/search/?api=1&query=37.676245,127.048485",반려동물분양
1535,ペットショップ,Pet shop,ピアイジエム,Biaijiem,비아이지엠,,道峰区,Dobong-gu,서울 도봉구 방학로3길 6,070-5129-1687,,https://www.petomaman.co.kr/,37.662551,127.040569,,0,"https://www.google.com/maps/search/?api=1&query=37.662551,127.040569",반려동물용품
1536,ペットショップ,Pet shop,ソウルガンアジゴヤンイ 分譲プルロチンペッ,Seoulgangajigoyangi Adoption Peulleotingpet,서울강아지고양이 분양플러팅펫,,道峰区,Dobong-gu,서울 도봉구 해등로 158,010-2431-5578,https://www.instagram.com/_flirting_pet?igsh=MTJkc2RyMjlsMzUyMg%3D%3D&utm_source=qr,,37.657052,127.038912,,1,"https://www.google.com/maps/search/?api=1&query=37.657052,127.038912",반려동물분양
1537,ペットショップ,Pet shop,アッタネベーカリースジェガンシク,Attane Bakery Sujegansik,아따네베이커리수제간식,,道峰区,Dobong-gu,서울 도봉구 해등로 190,,,,37.658307,127.035744,,0,"https://www.google.com/maps/search/?api=1&query=37.658307,127.035744",반려동물용품
1538,ペットショップ,Pet shop,アムドオプゲ ッサンムンジョム,Amudoeopgae Ssangmunjeom,아무도없개 쌍문점,,道峰区,Dobong-gu,서울 도봉구 노해로60길 93,010-6230-3198,,https://updog.kr,37.647314,127.03298,,7,"https://www.google.com/maps/search/?api=1&query=37.647314,127.03298",아무도없개
1539,ペットショップ,Pet shop,アベクペッ,Abekeupet,아베크펫,,道峰区,Dobong-gu,서울 도봉구 덕릉로 404,,,,37.645724,127.053945,,0,"https://www.google.com/maps/search/?api=1&query=37.645724,127.053945",반려동물용품
1540,ペットショップ,Pet shop,アベクペッ パンハクジョム,Abekeupet Banghakjeom,아베크펫 방학점,,道峰区,Dobong-gu,서울 도봉구 시루봉로 210,02-955-8369,,,37.667402,127.033731,,0,"https://www.google.com/maps/search/?api=1&query=37.667402,127.033731",반려동물분양
1541,ペットショップ,Pet shop,オンセネガンシクジョム,Onsaenegansikjeom,온새네간식점,,道峰区,Dobong-gu,서울 도봉구 덕릉로59아길 48,0502-5550-9967,,,37.64289,127.039258,5.0,6,"https://www.google.com/maps/search/?api=1&query=37.64289,127.039258",반려동물용품
1542,ペットショップ,Pet shop,チヨニネ カンアジスジェガンシク,Jiyeonine Gangajisujegansik,지연이네 강아지수제간식,,道峰区,Dobong-gu,서울 도봉구 도봉로180길 50,,,https://catsndogslove.com,37.681972,127.048022,,0,"https://www.google.com/maps/search/?api=1&query=37.681972,127.048022",반려동물용품
1543,ペットショップ,Pet shop,ケセンドク,Kaesaendok,캣앤독,,道峰区,Dobong-gu,서울 도봉구 도봉로154길 18,02-954-9549,,,37.671118,127.045058,,0,"https://www.google.com/maps/search/?api=1&query=37.671118,127.045058",반려동물용품
1544,ペットショップ,Pet shop,パチュンニュシャプ モプポレスト ソウルバンハクジョム,Pachungnyusyap Mopeuporeseuteu Seoulbanghakjeom,파충류샵 모프포레스트 서울방학점,,道峰区,Dobong-gu,서울 도봉구 해등로26길 7,010-6718-5371,https://www.instagram.com/morph_banghak,,37.658418,127.032592,,1,"https://www.google.com/maps/search/?api=1&query=37.658418,127.032592",반려동물분양
1545,ペットショップ,Pet shop,パパパム,Papapam,파파팜,,道峰区,Dobong-gu,서울 도봉구 도봉로164길 33-25,010-9633-1939,https://www.instagram.com/papa._.farm/,,37.676486,127.047194,,17,"https://www.google.com/maps/search/?api=1&query=37.676486,127.047194",반려동물분양
1546,ペットショップ,Pet shop,ペッッサロン,Petssarong,펫싸롱,,道峰区,Dobong-gu,서울 도봉구 도봉로110길 39-9,,,,37.646593,127.035562,,0,"https://www.google.com/maps/search/?api=1&query=37.646593,127.035562",반려동물용품
1547,ペットショップ,Pet shop,ペッッセム パンハクジョム,Petssaem Banghakjeom,펫쌤 방학점,,道峰区,Dobong-gu,서울 도봉구 도당로 61,02-955-1400,,,37.66363,127.034642,,0,"https://www.google.com/maps/search/?api=1&query=37.66363,127.034642",반려동물용품
1548,ペットショップ,Pet shop,ペックラブ チャンドンジョム,Pet Club Changdongjeom,펫클럽 창동점,,道峰区,Dobong-gu,서울 도봉구 마들로11길 20,070-4675-2297,,http://petclub.co.kr,37.6548,127.051363,,0,"https://www.google.com/maps/search/?api=1&query=37.6548,127.051363",반려동물용품
1549,ペットショップ,Pet shop,ハッピートグ,Happy Dogeu,해피도그,,道峰区,Dobong-gu,서울 도봉구 우이천로4라길 10,,,,37.63353,127.04146,,0,"https://www.google.com/maps/search/?api=1&query=37.63353,127.04146",반려동물용품
1550,ペットショップ,Pet shop,24時間 無人愛犬用品チョム テンニャンベクファジョム,24h Unmanned Dog Supplies Jeom Daengnyangbaekhwajeom,24시 무인애견용품점 댕냥백화점,はい/Yes,東大門区,Dongdaemun-gu,서울 동대문구 이문로 34-1,,,,37.590528,127.056468,,0,"https://www.google.com/maps/search/?api=1&query=37.590528,127.056468",반려동물용품
1551,ペットショップ,Pet shop,カンアジゴヤンイピョヌィジョム タプシムニジョム,Gangajigoyangipyeonuijeom Dapsimnijeom,강아지고양이편의점 답십리점,,東大門区,Dongdaemun-gu,서울 동대문구 사가정로 33,010-9628-3330,,http://www.petstore24.co.kr,37.572473,127.050962,,0,"https://www.google.com/maps/search/?api=1&query=37.572473,127.050962",강아지고양이편의점
1552,ペットショップ,Pet shop,ケバプパヌンゴヤンイ チャンアンジョム,Gaebappaneungoyangi Janganjeom,개밥파는고양이 장안점,,東大門区,Dongdaemun-gu,서울 동대문구 장한로 91,02-3394-7850,,https://gaepago.mycafe24.com,37.56915,127.069335,5.0,0,"https://www.google.com/maps/search/?api=1&query=37.56915,127.069335",개밥파는고양이
1553,ペットショップ,Pet shop,ケウルンジプサ,Gaeeureunjipsa,개으른집사,,東大門区,Dongdaemun-gu,서울 동대문구 한천로18길 15,0507-1429-8961,,https://smartstore.naver.com/coconeye,37.568913,127.064926,,1,"https://www.google.com/maps/search/?api=1&query=37.568913,127.064926",반려동물용품
1554,ペットショップ,Pet shop,キョンセンニャンプム 24時間 無人ペットショップ ソウルダプシムニジョム,Gyeonsaengnyangpum 24h Unmanned Pet Shop Seouldapsimnijeom,견생냥품 24시 무인펫샵 서울답십리점,はい/Yes,東大門区,Dongdaemun-gu,서울 동대문구 전농로 83-20,,,https://petgz.com,37.57239,127.056156,5.0,1,"https://www.google.com/maps/search/?api=1&query=37.57239,127.056156",견생냥품 24시 무인펫샵
1555,ペットショップ,Pet shop,キョンセンニャンプム 24時間 無人ペットショップ ソウルフェギジョム,Gyeonsaengnyangpum 24h Unmanned Pet Shop Seoulhoegijeom,견생냥품 24시 무인펫샵 서울회기점,はい/Yes,東大門区,Dongdaemun-gu,서울 동대문구 회기로 163,,,https://petgz.com,37.59081,127.054245,,0,"https://www.google.com/maps/search/?api=1&query=37.59081,127.054245",견생냥품 24시 무인펫샵
1556,ペットショップ,Pet shop,クレイッ,Geuraeit,그래잇,,東大門区,Dongdaemun-gu,서울 동대문구 망우로21길 52,0502-5551-9702,https://www.instagram.com/_gre_eat,,37.590325,127.05967,,0,"https://www.google.com/maps/search/?api=1&query=37.590325,127.05967",반려동물용품
1557,ペットショップ,Pet shop,ノグリユギョクデ,Neoguriyugyeokdae,너구리유격대,,東大門区,Dongdaemun-gu,서울 동대문구 안암로22길 22-2,070-7576-0805,,http://www.raccoonranger.net,37.587733,127.035758,5.0,0,"https://www.google.com/maps/search/?api=1&query=37.587733,127.035758",반려동물용품
1558,ペットショップ,Pet shop,タルボギネ,Dalbogine,달복이네,,東大門区,Dongdaemun-gu,서울 동대문구 한빛로 20,,,,37.577381,127.02544,,0,"https://www.google.com/maps/search/?api=1&query=37.577381,127.02544",반려동물용품
1559,ペットショップ,Pet shop,テンデンイマム,Daengdaengimam,댕댕이맘,,東大門区,Dongdaemun-gu,서울 동대문구 고산자로 479,,,,37.582523,127.038393,,0,"https://www.google.com/maps/search/?api=1&query=37.582523,127.038393",반려동물용품
1560,ペットショップ,Pet shop,チスイジュマイペッ,Diseuijeu My Pet,디스이즈마이펫,,東大門区,Dongdaemun-gu,서울 동대문구 고산자로 505,010-6854-9568,,http://thisismypet.co.kr/,37.584832,127.038324,,0,"https://www.google.com/maps/search/?api=1&query=37.584832,127.038324",반려동물용품
1561,ペットショップ,Pet shop,モンギュングァン,Meonggyungwan,멍균관,,東大門区,Dongdaemun-gu,서울 동대문구 왕산로22길 55,,,,37.57594,127.032784,,0,"https://www.google.com/maps/search/?api=1&query=37.57594,127.032784",반려동물용품
1562,ペットショップ,Pet shop,モンニャンヒオロ,Meongnyanghieoro,멍냥히어로,,東大門区,Dongdaemun-gu,서울 동대문구 천호대로45나길 52,,,,37.576855,127.041508,5.0,0,"https://www.google.com/maps/search/?api=1&query=37.576855,127.041508",반려동물용품
1563,ペットショップ,Pet shop,メジョンドミウ,Mejongdeumiu,메종드미우,,東大門区,Dongdaemun-gu,서울 동대문구 난계로 252,,,http://maisondemiu.co.kr,37.57412,127.023673,,0,"https://www.google.com/maps/search/?api=1&query=37.57412,127.023673",반려동물용품
1564,ペットショップ,Pet shop,パンガプ愛犬,Bangap Dog,반값애견,,東大門区,Dongdaemun-gu,서울 동대문구 장한로18길 54-1,,,,37.567638,127.072036,,0,"https://www.google.com/maps/search/?api=1&query=37.567638,127.072036",반려동물분양
1565,ペットショップ,Pet shop,ポブルドク,Beobeuldok,버블독,,東大門区,Dongdaemun-gu,서울 동대문구 장한로 64,02-2241-9450,,http://www.bubbledog.net,37.566621,127.068381,,2,"https://www.google.com/maps/search/?api=1&query=37.566621,127.068381",반려동물용품
1566,ペットショップ,Pet shop,ポニットッタ,Bonittotta,보니또따,,東大門区,Dongdaemun-gu,서울 동대문구 답십리로 108,010-7727-0794,https://www.instagram.com/bonitota_pet/,,37.573311,127.051846,,4,"https://www.google.com/maps/search/?api=1&query=37.573311,127.051846",반려동물분양
1567,ペットショップ,Pet shop,プルリドク チャンアンジョム,Beullidok Janganjeom,블리독 장안점,,東大門区,Dongdaemun-gu,서울 동대문구 한천로 62,010-2089-5950,https://www.instagram.com/lovely_teacuppuppies,,37.5672,127.062754,3.0,0,"https://www.google.com/maps/search/?api=1&query=37.5672,127.062754",반려동물분양
1568,ペットショップ,Pet shop,アムドオプゲ タプシムニジョム,Amudoeopgae Dapsimnijeom,아무도없개 답십리점,,東大門区,Dongdaemun-gu,서울 동대문구 황물로 42,010-4861-6206,,https://updog.kr,37.573064,127.04661,5.0,4,"https://www.google.com/maps/search/?api=1&query=37.573064,127.04661",아무도없개
1569,ペットショップ,Pet shop,アムドオプゲ チョンニャンニジョム,Amudoeopgae Cheongnyangnijeom,아무도없개 청량리점,,東大門区,Dongdaemun-gu,서울 동대문구 왕산로 186,1644-9896,,https://updog.kr/,37.579376,127.044172,,1,"https://www.google.com/maps/search/?api=1&query=37.579376,127.044172",아무도없개
1570,ペットショップ,Pet shop,アバン,Aban,아반,,東大門区,Dongdaemun-gu,서울 동대문구 천호대로81길 49,070-7889-5377,,,37.564547,127.064883,,0,"https://www.google.com/maps/search/?api=1&query=37.564547,127.064883",반려동물용품
1571,ペットショップ,Pet shop,アンモンニャン,Anmeongnyang,안멍냥,,東大門区,Dongdaemun-gu,서울 동대문구 답십리로 292-3,,https://www.instagram.com/an_meongnyang,,37.571809,127.072897,5.0,5,"https://www.google.com/maps/search/?api=1&query=37.571809,127.072897",반려동물용품
1572,ペットショップ,Pet shop,ワワユトン,Wawayutong,와와유통,,東大門区,Dongdaemun-gu,서울 동대문구 왕산로33길 55,02-960-2228,,,37.581901,127.041696,,0,"https://www.google.com/maps/search/?api=1&query=37.581901,127.041696",반려동물용품
1573,ペットショップ,Pet shop,ワワペッ,Wawapet,와와펫,,東大門区,Dongdaemun-gu,서울 동대문구 제기로 85,02-957-5818,,,37.586901,127.042672,5.0,0,"https://www.google.com/maps/search/?api=1&query=37.586901,127.042672",반려동물용품
1574,ペットショップ,Pet shop,チョイペッサロン,Joipet Salon,조이펫살롱,,東大門区,Dongdaemun-gu,서울 동대문구 답십리로48길 60,02-2212-7521,,,37.570184,127.057671,,0,"https://www.google.com/maps/search/?api=1&query=37.570184,127.057671",반려동물분양
1575,ペットショップ,Pet shop,チウジウン,Jieujieung,지읒이응,,東大門区,Dongdaemun-gu,서울 동대문구 고산자로34길 70,,,https://www.mykkomi.com/,37.578293,127.042197,,0,"https://www.google.com/maps/search/?api=1&query=37.578293,127.042197",반려동물용품
1576,ペットショップ,Pet shop,ッチュルエングレイ,Jjuruaengeurei,쭈루앤그레이,,東大門区,Dongdaemun-gu,서울 동대문구 서울시립대로 117,,,,37.581076,127.05139,,0,"https://www.google.com/maps/search/?api=1&query=37.581076,127.05139",반려동물용품
1577,ペットショップ,Pet shop,チンチャンヘジュシゲ,Chingchanhaejusigae,칭찬해주시개,,東大門区,Dongdaemun-gu,서울 동대문구 답십리로66길 115,0507-1356-7210,,https://smartstore.naver.com/dhgrs,37.567893,127.065613,,0,"https://www.google.com/maps/search/?api=1&query=37.567893,127.065613",반려동물용품
1578,ペットショップ,Pet shop,ケイジェイファクトリー,Keijei Factory,케이제이팩토리,,東大門区,Dongdaemun-gu,서울 동대문구 왕산로9길 19,,,,37.577964,127.027665,,1,"https://www.google.com/maps/search/?api=1&query=37.577964,127.027665",반려동물용품
1579,ペットショップ,Pet shop,クレボヂ,Keurebeodi,크레버디,,東大門区,Dongdaemun-gu,서울 동대문구 고산자로36길 3,,https://www.instagram.com/cre_buddy,,37.57963,127.03951,,1,"https://www.google.com/maps/search/?api=1&query=37.57963,127.03951",반려동물분양
1580,ペットショップ,Pet shop,パチュンニュシャプ ウィグルリ,Pachungnyusyap Wigeulli,파충류샵 위글리,,東大門区,Dongdaemun-gu,서울 동대문구 천호대로13길 13,010-2710-1769,https://www.instagram.com/wiggly_gecko,,37.574619,127.029798,3.0,2,"https://www.google.com/maps/search/?api=1&query=37.574619,127.029798",반려동물분양
1581,ペットショップ,Pet shop,ポピスクル,Peopiseukul,퍼피스쿨,,東大門区,Dongdaemun-gu,서울 동대문구 장한로21길 9,,,,37.56999,127.069466,,0,"https://www.google.com/maps/search/?api=1&query=37.56999,127.069466",반려동물분양
1582,ペットショップ,Pet shop,ポピテイル,Peopiteil,퍼피테일,,東大門区,Dongdaemun-gu,서울 동대문구 전농로 97,02-3394-8588,,http://blog.naver.com/puppy-tail,37.573553,127.057289,,0,"https://www.google.com/maps/search/?api=1&query=37.573553,127.057289",반려동물분양
1583,ペットショップ,Pet shop,ピンキミンキ,Pingkimingki,핑키밍키,,東大門区,Dongdaemun-gu,서울 동대문구 무학로 114-1,,,http://plus.kakao.com/plus/home/267848433.html,37.57436,127.03104,5.0,0,"https://www.google.com/maps/search/?api=1&query=37.57436,127.03104",반려동물용품
1584,ペットショップ,Pet shop,ハングンミイェウォン,Hangungmiyewon,한국미예원,,東大門区,Dongdaemun-gu,서울 동대문구 한빛로 76,02-923-6770,,https://miyewon.com/,37.578394,127.030979,5.0,0,"https://www.google.com/maps/search/?api=1&query=37.578394,127.030979",반려동물용품
1585,ペットショップ,Pet shop,カンアジゴヤンイピョヌィジョム サダンジョム,Gangajigoyangipyeonuijeom Sadangjeom,강아지고양이편의점 사당점,,銅雀区,Dongjak-gu,서울 동작구 동작대로9길 46,02-3394-9003,,http://www.petstore24.co.kr/,37.480756,126.97895,,5,"https://www.google.com/maps/search/?api=1&query=37.480756,126.97895",강아지고양이편의점
1586,ペットショップ,Pet shop,ケバプパヌンゴヤンイ サダンジョム,Gaebappaneungoyangi Sadangjeom,개밥파는고양이 사당점,,銅雀区,Dongjak-gu,서울 동작구 사당로 284,02-523-2857,,https://gaepago.mycafe24.com,37.484144,126.979178,5.0,1,"https://www.google.com/maps/search/?api=1&query=37.484144,126.979178",개밥파는고양이
1587,ペットショップ,Pet shop,キョンセンニャンプム 24時間 無人ペットショップ ソウルシンデバンサムゴリジョム,Gyeonsaengnyangpum 24h Unmanned Pet Shop Seoulsindaebangsamgeorijeom,견생냥품 24시 무인펫샵 서울신대방삼거리점,はい/Yes,銅雀区,Dongjak-gu,서울 동작구 여의대방로22길 121,0507-1463-0458,,https://petgz.com,37.498124,126.925598,4.5,2,"https://www.google.com/maps/search/?api=1&query=37.498124,126.925598",견생냥품 24시 무인펫샵
1588,ペットショップ,Pet shop,キョンセンシクタク,Gyeonsaengsiktak,견생식탁,,銅雀区,Dongjak-gu,서울 동작구 신대방1가길 38,,,,37.488109,126.906371,,0,"https://www.google.com/maps/search/?api=1&query=37.488109,126.906371",반려동물용품
1589,ペットショップ,Pet shop,ナミンミンガンアジネ,Namingminggangajine,나밍밍강아지네,,銅雀区,Dongjak-gu,서울 동작구 서달로 150,070-8105-6655,,,37.506627,126.962184,,0,"https://www.google.com/maps/search/?api=1&query=37.506627,126.962184",반려동물분양
1590,ペットショップ,Pet shop,ネコマーケット,Neko Market,네코마켓,,銅雀区,Dongjak-gu,서울 동작구 사당로17길 111,,,,37.487583,126.970511,,0,"https://www.google.com/maps/search/?api=1&query=37.487583,126.970511",반려동물용품
1591,ペットショップ,Pet shop,テンニャンッコンニャン,Daengnyangkkongnyang,댕냥꽁냥,,銅雀区,Dongjak-gu,서울 동작구 여의대방로54길 14,010-5696-0514,https://www.instagram.com/loveydovey_pet/,,37.511923,126.92674,5.0,8,"https://www.google.com/maps/search/?api=1&query=37.511923,126.92674",반려동물용품
1592,ペットショップ,Pet shop,テンデンイモギョクタン,Daengdaengimogyoktang,댕댕이목욕탕,,銅雀区,Dongjak-gu,서울 동작구 노량진로 48,010-9586-3225,https://instagram.com/daengdaengi_mogyoktang,,37.513015,126.931256,5.0,103,"https://www.google.com/maps/search/?api=1&query=37.513015,126.931256",반려동물용품
1593,ペットショップ,Pet shop,トグエンプリクス,Dogeuaenpeurikseu,도그앤프릭스,,銅雀区,Dongjak-gu,서울 동작구 보라매로 106,02-826-8887,,,37.498696,126.928364,,10,"https://www.google.com/maps/search/?api=1&query=37.498696,126.928364",반려동물용품
1594,ペットショップ,Pet shop,モンイ&ニャンイ,Meongi & Nyangi,멍이&냥이,,銅雀区,Dongjak-gu,서울 동작구 여의대방로22길 74,,,,37.497713,126.924074,,0,"https://www.google.com/maps/search/?api=1&query=37.497713,126.924074",반려동물용품
1595,ペットショップ,Pet shop,メイドバイヘンド,Meideubaihaendeu,메이드바이핸드,,銅雀区,Dongjak-gu,서울 동작구 만양로8길 50,02-812-9775,,,37.510345,126.946569,,0,"https://www.google.com/maps/search/?api=1&query=37.510345,126.946569",반려동물용품
1596,トリミング,Grooming,スジン愛犬トリミング,Sujin Dog Grooming,수진애견미용,,銅雀区,Dongjak-gu,서울 동작구 사당로 286,02-534-3243,,,37.484208,126.979372,5.0,0,"https://www.google.com/maps/search/?api=1&query=37.484208,126.979372",반려동물분양
1597,ペットショップ,Pet shop,スニペッ,Seunipet,스니펫,,銅雀区,Dongjak-gu,서울 동작구 솔밭로 102,0502-5552-6173,https://www.instagram.com/sniip_pet,,37.485249,126.96806,5.0,144,"https://www.google.com/maps/search/?api=1&query=37.485249,126.96806",반려동물용품
1598,ペットショップ,Pet shop,スプリングペッ,Spring Pet,스프링펫,,銅雀区,Dongjak-gu,서울 동작구 국사봉1길 41,02-821-9565,,,37.499218,126.930857,,1,"https://www.google.com/maps/search/?api=1&query=37.499218,126.930857",반려동물용품
1599,ペットショップ,Pet shop,アジ&ニャンイ,Aji & Nyangi,아지&냥이,,銅雀区,Dongjak-gu,서울 동작구 국사봉8길 18,070-8780-0016,,,37.495926,126.930208,,0,"https://www.google.com/maps/search/?api=1&query=37.495926,126.930208",반려동물용품
1600,ペットショップ,Pet shop,ヤオンアモンモンヘブァ スンシルデイプグヨクジョム,Yaongameongmeonghaebwa Sungsildaeipguyeokjeom,야옹아멍멍해봐 숭실대입구역점,,銅雀区,Dongjak-gu,서울 동작구 상도로 지하 378,010-5612-0654,,http://pf.kakao.com/_pxfyRG,37.495815,126.95406,5.0,3,"https://www.google.com/maps/search/?api=1&query=37.495815,126.95406",반려동물용품
1601,ペットショップ,Pet shop,トモペッ,Tomopet,토모펫,,銅雀区,Dongjak-gu,서울 동작구 상도로55길 8,070-8058-9538,,https://www.tomopet.co.kr/,37.497038,126.954073,,0,"https://www.google.com/maps/search/?api=1&query=37.497038,126.954073",반려동물용품
1602,ペットショップ,Pet shop,チアラペッ,Tiarapet,티아라펫,,銅雀区,Dongjak-gu,서울 동작구 상도로37길 77,070-7644-9923,,http://www.tiarapet.com,37.497661,126.953349,,0,"https://www.google.com/maps/search/?api=1&query=37.497661,126.953349",반려동물용품
1603,ペットショップ,Pet shop,ペッマート ソウルドンジャクジョム,Pet Mart Seouldongjakjeom,펫마트 서울동작점,,銅雀区,Dongjak-gu,서울 동작구 동작대로 141,02-3478-1550,,http://www.petmart.co.kr/,37.48923,126.982044,5.0,2,"https://www.google.com/maps/search/?api=1&query=37.48923,126.982044",펫마트
1604,ペットショップ,Pet shop,HoneyMocha (ホニモカ),HoneyMocha ( Heonimoka ),HoneyMocha (허니모카),,麻浦区,Mapo-gu,서울 마포구 마포대로24길 4,02-313-7327,http://www.instagram.com/_honeymocha,,37.554152,126.957896,,0,"https://www.google.com/maps/search/?api=1&query=37.554152,126.957896",반려동물용품
1605,ペットショップ,Pet shop,ケバプジンヌンナムジャ,Gaebapjinneunnamja,개밥짓는남자,,麻浦区,Mapo-gu,서울 마포구 서강로 114,010-5823-5924,,https://gaebobchef.kr,37.552894,126.933955,5.0,94,"https://www.google.com/maps/search/?api=1&query=37.552894,126.933955",반려동물용품
1606,ペットショップ,Pet shop,ケバプパヌンゴヤンイ マンウォンジョム,Gaebappaneungoyangi Mangwonjeom,개밥파는고양이 망원점,,麻浦区,Mapo-gu,서울 마포구 월드컵로29길 57,010-8678-9472,,https://gaepago.mycafe24.com,37.558974,126.903307,5.0,0,"https://www.google.com/maps/search/?api=1&query=37.558974,126.903307",개밥파는고양이
1607,ペットショップ,Pet shop,ケバプハウス,Gaebap House,개밥하우스,,麻浦区,Mapo-gu,서울 마포구 월드컵북로 109,02-325-2777,,,37.562818,126.913664,5.0,7,"https://www.google.com/maps/search/?api=1&query=37.562818,126.913664",반려동물용품
1608,ペットショップ,Pet shop,キョンセンニャンプム 24時間 無人ペットショップ ソウルマポソンサンドンジョム,Gyeonsaengnyangpum 24h Unmanned Pet Shop Seoulmaposeongsandongjeom,견생냥품 24시 무인펫샵 서울마포성산동점,はい/Yes,麻浦区,Mapo-gu,서울 마포구 월드컵북로 185,,,https://petgz.com,37.567911,126.907945,,5,"https://www.google.com/maps/search/?api=1&query=37.567911,126.907945",견생냥품 24시 무인펫샵
1609,ペットショップ,Pet shop,ナルラウィシクタク ピレプパトノス,Nallauisiktak Piraeppateuneoseu,날라의식탁 피랩파트너스,,麻浦区,Mapo-gu,서울 마포구 연남로 89,070-4455-8200,https://www.instagram.com/nalas_table/,,37.566728,126.917877,5.0,0,"https://www.google.com/maps/search/?api=1&query=37.566728,126.917877",반려동물용품
1610,ペットショップ,Pet shop,ネバルハウス コヤンイジョンムン マポジョム,Nebal House Goyangijeonmun Mapojeom,네발하우스 고양이전문 마포점,,麻浦区,Mapo-gu,서울 마포구 양화로23길 48,010-3812-1135,,http://www.nebalhouse.com/,37.560314,126.924513,,154,"https://www.google.com/maps/search/?api=1&query=37.560314,126.924513",반려동물분양
1611,ペットショップ,Pet shop,ヌウッチ,Nuutti,누우띠,,麻浦区,Mapo-gu,서울 마포구 연남로 39,070-4383-9678,,http://www.noutti.kr,37.56288,126.921201,,2,"https://www.google.com/maps/search/?api=1&query=37.56288,126.921201",반려동물용품
1612,ペットショップ,Pet shop,タルルナケッチュゴヤンイジョンムン マポジョム,Dallunakaetcheugoyangijeonmun Mapojeom,달루나캣츠고양이전문 마포점,,麻浦区,Mapo-gu,서울 마포구 서강로 79,02-6949-5942,,https://www.dalunacats.com/,37.550349,126.931994,5.0,257,"https://www.google.com/maps/search/?api=1&query=37.550349,126.931994",반려동물분양
1613,ペットショップ,Pet shop,テンニャンサンフェ,Daengnyangsanghoe,댕냥상회,,麻浦区,Mapo-gu,서울 마포구 성미산로 36,,,,37.55875,126.912183,5.0,0,"https://www.google.com/maps/search/?api=1&query=37.55875,126.912183",반려동물용품
1614,ペットショップ,Pet shop,テンチュグッ,Daengcheugut,댕츠굿,,麻浦区,Mapo-gu,서울 마포구 독막로 247-1,010-9207-4810,https://www.instagram.com/dangs_good,,37.546603,126.94126,5.0,1,"https://www.google.com/maps/search/?api=1&query=37.546603,126.94126",반려동물용품
1615,ペットショップ,Pet shop,トゥドルダウム,Dudeuldaum,두들다움,,麻浦区,Mapo-gu,서울 마포구 토정로11길 43,010-9362-0106,,,37.545796,126.924287,5.0,135,"https://www.google.com/maps/search/?api=1&query=37.545796,126.924287",반려동물분양
1616,ペットショップ,Pet shop,ルイビドク,Ruibidok,루이비독,,麻浦区,Mapo-gu,서울 마포구 망원로 49,,,https://ruibidog.imweb.me,37.556938,126.902228,,0,"https://www.google.com/maps/search/?api=1&query=37.556938,126.902228",반려동물용품
1617,ペットショップ,Pet shop,リリップアン,Ririppeuang,리리쁘앙,,麻浦区,Mapo-gu,서울 마포구 와우산로 43-5,010-4667-4947,,https://lilipouent.com,37.548363,126.922676,,0,"https://www.google.com/maps/search/?api=1&query=37.548363,126.922676",반려동물용품
1618,ペットショップ,Pet shop,リスペッ マポグチョンヨクジョム,Riseupet Mapogucheongyeokjeom,리스펫 마포구청역점,,麻浦区,Mapo-gu,서울 마포구 월드컵로 190,,,,37.564178,126.90329,,0,"https://www.google.com/maps/search/?api=1&query=37.564178,126.90329",반려동물용품
1619,ペットショップ,Pet shop,マルフィネ,Malhuine,말희네,,麻浦区,Mapo-gu,서울 마포구 모래내로7길 38,010-5918-0942,https://www.instagram.com/malheene_pet/,,37.56754,126.910873,4.8,0,"https://www.google.com/maps/search/?api=1&query=37.56754,126.910873",반려동물분양
1620,ペットショップ,Pet shop,モンニャムデチョプ,Meongnyamdaecheop,멍냠대첩,,麻浦区,Mapo-gu,서울 마포구 동교로8길 1,010-8581-8374,,,37.551893,126.905057,,14,"https://www.google.com/maps/search/?api=1&query=37.551893,126.905057",반려동물용품
1621,ペットショップ,Pet shop,モンニャンウィミンジョク キョンギグァンジュジョム,Meongnyanguiminjok Gyeonggigwangjujeom,멍냥의민족 경기광주점,,麻浦区,Mapo-gu,서울 마포구 고산길 48,,,https://www.mungmin.com,37.554089,126.939672,,0,"https://www.google.com/maps/search/?api=1&query=37.554089,126.939672",멍냥의민족
1622,ペットショップ,Pet shop,モンイワニャンイ パーク,Meongiwanyangi Park,멍이와냥이 파크,,麻浦区,Mapo-gu,서울 마포구 만리재옛길 52,02-6339-2723,,,37.548283,126.957234,,0,"https://www.google.com/maps/search/?api=1&query=37.548283,126.957234",반려동물용품
1623,ペットショップ,Pet shop,メルロントッキ,Mellontokki,멜론토끼,,麻浦区,Mapo-gu,서울 마포구 만리재옛길 36,070-4652-3115,,,37.547091,126.9563,,0,"https://www.google.com/maps/search/?api=1&query=37.547091,126.9563",반려동물용품
1624,ペットショップ,Pet shop,モギョクハヌンガンアジ,Mogyokhaneungangaji,목욕하는강아지,,麻浦区,Mapo-gu,서울 마포구 독막로28길 7,02-716-5639,,,37.547078,126.937383,5.0,2,"https://www.google.com/maps/search/?api=1&query=37.547078,126.937383",반려동물분양
1625,ペットショップ,Pet shop,モルトレプタイル,Molteureptail,몰트렙타일,,麻浦区,Mapo-gu,서울 마포구 신촌로2안길 52,010-9046-5375,https://instagram.com/moltreptile,,37.556474,126.929705,5.0,2,"https://www.google.com/maps/search/?api=1&query=37.556474,126.929705",반려동물분양
1626,ペットショップ,Pet shop,モンテ,Mongte,몽테,,麻浦区,Mapo-gu,서울 마포구 성미산로 190-25,,https://www.instagram.com/montte_official/,,37.562595,126.925898,,0,"https://www.google.com/maps/search/?api=1&query=37.562595,126.925898",반려동물용품
1627,ペットショップ,Pet shop,ミップバオ,Mippeubao,미쁘바오,,麻浦区,Mapo-gu,서울 마포구 독막로38길 10,,https://www.instagram.com/meppeubao_seoul/,,37.545889,126.941357,,0,"https://www.google.com/maps/search/?api=1&query=37.545889,126.941357",반려동물분양
1628,ペットショップ,Pet shop,パナゲ マポジョム,Banagae Mapojeom,바나개 마포점,,麻浦区,Mapo-gu,서울 마포구 신촌로 222-1,,https://www.instagram.com/bana_dog_mapo,,37.556815,126.950395,1.0,53,"https://www.google.com/maps/search/?api=1&query=37.556815,126.950395",반려동물분양
1629,ペットショップ,Pet shop,パイドギ,Baidogi,바이도기,,麻浦区,Mapo-gu,서울 마포구 와우산로21길 21-16,02-6933-5227,https://www.instagram.com/bydoggy_official,,37.551684,126.922172,,0,"https://www.google.com/maps/search/?api=1&query=37.551684,126.922172",반려동물용품
1630,ペットショップ,Pet shop,パインミ ヨンナムジョム,Bainmi Yeonnamjeom,바잇미 연남점,,麻浦区,Mapo-gu,서울 마포구 동교로41길 8,070-8801-1824,,http://biteme.co.kr/,37.562778,126.924252,5.0,16,"https://www.google.com/maps/search/?api=1&query=37.562778,126.924252",반려동물용품
1631,ペットショップ,Pet shop,パンハムシソン,Banhamsiseon,반함시선,,麻浦区,Mapo-gu,서울 마포구 마포대로 38,070-5089-0415,,https://lovelygaze.com/,37.539391,126.946639,,0,"https://www.google.com/maps/search/?api=1&query=37.539391,126.946639",반려동물용품
1632,ペットショップ,Pet shop,センガンイネ,Saenggangine,생강이네,,麻浦区,Mapo-gu,서울 마포구 희우정로 56,010-7918-1404,https://www.instagram.com/gingers_mung_boutiques/,,37.551607,126.905805,5.0,7,"https://www.google.com/maps/search/?api=1&query=37.551607,126.905805",반려동물용품
1633,ペットショップ,Pet shop,シュガネペットショップ,Syugane Pet Shop,슈가네펫샵,,麻浦区,Mapo-gu,서울 마포구 연남로 45,02-6396-8234,,,37.563388,126.9208,5.0,0,"https://www.google.com/maps/search/?api=1&query=37.563388,126.9208",반려동물분양
1634,ペットショップ,Pet shop,シュガホルリク,Syugahollik,슈가홀릭,,麻浦区,Mapo-gu,서울 마포구 월드컵북로 501,,,,37.584228,126.879438,,0,"https://www.google.com/maps/search/?api=1&query=37.584228,126.879438",반려동물분양
1635,ペットショップ,Pet shop,シュポポウ,Syupeopou,슈퍼포우,,麻浦区,Mapo-gu,서울 마포구 백범로 178,02-332-5403,,https://www.superpaw.co.kr/,37.543893,126.950084,,0,"https://www.google.com/maps/search/?api=1&query=37.543893,126.950084",반려동물용품
1636,ペットショップ,Pet shop,スクロブドク,Seukurobeudok,스쿨오브독,,麻浦区,Mapo-gu,서울 마포구 토정로 256,010-8244-0970,https://instagram.com/schoolofdog_official,,37.54315,126.938652,,41,"https://www.google.com/maps/search/?api=1&query=37.54315,126.938652",반려동물용품
1637,ペットショップ,Pet shop,ステイチュンド,Seuteityundeu,스테이튠드,,麻浦区,Mapo-gu,서울 마포구 월드컵북로 30,070-5161-8773,,https://henlopaw.com/,37.557362,126.919369,,0,"https://www.google.com/maps/search/?api=1&query=37.557362,126.919369",반려동물용품
1638,ペットショップ,Pet shop,スタジオコジ,Studio Koji,스튜디오코지,,麻浦区,Mapo-gu,서울 마포구 토정로2길 18,02-2064-0435,,,37.544873,126.913039,,0,"https://www.google.com/maps/search/?api=1&query=37.544873,126.913039",반려동물용품
1639,ペットショップ,Pet shop,スタジオコジウォクシャプ,Studio Kojiwokeusyap,스튜디오코지워크샵,,麻浦区,Mapo-gu,서울 마포구 토정로2길 18,0502-5553-5175,http://www.instagram.com/mapo_studiocozy,,37.544868,126.913048,,0,"https://www.google.com/maps/search/?api=1&query=37.544868,126.913048",반려동물용품
1640,ペットショップ,Pet shop,アベクイントネショナル,Abekeuinteonaesyeonal,아베크인터내셔날,,麻浦区,Mapo-gu,서울 마포구 독막로8길 28,070-4801-2433,,,37.546736,126.917674,,0,"https://www.google.com/maps/search/?api=1&query=37.546736,126.917674",반려동물용품
1641,ペットショップ,Pet shop,エヂエルルイス,Aediaelluiseu,애디앤루이스,,麻浦区,Mapo-gu,서울 마포구 성미산로 160,,,http://www.eddielouis.com,37.564454,126.924002,3.0,5,"https://www.google.com/maps/search/?api=1&query=37.564454,126.924002",반려동물용품
1642,ペットショップ,Pet shop,オヌナルドマベム,Eoneunaldomabaem,어느날도마뱀,,麻浦区,Mapo-gu,서울 마포구 만리재옛길 12-2,010-9636-3134,,,37.545308,126.954936,,1,"https://www.google.com/maps/search/?api=1&query=37.545308,126.954936",반려동물분양
1643,ペットショップ,Pet shop,エプインカンパニー,Epeuin Company,에프인컴퍼니,,麻浦区,Mapo-gu,서울 마포구 백범로 35,,,,37.550553,126.94357,,0,"https://www.google.com/maps/search/?api=1&query=37.550553,126.94357",반려동물용품
1644,ペットショップ,Pet shop,エメム,Emem,엠엠,,麻浦区,Mapo-gu,서울 마포구 토정로 27-1,070-7771-9610,https://www.instagram.com/emem.co.kr/,,37.545737,126.914045,5.0,3,"https://www.google.com/maps/search/?api=1&query=37.545737,126.914045",반려동물용품
1645,ペットショップ,Pet shop,オミル,Omil,오밀,,麻浦区,Mapo-gu,서울 마포구 망원로 55-6,0503-7152-8651,https://www.instagram.com/omeal_store,,37.557324,126.90311,5.0,11,"https://www.google.com/maps/search/?api=1&query=37.557324,126.90311",반려동물용품
1646,ペットショップ,Pet shop,ワイルドレプタイル,Waildeureptail,와일드렙타일,,麻浦区,Mapo-gu,서울 마포구 신촌로 198,010-3574-1845,https://instagram.com/wildreptile_kr,,37.556649,126.947668,5.0,14,"https://www.google.com/maps/search/?api=1&query=37.556649,126.947668",반려동물분양
1647,ペットショップ,Pet shop,ウリペッ,Uripet,우리펫,,麻浦区,Mapo-gu,서울 마포구 독막로 282,0505-937-2164,,,37.54504,126.944367,,0,"https://www.google.com/maps/search/?api=1&query=37.54504,126.944367",반려동물분양
1648,ペットショップ,Pet shop,ウリメクジョチク,Urimekjotik,우림엑조틱,,麻浦区,Mapo-gu,서울 마포구 동교로 272-7,010-3098-4905,https://www.instagram.com/woorim_exotic,,37.563463,126.926252,,1,"https://www.google.com/maps/search/?api=1&query=37.563463,126.926252",반려동물용품
1649,ペットショップ,Pet shop,チョンダウンゴヤンイ,Jeongdaungoyangi,정다운고양이,,麻浦区,Mapo-gu,서울 마포구 신촌로 198,010-8807-3676,,,37.556649,126.947668,5.0,14,"https://www.google.com/maps/search/?api=1&query=37.556649,126.947668",반려동물분양
1650,ペットショップ,Pet shop,チェイエネイチコミュニケイション,Jeiaeneichikeomyunikeisyeon,제이앤에이치커뮤니케이션,,麻浦区,Mapo-gu,서울 마포구 독막로 331,02-6959-9155,,,37.543002,126.949378,,0,"https://www.google.com/maps/search/?api=1&query=37.543002,126.949378",반려동물용품
1651,ペットショップ,Pet shop,チュシクフェサ ウェストンペッシャプ,Jusikhoesa Weseuteonpetsyap,주식회사 웨스턴펫샾,,麻浦区,Mapo-gu,서울 마포구 신촌로 110,02-701-7580,,,37.555145,126.938128,,0,"https://www.google.com/maps/search/?api=1&query=37.555145,126.938128",반려동물분양
1652,トリミング,Grooming,チュルゴウン愛犬トリミング,Jeulgeoun Dog Grooming,즐거운애견미용,,麻浦区,Mapo-gu,서울 마포구 성미산로10길 46,,,,37.557521,126.915004,3.7,0,"https://www.google.com/maps/search/?api=1&query=37.557521,126.915004",반려동물분양
1653,ペットショップ,Pet shop,チョルムラジト マンウォンジョム,Cheolmurajiteu Mangwonjeom,철물아지트 망원점,,麻浦区,Mapo-gu,서울 마포구 포은로 52,,,,37.552066,126.906962,,0,"https://www.google.com/maps/search/?api=1&query=37.552066,126.906962",반려동물분양
1654,ペットショップ,Pet shop,クルルン,Keureureung,크르릉,,麻浦区,Mapo-gu,서울 마포구 서강로 97,010-4698-0708,,https://krrng.com,37.551935,126.932348,,0,"https://www.google.com/maps/search/?api=1&query=37.551935,126.932348",반려동물용품
1655,ペットショップ,Pet shop,トピトピ,Topitopi,토피토피,,麻浦区,Mapo-gu,서울 마포구 마포대로 12,,,,37.537868,126.944395,,0,"https://www.google.com/maps/search/?api=1&query=37.537868,126.944395",반려동물용품
1656,ペットショップ,Pet shop,トゥモチロブ,Tumeochireobeu,투머치러브,,麻浦区,Mapo-gu,서울 마포구 동교로51길 109,010-9699-5769,http://instagram.com/2much_love_love_love,,37.566263,126.920925,,0,"https://www.google.com/maps/search/?api=1&query=37.566263,126.920925",반려동물용품
1657,ペットショップ,Pet shop,パチュンニュシャプジェリスペッ,Pachungnyusyapjeriseupet,파충류샵제리스펫,,麻浦区,Mapo-gu,서울 마포구 와우산로27길 21,010-4804-0364,,,37.554146,126.927101,,13,"https://www.google.com/maps/search/?api=1&query=37.554146,126.927101",반려동물용품
1658,ペットショップ,Pet shop,ポジュエンプルレイ,Peojeuaenpeullei,퍼즈앤플레이,,麻浦区,Mapo-gu,서울 마포구 독막로31길 18,02-363-6663,,,37.547779,126.939577,,2,"https://www.google.com/maps/search/?api=1&query=37.547779,126.939577",반려동물용품
1659,ペットショップ,Pet shop,ペシュ,Pesyu,페슈,,麻浦区,Mapo-gu,서울 마포구 성지5길 5-15,070-8838-4333,,,37.546394,126.914017,,0,"https://www.google.com/maps/search/?api=1&query=37.546394,126.914017",반려동물용품
1660,ペットショップ,Pet shop,ペスルム AKプルラジャ ホンデジョム,Peseurum AK Peullaja Hongdaejeom,페스룸 AK플라자 홍대점,,麻浦区,Mapo-gu,서울 마포구 양화로 188,02-3141-8649,,https://pethroom.com,37.557832,126.926382,5.0,10,"https://www.google.com/maps/search/?api=1&query=37.557832,126.926382",반려동물용품
1661,ペットショップ,Pet shop,ペッダイオリ,Petdaieori,펫다이어리,,麻浦区,Mapo-gu,서울 마포구 방울내로 44,,,,37.558901,126.900674,5.0,0,"https://www.google.com/maps/search/?api=1&query=37.558901,126.900674",반려동물용품
1662,ペットショップ,Pet shop,ペッバクス,Petbakseu,펫박스,,麻浦区,Mapo-gu,서울 마포구 양화로 81,1544-0394,,https://m.petbox.kr/,37.552026,126.916683,,0,"https://www.google.com/maps/search/?api=1&query=37.552026,126.916683",반려동물용품
1663,ペットショップ,Pet shop,ペッベルル,Petbelleu,펫벨르,,麻浦区,Mapo-gu,서울 마포구 신촌로 198,,,,37.556642,126.947668,,0,"https://www.google.com/maps/search/?api=1&query=37.556642,126.947668",반려동물분양
1664,ペットショップ,Pet shop,ペットリハウス,Petteuri House,펫트리하우스,,麻浦区,Mapo-gu,서울 마포구 와우산로27길 34,,,,37.55455,126.926712,5.0,2,"https://www.google.com/maps/search/?api=1&query=37.55455,126.926712",반려동물용품
1665,ペットショップ,Pet shop,ポルリパーク シンスジョム,Polli Park Sinsujeom,폴리파크 신수점,,麻浦区,Mapo-gu,서울 마포구 광성로 20,02-6352-0014,,https://polypark.co.kr/,37.54982,126.935261,,2,"https://www.google.com/maps/search/?api=1&query=37.54982,126.935261",반려동물용품
1666,ペットショップ,Pet shop,ポルリパーク ホンデジョム,Polli Park Hongdaejeom,폴리파크 홍대점,,麻浦区,Mapo-gu,서울 마포구 동교로 192-1,02-2069-3121,,https://www.polypark.co.kr,37.557267,126.922782,5.0,9,"https://www.google.com/maps/search/?api=1&query=37.557267,126.922782",반려동물용품
1667,ペットショップ,Pet shop,プレシプルロシ,Peuresipeulleosi,프레시플러시,,麻浦区,Mapo-gu,서울 마포구 와우산로35길 3,0502-5554-3738,,https://www.freshplush.com,37.555437,126.930216,4.4,10,"https://www.google.com/maps/search/?api=1&query=37.555437,126.930216",반려동물용품
1668,ペットショップ,Pet shop,ピスィエンゲコハウス ホンデジョム,Piswiengeko House Hongdaejeom,피쉬엔게코하우스 홍대점,,麻浦区,Mapo-gu,서울 마포구 동교로41길 36-7,010-6740-4444,,https://blog.naver.com/khd11234,37.56408,126.923486,,3,"https://www.google.com/maps/search/?api=1&query=37.56408,126.923486",반려동물분양
1669,ペットショップ,Pet shop,ヘチレプスタジオ&ピリ,Haechiraep Studio & Piri,해치랩스튜디오&피리,,麻浦区,Mapo-gu,서울 마포구 독막로19길 30,,,,37.54895,126.924737,,4,"https://www.google.com/maps/search/?api=1&query=37.54895,126.924737",반려동물분양
1670,ペットショップ,Pet shop,ヘンボクハンセサン,Haengbokhansesang,행복한세상,,麻浦区,Mapo-gu,서울 마포구 동교로23길 21,070-7719-0029,,https://www.catjoa.com/,37.556904,126.920287,,0,"https://www.google.com/maps/search/?api=1&query=37.556904,126.920287",반려동물분양
1671,ペットショップ,Pet shop,カオンペッ,Gaonpet,가온펫,,西大門区,Seodaemun-gu,서울 서대문구 통일로 402-1,010-4833-0293,https://www.instagram.com/gaonpet93,,37.585691,126.947846,1.0,0,"https://www.google.com/maps/search/?api=1&query=37.585691,126.947846",반려동물분양
1672,ペットショップ,Pet shop,カンアジゴヤンイピョヌィジョム ナムガジュアジョム,Gangajigoyangipyeonuijeom Namgajwajeom,강아지고양이편의점 남가좌점,,西大門区,Seodaemun-gu,서울 서대문구 모래내로13길 9-28,010-4181-7914,,http://www.petstore24.co.kr,37.57014,126.916847,,1,"https://www.google.com/maps/search/?api=1&query=37.57014,126.916847",강아지고양이편의점
1673,ペットショップ,Pet shop,ケバプパヌンゴヤンイ チュンサニョクジョム,Gaebappaneungoyangi Jeungsanyeokjeom,개밥파는고양이 증산역점,,西大門区,Seodaemun-gu,서울 서대문구 증가로 253,010-8814-1931,,https://gaepago.mycafe24.com,37.583265,126.91179,,2,"https://www.google.com/maps/search/?api=1&query=37.583265,126.91179",개밥파는고양이
1674,ペットショップ,Pet shop,キョンセンニャンプム 24時間 無人ペットショップ ソデムンガジェウルジョム,Gyeonsaengnyangpum 24h Unmanned Pet Shop Seodaemungajaeuljeom,견생냥품 24시 무인펫샵 서대문가재울점,はい/Yes,西大門区,Seodaemun-gu,서울 서대문구 거북골로14길 32,,,https://petgz.com/map,37.575449,126.914356,5.0,1,"https://www.google.com/maps/search/?api=1&query=37.575449,126.914356",견생냥품 24시 무인펫샵
1675,ペットショップ,Pet shop,コヤンイ分譲 オルリケッ,Goyangi Adoption Ollikaet,고양이분양 온리캣,,西大門区,Seodaemun-gu,서울 서대문구 연희로26길 20,010-2081-8588,,,37.572791,126.936759,,230,"https://www.google.com/maps/search/?api=1&query=37.572791,126.936759",반려동물분양
1676,ペットショップ,Pet shop,ネスト レプタイル,Neseuteu Reptail,네스트 렙타일,,西大門区,Seodaemun-gu,서울 서대문구 통일로39가길 1,010-7788-2747,https://www.instagram.com/nest_reptile/,,37.58831,126.943626,5.0,82,"https://www.google.com/maps/search/?api=1&query=37.58831,126.943626",반려동물분양
1677,ペットショップ,Pet shop,トギランニャンイラン ウンアムジョム,Dogirangnyangirang Eungamjeom,도기랑냥이랑 응암점,,西大門区,Seodaemun-gu,서울 서대문구 응암로 139,02-373-0992,,,37.584795,126.914638,5.0,0,"https://www.google.com/maps/search/?api=1&query=37.584795,126.914638",반려동물용품
1678,ペットショップ,Pet shop,チスチプ,Diseutipeu,디스티프,,西大門区,Seodaemun-gu,서울 서대문구 신촌로 25,,,,37.557997,126.929631,,0,"https://www.google.com/maps/search/?api=1&query=37.557997,126.929631",반려동물용품
1679,ペットショップ,Pet shop,ロブペッ,Reobeupet,러브펫,,西大門区,Seodaemun-gu,서울 서대문구 독립문로 13-1,,,,37.5704,126.960132,5.0,1,"https://www.google.com/maps/search/?api=1&query=37.5704,126.960132",반려동물분양
1680,ペットショップ,Pet shop,ロプ,Reopeu,러프,,西大門区,Seodaemun-gu,서울 서대문구 연희로 30,070-5015-2039,https://www.instagram.com/ruff_kit,,37.5614,126.927206,,11,"https://www.google.com/maps/search/?api=1&query=37.5614,126.927206",반려동물용품
1681,ペットショップ,Pet shop,ロレンチュ,Rorencheu,로렌츠,,西大門区,Seodaemun-gu,서울 서대문구 수색로 43,070-8838-9997,,http://lorenzmall.com,37.569715,126.913465,5.0,0,"https://www.google.com/maps/search/?api=1&query=37.569715,126.913465",반려동물용품
1682,ペットショップ,Pet shop,モンニャンウィミンジョク カジュアヨクジョム,Meongnyanguiminjok Gajwayeokjeom,멍냥의민족 가좌역점,,西大門区,Seodaemun-gu,서울 서대문구 수색로 41,0507-1462-3041,,https://www.mungmin.com/,37.569527,126.91384,,0,"https://www.google.com/maps/search/?api=1&query=37.569527,126.91384",멍냥의민족
1683,ペットショップ,Pet shop,モンニャンウィミンジョク ホンジェジョム,Meongnyanguiminjok Hongjejeom,멍냥의민족 홍제점,,西大門区,Seodaemun-gu,서울 서대문구 통일로 370,0503-7151-5361,https://www.instagram.com/dogs_cat_hongje,,37.583317,126.950099,5.0,2,"https://www.google.com/maps/search/?api=1&query=37.583317,126.950099",멍냥의민족
1684,ペットショップ,Pet shop,モンモンハウス,Meongmeong House,멍멍하우스,,西大門区,Seodaemun-gu,서울 서대문구 명지대1길 38,02-304-7336,,,37.582128,126.923907,5.0,0,"https://www.google.com/maps/search/?api=1&query=37.582128,126.923907",반려동물분양
1685,ペットショップ,Pet shop,モンイランモンイ,Meongirangmongi,멍이랑몽이,,西大門区,Seodaemun-gu,서울 서대문구 북아현로 60,,,,37.562693,126.955495,,1,"https://www.google.com/maps/search/?api=1&query=37.562693,126.955495",반려동물용품
1686,トリミング,Grooming,モンイランモンイラン 愛犬トリミング,Meongirangmongirang Dog Grooming,멍이랑몽이랑 애견미용,,西大門区,Seodaemun-gu,서울 서대문구 북아현로6길 60,,,,37.56005,126.958293,,0,"https://www.google.com/maps/search/?api=1&query=37.56005,126.958293",반려동물분양
1687,ペットショップ,Pet shop,モンニャンモンニャン,Mongnyangmongnyang,몽냥몽냥,,西大門区,Seodaemun-gu,서울 서대문구 신촌로 39,,,https://www.mongnyangpet.com,37.557434,126.930999,3.1,91,"https://www.google.com/maps/search/?api=1&query=37.557434,126.930999",반려동물분양
1688,ペットショップ,Pet shop,ミュニクント ヨンフィ,Myunikunteu Yeonhui,뮤니쿤트 연희,,西大門区,Seodaemun-gu,서울 서대문구 연희로25길 98,0507-1314-3421,,https://munikund.com/,37.569554,126.931826,,10,"https://www.google.com/maps/search/?api=1&query=37.569554,126.931826",반려동물용품
1689,ペットショップ,Pet shop,ミストエンミセスモン ポンジョム,Miseuteoaenmiseseumeong Bonjeom,미스터앤미세스멍 본점,,西大門区,Seodaemun-gu,서울 서대문구 가재울미래로 2,02-6339-7994,,,37.573296,126.91543,,0,"https://www.google.com/maps/search/?api=1&query=37.573296,126.91543",반려동물분양
1690,ペットショップ,Pet shop,ミオミオ コヤンイ分譲 マポジョム,Miomio Goyangi Adoption Mapojeom,미오미오 고양이분양 마포점,,西大門区,Seodaemun-gu,서울 서대문구 연희로 30,010-2644-4535,,,37.561348,126.927165,,95,"https://www.google.com/maps/search/?api=1&query=37.561348,126.927165",반려동물분양
1691,ペットショップ,Pet shop,パオペッサロン,Baopet Salon,바오펫살롱,,西大門区,Seodaemun-gu,서울 서대문구 연희로 204,,,,37.575125,126.935592,5.0,0,"https://www.google.com/maps/search/?api=1&query=37.575125,126.935592",반려동물분양
1692,ペットショップ,Pet shop,パイオペッチュ,Baiopetcheu,바이오펫츠,,西大門区,Seodaemun-gu,서울 서대문구 연희로 42,0507-1312-7451,,http://biopets.co.kr,37.562369,126.927861,,0,"https://www.google.com/maps/search/?api=1&query=37.562369,126.927861",반려동물용품
1693,ペットショップ,Pet shop,ポボスポピ,Boboseupeopi,보보스퍼피,,西大門区,Seodaemun-gu,서울 서대문구 증가로 115,,,,37.576906,126.924591,,0,"https://www.google.com/maps/search/?api=1&query=37.576906,126.924591",반려동물용품
1694,ペットショップ,Pet shop,ポスポピ,Boseupeopi,보스퍼피,,西大門区,Seodaemun-gu,서울 서대문구 연희맛로 33,,,,37.567979,126.9306,,0,"https://www.google.com/maps/search/?api=1&query=37.567979,126.9306",반려동물분양
1695,ペットショップ,Pet shop,セブンゲコ,Sebeungeko,세븐게코,,西大門区,Seodaemun-gu,서울 서대문구 가재울로4길 40,0502-5552-6317,,,37.575424,126.923905,,4,"https://www.google.com/maps/search/?api=1&query=37.575424,126.923905",반려동물분양
1696,ペットショップ,Pet shop,ソショルゲコスクラブ,Sosyeolgekoseu Club,소셜게코스클럽,,西大門区,Seodaemun-gu,서울 서대문구 이화여대5길 35,010-9539-6670,https://www.instagram.com/social.geckos.club,,37.558131,126.943763,,2,"https://www.google.com/maps/search/?api=1&query=37.558131,126.943763",반려동물용품
1697,ペットショップ,Pet shop,スプリングペッ ソデムンジョム,Spring Pet Seodaemunjeom,스프링펫 서대문점,,西大門区,Seodaemun-gu,서울 서대문구 통일로 185-1,02-313-0701,,,37.570073,126.962184,5.0,0,"https://www.google.com/maps/search/?api=1&query=37.570073,126.962184",반려동물용품
1698,ペットショップ,Pet shop,イェッポハルゲ,Yeppeohalgae,예뻐할개,,西大門区,Seodaemun-gu,서울 서대문구 통일로39길 6,02-732-4200,,,37.588428,126.943819,,0,"https://www.google.com/maps/search/?api=1&query=37.588428,126.943819",반려동물용품
1699,ペットショップ,Pet shop,イェイル愛犬用品分譲,Yeil Dog Supplies Adoption,예일애견용품분양,,西大門区,Seodaemun-gu,서울 서대문구 거북골로 13,02-303-2066,,,37.580678,126.925846,1.0,0,"https://www.google.com/maps/search/?api=1&query=37.580678,126.925846",반려동물용품
1700,ペットショップ,Pet shop,オルポドグ,Olpodogeu,올포도그,,西大門区,Seodaemun-gu,서울 서대문구 통일로 167,010-2616-8276,,,37.568868,126.963446,3.0,2,"https://www.google.com/maps/search/?api=1&query=37.568868,126.963446",반려동물용품
1701,ペットショップ,Pet shop,ウォンヘクレ,Wonhaekeure,원해크레,,西大門区,Seodaemun-gu,서울 서대문구 독립문로10길 5,010-8908-0546,,,37.568403,126.961463,,1,"https://www.google.com/maps/search/?api=1&query=37.568403,126.961463",반려동물분양
1702,ペットショップ,Pet shop,ウンアム 愛玩用品チョム,Eungam Pet Supplies Jeom,응암 애완용품점,,西大門区,Seodaemun-gu,서울 서대문구 응암로 139,,,,37.584775,126.914577,,0,"https://www.google.com/maps/search/?api=1&query=37.584775,126.914577",반려동물용품
1703,ペットショップ,Pet shop,チュジュクラブ,Juju Club,주주클럽,,西大門区,Seodaemun-gu,서울 서대문구 거북골로18나길 45-10,010-4741-4708,,http://blog.naver.com/sysds,37.57852,126.913056,,58,"https://www.google.com/maps/search/?api=1&query=37.57852,126.913056",반려동물분양
1704,ペットショップ,Pet shop,コンテコンメ,Kontekonme,콘테콘메,,西大門区,Seodaemun-gu,서울 서대문구 거북골로 120,02-6369-5607,http://instagram.com/conte_conme,,37.575375,126.91465,,0,"https://www.google.com/maps/search/?api=1&query=37.575375,126.91465",반려동물용품
1705,ペットショップ,Pet shop,トマネ愛犬用品,Tomane Dog Supplies,토마네애견용품,,西大門区,Seodaemun-gu,서울 서대문구 연희로 227,02-364-1634,,http://blog.naver.com/tomane1634,37.577381,126.93549,,0,"https://www.google.com/maps/search/?api=1&query=37.577381,126.93549",반려동물용품
1706,ペットショップ,Pet shop,ポピハウス,Peopi House,퍼피하우스,,西大門区,Seodaemun-gu,서울 서대문구 북아현로 40,,,,37.560906,126.956181,5.0,4,"https://www.google.com/maps/search/?api=1&query=37.560906,126.956181",반려동물분양
1707,ペットショップ,Pet shop,ペッマート ホンウンジョム,Pet Mart Hongeunjeom,펫마트 홍은점,,西大門区,Seodaemun-gu,서울 서대문구 가좌로 110,02-372-1550,,http://www.petmart.co.kr,37.58248,126.926298,5.0,5,"https://www.google.com/maps/search/?api=1&query=37.58248,126.926298",펫마트
1708,ペットショップ,Pet shop,ペッマート ホンウンジュンアンジョム,Pet Mart Hongeunjungangjeom,펫마트 홍은중앙점,,西大門区,Seodaemun-gu,서울 서대문구 홍은중앙로 115,02-395-1550,,http://www.petmart.co.kr,37.600745,126.94876,5.0,2,"https://www.google.com/maps/search/?api=1&query=37.600745,126.94876",펫마트
1709,ペットショップ,Pet shop,ハンスペッ,Hanseupet,한스펫,,西大門区,Seodaemun-gu,서울 서대문구 통일로 484,,,,37.591631,126.943043,,0,"https://www.google.com/maps/search/?api=1&query=37.591631,126.943043",반려동물용품
1710,トリミング,Grooming,ホンウン愛犬トリミング,Hongeun Dog Grooming,홍은애견미용,,西大門区,Seodaemun-gu,서울 서대문구 세검정로1길 54,,,,37.593293,126.944449,5.0,0,"https://www.google.com/maps/search/?api=1&query=37.593293,126.944449",반려동물분양
1711,ペットショップ,Pet shop,ホンウンペッマート ホンウンジュンアンジョム,Hongeunpaet Mart Hongeunjungangjeom,홍은팻마트 홍은중앙점,,西大門区,Seodaemun-gu,서울 서대문구 홍은중앙로 115,,,,37.600752,126.948747,,0,"https://www.google.com/maps/search/?api=1&query=37.600752,126.948747",반려동물용품
1712,ペットショップ,Pet shop,カンアジイバルソ ソントプガゲ,Gangajiibalso Sontopgage,강아지이발소 손톱가게,,瑞草区,Seocho-gu,서울 서초구 강남대로10길 91,070-7786-3432,,,37.470627,127.043522,5.0,0,"https://www.google.com/maps/search/?api=1&query=37.470627,127.043522",반려동물분양
1713,ペットショップ,Pet shop,ケバプパヌンゴヤンイ パンベジョム,Gaebappaneungoyangi Bangbaejeom,개밥파는고양이 방배점,,瑞草区,Seocho-gu,서울 서초구 동광로 31,02-595-6171,,https://gaepago.mycafe24.com,37.491336,126.986336,4.5,2,"https://www.google.com/maps/search/?api=1&query=37.491336,126.986336",개밥파는고양이
1714,ペットショップ,Pet shop,ックウルマーケット,Kkuul Market,꾸울마켓,,瑞草区,Seocho-gu,서울 서초구 마방로6길 13,0507-1341-2546,,,37.475146,127.042241,,0,"https://www.google.com/maps/search/?api=1&query=37.475146,127.042241",반려동물용품
1715,ペットショップ,Pet shop,ナプテイルゲココリア,Napteilgekokoria,납테일게코코리아,,瑞草区,Seocho-gu,서울 서초구 서초대로64길 47,,,https://blog.naver.com/knobtailgecko-korea,37.493654,127.021429,,0,"https://www.google.com/maps/search/?api=1&query=37.493654,127.021429",반려동물분양
1716,ペットショップ,Pet shop,ネセッキダッコム,Naesaekkidatkeom,내새끼닷컴,,瑞草区,Seocho-gu,서울 서초구 언남19길 11,0505-588-1009,,http://www.mysnookums.co.kr/,37.475915,127.045615,,0,"https://www.google.com/maps/search/?api=1&query=37.475915,127.045615",반려동물용품
1717,ペットショップ,Pet shop,ニドポペッ,Nideupopet,니드포펫,,瑞草区,Seocho-gu,서울 서초구 양재천로19길 5,02-6949-1782,,https://www.need4pet.com,37.475594,127.037889,,30,"https://www.google.com/maps/search/?api=1&query=37.475594,127.037889",반려동물용품
1718,ペットショップ,Pet shop,トドク ノブルクラブ,Deodok Nobeul Club,더독 노블클럽,,瑞草区,Seocho-gu,서울 서초구 신반포로 지하 200,02-595-1338,,,37.50622,127.005052,,1,"https://www.google.com/maps/search/?api=1&query=37.50622,127.005052",반려동물용품
1719,ペットショップ,Pet shop,トマドク,Deomadok,더마독,,瑞草区,Seocho-gu,서울 서초구 강남대로41길 19,070-8844-1110,,http://www.dermadog.co.kr/,37.486887,127.031447,,0,"https://www.google.com/maps/search/?api=1&query=37.486887,127.031447",반려동물용품
1720,ペットショップ,Pet shop,トマドクヘルスケオ,Deomadokhelseukeeo,더마독헬스케어,,瑞草区,Seocho-gu,서울 서초구 서초대로 357,02-1833-8167,,http://dermadog.imweb.me/20,37.49617,127.020482,,0,"https://www.google.com/maps/search/?api=1&query=37.49617,127.020482",반려동물용품
1721,ペットショップ,Pet shop,トシムソク トマベム パンベジョム,Dosimsok Domabaem Bangbaejeom,도심속 도마뱀 방배점,,瑞草区,Seocho-gu,서울 서초구 효령로4길 7,0503-7153-1793,,https://blog.naver.com/gang7514,37.476933,126.987182,4.0,9,"https://www.google.com/maps/search/?api=1&query=37.476933,126.987182",반려동물분양
1722,ペットショップ,Pet shop,チオルム,Dieorum,디어룸,,瑞草区,Seocho-gu,서울 서초구 주흥길 64-17,010-4822-0344,http://instagram.com/bebekennel,,37.508979,127.019395,,118,"https://www.google.com/maps/search/?api=1&query=37.508979,127.019395",반려동물분양
1723,ペットショップ,Pet shop,ラパミユ,Rapamiyu,라파미유,,瑞草区,Seocho-gu,서울 서초구 언남16길 46,02-6408-1681,,https://www.lafamille.kr,37.473113,127.046554,5.0,0,"https://www.google.com/maps/search/?api=1&query=37.473113,127.046554",반려동물용품
1724,ペットショップ,Pet shop,ラピスゲコ,Rapiseugeko,라피스게코,,瑞草区,Seocho-gu,서울 서초구 서초중앙로 51,,,,37.486318,127.01523,,0,"https://www.google.com/maps/search/?api=1&query=37.486318,127.01523",반려동물분양
1725,ペットショップ,Pet shop,レモンペッ,Remonpet,레몬펫,,瑞草区,Seocho-gu,서울 서초구 강남대로79길 32,,,https://blog.naver.com/jewelpet111/,37.5047,127.02247,,0,"https://www.google.com/maps/search/?api=1&query=37.5047,127.02247",반려동물분양
1726,ペットショップ,Pet shop,マイペスチ,My Beseuti,마이베스티,,瑞草区,Seocho-gu,서울 서초구 바우뫼로 91,070-8065-7487,,https://mybestie.co.kr,37.476988,127.029779,,0,"https://www.google.com/maps/search/?api=1&query=37.476988,127.029779",반려동물용품
1727,ペットショップ,Pet shop,マイペッストリ,My Petseutori,마이펫스토리,,瑞草区,Seocho-gu,서울 서초구 반포대로39길 78,02-595-9001,https://www.instagram.com/mypetstory00/,,37.497433,127.000674,5.0,0,"https://www.google.com/maps/search/?api=1&query=37.497433,127.000674",반려동물분양
1728,ペットショップ,Pet shop,モンモンポンチ,Meongmeongpeonchi,멍멍펀치,,瑞草区,Seocho-gu,서울 서초구 남부순환로358길 62,,,https://blog.naver.com/mungmungpc/,37.484235,127.040627,,0,"https://www.google.com/maps/search/?api=1&query=37.484235,127.040627",반려동물분양
1729,ペットショップ,Pet shop,モンバビランガンシク,Meongbabiranggansik,멍밥이랑간식,,瑞草区,Seocho-gu,서울 서초구 동광로19길 10-3,,,,37.493061,126.989403,,0,"https://www.google.com/maps/search/?api=1&query=37.493061,126.989403",반려동물용품
1730,ペットショップ,Pet shop,モルリスペットショップ ヤンジェジョム,Molliseu Pet Shop Yangjaejeom,몰리스펫샵 양재점,,瑞草区,Seocho-gu,서울 서초구 매헌로 16,02-2104-5010,,,37.463261,127.036881,1.0,0,"https://www.google.com/maps/search/?api=1&query=37.463261,127.036881",반려동물분양
1731,ペットショップ,Pet shop,モンシアン,Mongsiang,몽시앙,,瑞草区,Seocho-gu,서울 서초구 남부순환로333길 10,070-4090-0951,,,37.483159,127.020415,,0,"https://www.google.com/maps/search/?api=1&query=37.483159,127.020415",반려동물용품
1732,ペットショップ,Pet shop,ムムサウルス,Mumusaureuseu,무무사우르스,,瑞草区,Seocho-gu,서울 서초구 논현로 87,010-9750-8262,http://www.instagram.com/moomoo_saurus,,37.477556,127.044205,5.0,1,"https://www.google.com/maps/search/?api=1&query=37.477556,127.044205",반려동물분양
1733,ペットショップ,Pet shop,ミレペットショップ,Mirae Pet Shop,미래펫샵,,瑞草区,Seocho-gu,서울 서초구 강남대로30길 73-3,010-3701-0476,,,37.482893,127.041009,5.0,2,"https://www.google.com/maps/search/?api=1&query=37.482893,127.041009",반려동물분양
1734,ペットショップ,Pet shop,パウムスェン,Baumswen,바움쉔,,瑞草区,Seocho-gu,서울 서초구 방배중앙로21길 6,,,,37.492646,126.986141,,0,"https://www.google.com/maps/search/?api=1&query=37.492646,126.986141",반려동물용품
1735,ペットショップ,Pet shop,ペルベッ,Belbet,벨벳,,瑞草区,Seocho-gu,서울 서초구 샘마을길 3-4,02-478-1440,,https://valvet.co.kr/,37.457702,127.070872,,0,"https://www.google.com/maps/search/?api=1&query=37.457702,127.070872",반려동물용품
1736,ペットショップ,Pet shop,ポルレヂ,Bolledi,볼레디,,瑞草区,Seocho-gu,서울 서초구 신반포로47길 18-5,070-8272-4611,,,37.511656,127.01964,,0,"https://www.google.com/maps/search/?api=1&query=37.511656,127.01964",반려동물용품
1737,ペットショップ,Pet shop,プルラブルラカンパニー,Beullabeulla Company,블라블라컴퍼니,,瑞草区,Seocho-gu,서울 서초구 서초대로34가길 18,02-511-1330,,,37.487803,126.998186,,0,"https://www.google.com/maps/search/?api=1&query=37.487803,126.998186",반려동물용품
1738,ペットショップ,Pet shop,ブルーレイ,Blue Rei,블루레이,,瑞草区,Seocho-gu,서울 서초구 신반포로 지하 200,,,,37.50622,127.005052,,0,"https://www.google.com/maps/search/?api=1&query=37.50622,127.005052",반려동물용품
1739,ペットショップ,Pet shop,ピエルヂグルロボル,Bieldigeullobeol,비엘디글로벌,,瑞草区,Seocho-gu,서울 서초구 강남대로95길 39,031-971-5490,,https://bldpet.com/,37.513188,127.018036,,0,"https://www.google.com/maps/search/?api=1&query=37.513188,127.018036",반려동물용품
1740,ペットショップ,Pet shop,サミョンユニテク,Samyeongyunitek,삼영유니텍,,瑞草区,Seocho-gu,서울 서초구 서초중앙로8길 18,070-7540-8806,,,37.486626,127.016564,,0,"https://www.google.com/maps/search/?api=1&query=37.486626,127.016564",반려동물용품
1741,ペットショップ,Pet shop,ソリペッ カンナムジョム,Seoripet Gangnamjeom,서리펫 강남점,,瑞草区,Seocho-gu,서울 서초구 신반포로43길 23-4,1866-2441,,https://seoripet.co.kr,37.511251,127.017418,,595,"https://www.google.com/maps/search/?api=1&query=37.511251,127.017418",반려동물분양
1742,ペットショップ,Pet shop,ソウルポピ,Seoulpeopi,서울퍼피,,瑞草区,Seocho-gu,서울 서초구 효령로46길 5,070-7517-0053,,,37.483406,127.00914,,0,"https://www.google.com/maps/search/?api=1&query=37.483406,127.00914",반려동물용품
1743,ペットショップ,Pet shop,シムコンケッ,Simkongkaet,심콩캣,,瑞草区,Seocho-gu,서울 서초구 반포대로14길 71,1644-7631,,http://www.simkongcat.com,37.486788,127.014587,,0,"https://www.google.com/maps/search/?api=1&query=37.486788,127.014587",반려동물용품
1744,ペットショップ,Pet shop,アルル,Areureu,아르르,,瑞草区,Seocho-gu,서울 서초구 마방로 68,02-6951-2688,,http://arrr.kr/,37.477718,127.044001,,0,"https://www.google.com/maps/search/?api=1&query=37.477718,127.044001",반려동물용품
1745,ペットショップ,Pet shop,アヨエ,Ayoe,아요에,,瑞草区,Seocho-gu,서울 서초구 동산로 79,0502-5554-1003,https://www.instagram.com/ayoe_official,,37.472876,127.047191,,0,"https://www.google.com/maps/search/?api=1&query=37.472876,127.047191",반려동물용품
1746,ペットショップ,Pet shop,アイムパイン,Aimpain,아임파인,,瑞草区,Seocho-gu,서울 서초구 사평대로 353,,https://www.instagram.com/imfine_official_,,37.504046,127.02174,,0,"https://www.google.com/maps/search/?api=1&query=37.504046,127.02174",반려동물용품
1747,ペットショップ,Pet shop,オバンビスト,Eobanbiseuteu,어반비스트,,瑞草区,Seocho-gu,서울 서초구 사평대로55길 65-7,070-8812-7555,,http://www.urbanbeast.co.kr/,37.506636,127.021362,,7,"https://www.google.com/maps/search/?api=1&query=37.506636,127.021362",반려동물용품
1748,ペットショップ,Pet shop,オピニチペッケオコリア,Eopinitipetkeeokoria,어피니티펫케어코리아,,瑞草区,Seocho-gu,서울 서초구 서초중앙로 42,080-584-6657,,http://www.affinity-petcare.co.kr,37.485861,127.016259,,0,"https://www.google.com/maps/search/?api=1&query=37.485861,127.016259",반려동물용품
1749,ペットショップ,Pet shop,エイアイビケオ,Eiaibikeeo,에이아이비케어,,瑞草区,Seocho-gu,서울 서초구 효령로 92,02-522-0828,,,37.48015,126.994731,,0,"https://www.google.com/maps/search/?api=1&query=37.48015,126.994731",반려동물용품
1750,ペットショップ,Pet shop,ウプカンパニー,Upeu Company,우프컴퍼니,,瑞草区,Seocho-gu,서울 서초구 강남대로95길 28,02-545-8221,,http://www.wooof.co.kr/,37.513729,127.018297,,0,"https://www.google.com/maps/search/?api=1&query=37.513729,127.018297",반려동물용품
1751,ペットショップ,Pet shop,ユエヌ,Yuenu,유엔우,,瑞草区,Seocho-gu,서울 서초구 동광로1길 55-4,02-536-8915,,,37.494415,126.983553,,0,"https://www.google.com/maps/search/?api=1&query=37.494415,126.983553",반려동물용품
1752,ペットショップ,Pet shop,コモンドク,Keomeondok,커먼독,,瑞草区,Seocho-gu,서울 서초구 논현로1길 21,,,,37.471718,127.050338,,0,"https://www.google.com/maps/search/?api=1&query=37.471718,127.050338",반려동물용품
1753,ペットショップ,Pet shop,テムペッ カンナムジョム,Taempet Gangnamjeom,탬펫 강남점,,瑞草区,Seocho-gu,서울 서초구 바우뫼로 177,,https://www.instagram.com/run_naanaa,,37.47852,127.039389,3.5,0,"https://www.google.com/maps/search/?api=1&query=37.47852,127.039389",반려동물분양
1754,ペットショップ,Pet shop,ポリグッ,Peorigut,퍼리굿,,瑞草区,Seocho-gu,서울 서초구 매헌로 31-3,02-6491-6000,,,37.463629,127.03458,,0,"https://www.google.com/maps/search/?api=1&query=37.463629,127.03458",반려동물용품
1755,ペットショップ,Pet shop,ペスルロ,Peseulleo,페슬러,,瑞草区,Seocho-gu,서울 서초구 서초대로46길 35,02-508-1004,https://www.instagram.com/petstler/,,37.490936,127.010635,,0,"https://www.google.com/maps/search/?api=1&query=37.490936,127.010635",반려동물용품
1756,ペットショップ,Pet shop,ペッボヂ,Petbeodi,펫버디,,瑞草区,Seocho-gu,서울 서초구 방배천로 11,,,,37.477858,126.982232,,0,"https://www.google.com/maps/search/?api=1&query=37.477858,126.982232",반려동물용품
1757,ペットショップ,Pet shop,ペッベベ,Petbebe,펫베베,,瑞草区,Seocho-gu,서울 서초구 방배로 113,,,,37.484174,126.995622,,0,"https://www.google.com/maps/search/?api=1&query=37.484174,126.995622",반려동물분양
1758,ペットショップ,Pet shop,ペッビギンス,Petbiginseu,펫비긴스,,瑞草区,Seocho-gu,서울 서초구 반포대로 122,,,,37.491089,127.008558,1.0,0,"https://www.google.com/maps/search/?api=1&query=37.491089,127.008558",반려동물용품
1759,ペットショップ,Pet shop,ペックラブ ヤンジェジョム,Pet Club Yangjaejeom,펫클럽 양재점,,瑞草区,Seocho-gu,서울 서초구 청계산로 10,070-4675-2293,,http://petclub.co.kr,37.462797,127.043871,,0,"https://www.google.com/maps/search/?api=1&query=37.462797,127.043871",반려동물용품
1760,ペットショップ,Pet shop,ポペッジニ,Popetjini,포펫지니,,瑞草区,Seocho-gu,서울 서초구 서초대로34가길 18,02-511-1330,,,37.48781,126.998191,,0,"https://www.google.com/maps/search/?api=1&query=37.48781,126.998191",반려동물용품
1761,ペットショップ,Pet shop,プランソワペッ パンポソレジョム,Peurangsowapet Banposeoraejeom,프랑소와펫 반포서래점,,瑞草区,Seocho-gu,서울 서초구 서래로1길 18,02-6951-3361,https://www.instagram.com/francoispet_official/,,37.496236,126.997123,,3,"https://www.google.com/maps/search/?api=1&query=37.496236,126.997123",반려동물용품
1762,ペットショップ,Pet shop,ピヂンスープレスィ ソチョジョム,Piding Soup Reswi Seochojeom,피딩스프레쉬 서초점,,瑞草区,Seocho-gu,서울 서초구 서초대로 350,0504-930-7951,,,37.495197,127.019836,,0,"https://www.google.com/maps/search/?api=1&query=37.495197,127.019836",반려동물용품
1763,ペットショップ,Pet shop,ハウルパッ ソチョボンジョム,Haulpat Seochobonjeom,하울팟 서초본점,,瑞草区,Seocho-gu,서울 서초구 서초대로58길 36,02-6224-1106,,https://www.howlpot.com,37.493132,127.017889,5.0,106,"https://www.google.com/maps/search/?api=1&query=37.493132,127.017889",반려동물용품
1764,ペットショップ,Pet shop,カッカ ワンシムニジョム,Gakka Wangsimnijeom,가까 왕십리점,,城東区,Seongdong-gu,서울 성동구 왕십리로 410,070-4821-0205,https://www.instagram.com/gagga.wangsimni,,37.567588,127.024059,,8,"https://www.google.com/maps/search/?api=1&query=37.567588,127.024059",반려동물용품
1765,ペットショップ,Pet shop,キョンセンニャンプム 24時間 無人ペットショップ タプシムニヨクジョム,Gyeonsaengnyangpum 24h Unmanned Pet Shop Dapsimniyeokjeom,견생냥품 24시 무인펫샵 답십리역점,はい/Yes,城東区,Seongdong-gu,서울 성동구 천호대로 지하 300,,,https://petgz.com/,37.566446,127.053181,,4,"https://www.google.com/maps/search/?api=1&query=37.566446,127.053181",견생냥품 24시 무인펫샵
1766,ペットショップ,Pet shop,キョンセンニャンプム 24時間 無人ペットショップ ソンドンヘンダンヨクジョム,Gyeonsaengnyangpum 24h Unmanned Pet Shop Seongdonghaengdangyeokjeom,견생냥품 24시 무인펫샵 성동행당역점,はい/Yes,城東区,Seongdong-gu,서울 성동구 행당로 113,010-2512-3748,,https://petgz.com,37.558146,127.031373,,20,"https://www.google.com/maps/search/?api=1&query=37.558146,127.031373",견생냥품 24시 무인펫샵
1767,ペットショップ,Pet shop,キョンセンニャンプム 24時間 無人ペットショップ ワンシムニセントラスジョム,Gyeonsaengnyangpum 24h Unmanned Pet Shop Wangsimnisenteuraseujeom,견생냥품 24시 무인펫샵 왕십리센트라스점,はい/Yes,城東区,Seongdong-gu,서울 성동구 왕십리로 410,,https://instagram.com/petgz24_swangsimni,,37.566714,127.026093,5.0,4,"https://www.google.com/maps/search/?api=1&query=37.566714,127.026093",견생냥품 24시 무인펫샵
1768,ペットショップ,Pet shop,ククゲデピョ,Gukgaedaepyo,국개대표,,城東区,Seongdong-gu,서울 성동구 아차산로 144,1661-9562,,http://coreadog.com,37.543115,127.05961,,4,"https://www.google.com/maps/search/?api=1&query=37.543115,127.05961",반려동물용품
1769,ペットショップ,Pet shop,ノムボ1958,Neombeo 1958,넘버1958,,城東区,Seongdong-gu,서울 성동구 독서당로 281-1,070-4144-4434,,,37.547725,127.020514,,0,"https://www.google.com/maps/search/?api=1&query=37.547725,127.020514",반려동물용품
1770,ペットショップ,Pet shop,ノケンノライプ,Nokaennoraipeu,노캣노라이프,,城東区,Seongdong-gu,서울 성동구 고산자로6길 31,,,,37.557975,127.034888,,0,"https://www.google.com/maps/search/?api=1&query=37.557975,127.034888",반려동물용품
1771,ペットショップ,Pet shop,タクトドク,Dakteodok,닥터독,,城東区,Seongdong-gu,서울 성동구 아차산로15길 52,1544-0322,,https://www.okdoctordog.com/index.html,37.547104,127.064479,,5,"https://www.google.com/maps/search/?api=1&query=37.547104,127.064479",반려동물용품
1772,ペットショップ,Pet shop,タクトマムマ ソウルスプジョム,Dakteomamma Seoulsupjeom,닥터맘마 서울숲점,,城東区,Seongdong-gu,서울 성동구 왕십리로8길 21-1,,,,37.546058,127.047153,,1,"https://www.google.com/maps/search/?api=1&query=37.546058,127.047153",반려동물용품
1773,ペットショップ,Pet shop,タルルナケッチュ コヤンイジョンムン ワンシムニボンジョム,Dallunakaetcheu Goyangijeonmun Wangsimnibonjeom,달루나캣츠 고양이전문 왕십리본점,,城東区,Seongdong-gu,서울 성동구 왕십리로 358,02-2299-0014,,http://www.dalunacats.com,37.564065,127.030549,5.0,47,"https://www.google.com/maps/search/?api=1&query=37.564065,127.030549",반려동물분양
1774,ペットショップ,Pet shop,トグボヂ クムホジョム,Dogeubeodi Geumhojeom,도그버디 금호점,,城東区,Seongdong-gu,서울 성동구 독서당로 307-1,02-2231-0964,,,37.548334,127.023026,,1,"https://www.google.com/maps/search/?api=1&query=37.548334,127.023026",반려동물용품
1775,ペットショップ,Pet shop,トグルロリ,Dogeullori,도글로리,,城東区,Seongdong-gu,서울 성동구 무학로2길 50,010-9525-2705,,,37.562275,127.034914,,0,"https://www.google.com/maps/search/?api=1&query=37.562275,127.034914",반려동물용품
1776,ペットショップ,Pet shop,リカリカ,Rikarika,리카리카,,城東区,Seongdong-gu,서울 성동구 성수이로14길 14,02-2281-0831,,http://www.likalika.kr,37.54141,127.056902,,0,"https://www.google.com/maps/search/?api=1&query=37.54141,127.056902",반려동물용품
1777,ペットショップ,Pet shop,モンニャンストア,Meongnyang Store,멍냥스토어,,城東区,Seongdong-gu,서울 성동구 난계로 36,070-8095-1830,,,37.55541,127.024967,,2,"https://www.google.com/maps/search/?api=1&query=37.55541,127.024967",반려동물용품
1778,ペットショップ,Pet shop,モンニャンヒオロ サンワンシムニヨク 無人 愛犬用品シャプ,Meongnyanghieoro Sangwangsimniyeok Unmanned Dog Supplies Syap,멍냥히어로 상왕십리역 무인 애견용품샵,,城東区,Seongdong-gu,서울 성동구 무학봉15길 25,,,,37.563339,127.030256,,3,"https://www.google.com/maps/search/?api=1&query=37.563339,127.030256",반려동물용품
1779,ペットショップ,Pet shop,モンニャンヒオロ ソンスジョム,Meongnyanghieoro Seongsujeom,멍냥히어로 성수점,,城東区,Seongdong-gu,서울 성동구 성덕정길 66,,,,37.537898,127.050959,5.0,0,"https://www.google.com/maps/search/?api=1&query=37.537898,127.050959",반려동물용품
1780,ペットショップ,Pet shop,メリワッチクッチギネ,Meriwajjikjjigine,메리와찍찍이네,,城東区,Seongdong-gu,서울 성동구 무학봉28길 30,,,,37.561012,127.034231,,0,"https://www.google.com/maps/search/?api=1&query=37.561012,127.034231",반려동물용품
1781,ペットショップ,Pet shop,メイドポドクス,Meideupodokseu,메이드포독스,,城東区,Seongdong-gu,서울 성동구 서울숲4길 23,1800-6703,,https://www.ssoook.co.kr/,37.547215,127.043578,,0,"https://www.google.com/maps/search/?api=1&query=37.547215,127.043578",반려동물용품
1782,ペットショップ,Pet shop,モッヅェンガンアジ,Motdoengangaji,못된강아지,,城東区,Seongdong-gu,서울 성동구 용답19가길 9,,,,37.563553,127.051918,,0,"https://www.google.com/maps/search/?api=1&query=37.563553,127.051918",반려동물용품
1783,ペットショップ,Pet shop,ミニペッ,Minipet,미니펫,,城東区,Seongdong-gu,서울 성동구 성덕정길 96-1,02-466-9584,,http://www.minipetmall.co.kr,37.537499,127.054118,4.0,2,"https://www.google.com/maps/search/?api=1&query=37.537499,127.054118",반려동물분양
1784,ペットショップ,Pet shop,プリクブリク,Beurikbeurik,브릭브릭,,城東区,Seongdong-gu,서울 성동구 마장로23길 6-12,02-2296-3685,,http://www.bricbric.com,37.566845,127.032409,,0,"https://www.google.com/maps/search/?api=1&query=37.566845,127.032409",반려동물용품
1785,ペットショップ,Pet shop,ピルラドボンボン,Billadeubongbong,빌라드봉봉,,城東区,Seongdong-gu,서울 성동구 왕십리로 410,,,,37.565524,127.024036,,0,"https://www.google.com/maps/search/?api=1&query=37.565524,127.024036",반려동물용품
1786,ペットショップ,Pet shop,ソウルゴヤン イ分譲モアケッ ワンシムニジョム,Seoulgoyang I Adoption Moakaet Wangsimnijeom,서울고양 이분양모아캣 왕십리점,,城東区,Seongdong-gu,서울 성동구 마조로 60,010-5029-8253,,,37.562925,127.041925,,0,"https://www.google.com/maps/search/?api=1&query=37.562925,127.041925",반려동물분양
1787,ペットショップ,Pet shop,ショドク,Syodok,쇼독,,城東区,Seongdong-gu,서울 성동구 무학봉16길 22,02-2298-1698,,,37.560005,127.03284,5.0,0,"https://www.google.com/maps/search/?api=1&query=37.560005,127.03284",반려동물분양
1788,ペットショップ,Pet shop,スンノク,Sunnok,순녹,,城東区,Seongdong-gu,서울 성동구 성수이로18길 31,070-4099-5710,,http://petshield.kr/,37.541952,127.060605,3.0,0,"https://www.google.com/maps/search/?api=1&query=37.541952,127.060605",반려동물용품
1789,ペットショップ,Pet shop,ストプハウス ソンスジョム,Seuteopeu House Seongsujeom,스터프하우스 성수점,,城東区,Seongdong-gu,서울 성동구 상원12길 20,,,https://stuffhaus.com/,37.550544,127.049906,,0,"https://www.google.com/maps/search/?api=1&query=37.550544,127.049906",반려동물용품
1790,ペットショップ,Pet shop,ステルラゲコ,Seutellageko,스텔라게코,,城東区,Seongdong-gu,서울 성동구 왕십리로30길 1,010-7558-0408,https://www.instagram.com/stella._.gecko/,,37.564567,127.030757,,3,"https://www.google.com/maps/search/?api=1&query=37.564567,127.030757",반려동물분양
1791,ペットショップ,Pet shop,アガペッ,Agapet,아가펫,,城東区,Seongdong-gu,서울 성동구 왕십리로 410,,,,37.565542,127.024811,,0,"https://www.google.com/maps/search/?api=1&query=37.565542,127.024811",반려동물분양
1792,ペットショップ,Pet shop,アチメサリョ,Achimaesaryo,아침애사료,,城東区,Seongdong-gu,서울 성동구 행당로 87,,,,37.55729,127.028543,,1,"https://www.google.com/maps/search/?api=1&query=37.55729,127.028543",반려동물용품
1793,ペットショップ,Pet shop,アレンケイカンパニー,Araenkei Company,알앤케이컴퍼니,,城東区,Seongdong-gu,서울 성동구 성수이로24길 31,02-599-9073,,,37.544543,127.061689,,0,"https://www.google.com/maps/search/?api=1&query=37.544543,127.061689",반려동물용품
1794,ペットショップ,Pet shop,アプタバイオ,Aptabaio,압타바이오,,城東区,Seongdong-gu,서울 성동구 상원12길 30,,,,37.550041,127.050663,,0,"https://www.google.com/maps/search/?api=1&query=37.550041,127.050663",반려동물용품
1795,トリミング,Grooming,エニネ伴侶犬トリミングシル,Aenine Dog Grooming Sil,애니네반려견미용실,,城東区,Seongdong-gu,서울 성동구 행당로1길 23,02-3442-6501,,,37.557369,127.024378,3.0,0,"https://www.google.com/maps/search/?api=1&query=37.557369,127.024378",반려동물분양
1796,ペットショップ,Pet shop,エンマベム,Aengmabaem,앵마뱀,,城東区,Seongdong-gu,서울 성동구 연무장길 44,,https://www.instagram.com/angmabam/,,37.542723,127.054082,5.0,0,"https://www.google.com/maps/search/?api=1&query=37.542723,127.054082",반려동물용품
1797,ペットショップ,Pet shop,オニストペッ,Eoniseuteupet,어니스트펫,,城東区,Seongdong-gu,서울 성동구 왕십리로10길 6,02-461-7574,,,37.546684,127.045309,,0,"https://www.google.com/maps/search/?api=1&query=37.546684,127.045309",반려동물용품
1798,ペットショップ,Pet shop,エデルジェイケッチュ,Edeljeikaetcheu,에델제이캣츠,,城東区,Seongdong-gu,서울 성동구 왕십리로 410,,,https://blog.naver.com/edelj/,37.566277,127.025431,,0,"https://www.google.com/maps/search/?api=1&query=37.566277,127.025431",반려동물분양
1799,ペットショップ,Pet shop,オロルロジカコリア,Orollojikakoria,오롤로지카코리아,,城東区,Seongdong-gu,서울 성동구 상원12길 34,070-4169-0333,,https://orolo.kr/,37.549539,127.050472,,0,"https://www.google.com/maps/search/?api=1&query=37.549539,127.050472",반려동물용품
1800,ペットショップ,Pet shop,ユニ愛犬用品,Yuni Dog Supplies,유니애견용품,,城東区,Seongdong-gu,서울 성동구 행당로 87,010-9115-5481,,http://cho1588877.cafe24.com,37.557292,127.028544,,0,"https://www.google.com/maps/search/?api=1&query=37.557292,127.028544",반려동물용품
1801,ペットショップ,Pet shop,チェジェ,Jeje,제제,,城東区,Seongdong-gu,서울 성동구 왕십리로 271,02-2088-0668,https://www.instagram.com/16_zeze/,,37.558655,127.037313,5.0,1,"https://www.google.com/maps/search/?api=1&query=37.558655,127.037313",반려동물용품
1802,ペットショップ,Pet shop,カジヤ,Kajiya,카지야,,城東区,Seongdong-gu,서울 성동구 성수일로12길 52,,https://www.instagram.com/kajiya1248,,37.546614,127.056213,,0,"https://www.google.com/maps/search/?api=1&query=37.546614,127.056213",반려동물용품
1803,ペットショップ,Pet shop,コジュペッ ソンスジョム,Keojeupet Seongsujeom,커즈펫 성수점,,城東区,Seongdong-gu,서울 성동구 성수이로 29,02-463-7638,,,37.537883,127.054299,,0,"https://www.google.com/maps/search/?api=1&query=37.537883,127.054299",반려동물용품
1804,トリミング,Grooming,テンジュヒル愛犬トリミング,Tenjeuhil Dog Grooming,텐즈힐애견미용,,城東区,Seongdong-gu,서울 성동구 마장로 137,02-2282-7924,,https://m.blog.naver.com/ksj940412/221679656514,37.569468,127.025888,4.2,1,"https://www.google.com/maps/search/?api=1&query=37.569468,127.025888",반려동물분양
1805,ペットショップ,Pet shop,トゥテイルス,Tuteilseu,투테일스,,城東区,Seongdong-gu,서울 성동구 성덕정17길 4-1,010-8578-7002,https://www.instagram.com/2tails_official/,,37.537648,127.055363,4.5,52,"https://www.google.com/maps/search/?api=1&query=37.537648,127.055363",반려동물용품
1806,ペットショップ,Pet shop,パチュンニュシャプ トケイブ,Pachungnyusyap Deokeibeu,파충류샵 더케이브,,城東区,Seongdong-gu,서울 성동구 성수일로3길 1,0503-7152-1281,,https://m.blog.naver.com/thecave_korea,37.541998,127.048508,5.0,1,"https://www.google.com/maps/search/?api=1&query=37.541998,127.048508",반려동물분양
1807,ペットショップ,Pet shop,パチュンニュシャプ ウォーターテイル,Pachungnyusyap Water Teil,파충류샵 워터테일,,城東区,Seongdong-gu,서울 성동구 독서당로50길 1,02-6213-1800,,https://www.watertail.com/,37.547901,127.023662,5.0,16,"https://www.google.com/maps/search/?api=1&query=37.547901,127.023662",반려동물분양
1808,ペットショップ,Pet shop,ポスポト,Peoseupeoteu,퍼스퍼트,,城東区,Seongdong-gu,서울 성동구 성수일로 111,,,https://tailhigh.com/,37.550455,127.051581,,0,"https://www.google.com/maps/search/?api=1&query=37.550455,127.051581",반려동물용품
1809,ペットショップ,Pet shop,ポスポト,Peoseupeoteu,퍼스퍼트,,城東区,Seongdong-gu,서울 성동구 뚝섬로3길 11-5,,,,37.541179,127.049253,,0,"https://www.google.com/maps/search/?api=1&query=37.541179,127.049253",반려동물용품
1810,ペットショップ,Pet shop,ポピレンド,Peopiraendeu,퍼피랜드,,城東区,Seongdong-gu,서울 성동구 장터길 14-1,02-2282-2283,,,37.548269,127.017358,5.0,0,"https://www.google.com/maps/search/?api=1&query=37.548269,127.017358",반려동물용품
1811,ペットショップ,Pet shop,ポピブルリ,Peopibeulli,퍼피블리,,城東区,Seongdong-gu,서울 성동구 무학로 33,010-9980-1733,https://www.instagram.com/puppyvely1004,,37.567463,127.026826,,173,"https://www.google.com/maps/search/?api=1&query=37.567463,127.026826",반려동물분양
1812,ペットショップ,Pet shop,ペンヌリボム,Pennuribom,펫누리봄,,城東区,Seongdong-gu,서울 성동구 마장로40길 10-73,070-8983-7679,,https://link.inpock.co.kr/petnuribom,37.564878,127.043085,,2,"https://www.google.com/maps/search/?api=1&query=37.564878,127.043085",반려동물용품
1813,ペットショップ,Pet shop,ペッマート,Pet Mart,펫마트,,城東区,Seongdong-gu,서울 성동구 사근동11길 7,,,,37.561675,127.047961,,0,"https://www.google.com/maps/search/?api=1&query=37.561675,127.047961",반려동물용품
1814,ペットショップ,Pet shop,ペットショップ マレモヘ,Pet Shop Maraemohae,펫샵 마래모해,,城東区,Seongdong-gu,서울 성동구 왕십리로 63,070-7808-0911,,https://maraemohae.com/,37.543623,127.043586,5.0,0,"https://www.google.com/maps/search/?api=1&query=37.543623,127.043586",반려동물
1815,ペットショップ,Pet shop,ペッチシェ,Pettisye,펫티셰,,城東区,Seongdong-gu,서울 성동구 무학로 33,,,,37.569157,127.026297,,0,"https://www.google.com/maps/search/?api=1&query=37.569157,127.026297",반려동물용품
1816,ペットショップ,Pet shop,ポエムドポムポム,Poemdeupompom,포엠드폼폼,,城東区,Seongdong-gu,서울 성동구 서울숲2길 6,070-8095-9755,,,37.547701,127.039621,,0,"https://www.google.com/maps/search/?api=1&query=37.547701,127.039621",반려동물용품
1817,ペットショップ,Pet shop,プチュ,Pucheu,푸츠,,城東区,Seongdong-gu,서울 성동구 독서당로 270,070-4090-8533,,http://www.pooch-dog.com,37.54664,127.019482,,0,"https://www.google.com/maps/search/?api=1&query=37.54664,127.019482",반려동물용품
1818,ペットショップ,Pet shop,プルレンド,Peullaendeu,플랜드,,城東区,Seongdong-gu,서울 성동구 성수이로12길 14,070-8801-1773,,,37.539622,127.056756,,0,"https://www.google.com/maps/search/?api=1&query=37.539622,127.056756",반려동물용품
1819,ペットショップ,Pet shop,ハイヘルロアイムヌイ,High Helloaimnui,하이헬로아임루이,,城東区,Seongdong-gu,서울 성동구 성덕정길 93,,,,37.53773,127.053928,,0,"https://www.google.com/maps/search/?api=1&query=37.53773,127.053928",반려동물용품
1820,ペットショップ,Pet shop,フィットマミ,Huittomami,희또마미,,城東区,Seongdong-gu,서울 성동구 독서당로 270,,http://www.instagram.com/heeddomommy_petfood,,37.546608,127.019346,,0,"https://www.google.com/maps/search/?api=1&query=37.546608,127.019346",반려동물용품
1821,ペットショップ,Pet shop,24時間 無人愛犬 カンシク& 用品 アムドオプゲ ポムニョクジョム,24h Unmanned Dog Gansik & Supplies Amudoeopgae Bomunyeokjeom,24시 무인애견 간식& 용품 아무도없개 보문역점,はい/Yes,城北区,Seongbuk-gu,서울 성북구 고려대로7길 18,,,,37.586786,127.020944,,0,"https://www.google.com/maps/search/?api=1&query=37.586786,127.020944",반려동물분양
1822,ペットショップ,Pet shop,858ミスチクパーク パチュンニュシャプ,858 Miseutik Park Pachungnyusyap,858미스틱파크 파충류샵,,城北区,Seongbuk-gu,서울 성북구 보국문로20길 45,02-909-8826,,https://blog.naver.com/mystic_park858_,37.613303,127.00948,,38,"https://www.google.com/maps/search/?api=1&query=37.613303,127.00948",반려동물분양
1823,ペットショップ,Pet shop,9コルドレプタイル,9 Goldeureptail,9골드렙타일,,城北区,Seongbuk-gu,서울 성북구 보국문로2길 7,,https://www.instagram.com/9goldreptiles,,37.604912,127.012122,5.0,186,"https://www.google.com/maps/search/?api=1&query=37.604912,127.012122",반려동물분양
1824,ペットショップ,Pet shop,Pマート,P Mart,P마트,,城北区,Seongbuk-gu,서울 성북구 오패산로 46,,,,37.607257,127.03679,,0,"https://www.google.com/maps/search/?api=1&query=37.607257,127.03679",반려동물용품
1825,ペットショップ,Pet shop,カンアジゴヤンイピョヌィジョム ハンソンデジョム,Gangajigoyangipyeonuijeom Hanseongdaejeom,강아지고양이편의점 한성대점,,城北区,Seongbuk-gu,서울 성북구 동소문로6길 20-5,010-7445-7496,,http://www.petstore24.co.kr/,37.588066,127.008266,4.7,3,"https://www.google.com/maps/search/?api=1&query=37.588066,127.008266",강아지고양이편의점
1826,ペットショップ,Pet shop,カンアジゴンウォン,Gangajigongwon,강아지공원,,城北区,Seongbuk-gu,서울 성북구 보문로13라길 18,02-929-5600,,,37.579087,127.021138,,2,"https://www.google.com/maps/search/?api=1&query=37.579087,127.021138",반려동물분양
1827,ペットショップ,Pet shop,カンアジゴンウォン,Gangajigongwon,강아지공원,,城北区,Seongbuk-gu,서울 성북구 지봉로21길 19,,,,37.584901,127.017567,,0,"https://www.google.com/maps/search/?api=1&query=37.584901,127.017567",반려동물분양
1828,ペットショップ,Pet shop,キョンセンニャンプム 24時間 無人ペットショップ プクソウルックムィスプジョム,Gyeonsaengnyangpum 24h Unmanned Pet Shop Bukseoulkkumuisupjeom,견생냥품 24시 무인펫샵 북서울꿈의숲점,はい/Yes,城北区,Seongbuk-gu,서울 성북구 돌곶이로 220,0502-5552-9471,,https://petgz.com/,37.618903,127.046339,,3,"https://www.google.com/maps/search/?api=1&query=37.618903,127.046339",견생냥품 24시 무인펫샵
1829,ペットショップ,Pet shop,キョンセンニャンプム 24時間 無人ペットショップ ソウルジョンアムジョム,Gyeonsaengnyangpum 24h Unmanned Pet Shop Seouljongamjeom,견생냥품 24시 무인펫샵 서울종암점,はい/Yes,城北区,Seongbuk-gu,서울 성북구 종암로21가길 4,,,https://petgz.com/,37.599122,127.033904,,1,"https://www.google.com/maps/search/?api=1&query=37.599122,127.033904",견생냥품 24시 무인펫샵
1830,ペットショップ,Pet shop,ネセックモンニャンイ,Naesaekkumeongnyangi,내새꾸멍냥이,,城北区,Seongbuk-gu,서울 성북구 종암로21가길 4,010-5243-8303,,,37.599034,127.033938,,1,"https://www.google.com/maps/search/?api=1&query=37.599034,127.033938",반려동물용품
1831,ペットショップ,Pet shop,ネイチョマイペッ,Neicheo My Pet,네이처마이펫,,城北区,Seongbuk-gu,서울 성북구 월계로40길 7,070-4065-4663,,,37.622946,127.048396,,0,"https://www.google.com/maps/search/?api=1&query=37.622946,127.048396",반려동물용품
1832,ペットショップ,Pet shop,ヌヂペットショップ ポンジョム,Nudi Pet Shop Bonjeom,누디펫샵 본점,,城北区,Seongbuk-gu,서울 성북구 장위로20길 3-3,070-8262-2813,,,37.613685,127.043247,,0,"https://www.google.com/maps/search/?api=1&query=37.613685,127.043247",반려동물용품
1833,ペットショップ,Pet shop,ニモル,Nimoreu,니모르,,城北区,Seongbuk-gu,서울 성북구 삼선교로10나길 11,,,https://www.facebook.com/scentnimor,37.586415,127.009107,,0,"https://www.google.com/maps/search/?api=1&query=37.586415,127.009107",반려동물용품
1834,ペットショップ,Pet shop,タルビッヘムストリ,Dalbithaemseuteori,달빛햄스터리,,城北区,Seongbuk-gu,서울 성북구 한천로73길 39,,,https://blog.naver.com/hamstery_moon,37.609427,127.061367,5.0,0,"https://www.google.com/maps/search/?api=1&query=37.609427,127.061367",반려동물분양
1835,ペットショップ,Pet shop,テンデンニャンニャン,Daengdaengnyangnyang,댕댕냥냥,,城北区,Seongbuk-gu,서울 성북구 종암동 3-237,,,,37.59928,127.036753,,0,"https://www.google.com/maps/search/?api=1&query=37.59928,127.036753",반려동물용품
1836,ペットショップ,Pet shop,テンデンニャンニャン,Daengdaengnyangnyang,댕댕냥냥,,城北区,Seongbuk-gu,서울 성북구 오패산로 57,,,,37.607307,127.036233,,0,"https://www.google.com/maps/search/?api=1&query=37.607307,127.036233",반려동물용품
1837,ペットショップ,Pet shop,トブルヂゲコ,Deobeuldigeko,더블디게코,,城北区,Seongbuk-gu,서울 성북구 동소문로 304,,,,37.606908,127.028664,,2,"https://www.google.com/maps/search/?api=1&query=37.606908,127.028664",반려동물분양
1838,ペットショップ,Pet shop,トギスター,Dogi Star,도기스타,,城北区,Seongbuk-gu,서울 성북구 아리랑로 25-2,010-5811-7430,,http://doggystariggy.com,37.595228,127.01575,,2,"https://www.google.com/maps/search/?api=1&query=37.595228,127.01575",반려동물용품
1839,ペットショップ,Pet shop,ロブルリペッ,Reobeullipet,러블리펫,,城北区,Seongbuk-gu,서울 성북구 종암로38길 12-1,02-909-2082,,,37.606306,127.032217,,5,"https://www.google.com/maps/search/?api=1&query=37.606306,127.032217",반려동물분양
1840,ペットショップ,Pet shop,レプタイリンコルロ,Reptairinkeolleo,렙타일인컬러,,城北区,Seongbuk-gu,서울 성북구 정릉로 307,,,,37.603238,127.017866,,0,"https://www.google.com/maps/search/?api=1&query=37.603238,127.017866",반려동물용품
1841,ペットショップ,Pet shop,マスト愛犬シャプ,Maseuteo Dog Syap,마스터애견샵,,城北区,Seongbuk-gu,서울 성북구 아리랑로 23,,,,37.594884,127.015866,,0,"https://www.google.com/maps/search/?api=1&query=37.594884,127.015866",반려동물용품
1842,ペットショップ,Pet shop,モルリスペットショップ,Molliseu Pet Shop,몰리스펫샵,,城北区,Seongbuk-gu,서울 성북구 도봉로 17,,,,37.610692,127.029855,4.0,0,"https://www.google.com/maps/search/?api=1&query=37.610692,127.029855",반려동물용품
1843,ペットショップ,Pet shop,ポムンドンモンニャンイ24時間マート,Bomundongmeongnyangi 24h Mart,보문동멍냥이24시마트,はい/Yes,城北区,Seongbuk-gu,서울 성북구 지봉로 183,010-7671-2459,,,37.585377,127.019003,,1,"https://www.google.com/maps/search/?api=1&query=37.585377,127.019003",반려동물용품
1844,ペットショップ,Pet shop,セリナPet,Serina Pet,세리나Pet,,城北区,Seongbuk-gu,서울 성북구 성북로 69,010-2235-3428,https://www.instagram.com/serina_petfood,,37.593066,127.001217,5.0,9,"https://www.google.com/maps/search/?api=1&query=37.593066,127.001217",반려동물용품
1845,ペットショップ,Pet shop,スジェチョングク,Sujecheonguk,수제천국,,城北区,Seongbuk-gu,서울 성북구 보국문로20길 32,,,,37.61265,127.009908,,0,"https://www.google.com/maps/search/?api=1&query=37.61265,127.009908",반려동물용품
1846,ペットショップ,Pet shop,スピネゲワニャン,Supinegaewanyang,숲이네개와냥,,城北区,Seongbuk-gu,서울 성북구 종암로36나길 12,010-2711-0811,,,37.606535,127.034011,5.0,0,"https://www.google.com/maps/search/?api=1&query=37.606535,127.034011",반려동물용품
1847,ペットショップ,Pet shop,スピネゲワニャン サンウォルゴクジョム,Supinegaewanyang Sangwolgokjeom,숲이네개와냥 상월곡점,,城北区,Seongbuk-gu,서울 성북구 장월로1길 96,010-2711-0811,,,37.60485,127.043511,5.0,1,"https://www.google.com/maps/search/?api=1&query=37.60485,127.043511",반려동물용품
1848,ペットショップ,Pet shop,スピネゲワニャン チョンアムジョム,Supinegaewanyang Jongamjeom,숲이네개와냥 종암점,,城北区,Seongbuk-gu,서울 성북구 종암로 113,010-2711-0811,,,37.600156,127.033677,3.7,1,"https://www.google.com/maps/search/?api=1&query=37.600156,127.033677",반려동물용품
1849,ペットショップ,Pet shop,スペル,Seupel,스펠,,城北区,Seongbuk-gu,서울 성북구 보문로13나길 8,070-7768-1355,,https://spelpet.com/,37.57984,127.021591,,0,"https://www.google.com/maps/search/?api=1&query=37.57984,127.021591",반려동물용품
1850,ペットショップ,Pet shop,スプリングペッ トナムジョム,Spring Pet Donamjeom,스프링펫 돈암점,,城北区,Seongbuk-gu,서울 성북구 동소문로20길 22,,,,37.591582,127.016568,,0,"https://www.google.com/maps/search/?api=1&query=37.591582,127.016568",반려동물용품
1851,ペットショップ,Pet shop,スロウペッ,Slow Pet,슬로우펫,,城北区,Seongbuk-gu,서울 성북구 보문로 154-3,,,,37.588577,127.017409,,0,"https://www.google.com/maps/search/?api=1&query=37.588577,127.017409",반려동물용품
1852,ペットショップ,Pet shop,ッソニペッ,Sseonipet,써니펫,,城北区,Seongbuk-gu,서울 성북구 돌곶이로 9,02-909-6066,,,37.605443,127.061771,,4,"https://www.google.com/maps/search/?api=1&query=37.605443,127.061771",반려동물용품
1853,ペットショップ,Pet shop,ッシチッシグルロボル,Ssitissigeullobeol,씨티씨글로벌,,城北区,Seongbuk-gu,서울 성북구 오패산로10길 30,02-913-3335,,,37.605142,127.038497,,0,"https://www.google.com/maps/search/?api=1&query=37.605142,127.038497",반려동물용품
1854,ペットショップ,Pet shop,アルム愛犬ペクファジョム,Areum Dog Baekhwajeom,아름애견백화점,,城北区,Seongbuk-gu,서울 성북구 동소문로 307,02-987-6688,,,37.607466,127.028521,1.0,0,"https://www.google.com/maps/search/?api=1&query=37.607466,127.028521",반려동물분양
1855,ペットショップ,Pet shop,アメルリアペッ,Amelliapet,아멜리아펫,,城北区,Seongbuk-gu,서울 성북구 정릉로40길 27,,,,37.600791,127.019551,,0,"https://www.google.com/maps/search/?api=1&query=37.600791,127.019551",반려동물용품
1856,ペットショップ,Pet shop,アムドオプゲ ポムニョクジョム,Amudoeopgae Bomunyeokjeom,아무도없개 보문역점,,城北区,Seongbuk-gu,서울 성북구 고려대로7길 18,1644-9896,,https://updog.kr,37.586789,127.020942,5.0,16,"https://www.google.com/maps/search/?api=1&query=37.586789,127.020942",아무도없개
1857,ペットショップ,Pet shop,アムドオプゲ ソンシニョデジョム,Amudoeopgae Seongsinyeodaejeom,아무도없개 성신여대점,,城北区,Seongbuk-gu,서울 성북구 아리랑로4길 15,010-6650-7361,,https://updog.kr,37.594855,127.016804,,12,"https://www.google.com/maps/search/?api=1&query=37.594855,127.016804",아무도없개
1858,トリミング,Grooming,エギヤ愛犬トリミング,Aegiya Dog Grooming,애기야애견미용,,城北区,Seongbuk-gu,서울 성북구 북악산로 855,02-953-9533,,,37.598913,127.019341,3.0,0,"https://www.google.com/maps/search/?api=1&query=37.598913,127.019341",반려동물분양
1859,ペットショップ,Pet shop,愛玩用品ハリンマート,Pet Supplies Harin Mart,애완용품할인마트,,城北区,Seongbuk-gu,서울 성북구 돌곶이로 9,,,,37.605443,127.061771,5.0,0,"https://www.google.com/maps/search/?api=1&query=37.605443,127.061771",반려동물용품
1860,ペットショップ,Pet shop,ヤオンアモンモンヘブァ ソンブクジョム,Yaongameongmeonghaebwa Seongbukjeom,야옹아멍멍해봐 성북점,,城北区,Seongbuk-gu,서울 성북구 삼선교로24길 3,02-953-0049,,,37.589687,127.015122,5.0,4,"https://www.google.com/maps/search/?api=1&query=37.589687,127.015122",반려동물용품
1861,ペットショップ,Pet shop,オンシミネサロン,Ongsimine Salon,옹심이네살롱,,城北区,Seongbuk-gu,서울 성북구 아리랑로4가길 5,010-3335-2748,https://www.instagram.com/ongsimi_salon,,37.595075,127.016831,3.0,3,"https://www.google.com/maps/search/?api=1&query=37.595075,127.016831",반려동물분양
1862,ペットショップ,Pet shop,ワンッチャン,Wangjjang,왕짱,,城北区,Seongbuk-gu,서울 성북구 보문로13라길 14,02-923-1909,,,37.579272,127.020886,,0,"https://www.google.com/maps/search/?api=1&query=37.579272,127.020886",반려동물용품
1863,ペットショップ,Pet shop,イルラ,Irura,이루라,,城北区,Seongbuk-gu,서울 성북구 고려대로 102-2,010-2405-0688,,,37.586109,127.030766,,0,"https://www.google.com/maps/search/?api=1&query=37.586109,127.030766",반려동물용품
1864,ペットショップ,Pet shop,チョンヌンドン プディングイネ,Jeongneungdong Pudding Ine,정릉동 푸딩이네,,城北区,Seongbuk-gu,서울 성북구 솔샘로6길 37,070-8095-9276,,http://pf.kakao.com/_qvxiXn,37.609605,127.007314,,9,"https://www.google.com/maps/search/?api=1&query=37.609605,127.007314",반려동물용품
1865,ペットショップ,Pet shop,チョウンナラ愛犬ポンブ チャンウィジョム,Joeunnara Dog Bonbu Jangwijeom,좋은나라애견본부 장위점,,城北区,Seongbuk-gu,서울 성북구 돌곶이로 151,02-915-6677,,http://www.joeunpet.com,37.615077,127.051662,2.3,0,"https://www.google.com/maps/search/?api=1&query=37.615077,127.051662",반려동물용품
1866,ペットショップ,Pet shop,チンシモリンペッサロン,Jinsimeorinpet Salon,진심어린펫살롱,,城北区,Seongbuk-gu,서울 성북구 동소문로43가길 35,,,,37.608112,127.027865,5.0,3,"https://www.google.com/maps/search/?api=1&query=37.608112,127.027865",반려동물분양
1867,ペットショップ,Pet shop,キッチンポポ,Kitchen Popo,키친포포,,城北区,Seongbuk-gu,서울 성북구 돌곶이로40길 46,,https://www.instagram.com/kitchenpawpaw/,,37.618218,127.047635,5.0,0,"https://www.google.com/maps/search/?api=1&query=37.618218,127.047635",반려동물용품
1868,ペットショップ,Pet shop,テイルロドク,Teilleodok,테일러독,,城北区,Seongbuk-gu,서울 성북구 장위로 15,070-4210-7778,,,37.613518,127.038577,,3,"https://www.google.com/maps/search/?api=1&query=37.613518,127.038577",반려동물용품
1869,ペットショップ,Pet shop,ポピムム,Peopimum,퍼피뭄,,城北区,Seongbuk-gu,서울 성북구 월계로40길 7,010-2604-9066,https://www.instagram.com/puppy__mum,,37.623236,127.048403,,1,"https://www.google.com/maps/search/?api=1&query=37.623236,127.048403",반려동물분양
1870,ペットショップ,Pet shop,ポピクラブ愛犬シャプ,Peopi Club Dog Syap,퍼피클럽애견샵,,城北区,Seongbuk-gu,서울 성북구 종암로21길 81,02-925-1161,,,37.60175,127.031962,,0,"https://www.google.com/maps/search/?api=1&query=37.60175,127.031962",반려동물분양
1871,ペットショップ,Pet shop,ペッコッ,Petkeot,펫컷,,城北区,Seongbuk-gu,서울 성북구 동소문로3길 44,010-8542-5841,,https://cafe.naver.com/petcut,37.590279,127.007609,,1,"https://www.google.com/maps/search/?api=1&query=37.590279,127.007609",반려동물용품
1872,ペットショップ,Pet shop,ペットマム,Pettomam,펫토맘,,城北区,Seongbuk-gu,서울 성북구 삼선교로 40,070-7638-0028,,,37.588105,127.01009,,0,"https://www.google.com/maps/search/?api=1&query=37.588105,127.01009",반려동물용품
1873,ペットショップ,Pet shop,プリン,Peuring,프링,,城北区,Seongbuk-gu,서울 성북구 정릉로 307,070-8065-4191,,,37.603005,127.018441,5.0,0,"https://www.google.com/maps/search/?api=1&query=37.603005,127.018441",반려동물용품
1874,ペットショップ,Pet shop,ホグル ネルロ ヒョンデベクファジョム ミアジョム,Heogeul Nello Hyeondaebaekhwajeom Miajeom,허글 넬로 현대백화점 미아점,,城北区,Seongbuk-gu,서울 성북구 동소문로 315,02-2117-1402,,,37.608451,127.028692,,0,"https://www.google.com/maps/search/?api=1&query=37.608451,127.028692",반려동물용품
1875,ペットショップ,Pet shop,24時間無人 愛犬カンシク用品アムドオプゲソンパバンイジョム,24h Unmanned Dog Gansik Supplies Amudoeopgaesongpabangijeom,24시무인 애견간식용품아무도없개송파방이점,はい/Yes,松坡区,Songpa-gu,서울 송파구 올림픽로32길 59,,,,37.5122,127.112795,2.0,0,"https://www.google.com/maps/search/?api=1&query=37.5122,127.112795",반려동물용품
1876,しつけ教室,Dog training,Top愛犬パンムン訓練所,Top Dog Bangmun Training,Top애견방문훈련소,,松坡区,Songpa-gu,서울 송파구 문정로4길 22,,,,37.484319,127.126014,,0,"https://www.google.com/maps/search/?api=1&query=37.484319,127.126014",반려동물분양
1877,ペットショップ,Pet shop,カンナムガンアジ分譲 ヘルスドク 愛犬イビャン マルチプドルポメラニアンミニビション ソンパジョム,Gangnamgangaji Adoption Helseudok Dog Ibyang Maltipudeulpomeranianminibisyong Songpajeom,강남강아지분양 헬스독 애견입양 말티푸들포메라니안미니비숑 송파점,,松坡区,Songpa-gu,서울 송파구 백제고분로9길 35,0502-5552-1620,https://www.instagram.com/healthdog.1/,,37.509845,127.083019,4.8,555,"https://www.google.com/maps/search/?api=1&query=37.509845,127.083019",반려동물분양
1878,ペットショップ,Pet shop,ケバプダオ,Gaebapdao,개밥다오,,松坡区,Songpa-gu,서울 송파구 위례광장로 270,,,http://dogfooddao.co.kr/,37.47731,127.143631,5.0,8,"https://www.google.com/maps/search/?api=1&query=37.47731,127.143631",반려동물용품
1879,ペットショップ,Pet shop,ケバプパヌンゴヤンイ ムンジョンジョム,Gaebappaneungoyangi Munjeongjeom,개밥파는고양이 문정점,,松坡区,Songpa-gu,서울 송파구 송파대로 111,010-5894-9566,,https://blog.naver.com/gaebab_songpa,37.481163,127.123144,5.0,9,"https://www.google.com/maps/search/?api=1&query=37.481163,127.123144",개밥파는고양이
1880,ペットショップ,Pet shop,キョンセンニャンプム 24時間 無人ペットショップ ソンパムンジョンドンジョム,Gyeonsaengnyangpum 24h Unmanned Pet Shop Songpamunjeongdongjeom,견생냥품 24시 무인펫샵 송파문정동점,はい/Yes,松坡区,Songpa-gu,서울 송파구 송파대로 111,,,https://petgz.com/,37.480629,127.124664,,21,"https://www.google.com/maps/search/?api=1&query=37.480629,127.124664",견생냥품 24시 무인펫샵
1881,ペットショップ,Pet shop,キョンセンニャンプム 24時間 無人ペットショップ ソンパジャムシルソンダンジョム,Gyeonsaengnyangpum 24h Unmanned Pet Shop Songpajamsilseongdangjeom,견생냥품 24시 무인펫샵 송파잠실성당점,はい/Yes,松坡区,Songpa-gu,서울 송파구 올림픽로12길 24,,,https://petgz.com,37.509457,127.083109,,11,"https://www.google.com/maps/search/?api=1&query=37.509457,127.083109",견생냥품 24시 무인펫샵
1882,ペットショップ,Pet shop,キョンチェゴンハク ショルム,Gyeonchegonghak Syorum,견체공학 쇼룸,,松坡区,Songpa-gu,서울 송파구 백제고분로22길 37,02-419-4220,,https://pengineer.co.kr,37.500519,127.08819,,4,"https://www.google.com/maps/search/?api=1&query=37.500519,127.08819",반려동물용품
1883,ペットショップ,Pet shop,コヤンイ分譲 チョンムン タル ルナケッチュ チャムシルボンジョム,Goyangi Adoption Jeonmun Dal Runakaetcheu Jamsilbonjeom,고양이분양 전문 달 루나캣츠 잠실본점,,松坡区,Songpa-gu,서울 송파구 백제고분로21길 5,010-8020-5952,,https://www.dalunacats.com/,37.504491,127.08969,5.0,117,"https://www.google.com/maps/search/?api=1&query=37.504491,127.08969",반려동물분양
1884,ペットショップ,Pet shop,クッピプルレプ,Gutpipeullaep,굿피플랩,,松坡区,Songpa-gu,서울 송파구 백제고분로41길 6-5,02-473-8566,,,37.506908,127.108707,,0,"https://www.google.com/maps/search/?api=1&query=37.506908,127.108707",반려동물용품
1885,ペットショップ,Pet shop,クンヂパンパン,Gungdipangpang,궁디팡팡,,松坡区,Songpa-gu,서울 송파구 양재대로 1222,010-8694-4079,,,37.515723,127.132829,,2,"https://www.google.com/maps/search/?api=1&query=37.515723,127.132829",반려동물용품
1886,トリミング,Grooming,クルミン105,Geuruming 105,그루밍105,,松坡区,Songpa-gu,서울 송파구 백제고분로27길 18,010-9560-5920,,http://blog.naver.com/grooming105,37.504662,127.093305,1.3,0,"https://www.google.com/maps/search/?api=1&query=37.504662,127.093305",반려동물분양
1887,ペットショップ,Pet shop,キプトペッ,Gipeuteupet,기프트펫,,松坡区,Songpa-gu,서울 송파구 위례광장로 136,02-400-0500,,,37.477196,127.142375,,1,"https://www.google.com/maps/search/?api=1&query=37.477196,127.142375",반려동물용품
1888,ペットショップ,Pet shop,ニャムニャムクンクン,Nyamnyamkeungkeung,냠냠킁킁,,松坡区,Songpa-gu,서울 송파구 위례광장로 188,010-9645-7879,,,37.481086,127.142395,,1,"https://www.google.com/maps/search/?api=1&query=37.481086,127.142395",반려동물용품
1889,ペットショップ,Pet shop,ネイチョポピ,Neicheopeopi,네이처퍼피,,松坡区,Songpa-gu,서울 송파구 마천로 16,010-8411-8451,,,37.509772,127.122594,1.0,19,"https://www.google.com/maps/search/?api=1&query=37.509772,127.122594",반려동물분양
1890,ペットショップ,Pet shop,ヌナス,Nunaseu,누나스,,松坡区,Songpa-gu,서울 송파구 법원로4길 10,1661-6033,,https://www.nunas.co.kr/,37.482614,127.122828,,0,"https://www.google.com/maps/search/?api=1&query=37.482614,127.122828",반려동물용품
1891,ペットショップ,Pet shop,テンニャンイマート,Daengnyangi Mart,댕냥이마트,,松坡区,Songpa-gu,서울 송파구 충민로 66,02-6672-3596,,,37.478269,127.124289,,0,"https://www.google.com/maps/search/?api=1&query=37.478269,127.124289",반려동물용품
1892,ペットショップ,Pet shop,トジュ ソンパジョム,Deojyu Songpajeom,더쥬 송파점,,松坡区,Songpa-gu,서울 송파구 중대로16길 12,010-2440-9142,https://www.instagram.com/thezoo_songpa,,37.495977,127.12576,4.3,10,"https://www.google.com/maps/search/?api=1&query=37.495977,127.12576",반려동물분양
1893,ペットショップ,Pet shop,トグマル,Dogeumaru,도그마루,,松坡区,Songpa-gu,서울 송파구 석촌호수로 104,02-1566-8713,,https://dogmaru.co.kr/,37.507752,127.08845,3.5,2,"https://www.google.com/maps/search/?api=1&query=37.507752,127.08845",반려동물분양
1894,ペットショップ,Pet shop,トグマケッ パンイヨクジョム,Dogeumakaet Bangiyeokjeom,도그마캣 방이역점,,松坡区,Songpa-gu,서울 송파구 양재대로72길 14,,,,37.509253,127.128373,,0,"https://www.google.com/maps/search/?api=1&query=37.509253,127.128373",반려동물용품
1895,ペットショップ,Pet shop,トグマーケット パンイヨクジョム,Dogeu Market Bangiyeokjeom,도그마켓 방이역점,,松坡区,Songpa-gu,서울 송파구 양재대로72길 14,010-2316-3838,,,37.509254,127.128365,,0,"https://www.google.com/maps/search/?api=1&query=37.509254,127.128365",반려동물용품
1896,ペットショップ,Pet shop,トグボヂ,Dogeubeodi,도그버디,,松坡区,Songpa-gu,서울 송파구 백제고분로48길 40,02-408-8684,,,37.510245,127.117276,,0,"https://www.google.com/maps/search/?api=1&query=37.510245,127.117276",반려동물용품
1897,ペットショップ,Pet shop,トグボヂ マチョンジョム,Dogeubeodi Macheonjeom,도그버디 마천점,,松坡区,Songpa-gu,서울 송파구 마천로41길 15,,,,37.497299,127.149372,,1,"https://www.google.com/maps/search/?api=1&query=37.497299,127.149372",반려동물용품
1898,ペットショップ,Pet shop,トグボヂ サムジョンジョム,Dogeubeodi Samjeonjeom,도그버디 삼전점,,松坡区,Songpa-gu,서울 송파구 백제고분로22길 10,02-423-2526,,https://m.blog.naver.com/nanamong_,37.503029,127.088971,,0,"https://www.google.com/maps/search/?api=1&query=37.503029,127.088971",반려동물용품
1899,ペットショップ,Pet shop,トレミケッ,Doremikaet,도레미캣,,松坡区,Songpa-gu,서울 송파구 올림픽로 597-1,010-8844-6441,,https://www.doremicat.co.kr/,37.535227,127.121859,4.9,133,"https://www.google.com/maps/search/?api=1&query=37.535227,127.121859",반려동물분양
1900,ペットショップ,Pet shop,トゲンケッライプヂジャイン,Dogaenkaetraipeudijain,독앤캣라이프디자인,,松坡区,Songpa-gu,서울 송파구 오금로 168,02-424-6377,,http://blog.naver.com/dogcatlifedesign,37.509596,127.112986,,0,"https://www.google.com/maps/search/?api=1&query=37.509596,127.112986",반려동물분양
1901,ペットショップ,Pet shop,チアナペッ,Dianapet,디아나펫,,松坡区,Songpa-gu,서울 송파구 석촌호수로 210,02-422-3864,,,37.506674,127.100523,5.0,0,"https://www.google.com/maps/search/?api=1&query=37.506674,127.100523",반려동물분양
1902,ペットショップ,Pet shop,ラウラト,Raurateu,라울아트,,松坡区,Songpa-gu,서울 송파구 충민로 66,,,,37.477413,127.124412,,0,"https://www.google.com/maps/search/?api=1&query=37.477413,127.124412",반려동물용품
1903,ペットショップ,Pet shop,ロブルリペッ,Reobeullipet,러블리펫,,松坡区,Songpa-gu,서울 송파구 가락로 279,,,,37.512837,127.119687,,0,"https://www.google.com/maps/search/?api=1&query=37.512837,127.119687",반려동물분양
1904,ペットショップ,Pet shop,レドペッ,Redeupet,레드펫,,松坡区,Songpa-gu,서울 송파구 충민로 181,,,,37.486046,127.133595,5.0,0,"https://www.google.com/maps/search/?api=1&query=37.486046,127.133595",반려동물용품
1905,ペットショップ,Pet shop,ロアトレイル PETSHOWER,Roateureil PETSHOWER,로아트레일 PETSHOWER,,松坡区,Songpa-gu,서울 송파구 법원로4길 10,,,,37.482393,127.122762,,0,"https://www.google.com/maps/search/?api=1&query=37.482393,127.122762",반려동물용품
1906,ペットショップ,Pet shop,ルアモン,Ruameong,루아멍,,松坡区,Songpa-gu,서울 송파구 송파대로 345,070-8983-9474,,https://smartstore.naver.com/luamung/products/11180393014,37.497614,127.102532,,0,"https://www.google.com/maps/search/?api=1&query=37.497614,127.102532",반려동물용품
1907,ペットショップ,Pet shop,ルイドク ロッデエビニュエルジャムシルジョム,Ruidok Rotdeebinyueljamsiljeom,루이독 롯데에비뉴엘잠실점,,松坡区,Songpa-gu,서울 송파구 올림픽로 300,02-3213-2533,https://www.instagram.com/louisdogboutique_avenuel,,37.512697,127.101521,1.0,0,"https://www.google.com/maps/search/?api=1&query=37.512697,127.101521",반려동물용품
1908,ペットショップ,Pet shop,マグネチクプルレン,Mageunetikpeullaen,마그네틱플랜,,松坡区,Songpa-gu,서울 송파구 충민로 5,,,http://www.9dog.co.kr,37.480145,127.119658,,0,"https://www.google.com/maps/search/?api=1&query=37.480145,127.119658",반려동물용품
1909,ペットショップ,Pet shop,マロンガーデン,Marong Garden,마롱가든,,松坡区,Songpa-gu,서울 송파구 가락로 61,0507-1426-0099,https://instagram.com/marong_garden,,37.499891,127.103138,4.3,3,"https://www.google.com/maps/search/?api=1&query=37.499891,127.103138",반려동물용품
1910,ペットショップ,Pet shop,マリコベン,Marikoben,마리코벤,,松坡区,Songpa-gu,서울 송파구 법원로 127,,,https://maricoven.com,37.486316,127.118779,,0,"https://www.google.com/maps/search/?api=1&query=37.486316,127.118779",반려동물용품
1911,ペットショップ,Pet shop,マンゴケッ,Manggokaet,망고캣,,松坡区,Songpa-gu,서울 송파구 거마로17길 21,,,,37.498786,127.144422,,0,"https://www.google.com/maps/search/?api=1&query=37.498786,127.144422",반려동물분양
1912,ペットショップ,Pet shop,メゲヌピ,Maegaenupi,맥앤우피,,松坡区,Songpa-gu,서울 송파구 새말로 62,070-4400-0707,https://www.instagram.com/mcandoopy/,,37.4809,127.121102,,0,"https://www.google.com/maps/search/?api=1&query=37.4809,127.121102",반려동물용품
1913,ペットショップ,Pet shop,モンニャンクラブ チャムシルジョム,Meongnyang Club Jamsiljeom,멍냥클럽 잠실점,,松坡区,Songpa-gu,서울 송파구 오금로11길 45,010-2734-9371,,,37.515965,127.112209,5.0,6,"https://www.google.com/maps/search/?api=1&query=37.515965,127.112209",반려동물용품
1914,ペットショップ,Pet shop,メイデイ,Meidei,메이데이,,松坡区,Songpa-gu,서울 송파구 양재대로71길 19-10,010-5898-5043,https://www.instagram.com/mayday.official_/,,37.510457,127.124348,,4,"https://www.google.com/maps/search/?api=1&query=37.510457,127.124348",반려동물용품
1915,ペットショップ,Pet shop,モルリス ガーデンパイプジョム,Molliseu Garden Pie Beujeom,몰리스 가든파이브점,,松坡区,Songpa-gu,서울 송파구 충민로 10,02-2104-5005,,http://mollys.emart.com,37.478617,127.119108,3.5,0,"https://www.google.com/maps/search/?api=1&query=37.478617,127.119108",몰리스
1916,ペットショップ,Pet shop,モンニャンモンニャン ソンパジョム,Mongnyangmongnyang Songpajeom,몽냥몽냥 송파점,,松坡区,Songpa-gu,서울 송파구 올림픽로12길 26,010-7654-0456,,https://www.mongnyangpet.com/,37.509277,127.083154,4.2,259,"https://www.google.com/maps/search/?api=1&query=37.509277,127.083154",반려동물분양
1917,ペットショップ,Pet shop,モンモンイペットショップ チャムシルロッデウォルドジョム,Mongmongi Pet Shop Jamsillotdewoldeujeom,몽몽이펫샵 잠실롯데월드점,,松坡区,Songpa-gu,서울 송파구 올림픽로 240,0507-1310-1468,,,37.51132,127.09816,1.0,1,"https://www.google.com/maps/search/?api=1&query=37.51132,127.09816",반려동물용품
1918,ペットショップ,Pet shop,ミオジュ コヤンイ分譲 カンアジ分譲 チャムシルボンジョム,Miojeu Goyangi Adoption Gangaji Adoption Jamsilbonjeom,미오즈 고양이분양 강아지분양 잠실본점,,松坡区,Songpa-gu,서울 송파구 백제고분로31길 18,010-5644-0825,,,37.504159,127.095651,,121,"https://www.google.com/maps/search/?api=1&query=37.504159,127.095651",반려동물분양
1919,ペットショップ,Pet shop,ミユペッ ソウルジョム,Miyupet Seouljeom,미유펫 서울점,,松坡区,Songpa-gu,서울 송파구 송이로14길 11,,https://www.instagram.com/meyoupet_seoul_,,37.498798,127.118386,4.9,415,"https://www.google.com/maps/search/?api=1&query=37.498798,127.118386",반려동물분양
1920,ペットショップ,Pet shop,パボペッ,Babopet,바보펫,,松坡区,Songpa-gu,서울 송파구 정의로7길 13,070-4647-2946,,,37.485289,127.115121,,0,"https://www.google.com/maps/search/?api=1&query=37.485289,127.115121",반려동물용품
1921,ペットショップ,Pet shop,ポルロジダッコム,Beolleojidatkeom,벌러지닷컴,,松坡区,Songpa-gu,서울 송파구 송파대로26길 4,070-8729-7379,,https://www.buruze.com,37.490877,127.120828,5.0,0,"https://www.google.com/maps/search/?api=1&query=37.490877,127.120828",반려동물분양
1922,ペットショップ,Pet shop,ポニエンドク,Boniaendok,보니앤독,,松坡区,Songpa-gu,서울 송파구 성내천로6길 12-1,02-6482-6082,,,37.50419,127.135227,,0,"https://www.google.com/maps/search/?api=1&query=37.50419,127.135227",반려동물용품
1923,ペットショップ,Pet shop,ブラックトライ,Black Teurai,블랙트라이,,松坡区,Songpa-gu,서울 송파구 마천로 82,010-5686-7356,,,37.507106,127.129208,,0,"https://www.google.com/maps/search/?api=1&query=37.507106,127.129208",반려동물분양
1924,ペットショップ,Pet shop,ピグルC&M,Bigeul C&M,비글C&M,,松坡区,Songpa-gu,서울 송파구 법원로 92,02-556-1562,,https://bgree.co.kr,37.483697,127.121188,,0,"https://www.google.com/maps/search/?api=1&query=37.483697,127.121188",반려동물용품
1925,ペットショップ,Pet shop,ピクトリアペッ カンナムソンパボンジョム,Biktoriapet Gangnamsongpabonjeom,빅토리아펫 강남송파본점,,松坡区,Songpa-gu,서울 송파구 석촌호수로 104,070-4349-5578,,https://blog.naver.com/pch919788,37.507752,127.08845,,0,"https://www.google.com/maps/search/?api=1&query=37.507752,127.08845",반려동물분양
1926,ペットショップ,Pet shop,ッパリッパリ,Pparippari,빠리빠리,,松坡区,Songpa-gu,서울 송파구 마천로25길 7,02-2233-8220,https://www.instagram.com/terrier0/,,37.503615,127.139918,,0,"https://www.google.com/maps/search/?api=1&query=37.503615,127.139918",반려동물분양
1927,トリミング,Grooming,ソウルゴヤンイトリミングシル,Seoulgoyangi Grooming Sil,서울고양이미용실,,松坡区,Songpa-gu,서울 송파구 삼전로6길 8,070-8886-3103,,,37.502938,127.087985,3.0,4,"https://www.google.com/maps/search/?api=1&query=37.502938,127.087985",반려동물분양
1928,ペットショップ,Pet shop,ソウルゴヤンイ分譲 モアケッ チャムシルボンジョム,Seoulgoyangi Adoption Moakaet Jamsilbonjeom,서울고양이분양 모아캣 잠실본점,,松坡区,Songpa-gu,서울 송파구 백제고분로 132,010-5016-8253,,http://www.모아캣.com,37.505935,127.081551,,36,"https://www.google.com/maps/search/?api=1&query=37.505935,127.081551",반려동물분양
1929,ペットショップ,Pet shop,ソルドアウッ,Soldeuaut,솔드아웃,,松坡区,Songpa-gu,서울 송파구 충민로 66,02-2157-0621,,,37.477071,127.125885,,0,"https://www.google.com/maps/search/?api=1&query=37.477071,127.125885",반려동물용품
1930,ペットショップ,Pet shop,スビンシャプ,Subinsyap,수빈샵,,松坡区,Songpa-gu,서울 송파구 법원로 128,02-2088-3860,,,37.486844,127.120492,,0,"https://www.google.com/maps/search/?api=1&query=37.486844,127.120492",반려동물용품
1931,ペットショップ,Pet shop,スタジオ ステイ モリ,Studio Seutei Mori,스튜디오 스테이 모리,,松坡区,Songpa-gu,서울 송파구 성내천로12길 5,,http://instagram.com/studiostaymorrie,,37.500559,127.137728,,2,"https://www.google.com/maps/search/?api=1&query=37.500559,127.137728",반려동물용품
1932,ペットショップ,Pet shop,スロウソウル,Slow Seoul,슬로우서울,,松坡区,Songpa-gu,서울 송파구 백제고분로37가길 18,02-424-0362,,,37.505577,127.10322,1.0,57,"https://www.google.com/maps/search/?api=1&query=37.505577,127.10322",반려동물분양
1933,ペットショップ,Pet shop,ッソペッ ソンパヘルリオシチジョム,Ssopet Songpahelliositijeom,쏘펫 송파헬리오시티점,,松坡区,Songpa-gu,서울 송파구 송파대로 345,,,,37.497709,127.102476,,2,"https://www.google.com/maps/search/?api=1&query=37.497709,127.102476",반려동물분양
1934,ペットショップ,Pet shop,アムド オプゲ チャムシルジャンミジョム,Amudo Eopgae Jamsiljangmijeom,아무도 없개 잠실장미점,,松坡区,Songpa-gu,서울 송파구 올림픽로35길 112,0502-1948-5558,,,37.517887,127.101917,,0,"https://www.google.com/maps/search/?api=1&query=37.517887,127.101917",아무도없개
1935,ペットショップ,Pet shop,アムドオプゲ ソンパバンイジョム,Amudoeopgae Songpabangijeom,아무도없개 송파방이점,,松坡区,Songpa-gu,서울 송파구 올림픽로32길 59,1644-9896,,https://updog.kr/,37.5122,127.112795,,9,"https://www.google.com/maps/search/?api=1&query=37.5122,127.112795",아무도없개
1936,ペットショップ,Pet shop,アムドオプゲ チャムシルソクチョンジョム,Amudoeopgae Jamsilseokchonjeom,아무도없개 잠실석촌점,,松坡区,Songpa-gu,서울 송파구 가락로5길 8,1644-9896,,https://updog.kr,37.500215,127.102193,,2,"https://www.google.com/maps/search/?api=1&query=37.500215,127.102193",아무도없개
1937,ペットショップ,Pet shop,愛犬用品,Dog Supplies,애견용품,,松坡区,Songpa-gu,서울 송파구 마천로45길 37,,,,37.498988,127.151533,,0,"https://www.google.com/maps/search/?api=1&query=37.498988,127.151533",반려동물용품
1938,ペットショップ,Pet shop,エニモルットゥゲド,Aenimeolttugedeo,애니멀뚜게더,,松坡区,Songpa-gu,서울 송파구 백제고분로15길 16,010-2069-2216,,,37.506777,127.085212,,0,"https://www.google.com/maps/search/?api=1&query=37.506777,127.085212",반려동물분양
1939,ペットショップ,Pet shop,愛玩用品 チョンムンジョム,Pet Supplies Jeonmunjeom,애완용품 전문점,,松坡区,Songpa-gu,서울 송파구 마천로45길 37,,,,37.498986,127.151533,,0,"https://www.google.com/maps/search/?api=1&query=37.498986,127.151533",반려동물용품
1940,ペットショップ,Pet shop,ヤオンアモンモンヘブァ ソンパウィリェジョム,Yaongameongmeonghaebwa Songpawiryejeom,야옹아멍멍해봐 송파위례점,,松坡区,Songpa-gu,서울 송파구 위례서로 260,02-3012-4400,,https://blog.naver.com/rmsdid1,37.487974,127.142683,2.8,10,"https://www.google.com/maps/search/?api=1&query=37.487974,127.142683",반려동물분양
1941,ペットショップ,Pet shop,エスエスオチコリア,Eseueseuotikoria,에스에스오티코리아,,松坡区,Songpa-gu,서울 송파구 법원로 128,02-3454-0704,,,37.486862,127.120469,,0,"https://www.google.com/maps/search/?api=1&query=37.486862,127.120469",반려동물용품
1942,ペットショップ,Pet shop,エンジェイカメルレオン ソンパジョム,Enjeikamelleon Songpajeom,엔제이카멜레온 송파점,,松坡区,Songpa-gu,서울 송파구 중대로16길 12,,,,37.495977,127.12576,,1,"https://www.google.com/maps/search/?api=1&query=37.495977,127.12576",반려동물분양
1943,ペットショップ,Pet shop,オマイトギ,O My Dogi,오마이도기,,松坡区,Songpa-gu,서울 송파구 송이로26길 16-35,02-529-5332,,http://blog.naver.com/oh_mydoggy,37.493293,127.12218,,0,"https://www.google.com/maps/search/?api=1&query=37.493293,127.12218",반려동물용품
1944,ペットショップ,Pet shop,オオトリッ,Oeoteurit,오어트릿,,松坡区,Songpa-gu,서울 송파구 가락로 211,0507-1360-5430,https://www.instagram.com/tartortreat/,,37.507492,127.116268,,0,"https://www.google.com/maps/search/?api=1&query=37.507492,127.116268",반려동물용품
1945,ペットショップ,Pet shop,ワルァルシクダン,Warwalsikdang,왈왈식당,,松坡区,Songpa-gu,서울 송파구 올림픽로 145,070-7872-0505,http://www.instagram.com/walwal_sikdang,,37.511986,127.087016,5.0,0,"https://www.google.com/maps/search/?api=1&query=37.511986,127.087016",반려동물용품
1946,ペットショップ,Pet shop,ウチュチュ,Uchyuchyu,우츄츄,,松坡区,Songpa-gu,서울 송파구 송이로17길 41,02-6409-0720,,http://www.instargram.com/woochewchew,37.500932,127.124191,5.0,31,"https://www.google.com/maps/search/?api=1&query=37.500932,127.124191",반려동물용품
1947,ペットショップ,Pet shop,ウンパム ピバリウム&パチュンニュシャプ,Ungpam Bibarium & Pachungnyusyap,웅팜 비바리움&파충류샵,,松坡区,Songpa-gu,서울 송파구 오금로38길 10,010-5810-4509,https://www.instagram.com/woongfarm_reptiles,,37.500637,127.128356,,0,"https://www.google.com/maps/search/?api=1&query=37.500637,127.128356",반려동물분양
1948,ペットショップ,Pet shop,ウォクエルロン,Wokeuaelleon,워크앤런,,松坡区,Songpa-gu,서울 송파구 중대로 158,02-485-2727,https://www.instagram.com/walknrun.kr/,,37.496184,127.124951,,52,"https://www.google.com/maps/search/?api=1&query=37.496184,127.124951",반려동물용품
1949,ペットショップ,Pet shop,ウォンポピ,Wonpeopi,원퍼피,,松坡区,Songpa-gu,서울 송파구 송이로28길 25,010-8180-1600,https://www.instagram.com/onepuppy_,,37.489287,127.125068,1.0,61,"https://www.google.com/maps/search/?api=1&query=37.489287,127.125068",반려동물분양
1950,ペットショップ,Pet shop,チャムシルガンアジ分譲コヤンイ分譲 ソリペッ,Jamsilgangaji Adoption Goyangi Adoption Seoripet,잠실강아지분양고양이분양 서리펫,,松坡区,Songpa-gu,서울 송파구 석촌호수로 104,1566-8713,,https://seoripet.co.kr/home,37.507752,127.08845,4.4,9,"https://www.google.com/maps/search/?api=1&query=37.507752,127.08845",반려동물분양
1951,ペットショップ,Pet shop,チャンボヌンガンアジワゴヤンイ モンモンイペットショップチャムシルロッデウォルドジョム,Jangboneungangajiwagoyangi Mongmongi Pet Shop Jamsillotdewoldeujeom,장보는강아지와고양이 몽몽이펫샵잠실롯데월드점,,松坡区,Songpa-gu,서울 송파구 올림픽로 240,,,https://gang2.co.kr/,37.511311,127.09814,,0,"https://www.google.com/maps/search/?api=1&query=37.511311,127.09814",장보는강아지와고양이
1952,ペットショップ,Pet shop,チェニペッハウス,Jenipet House,제니펫하우스,,松坡区,Songpa-gu,서울 송파구 풍성로26길 12,02-475-0224,,,37.532585,127.119275,,0,"https://www.google.com/maps/search/?api=1&query=37.532585,127.119275",반려동물분양
1953,ペットショップ,Pet shop,チェロネガンシクタイム,Jeronegansiktaim,제로네간식타임,,松坡区,Songpa-gu,서울 송파구 풍성로 55,0502-5550-1087,https://www.instagram.com/zerosnack2024,,37.533946,127.118611,,33,"https://www.google.com/maps/search/?api=1&query=37.533946,127.118611",반려동물용품
1954,ペットショップ,Pet shop,チェイジェイドク,Jeijeidok,제이제이독,,松坡区,Songpa-gu,서울 송파구 오금로 252,010-9730-6645,,,37.505573,127.121179,,2,"https://www.google.com/maps/search/?api=1&query=37.505573,127.121179",반려동물용품
1955,ペットショップ,Pet shop,チェルリファクトリー,Jelli Factory,젤리팩토리,,松坡区,Songpa-gu,서울 송파구 송이로31길 56,,,,37.491288,127.136856,,0,"https://www.google.com/maps/search/?api=1&query=37.491288,127.136856",반려동물용품
1956,ペットショップ,Pet shop,チョエンガン,Joaengang,조앤강,,松坡区,Songpa-gu,서울 송파구 송파대로 201,070-4617-5956,,https://www.choandkang.com,37.487739,127.120686,,3,"https://www.google.com/maps/search/?api=1&query=37.487739,127.120686",반려동물용품
1957,ペットショップ,Pet shop,チョエンガン,Joaengang,조앤강,,松坡区,Songpa-gu,서울 송파구 송파대로 167,,,,37.484661,127.120934,,0,"https://www.google.com/maps/search/?api=1&query=37.484661,127.120934",반려동물용품
1958,ペットショップ,Pet shop,チョウンゲコ,Joeungeko,조은게코,,松坡区,Songpa-gu,서울 송파구 삼학사로 32,010-6339-6714,,,37.50008,127.097012,,0,"https://www.google.com/maps/search/?api=1&query=37.50008,127.097012",반려동물분양
1959,ペットショップ,Pet shop,チョコペッハウス,Chokopet House,초코펫하우스,,松坡区,Songpa-gu,서울 송파구 오금로31길 3,070-8623-3875,,,37.506471,127.121157,,0,"https://www.google.com/maps/search/?api=1&query=37.506471,127.121157",반려동물용품
1960,ペットショップ,Pet shop,ケンマウル,Kaenmaeul,캣마을,,松坡区,Songpa-gu,서울 송파구 가락로 64,02-420-5112,,http://www.cattown.co.kr,37.499669,127.103445,5.0,2,"https://www.google.com/maps/search/?api=1&query=37.499669,127.103445",반려동물분양
1961,ペットショップ,Pet shop,コイレプ,Koiraep,코이랩,,松坡区,Songpa-gu,서울 송파구 법원로 128,010-5760-0203,,https://amily.kr,37.486831,127.120454,,0,"https://www.google.com/maps/search/?api=1&query=37.486831,127.120454",반려동물용품
1962,ペットショップ,Pet shop,コジロコ,Kojiroko,코지로코,,松坡区,Songpa-gu,서울 송파구 백제고분로45길 11,0506-572-9100,,,37.509404,127.109998,,0,"https://www.google.com/maps/search/?api=1&query=37.509404,127.109998",반려동물용품
1963,ペットショップ,Pet shop,コルリオルリ ロッデマート チェタプルレクス チャムシルジョム,Kolliolli Rotde Mart Jetapeullekseu Jamsiljeom,콜리올리 롯데마트 제타플렉스 잠실점,,松坡区,Songpa-gu,서울 송파구 올림픽로 240,,,,37.511655,127.096299,,0,"https://www.google.com/maps/search/?api=1&query=37.511655,127.096299",반려동물용품
1964,ペットショップ,Pet shop,キミトイ,Kimitoi,키미토이,,松坡区,Songpa-gu,서울 송파구 충민로 10,0507-0177-2008,,https://www.kimitoy.kr,37.478617,127.119107,,0,"https://www.google.com/maps/search/?api=1&query=37.478617,127.119107",반려동물용품
1965,ペットショップ,Pet shop,タイニポピ,Tainipeopi,타이니퍼피,,松坡区,Songpa-gu,서울 송파구 송파대로 145,010-9978-9960,,,37.483325,127.122969,1.0,8,"https://www.google.com/maps/search/?api=1&query=37.483325,127.122969",반려동물분양
1966,ペットショップ,Pet shop,パチュンニュシャプ サウス レプタイルス サレプス,Pachungnyusyap Sauseu Reptailseu Sarepseu,파충류샵 사우스 렙타일스 사렙스,,松坡区,Songpa-gu,서울 송파구 백제고분로 378,0507-1376-7849,https://www.instagram.com/south__reptiles,,37.505402,127.108245,5.0,22,"https://www.google.com/maps/search/?api=1&query=37.505402,127.108245",반려동물분양
1967,ペットショップ,Pet shop,ペションファクトリー,Paesyon Factory,패숀팩토리,,松坡区,Songpa-gu,서울 송파구 위례성대로 106-1,02-493-6178,,http://www.thepuppia.com,37.513143,127.123572,,0,"https://www.google.com/maps/search/?api=1&query=37.513143,127.123572",반려동물용품
1968,ペットショップ,Pet shop,ペンメジュコリア,Penmejeukoria,펫메즈코리아,,松坡区,Songpa-gu,서울 송파구 백제고분로 501,02-423-9806,,,37.515091,127.114799,,0,"https://www.google.com/maps/search/?api=1&query=37.515091,127.114799",반려동물용품
1969,ペットショップ,Pet shop,ペセンミ,Pesaenmi,펫앤미,,松坡区,Songpa-gu,서울 송파구 충민로 5,070-8285-4417,,,37.480368,127.119839,,0,"https://www.google.com/maps/search/?api=1&query=37.480368,127.119839",반려동물용품
1970,ペットショップ,Pet shop,ペッチュエンミ,Petcheuaenmi,펫츠앤미,,松坡区,Songpa-gu,서울 송파구 오금로18길 5,,http://instagram.com/pets_me_official,,37.51019,127.110818,,2,"https://www.google.com/maps/search/?api=1&query=37.51019,127.110818",반려동물용품
1971,ペットショップ,Pet shop,ペッコエンコ,Petkoaenko,펫코앤코,,松坡区,Songpa-gu,서울 송파구 정의로7길 13,1666-1581,,,37.485288,127.11512,,0,"https://www.google.com/maps/search/?api=1&query=37.485288,127.11512",반려동물용품
1972,ペットショップ,Pet shop,ペッファースト ソウルソンパジョム,Pet First Seoulsongpajeom,펫퍼스트 서울송파점,,松坡区,Songpa-gu,서울 송파구 위례광장로 290,1544-2642,,https://petfirst.co.kr/,37.47497,127.142847,,93,"https://www.google.com/maps/search/?api=1&query=37.47497,127.142847",반려동물분양
1973,ペットショップ,Pet shop,ペップルト ソンパジョム,Petpeureuteu Songpajeom,펫프르트 송파점,,松坡区,Songpa-gu,서울 송파구 가락로 112,1661-2394,,,37.501265,127.1085,1.0,0,"https://www.google.com/maps/search/?api=1&query=37.501265,127.1085",반려동물용품
1974,ペットショップ,Pet shop,ペップリカ,Petpeurika,펫프리카,,松坡区,Songpa-gu,서울 송파구 법원로9길 26,,,,37.48417,127.116625,,0,"https://www.google.com/maps/search/?api=1&query=37.48417,127.116625",반려동물용품
1975,ペットショップ,Pet shop,ポエボポピ,Poebeopeopi,포에버퍼피,,松坡区,Songpa-gu,서울 송파구 위례광장로 230,010-9626-8751,https://www.instagram.com/for.ever_puppy,,37.480279,127.143303,,64,"https://www.google.com/maps/search/?api=1&query=37.480279,127.143303",반려동물용품
1976,ペットショップ,Pet shop,ハルオンニ,Harueonni,하루언니,,松坡区,Songpa-gu,서울 송파구 송파대로 345,010-4305-0053,https://www.instagram.com/harueonni,,37.499789,127.11147,,6,"https://www.google.com/maps/search/?api=1&query=37.499789,127.11147",반려동물용품
1977,ペットショップ,Pet shop,ハイエンドドク,High Endeudok,하이엔드독,,松坡区,Songpa-gu,서울 송파구 법원로4길 6,,https://www.instagram.com/high_end_dog3,,37.482317,127.12211,,51,"https://www.google.com/maps/search/?api=1&query=37.482317,127.12211",반려동물분양
1978,ペットショップ,Pet shop,ハンスクラブ,Hanseu Club,한스클럽,,松坡区,Songpa-gu,서울 송파구 가락로 45,,,,37.499347,127.101445,,0,"https://www.google.com/maps/search/?api=1&query=37.499347,127.101445",반려동물용품
1979,ペットショップ,Pet shop,ハッピー愛犬タウン ソウルボンジョム,Happy Dog Town Seoulbonjeom,해피애견타운 서울본점,,松坡区,Songpa-gu,서울 송파구 송파대로 390,1566-8109,,http://www.happytown.kr,37.502485,127.110094,,918,"https://www.google.com/maps/search/?api=1&query=37.502485,127.110094",반려동물분양
1980,ペットショップ,Pet shop,ホドゥネグァジャジプ,Hodunegwajajip,호두네과자집,,松坡区,Songpa-gu,서울 송파구 송파대로48길 5-1,,,,37.508649,127.105122,,0,"https://www.google.com/maps/search/?api=1&query=37.508649,127.105122",반려동물용품
1981,ペットショップ,Pet shop,ファンジェサロン,Hwangje Salon,황제살롱,,松坡区,Songpa-gu,서울 송파구 가락로12길 5-20,02-420-4604,http://www.instagram.com/theking_salon,,37.500265,127.106264,5.0,1,"https://www.google.com/maps/search/?api=1&query=37.500265,127.106264",반려동물분양
1982,ペットショップ,Pet shop,24時間無人愛犬カンシク用品 アムドオプゲモクドンジョム,24h Unmanned Dog Gansik Supplies Amudoeopgaemokdongjeom,24시무인애견간식용품 아무도없개목동점,はい/Yes,陽川区,Yangcheon-gu,서울 양천구 목동중앙본로 103,,,,37.544893,126.870612,,0,"https://www.google.com/maps/search/?api=1&query=37.544893,126.870612",반려동물용품
1983,ペットショップ,Pet shop,カウォンペッ愛犬シャプ,Gawonpet Dog Syap,가원펫애견샵,,陽川区,Yangcheon-gu,서울 양천구 신월로 220,02-2604-1700,,,37.521542,126.846525,,0,"https://www.google.com/maps/search/?api=1&query=37.521542,126.846525",반려동물용품
1984,ペットショップ,Pet shop,カチサルゲ,Gachisalgae,가치살개,,陽川区,Yangcheon-gu,서울 양천구 신월로 208,010-8547-6881,,,37.520532,126.845381,,0,"https://www.google.com/maps/search/?api=1&query=37.520532,126.845381",반려동물용품
1985,ペットショップ,Pet shop,カンアジゴヤンイピョヌィジョム モクサランシジャンジョム,Gangajigoyangipyeonuijeom Moksarangsijangjeom,강아지고양이편의점 목사랑시장점,,陽川区,Yangcheon-gu,서울 양천구 목동중앙남로10길 10,02-3394-9003,,http://www.petstore24.co.kr,37.538127,126.866994,,0,"https://www.google.com/maps/search/?api=1&query=37.538127,126.866994",강아지고양이편의점
1986,ペットショップ,Pet shop,カンアジゴヤンイピョヌィジョム シヌォルジョム,Gangajigoyangipyeonuijeom Sinwoljeom,강아지고양이편의점 신월점,,陽川区,Yangcheon-gu,서울 양천구 오목로5길 20,0502-5550-2322,,http://www.petstore24.co.kr/,37.523916,126.840417,,2,"https://www.google.com/maps/search/?api=1&query=37.523916,126.840417",강아지고양이편의점
1987,ペットショップ,Pet shop,カンアジゴヤンイピョヌィジョム シンジョンネゴリジョム,Gangajigoyangipyeonuijeom Sinjeongnegeorijeom,강아지고양이편의점 신정네거리점,,陽川区,Yangcheon-gu,서울 양천구 오목로38길 29,0507-1338-0672,,,37.522434,126.856652,5.0,4,"https://www.google.com/maps/search/?api=1&query=37.522434,126.856652",반려동물용품
1988,ペットショップ,Pet shop,カンアジゴヤンイピョヌィジョム シンジョンジョム,Gangajigoyangipyeonuijeom Sinjeongjeom,강아지고양이편의점 신정점,,陽川区,Yangcheon-gu,서울 양천구 중앙로43길 14,010-3108-0618,,http://www.petstore24.co.kr/,37.518187,126.852727,,0,"https://www.google.com/maps/search/?api=1&query=37.518187,126.852727",강아지고양이편의점
1989,ペットショップ,Pet shop,ケグァチョンソン,Gaegwacheonseon,개과천선,,陽川区,Yangcheon-gu,서울 양천구 월정로 177,,,,37.534404,126.835515,1.0,0,"https://www.google.com/maps/search/?api=1&query=37.534404,126.835515",반려동물용품
1990,ペットショップ,Pet shop,ケバプハウス シンジョンジョム,Gaebap House Sinjeongjeom,개밥하우스 신정점,,陽川区,Yangcheon-gu,서울 양천구 신월로 357,02-6465-1255,,,37.522175,126.860747,,3,"https://www.google.com/maps/search/?api=1&query=37.522175,126.860747",반려동물용품
1991,ペットショップ,Pet shop,クニャンガゲ ソソウルホスゴンウォンジョム,Geunyanggagae Seoseoulhosugongwonjeom,그냥가개 서서울호수공원점,,陽川区,Yangcheon-gu,서울 양천구 남부순환로58길 33,010-9117-4278,,,37.529175,126.831308,,2,"https://www.google.com/maps/search/?api=1&query=37.529175,126.831308",반려동물용품
1992,ペットショップ,Pet shop,タルリャンイ,Dallyangi,달냥이,,陽川区,Yangcheon-gu,서울 양천구 오목로17길 6,010-6839-9400,,https://blog.naver.com/luna_kitty/,37.523636,126.846748,,77,"https://www.google.com/maps/search/?api=1&query=37.523636,126.846748",반려동물분양
1993,ペットショップ,Pet shop,トグマル カンアジ コヤンイ ヨウィドモクドンジョム,Dogeumaru Gangaji Goyangi Yeouidomokdongjeom,도그마루 강아지 고양이 여의도목동점,,陽川区,Yangcheon-gu,서울 양천구 오목로 345,1566-8713,,https://dogmaru.co.kr,37.524778,126.875821,4.3,5,"https://www.google.com/maps/search/?api=1&query=37.524778,126.875821",반려동물분양
1994,ペットショップ,Pet shop,トグマケッ シヌォルジョム,Dogeumakaet Sinwoljeom,도그마캣 신월점,,陽川区,Yangcheon-gu,서울 양천구 곰달래로 22,,,,37.529738,126.835116,,0,"https://www.google.com/maps/search/?api=1&query=37.529738,126.835116",반려동물용품
1995,ペットショップ,Pet shop,トグボヂ シニョンジョム,Dogeubeodi Sinyeongjeom,도그버디 신영점,,陽川区,Yangcheon-gu,서울 양천구 곰달래로13길 24,02-2602-6213,,,37.53199,126.836536,,0,"https://www.google.com/maps/search/?api=1&query=37.53199,126.836536",반려동물용품
1996,ペットショップ,Pet shop,ットンガンアジ,Ttonggangaji,똥강아지,,陽川区,Yangcheon-gu,서울 양천구 남부순환로70길 16-1,070-2699-0807,,,37.521699,126.834837,,0,"https://www.google.com/maps/search/?api=1&query=37.521699,126.834837",반려동물분양
1997,ペットショップ,Pet shop,レプタイルガーデン,Reptail Garden,렙타일가든,,陽川区,Yangcheon-gu,서울 양천구 신정중앙로 102,010-4647-3949,,,37.526203,126.862897,5.0,54,"https://www.google.com/maps/search/?api=1&query=37.526203,126.862897",반려동물용품
1998,ペットショップ,Pet shop,レプタイルシャプ,Reptailsyap,렙타일샵,,陽川区,Yangcheon-gu,서울 양천구 목동로25길 28,010-7592-1099,,,37.528347,126.861078,,0,"https://www.google.com/maps/search/?api=1&query=37.528347,126.861078",반려동물분양
1999,ペットショップ,Pet shop,ロラドク,Roradok,로라독,,陽川区,Yangcheon-gu,서울 양천구 목동중앙북로8라길 16-1,0502-5551-7988,,,37.546453,126.864179,,0,"https://www.google.com/maps/search/?api=1&query=37.546453,126.864179",반려동물용품
2000,ペットショップ,Pet shop,ルシケッ,Rusikaet,루시캣,,陽川区,Yangcheon-gu,서울 양천구 중앙로 222,010-7471-7949,,http://rucycat.co.kr/,37.516434,126.854843,,117,"https://www.google.com/maps/search/?api=1&query=37.516434,126.854843",반려동물분양
2001,ペットショップ,Pet shop,ルイドク ヒョンデベクファジョム モクドンジョム,Ruidok Hyeondaebaekhwajeom Mokdongjeom,루이독 현대백화점 목동점,,陽川区,Yangcheon-gu,서울 양천구 목동동로 257,02-2163-2169,,http://www.louisdog.co.kr,37.526519,126.874611,5.0,3,"https://www.google.com/maps/search/?api=1&query=37.526519,126.874611",반려동물용품
2002,ペットショップ,Pet shop,リプペロッ シンジョンジョム,Ripeupaereot Sinjeongjeom,리프패럿 신정점,,陽川区,Yangcheon-gu,서울 양천구 은행정로 13,02-6956-2856,https://www.instagram.com/lipparrot_singeong,,37.520822,126.859745,5.0,94,"https://www.google.com/maps/search/?api=1&query=37.520822,126.859745",반려동물분양
2003,ペットショップ,Pet shop,モンニャンウィミンジョク,Meongnyanguiminjok,멍냥의민족,,陽川区,Yangcheon-gu,서울 양천구 남부순환로 425,0507-1427-5575,,http://www.pet-pal.co.kr,37.529816,126.832815,5.0,4,"https://www.google.com/maps/search/?api=1&query=37.529816,126.832815",멍냥의민족
2004,ペットショップ,Pet shop,モンニャンウィミンジョク シヌォルドンジョム,Meongnyanguiminjok Sinwoldongjeom,멍냥의민족 신월동점,,陽川区,Yangcheon-gu,서울 양천구 가로공원로 141,,,,37.53669,126.831768,,0,"https://www.google.com/maps/search/?api=1&query=37.53669,126.831768",반려동물용품
2005,ペットショップ,Pet shop,モンブルラン愛犬シャプ モクドンジョム,Meongbeullang Dog Syap Mokdongjeom,멍블랑애견샵 목동점,,陽川区,Yangcheon-gu,서울 양천구 오목로 189,02-2646-2707,,,37.525474,126.858479,5.0,0,"https://www.google.com/maps/search/?api=1&query=37.525474,126.858479",반려동물분양
2006,ペットショップ,Pet shop,モンスターイル,Meong Star Il,멍스타일,,陽川区,Yangcheon-gu,서울 양천구 남부순환로40길 40,02-6406-7269,,,37.533934,126.827076,,0,"https://www.google.com/maps/search/?api=1&query=37.533934,126.827076",반려동물분양
2007,ペットショップ,Pet shop,モクドンガンアジ分譲 コヤンイ分譲 ヨミペッ愛犬シャプ モクドンジョム,Mokdonggangaji Adoption Goyangi Adoption Yomipet Dog Syap Mokdongjeom,목동강아지분양 고양이분양 요미펫애견샵 목동점,,陽川区,Yangcheon-gu,서울 양천구 신월로 320,02-6397-1566,,http://www.yomidog.com,37.521329,126.856448,,0,"https://www.google.com/maps/search/?api=1&query=37.521329,126.856448",반려동물분양
2008,ペットショップ,Pet shop,ミオジュゴヤンイ分譲 モクドンジョム,Miojeugoyangi Adoption Mokdongjeom,미오즈고양이분양 목동점,,陽川区,Yangcheon-gu,서울 양천구 신목로 38,0503-7153-8891,,,37.518884,126.873624,,0,"https://www.google.com/maps/search/?api=1&query=37.518884,126.873624",반려동물분양
2009,ペットショップ,Pet shop,パプ 愛玩用品チョンムンジョム モクドンジョム,Bap Pet Supplies Jeonmunjeom Mokdongjeom,밥 애완용품전문점 목동점,,陽川区,Yangcheon-gu,서울 양천구 목동로15길 5,02-2606-9645,,,37.52401,126.864073,,4,"https://www.google.com/maps/search/?api=1&query=37.52401,126.864073",반려동물용품
2010,ペットショップ,Pet shop,ペオドク カンアジ分譲,Beeodok Gangaji Adoption,베어독 강아지분양,,陽川区,Yangcheon-gu,서울 양천구 목동중앙북로8라길 21,010-4468-0989,https://www.instagram.com/beardog0415,,37.546254,126.863819,,6,"https://www.google.com/maps/search/?api=1&query=37.546254,126.863819",반려동물분양
2011,ペットショップ,Pet shop,シュリムピスト,Syurimpiseuteu,슈림피스트,,陽川区,Yangcheon-gu,서울 양천구 목동중앙서로6길 21,010-2207-7284,,,37.53163,126.865575,,0,"https://www.google.com/maps/search/?api=1&query=37.53163,126.865575",반려동물분양
2012,ペットショップ,Pet shop,ッシユペッ シンジョンジョム,Ssiyupet Sinjeongjeom,씨유펫 신정점,,陽川区,Yangcheon-gu,서울 양천구 목동남로4길 2,,,https://seeyoupet.com,37.508258,126.864549,,0,"https://www.google.com/maps/search/?api=1&query=37.508258,126.864549",반려동물용품
2013,ペットショップ,Pet shop,アナムシロプ,Anamsireop,아남실업,,陽川区,Yangcheon-gu,서울 양천구 남부순환로 552,02-2691-6051,,http://www.betrang.co.kr,37.519285,126.838073,,0,"https://www.google.com/maps/search/?api=1&query=37.519285,126.838073",반려동물용품
2014,ペットショップ,Pet shop,アムドオプゲ モクドンジョム,Amudoeopgae Mokdongjeom,아무도없개 목동점,,陽川区,Yangcheon-gu,서울 양천구 목동중앙본로 103,1644-9896,,https://updog.kr,37.544841,126.870763,,11,"https://www.google.com/maps/search/?api=1&query=37.544841,126.870763",아무도없개
2015,ペットショップ,Pet shop,アムドオプゲ モクドンパリゴンウォンジョム,Amudoeopgae Mokdongparigongwonjeom,아무도없개 목동파리공원점,,陽川区,Yangcheon-gu,서울 양천구 목동서로 133-2,0507-1358-6084,,https://updog.kr,37.531603,126.875988,5.0,6,"https://www.google.com/maps/search/?api=1&query=37.531603,126.875988",아무도없개
2016,ペットショップ,Pet shop,ヤミャミ,Yamyami,얌야미,,陽川区,Yangcheon-gu,서울 양천구 남부순환로58길 19,,https://www.instagram.com/yam_yummy11/,,37.53029,126.831126,,0,"https://www.google.com/maps/search/?api=1&query=37.53029,126.831126",반려동물용품
2017,ペットショップ,Pet shop,オファデンデン,Eohwadaengdaeng,어화댕댕,,陽川区,Yangcheon-gu,서울 양천구 월정로 219,0502-5551-1307,,http://pf.kakao.com/_xkjmZn,37.537825,126.83342,5.0,5,"https://www.google.com/maps/search/?api=1&query=37.537825,126.83342",반려동물용품
2018,ペットショップ,Pet shop,イェッポジゲ,Yeppeojigae,예뻐지개,,陽川区,Yangcheon-gu,서울 양천구 중앙로51길 72,,,,37.523695,126.842534,3.0,2,"https://www.google.com/maps/search/?api=1&query=37.523695,126.842534",반려동물분양
2019,ペットショップ,Pet shop,ヨミドク&ケッ モクドンジョム,Yomidok & Kaet Mokdongjeom,요미독&캣 목동점,,陽川区,Yangcheon-gu,서울 양천구 신월로 320,010-5706-1760,,http://www.yomidog.com/,37.521338,126.856462,,41,"https://www.google.com/maps/search/?api=1&query=37.521338,126.856462",반려동물분양
2020,ペットショップ,Pet shop,ウリドルペットショップ,Urideul Pet Shop,우리들펫샵,,陽川区,Yangcheon-gu,서울 양천구 신월로 355,070-7812-9589,,,37.522252,126.860486,,0,"https://www.google.com/maps/search/?api=1&query=37.522252,126.860486",반려동물분양
2021,ペットショップ,Pet shop,ウシンペットショップ,Usin Pet Shop,우신펫샵,,陽川区,Yangcheon-gu,서울 양천구 중앙로 295,02-2699-9295,,,37.522588,126.851398,1.0,0,"https://www.google.com/maps/search/?api=1&query=37.522588,126.851398",반려동물분양
2022,ペットショップ,Pet shop,ウォルランウォルラン,Wollangwollang,월랑월랑,,陽川区,Yangcheon-gu,서울 양천구 남부순환로58길 19,070-8657-1985,https://www.instagram.com/wolrang_wolrang/,,37.530293,126.831124,5.0,5,"https://www.google.com/maps/search/?api=1&query=37.530293,126.831124",반려동물용품
2023,ペットショップ,Pet shop,チャグンソナリンマム,Jageunsonarinmam,작은손아린맘,,陽川区,Yangcheon-gu,서울 양천구 신목로 45-1,070-8692-1627,,https://cafe.naver.com/arinmom,37.519259,126.872633,,0,"https://www.google.com/maps/search/?api=1&query=37.519259,126.872633",반려동물용품
2024,ペットショップ,Pet shop,チョングルジュ,Jeonggeuljyu,정글쥬,,陽川区,Yangcheon-gu,서울 양천구 목동중앙서로 16,010-9059-4927,,https://blog.naver.com/zoozoobutler,37.532487,126.865663,5.0,14,"https://www.google.com/maps/search/?api=1&query=37.532487,126.865663",반려동물분양
2025,ペットショップ,Pet shop,チェイルペッフード カンソジョム,Jeilpet Food Gangseojeom,제일펫푸드 강서점,,陽川区,Yangcheon-gu,서울 양천구 곰달래로6길 8,02-2699-0829,,,37.528977,126.835148,,0,"https://www.google.com/maps/search/?api=1&query=37.528977,126.835148",반려동물용품
2026,ペットショップ,Pet shop,チュジューストリ,Ju Juice Tori,주주스토리,,陽川区,Yangcheon-gu,서울 양천구 남부순환로 585,,,,37.516797,126.839933,,0,"https://www.google.com/maps/search/?api=1&query=37.516797,126.839933",반려동물용품
2027,ペットショップ,Pet shop,タイムドグ,Taimdogeu,타임도그,,陽川区,Yangcheon-gu,서울 양천구 오목로 189,010-2215-2551,,,37.525494,126.858447,1.0,3,"https://www.google.com/maps/search/?api=1&query=37.525494,126.858447",반려동물분양
2028,ペットショップ,Pet shop,パチュンニュシャプ ピャンパレ,Pachungnyusyap Pyangpare,파충류샵 퍙파레,,陽川区,Yangcheon-gu,서울 양천구 목동중앙서로 46-1,010-2538-9072,https://www.instagram.com/pyang_pare,,37.532892,126.868976,5.0,3,"https://www.google.com/maps/search/?api=1&query=37.532892,126.868976",반려동물분양
2029,ペットショップ,Pet shop,ペピデイ,Pepidei,페피데이,,陽川区,Yangcheon-gu,서울 양천구 오목로 354,070-7954-8490,,https://m.place.naver.com/place/1118471887/home?entry=pll&bk_query=%ED%8E%98%ED%94%BC%EB%8D%B0%EC%9D%B4,37.523969,126.877041,5.0,145,"https://www.google.com/maps/search/?api=1&query=37.523969,126.877041",반려동물용품
2030,ペットショップ,Pet shop,ペッルナアンシム分譲センター カンアジ分譲 コヤンイ分譲 モクドンジョム,Petrunaansim Adoption Center Gangaji Adoption Goyangi Adoption Mokdongjeom,펫루나안심분양센터 강아지분양 고양이분양 목동점,,陽川区,Yangcheon-gu,서울 양천구 목동로23길 3,010-8128-9266,,,37.52717,126.863166,,354,"https://www.google.com/maps/search/?api=1&query=37.52717,126.863166",반려동물분양
2031,ペットショップ,Pet shop,ペッマート ヤンチョンジョム,Pet Mart Yangcheonjeom,펫마트 양천점,,陽川区,Yangcheon-gu,서울 양천구 신월로 134,02-2604-1550,,http://www.petmart.co.kr,37.516543,126.83888,4.8,1,"https://www.google.com/maps/search/?api=1&query=37.516543,126.83888",펫마트
2032,ペットショップ,Pet shop,ペッサウンジュ,Petsaunjeu,펫사운즈,,陽川区,Yangcheon-gu,서울 양천구 목동동로 100,,https://www.instagram.com/petsoundsnice,,37.514021,126.866799,,1,"https://www.google.com/maps/search/?api=1&query=37.514021,126.866799",반려동물용품
2033,ペットショップ,Pet shop,ペッストア24 モクドンサランシジャンジョム,Pet Store 24 Mokdongsarangsijangjeom,펫스토어24 목동사랑시장점,,陽川区,Yangcheon-gu,서울 양천구 목동중앙남로10길 10,,,,37.538127,126.866994,,0,"https://www.google.com/maps/search/?api=1&query=37.538127,126.866994",반려동물용품
2034,ペットショップ,Pet shop,ペセングル ライド ソウルモクドンシヌォルジョム,Pesengeul Raideo Seoulmokdongsinwoljeom,펫엔글 라이더 서울목동신월점,,陽川区,Yangcheon-gu,서울 양천구 신월로 164,010-5624-0124,,,37.51776,126.842018,,24,"https://www.google.com/maps/search/?api=1&query=37.51776,126.842018",반려동물분양
2035,ペットショップ,Pet shop,ホグホグ,Heogeuheogeu,허그허그,,陽川区,Yangcheon-gu,서울 양천구 오목로 157,010-5725-5692,http://Instagram.com/hughug_petsalon,,37.524977,126.854885,3.0,1,"https://www.google.com/maps/search/?api=1&query=37.524977,126.854885",반려동물용품
2036,ペットショップ,Pet shop,ヒョネメンヂ,Hyeonaemaendi,현앰앤디,,陽川区,Yangcheon-gu,서울 양천구 화곡로8길 25,02-2602-1103,,,37.537011,126.830044,,0,"https://www.google.com/maps/search/?api=1&query=37.537011,126.830044",반려동물용품
2037,ペットショップ,Pet shop,BOB ヨンドンポジョム,BOB Yeongdeungpojeom,BOB 영등포점,,永登浦区,Yeongdeungpo-gu,서울 영등포구 신길로 243,02-842-5500,,https://blog.naver.com/jse108780,37.513697,126.910806,4.4,0,"https://www.google.com/maps/search/?api=1&query=37.513697,126.910806",반려동물용품
2038,ペットショップ,Pet shop,SGサンサ,SG Sangsa,SG상사,,永登浦区,Yeongdeungpo-gu,서울 영등포구 양평로22길 29,02-2632-5946,,,37.540303,126.895589,1.0,0,"https://www.google.com/maps/search/?api=1&query=37.540303,126.895589",반려동물용품
2039,ペットショップ,Pet shop,ケイボ,Gaeibeo,개이버,,永登浦区,Yeongdeungpo-gu,서울 영등포구 도림로 462,02-865-6895,,,37.515779,126.892357,,0,"https://www.google.com/maps/search/?api=1&query=37.515779,126.892357",반려동물용품
2040,ペットショップ,Pet shop,ケコモンスト,Gekomonseuteo,게코몬스터,,永登浦区,Yeongdeungpo-gu,서울 영등포구 국회대로54길 10,02-2679-2578,,,37.52364,126.906332,,0,"https://www.google.com/maps/search/?api=1&query=37.52364,126.906332",반려동물분양
2041,ペットショップ,Pet shop,ケコエ パンハニョジャ,Gekoe Banhanyeoja,게코에 반한여자,,永登浦区,Yeongdeungpo-gu,서울 영등포구 대방천로 191,010-7389-1788,https://www.instagram.com/gecko_love.g,,37.499187,126.912198,5.0,12,"https://www.google.com/maps/search/?api=1&query=37.499187,126.912198",반려동물분양
2042,ペットショップ,Pet shop,コルドンスプン,Goldeunseupun,골든스푼,,永登浦区,Yeongdeungpo-gu,서울 영등포구 신풍로 86,02-6933-7799,,,37.499805,126.915596,,0,"https://www.google.com/maps/search/?api=1&query=37.499805,126.915596",반려동물용품
2043,ペットショップ,Pet shop,ナウウィ,Nauwi,나우위,,永登浦区,Yeongdeungpo-gu,서울 영등포구 여의대방로65길 6,1522-5083,,,37.519191,126.930532,,0,"https://www.google.com/maps/search/?api=1&query=37.519191,126.930532",반려동물용품
2044,ペットショップ,Pet shop,テンパミン,Daengpamin,댕파민,,永登浦区,Yeongdeungpo-gu,서울 영등포구 가마산로65길 12,010-2720-4423,,,37.506876,126.906809,5.0,8,"https://www.google.com/maps/search/?api=1&query=37.506876,126.906809",반려동물용품
2045,ペットショップ,Pet shop,トグスタジオ,Dogeu Studio,도그스튜디오,,永登浦区,Yeongdeungpo-gu,서울 영등포구 신풍로 77,070-7798-4935,,,37.500292,126.913681,,0,"https://www.google.com/maps/search/?api=1&query=37.500292,126.913681",반려동물분양
2046,ペットショップ,Pet shop,ロブペンモルチペットショップ タイムスクエアチョム,Reobeupenmeolti Pet Shop Taim Square Jeom,러브펫멀티펫샵 타임스퀘어점,,永登浦区,Yeongdeungpo-gu,서울 영등포구 영중로 15,02-2634-8275,,,37.517234,126.903716,,0,"https://www.google.com/maps/search/?api=1&query=37.517234,126.903716",반려동물용품
2047,ペットショップ,Pet shop,ロブペッコリア,Reobeupetkoria,러브펫코리아,,永登浦区,Yeongdeungpo-gu,서울 영등포구 영중로 15,02-6254-7582,,,37.517075,126.903694,,0,"https://www.google.com/maps/search/?api=1&query=37.517075,126.903694",반려동물분양
2048,ペットショップ,Pet shop,レプタイルステーション,Reptail Station,렙타일스테이션,,永登浦区,Yeongdeungpo-gu,서울 영등포구 국회대로 632,070-8691-3407,,https://blog.naver.com/reptile_station,37.52543,126.904241,,41,"https://www.google.com/maps/search/?api=1&query=37.52543,126.904241",반려동물분양
2049,ペットショップ,Pet shop,モンニャンウィミンジョク タンサンジョム,Meongnyanguiminjok Dangsanjeom,멍냥의민족 당산점,,永登浦区,Yeongdeungpo-gu,서울 영등포구 당산로36길 15,0507-1356-3215,,https://www.mungmin.com/,37.527892,126.899355,,8,"https://www.google.com/maps/search/?api=1&query=37.527892,126.899355",멍냥의민족
2050,ペットショップ,Pet shop,モンニャンウィミンジョク ムルレジョム,Meongnyanguiminjok Mullaejeom,멍냥의민족 문래점,,永登浦区,Yeongdeungpo-gu,서울 영등포구 도림로 463,,https://www.instagram.com/dogs_cat_mullae,,37.515621,126.891791,,0,"https://www.google.com/maps/search/?api=1&query=37.515621,126.891791",멍냥의민족
2051,ペットショップ,Pet shop,モンニャンジプサ24 ソニュドヨクジョム,Meongnyangjipsa 24 Seonyudoyeokjeom,멍냥집사24 선유도역점,,永登浦区,Yeongdeungpo-gu,서울 영등포구 양평로22나길 3-2,,,,37.538817,126.893998,,12,"https://www.google.com/maps/search/?api=1&query=37.538817,126.893998",반려동물용품
2052,ペットショップ,Pet shop,モンニャンジプサ24 ヤンピョンヨクジョム,Meongnyangjipsa 24 Yangpyeongyeokjeom,멍냥집사24 양평역점,,永登浦区,Yeongdeungpo-gu,서울 영등포구 선유서로 121,,,,37.526558,126.886313,,0,"https://www.google.com/maps/search/?api=1&query=37.526558,126.886313",반려동물용품
2053,ペットショップ,Pet shop,モンニャンジプサ24 ヨンドンポグチョンヨクジョム,Meongnyangjipsa 24 Yeongdeungpogucheongyeokjeom,멍냥집사24 영등포구청역점,,永登浦区,Yeongdeungpo-gu,서울 영등포구 양산로23길 5,,,,37.524436,126.897404,,0,"https://www.google.com/maps/search/?api=1&query=37.524436,126.897404",반려동물용품
2054,ペットショップ,Pet shop,モンニャンクラブ,Meongnyang Club,멍냥클럽,,永登浦区,Yeongdeungpo-gu,서울 영등포구 경인로114길 6,,,https://blog.naver.com/dogcatclub,37.51845,126.913644,,7,"https://www.google.com/maps/search/?api=1&query=37.51845,126.913644",반려동물용품
2055,ペットショップ,Pet shop,ムリョガンアジ分譲ッサゲッサゲ,Muryogangaji Adoption Ssagaessagae,무료강아지분양싸개싸개,,永登浦区,Yeongdeungpo-gu,서울 영등포구 영중로 23,,,,37.51846,126.90536,1.2,0,"https://www.google.com/maps/search/?api=1&query=37.51846,126.90536",반려동물분양
2056,ペットショップ,Pet shop,パンジャン,Banjang,반장,,永登浦区,Yeongdeungpo-gu,서울 영등포구 영등포로 33,02-1577-3434,,,37.523294,126.885224,,1,"https://www.google.com/maps/search/?api=1&query=37.523294,126.885224",반려동물용품
2057,ペットショップ,Pet shop,ポヂドク カンアジ アンシム分譲センター ヨンドンポジョム,Beodidok Gangaji Ansim Adoption Center Yeongdeungpojeom,버디독 강아지 안심분양센터 영등포점,,永登浦区,Yeongdeungpo-gu,서울 영등포구 영등포로 244,010-8577-9980,https://www.instagram.com/nanapet__/,,37.519002,126.908527,,1323,"https://www.google.com/maps/search/?api=1&query=37.519002,126.908527",반려동물분양
2058,ペットショップ,Pet shop,ペリドク ヨンドンポジョム,Beridok Yeongdeungpojeom,베리독 영등포점,,永登浦区,Yeongdeungpo-gu,서울 영등포구 양산로 134-1,02-2068-0202,,,37.523698,126.897911,,0,"https://www.google.com/maps/search/?api=1&query=37.523698,126.897911",반려동물분양
2059,ペットショップ,Pet shop,ピエムスマイル,Biemseumail,비엠스마일,,永登浦区,Yeongdeungpo-gu,서울 영등포구 여의대로 108,070-508-0198,,https://www.bmsmile.com/,37.525191,126.929113,,0,"https://www.google.com/maps/search/?api=1&query=37.525191,126.929113",반려동물용품
2060,ペットショップ,Pet shop,スターイルジョッゲ,Star Iljotgae,스타일좋개,,永登浦区,Yeongdeungpo-gu,서울 영등포구 버드나루로15길 2,02-2678-5002,http://www.instagram.com/petstylist_ssammi,,37.526453,126.908496,5.0,0,"https://www.google.com/maps/search/?api=1&query=37.526453,126.908496",반려동물분양
2061,ペットショップ,Pet shop,ッシッシピエム,Ssissipiem,씨씨피엠,,永登浦区,Yeongdeungpo-gu,서울 영등포구 시흥대로173길 13,010-9079-4883,,https://www.iloveccpm.com/,37.486649,126.902189,,0,"https://www.google.com/maps/search/?api=1&query=37.486649,126.902189",반려동물용품
2062,ペットショップ,Pet shop,ッシユペッ ヨンドンポシンギルジョム,Ssiyupet Yeongdeungposingiljeom,씨유펫 영등포신길점,,永登浦区,Yeongdeungpo-gu,서울 영등포구 가마산로 455,010-6795-0736,https://www.instagram.com/seeyoupet_singil/,,37.506157,126.906976,,0,"https://www.google.com/maps/search/?api=1&query=37.506157,126.906976",씨유펫
2063,ペットショップ,Pet shop,アムドオプゲ ムルレジョム,Amudoeopgae Mullaejeom,아무도없개 문래점,,永登浦区,Yeongdeungpo-gu,서울 영등포구 문래로4길 4,1644-9896,,https://updog.kr/,37.520384,126.883534,5.0,3,"https://www.google.com/maps/search/?api=1&query=37.520384,126.883534",아무도없개
2064,ペットショップ,Pet shop,アムドオプゲ ヨンドンポヨクジョム,Amudoeopgae Yeongdeungpoyeokjeom,아무도없개 영등포역점,,永登浦区,Yeongdeungpo-gu,서울 영등포구 경인로 지하 843,1644-9896,,https://updog.kr,37.516607,126.907139,5.0,4,"https://www.google.com/maps/search/?api=1&query=37.516607,126.907139",아무도없개
2065,ペットショップ,Pet shop,アイケンド,Aikaendeo,아이캔더,,永登浦区,Yeongdeungpo-gu,서울 영등포구 당산로41길 11,1544-9143,,https://icandorstyle.com/index.html,37.530659,126.898189,,2,"https://www.google.com/maps/search/?api=1&query=37.530659,126.898189",반려동물용품
2066,ペットショップ,Pet shop,アイペッペットショップ,Aipet Pet Shop,아이펫펫샵,,永登浦区,Yeongdeungpo-gu,서울 영등포구 여의동로3길 10,,,,37.518117,126.925196,,0,"https://www.google.com/maps/search/?api=1&query=37.518117,126.925196",반려동물분양
2067,ペットショップ,Pet shop,アンット,Angtto,앙또,,永登浦区,Yeongdeungpo-gu,서울 영등포구 도림로 456,010-2232-5370,,,37.515537,126.892943,,1,"https://www.google.com/maps/search/?api=1&query=37.515537,126.892943",반려동물용품
2068,ペットショップ,Pet shop,エンムセスプ,Aengmusaesup,앵무새숲,,永登浦区,Yeongdeungpo-gu,서울 영등포구 선유동1로 71,010-4487-0753,https://www.instagram.com/birdforest_/,,37.528332,126.893203,5.0,0,"https://www.google.com/maps/search/?api=1&query=37.528332,126.893203",반려동물분양
2069,ペットショップ,Pet shop,エスブイヂッシ,Eseubeuidissi,에스브이디씨,,永登浦区,Yeongdeungpo-gu,서울 영등포구 국제금융로 10,,,,37.525005,126.925874,,0,"https://www.google.com/maps/search/?api=1&query=37.525005,126.925874",반려동물용품
2070,ペットショップ,Pet shop,エスエスペッコリア ペログリーンヨンドンポジョム,Eseueseupetkoria Paereo Green Yeongdeungpojeom,에스에스펫코리아 패러그린영등포점,,永登浦区,Yeongdeungpo-gu,서울 영등포구 문래로 92,,,,37.519243,126.892233,5.0,0,"https://www.google.com/maps/search/?api=1&query=37.519243,126.892233",반려동물용품
2071,ペットショップ,Pet shop,エイチプルレクス,Eichipeullekseu,에이치플렉스,,永登浦区,Yeongdeungpo-gu,서울 영등포구 영등포로 150,,,https://www.h-plex.com/,37.520018,126.897879,,1,"https://www.google.com/maps/search/?api=1&query=37.520018,126.897879",반려동물용품
2072,ペットショップ,Pet shop,ヨウィドヒュゲソ,Yeouidohyugaeso,여의도휴개소,,永登浦区,Yeongdeungpo-gu,서울 영등포구 국제금융로7길 22,0503-7152-3739,,,37.523343,126.933109,,1,"https://www.google.com/maps/search/?api=1&query=37.523343,126.933109",반려동물용품
2073,ペットショップ,Pet shop,ヨンインカンパニー,Yeongin Company,영인컴퍼니,,永登浦区,Yeongdeungpo-gu,서울 영등포구 영등포로 109,,,,37.522419,126.893931,,0,"https://www.google.com/maps/search/?api=1&query=37.522419,126.893931",반려동물용품
2074,ペットショップ,Pet shop,オケイペッコリア,Okeipetkoria,오케이펫코리아,,永登浦区,Yeongdeungpo-gu,서울 영등포구 영등포로25길 28-1,02-336-8989,,http://www.okpetkorea.co.kr,37.523515,126.898468,,0,"https://www.google.com/maps/search/?api=1&query=37.523515,126.898468",반려동물용품
2075,ペットショップ,Pet shop,ワイエルホルヂンス,Waielholdingseu,와이엘홀딩스,,永登浦区,Yeongdeungpo-gu,서울 영등포구 영등포로 150,070-7777-8797,,,37.519998,126.897943,,0,"https://www.google.com/maps/search/?api=1&query=37.519998,126.897943",반려동물용품
2076,ペットショップ,Pet shop,ウィペッ トヒョンデソウル,Wipet Deohyeondaeseoul,위펫 더현대서울,,永登浦区,Yeongdeungpo-gu,서울 영등포구 여의대로 108,02-3277-0541,,,37.526436,126.92836,1.0,39,"https://www.google.com/maps/search/?api=1&query=37.526436,126.92836",반려동물용품
2077,ペットショップ,Pet shop,イリオン ヤンピョンジョム,Irion Yangpyeongjeom,이리온 양평점,,永登浦区,Yeongdeungpo-gu,서울 영등포구 선유로 138,,,,37.526067,126.891573,,0,"https://www.google.com/maps/search/?api=1&query=37.526067,126.891573",반려동물분양
2078,ペットショップ,Pet shop,イッチュッソニアウッサイド,Itcheusseoniaut Side,잇츠써니아웃사이드,,永登浦区,Yeongdeungpo-gu,서울 영등포구 선유서로 128,,,http://its-sunnyoutside.com/,37.527364,126.887145,,0,"https://www.google.com/maps/search/?api=1&query=37.527364,126.887145",반려동물용품
2079,ペットショップ,Pet shop,チプサドル,Jipsadeul,집사들,,永登浦区,Yeongdeungpo-gu,서울 영등포구 선유로43가길 24,,https://www.instagram.com/butler.s_lee/,,37.531427,126.892013,,0,"https://www.google.com/maps/search/?api=1&query=37.531427,126.892013",반려동물용품
2080,ペットショップ,Pet shop,ココアゲコ,Kokoageko,코코아게코,,永登浦区,Yeongdeungpo-gu,서울 영등포구 당산로36길 13,,https://www.instagram.com/cocoa_tokay,,37.52795,126.899245,,0,"https://www.google.com/maps/search/?api=1&query=37.52795,126.899245",반려동물분양
2081,ペットショップ,Pet shop,コルリオルリ ロッデマート ヤンピョンジョム,Kolliolli Rotde Mart Yangpyeongjeom,콜리올리 롯데마트 양평점,,永登浦区,Yeongdeungpo-gu,서울 영등포구 선유로 138,02-450-2500,,,37.526066,126.891572,,0,"https://www.google.com/maps/search/?api=1&query=37.526066,126.891572",반려동물용품
2082,ペットショップ,Pet shop,クロスィハウス,Keureoswi House,크러쉬하우스,,永登浦区,Yeongdeungpo-gu,서울 영등포구 버드나루로 5,010-8815-9557,,,37.519294,126.912153,,0,"https://www.google.com/maps/search/?api=1&query=37.519294,126.912153",반려동물용품
2083,ペットショップ,Pet shop,ポピペッ,Peopipet,퍼피펫,,永登浦区,Yeongdeungpo-gu,서울 영등포구 선유서로24길 6,070-8691-4899,https://www.instagram.com/puffypet_mandalga,,37.523091,126.886129,5.0,0,"https://www.google.com/maps/search/?api=1&query=37.523091,126.886129",반려동물용품
2084,ペットショップ,Pet shop,ペッヂル ヨンドンポアクロタウォジョム,Petdil Yeongdeungpoakeurotawojeom,펫딜 영등포아크로타워점,,永登浦区,Yeongdeungpo-gu,서울 영등포구 국회대로54길 10,,,,37.52429,126.907417,5.0,4,"https://www.google.com/maps/search/?api=1&query=37.52429,126.907417",반려동물용품
2085,ペットショップ,Pet shop,ペッチュオエンピ,Petcheuoaenpi,펫츠오앤피,,永登浦区,Yeongdeungpo-gu,서울 영등포구 양산로 53,1877-6015,,http://www.petsonp.com,37.525632,126.888923,5.0,82,"https://www.google.com/maps/search/?api=1&query=37.525632,126.888923",반려동물용품
2086,トリミング,Grooming,ペット愛犬トリミングシル,Petto Dog Grooming Sil,펫토애견미용실,,永登浦区,Yeongdeungpo-gu,서울 영등포구 신길로 70,,,,37.498745,126.90858,,0,"https://www.google.com/maps/search/?api=1&query=37.498745,126.90858",반려동물분양
2087,ペットショップ,Pet shop,ピンクパプコン,Pingkeupapkon,핑크팝콘,,永登浦区,Yeongdeungpo-gu,서울 영등포구 신길로42길 36,02-817-6750,,,37.506662,126.914157,,0,"https://www.google.com/maps/search/?api=1&query=37.506662,126.914157",반려동물용품
2088,ペットショップ,Pet shop,ハルッガンアジ,Harutgangaji,하룻강아지,,永登浦区,Yeongdeungpo-gu,서울 영등포구 영중로 140,,,,37.528779,126.906077,,0,"https://www.google.com/maps/search/?api=1&query=37.528779,126.906077",반려동물용품
2089,ペットショップ,Pet shop,カンアジゴヤンイピョヌィジョム トンブイチョンジョム,Gangajigoyangipyeonuijeom Dongbuichonjeom,강아지고양이편의점 동부이촌점,,龍山区,Yongsan-gu,서울 용산구 이촌로 192,02-3394-9003,,http://www.petstore24.co.kr,37.521125,126.968385,,0,"https://www.google.com/maps/search/?api=1&query=37.521125,126.968385",강아지고양이편의점
2090,ペットショップ,Pet shop,カンアジナルダ,Gangajinalda,강아지날다,,龍山区,Yongsan-gu,서울 용산구 한남대로 60,,,,37.534464,127.008169,,0,"https://www.google.com/maps/search/?api=1&query=37.534464,127.008169",반려동물분양
2091,ペットショップ,Pet shop,ケバプ,Gaebap,개밥,,龍山区,Yongsan-gu,서울 용산구 소월로20길 30-1,02-774-7114,,,37.545219,126.98521,,0,"https://www.google.com/maps/search/?api=1&query=37.545219,126.98521",반려동물용품
2092,トリミング,Grooming,キムギョンソ愛犬トリミングシル,Gimgyeongseo Dog Grooming Sil,김경서애견미용실,,龍山区,Yongsan-gu,서울 용산구 보광로 90,02-794-9967,,,37.531141,126.995751,,0,"https://www.google.com/maps/search/?api=1&query=37.531141,126.995751",반려동물분양
2093,ペットショップ,Pet shop,ノブル クリトス,Nobeul Keuriteoseu,노블 크리터스,,龍山区,Yongsan-gu,서울 용산구 한강대로40길 39-9,,,,37.530526,126.971558,,0,"https://www.google.com/maps/search/?api=1&query=37.530526,126.971558",반려동물용품
2094,ペットショップ,Pet shop,タジュル,Dajul,다줄,,龍山区,Yongsan-gu,서울 용산구 서빙고로 17,02-798-0077,http://www.instagram.com/dazul.forpets,,37.525586,126.967146,,2,"https://www.google.com/maps/search/?api=1&query=37.525586,126.967146",반려동물용품
2095,ペットショップ,Pet shop,トグマル カンアジ コヤンイ マポヨンサンジョム,Dogeumaru Gangaji Goyangi Mapoyongsanjeom,도그마루 강아지 고양이 마포용산점,,龍山区,Yongsan-gu,서울 용산구 서빙고로 17,1566-8713,,https://dogmaru.co.kr,37.526905,126.966567,3.3,4,"https://www.google.com/maps/search/?api=1&query=37.526905,126.966567",반려동물분양
2096,ペットショップ,Pet shop,ルルルパマ,Rullupama,룰루파마,,龍山区,Yongsan-gu,서울 용산구 한남대로8길 16,070-4647-2536,,,37.530855,127.010564,,0,"https://www.google.com/maps/search/?api=1&query=37.530855,127.010564",반려동물용품
2097,ペットショップ,Pet shop,モンニャンウィミンジョク ヨンサンフアムジョム,Meongnyanguiminjok Yongsanhuamjeom,멍냥의민족 용산후암점,,龍山区,Yongsan-gu,서울 용산구 후암로 52,0503-7151-6187,,https://www.mungmin.com/,37.55061,126.977388,,3,"https://www.google.com/maps/search/?api=1&query=37.55061,126.977388",멍냥의민족
2098,ペットショップ,Pet shop,モンスデイパチ,Meongseudeipati,멍스데이파티,,龍山区,Yongsan-gu,서울 용산구 녹사평대로40나길 48-28,02-3785-1320,,,37.536357,126.989206,,0,"https://www.google.com/maps/search/?api=1&query=37.536357,126.989206",반려동물용품
2099,ペットショップ,Pet shop,ポノモン,Bonomong,보노몽,,龍山区,Yongsan-gu,서울 용산구 회나무로44길 56,02-797-0153,,https://bonomong.com/,37.538893,126.99523,,0,"https://www.google.com/maps/search/?api=1&query=37.538893,126.99523",반려동물용품
2100,ペットショップ,Pet shop,ポノモンエンコ,Bonomongaenko,보노몽앤코,,龍山区,Yongsan-gu,서울 용산구 회나무로 48,,,,37.539763,126.991952,,0,"https://www.google.com/maps/search/?api=1&query=37.539763,126.991952",반려동물용품
2101,ペットショップ,Pet shop,セントゲコ,Sentogeko,센토게코,,龍山区,Yongsan-gu,서울 용산구 한강대로 372,,,,37.551631,126.972912,,0,"https://www.google.com/maps/search/?api=1&query=37.551631,126.972912",반려동물용품
2102,ペットショップ,Pet shop,スヤン愛玩用品 ヨンサンジョム,Suyang Pet Supplies Yongsanjeom,수양애완용품 용산점,,龍山区,Yongsan-gu,서울 용산구 새창로 126,070-8801-0025,,,37.536353,126.960893,5.0,0,"https://www.google.com/maps/search/?api=1&query=37.536353,126.960893",반려동물용품
2103,ペットショップ,Pet shop,シュポポウ,Syupeopou,슈퍼포우,,龍山区,Yongsan-gu,서울 용산구 한강대로46길 6,,,,37.531286,126.970603,,0,"https://www.google.com/maps/search/?api=1&query=37.531286,126.970603",반려동물용품
2104,ペットショップ,Pet shop,スモルストプ ショルム,Seumolseuteopeu Syorum,스몰스터프 쇼룸,,龍山区,Yongsan-gu,서울 용산구 회나무로26길 12,0502-5554-2687,,https://www.smallstuff.kr,37.539559,126.991277,5.0,9,"https://www.google.com/maps/search/?api=1&query=37.539559,126.991277",반려동물용품
2105,ペットショップ,Pet shop,スタジオエピソド,Studio Episodeu,스튜디오에피소드,,龍山区,Yongsan-gu,서울 용산구 소월로 58,,,,37.554769,126.9771,,0,"https://www.google.com/maps/search/?api=1&query=37.554769,126.9771",반려동물용품
2106,ペットショップ,Pet shop,オパプ,Opapeu,오파프,,龍山区,Yongsan-gu,서울 용산구 한강대로 211,,,http://www.opaaap.com,37.537254,126.972859,,0,"https://www.google.com/maps/search/?api=1&query=37.537254,126.972859",반려동물용품
2107,ペットショップ,Pet shop,ワイドク,Waidok,와이독,,龍山区,Yongsan-gu,서울 용산구 원효로41가길 10,,,,37.534446,126.95764,,0,"https://www.google.com/maps/search/?api=1&query=37.534446,126.95764",반려동물용품
2108,ペットショップ,Pet shop,ウィグルボッ,Wigeulbeot,위글벗,,龍山区,Yongsan-gu,서울 용산구 독서당로 89,010-9463-0623,,https://smartstore.naver.com/wigglebutt,37.534765,127.010279,,4,"https://www.google.com/maps/search/?api=1&query=37.534765,127.010279",반려동물용품
2109,ペットショップ,Pet shop,カルリネ愛犬,Kalline Dog,칼리네애견,,龍山区,Yongsan-gu,서울 용산구 이촌로 303,02-790-2344,,,37.517971,126.982304,,0,"https://www.google.com/maps/search/?api=1&query=37.517971,126.982304",반려동물분양
2110,ペットショップ,Pet shop,タピ,Tapi,타피,,龍山区,Yongsan-gu,서울 용산구 장문로 14,070-7638-0210,,https://www.taaffeplace.com,37.528681,126.99217,,7,"https://www.google.com/maps/search/?api=1&query=37.528681,126.99217",반려동물용품
2111,ペットショップ,Pet shop,テラカニス ハンナムジョム,Terakaniseu Hannamjeom,테라카니스 한남점,,龍山区,Yongsan-gu,서울 용산구 독서당로 67,02-749-0993,https://www.instagram.com/terracanis.kr,,37.533791,127.008014,5.0,5,"https://www.google.com/maps/search/?api=1&query=37.533791,127.008014",반려동물용품
2112,ペットショップ,Pet shop,トゥストゥス,Tuseutuseu,투스투스,,龍山区,Yongsan-gu,서울 용산구 한강대로 170,070-8737-7375,,http://www.tustus.co.kr,37.533794,126.972765,,1,"https://www.google.com/maps/search/?api=1&query=37.533794,126.972765",반려동물용품
2113,ペットショップ,Pet shop,トロイスポイント,Teuroiseu Point,트로이스포인트,,龍山区,Yongsan-gu,서울 용산구 한남대로10길 36,070-7767-6677,,http://www.troispoint.com/,37.532215,127.00916,,0,"https://www.google.com/maps/search/?api=1&query=37.532215,127.00916",반려동물용품
2114,ペットショップ,Pet shop,トンシリネ愛犬シャプ,Teunsirine Dog Syap,튼실이네애견샵,,龍山区,Yongsan-gu,서울 용산구 이촌로 319,02-790-2344,,,37.517974,126.982329,,0,"https://www.google.com/maps/search/?api=1&query=37.517974,126.982329",반려동물용품
2115,ペットショップ,Pet shop,ペブルス,Pebeulseu,페블스,,龍山区,Yongsan-gu,서울 용산구 대사관로12길 4-2,070-8018-9748,,https://peb-bles.com/,37.533561,127.001403,,7,"https://www.google.com/maps/search/?api=1&query=37.533561,127.001403",반려동물용품
2116,ペットショップ,Pet shop,ペッデレルラプロジェクト,Petderella Project,펫데렐라프로젝트,,龍山区,Yongsan-gu,서울 용산구 회나무로26길 17,070-4220-2907,,http://www.petderella.com,37.539208,126.991099,,0,"https://www.google.com/maps/search/?api=1&query=37.539208,126.991099",반려동물용품
2117,ペットショップ,Pet shop,ペッスウィッホム,Petseuwithom,펫스윗홈,,龍山区,Yongsan-gu,서울 용산구 서빙고로 17,0507-1436-9328,,,37.525547,126.967476,5.0,0,"https://www.google.com/maps/search/?api=1&query=37.525547,126.967476",반려동물용품
2118,ペットショップ,Pet shop,ペッタプ,Pettap,펫탑,,龍山区,Yongsan-gu,서울 용산구 후암로4길 7,02-780-5594,,http://www.petop.co.kr,37.546809,126.978622,5.0,0,"https://www.google.com/maps/search/?api=1&query=37.546809,126.978622",반려동물용품
2119,ペットショップ,Pet shop,ペッフード109,Pet Food 109,펫푸드109,,龍山区,Yongsan-gu,서울 용산구 독서당로 53,,,,37.532956,127.006802,,0,"https://www.google.com/maps/search/?api=1&query=37.532956,127.006802",반려동물용품
2120,ドッグラン,Dog park,ハウルパッ ハンナムジョム,Haulpat Hannamjeom,하울팟 한남점,,龍山区,Yongsan-gu,서울 용산구 독서당로 113,02-6223-3480,,https://howlpot.com/,37.536631,127.011632,2.5,34,"https://www.google.com/maps/search/?api=1&query=37.536631,127.011632",반려견놀이터
2121,ペットショップ,Pet shop,ハッピーアンドリム,Happy and Rim,해피앤드림,,龍山区,Yongsan-gu,서울 용산구 이태원로 216,,,,37.534716,126.998122,1.0,2,"https://www.google.com/maps/search/?api=1&query=37.534716,126.998122",반려동물용품
2122,ペットショップ,Pet shop,ヘルリエンチョプス,Helliaencheopseu,헨리앤첩스,,龍山区,Yongsan-gu,서울 용산구 백범로 341,,,,37.537936,126.967968,,0,"https://www.google.com/maps/search/?api=1&query=37.537936,126.967968",반려동물용품
2123,ペットショップ,Pet shop,vet7,vet7,vet7,,恩平区,Eunpyeong-gu,서울 은평구 은평로13길 10,070-7431-7586,,,37.602149,126.925667,,0,"https://www.google.com/maps/search/?api=1&query=37.602149,126.925667",반려동물용품
2124,ペットショップ,Pet shop,カンアジゴヤンイピョヌィジョム ノクボンジョム,Gangajigoyangipyeonuijeom Nokbeonjeom,강아지고양이편의점 녹번점,,恩平区,Eunpyeong-gu,서울 은평구 통일로 679,02-3394-4003,,http://www.petstore24.co.kr/,37.606976,126.932785,5.0,1,"https://www.google.com/maps/search/?api=1&query=37.606976,126.932785",강아지고양이편의점
2125,ペットショップ,Pet shop,カンアジゴヤンイピョヌィジョム ウンピョンジュンサンジョム,Gangajigoyangipyeonuijeom Eunpyeongjeungsanjeom,강아지고양이편의점 은평증산점,,恩平区,Eunpyeong-gu,서울 은평구 증산로3길 12,070-8963-6827,,http://www.petstore24.co.kr/,37.581267,126.90516,,1,"https://www.google.com/maps/search/?api=1&query=37.581267,126.90516",강아지고양이편의점
2126,ペットショップ,Pet shop,カンアジプル,Gangajipul,강아지풀,,恩平区,Eunpyeong-gu,서울 은평구 진관3로 77,02-388-2533,,,37.643107,126.919847,4.0,0,"https://www.google.com/maps/search/?api=1&query=37.643107,126.919847",반려동물분양
2127,ペットショップ,Pet shop,ケバプパヌンゴヤンイ ヨクチョンジョム,Gaebappaneungoyangi Yeokchonjeom,개밥파는고양이 역촌점,,恩平区,Eunpyeong-gu,서울 은평구 진흥로1나길 2,070-8865-4778,,,37.603347,126.918387,,0,"https://www.google.com/maps/search/?api=1&query=37.603347,126.918387",개밥파는고양이
2128,ペットショップ,Pet shop,ケバプパヌンゴヤンイ ヨンソジョム,Gaebappaneungoyangi Yeonseojeom,개밥파는고양이 연서점,,恩平区,Eunpyeong-gu,서울 은평구 연서로 292,,,,37.621619,126.926721,,1,"https://www.google.com/maps/search/?api=1&query=37.621619,126.926721",개밥파는고양이
2129,ペットショップ,Pet shop,ケバプパヌンゴヤンイ ウンピョングサンジョム,Gaebappaneungoyangi Eunpyeonggusanjeom,개밥파는고양이 은평구산점,,恩平区,Eunpyeong-gu,서울 은평구 연서로13길 19,,,,37.609807,126.91375,,0,"https://www.google.com/maps/search/?api=1&query=37.609807,126.91375",반려동물용품
2130,ペットショップ,Pet shop,ケバプパヌンゴヤンイ ウンピョンシンサジョム,Gaebappaneungoyangi Eunpyeongsinsajeom,개밥파는고양이 은평신사점,,恩平区,Eunpyeong-gu,서울 은평구 갈현로1길 7,010-8814-1931,,https://gaepago.mycafe24.com/,37.599229,126.909399,5.0,1,"https://www.google.com/maps/search/?api=1&query=37.599229,126.909399",개밥파는고양이
2131,ペットショップ,Pet shop,ケコヨングソ,Gekoyeonguso,게코연구소,,恩平区,Eunpyeong-gu,서울 은평구 연서로 258,,,https://blog.naver.com/yyjj4109/,37.61981,126.923338,,0,"https://www.google.com/maps/search/?api=1&query=37.61981,126.923338",반려동물분양
2132,ペットショップ,Pet shop,キョンセンニャンプム 24時間 無人ペットショップ ヨンシンネヨクジョム,Gyeonsaengnyangpum 24h Unmanned Pet Shop Yeonsinnaeyeokjeom,견생냥품 24시 무인펫샵 연신내역점,はい/Yes,恩平区,Eunpyeong-gu,서울 은평구 통일로 지하 849,,,https://petgz.com/,37.618958,126.921164,,4,"https://www.google.com/maps/search/?api=1&query=37.618958,126.921164",견생냥품 24시 무인펫샵
2133,ペットショップ,Pet shop,クスタートク,Gu Star Dok,구스타독,,恩平区,Eunpyeong-gu,서울 은평구 불광로 122-10,010-7728-9939,https://www.instagram.com/9stardog_,,37.61892,126.933437,,2,"https://www.google.com/maps/search/?api=1&query=37.61892,126.933437",반려동물용품
2134,ペットショップ,Pet shop,クルモロ,Geurumeoro,그루머로,,恩平区,Eunpyeong-gu,서울 은평구 응암로24길 8-1,,,,37.594359,126.91924,,52,"https://www.google.com/maps/search/?api=1&query=37.594359,126.91924",반려동물용품
2135,ペットショップ,Pet shop,ネプマヌィ伴侶犬 ウンピョンジョム,Naepumanui Dog Eunpyeongjeom,내품안의반려견 은평점,,恩平区,Eunpyeong-gu,서울 은평구 연서로27길 14,070-8287-3777,,https://blog.naver.com/vnarus4,37.618114,126.917969,,27,"https://www.google.com/maps/search/?api=1&query=37.618114,126.917969",반려동물분양
2136,ペットショップ,Pet shop,ネストウォルレプ,Neseuteuwollaep,네스트원랩,,恩平区,Eunpyeong-gu,서울 은평구 갈현로 334,02-354-0135,,,37.626096,126.918728,,0,"https://www.google.com/maps/search/?api=1&query=37.626096,126.918728",반려동물용품
2137,ペットショップ,Pet shop,テンニャンイシュポマーケット,Daengnyangisyupeo Market,댕냥이슈퍼마켓,,恩平区,Eunpyeong-gu,서울 은평구 불광로 64,070-7543-7434,,,37.612829,126.932191,5.0,0,"https://www.google.com/maps/search/?api=1&query=37.612829,126.932191",반려동물용품
2138,ペットショップ,Pet shop,テンニャンイワ,Daengnyangiwa,댕냥이와,,恩平区,Eunpyeong-gu,서울 은평구 갈현로 78,,,,37.604724,126.910579,5.0,1,"https://www.google.com/maps/search/?api=1&query=37.604724,126.910579",반려동물용품
2139,ペットショップ,Pet shop,トイップゲ,Deoippugae,더이뿌개,,恩平区,Eunpyeong-gu,서울 은평구 은평로12길 8-10,,,,37.600196,126.924663,,0,"https://www.google.com/maps/search/?api=1&query=37.600196,126.924663",반려동물분양
2140,ペットショップ,Pet shop,トグマケッ ソウルンピョンジョム,Dogeumakaet Seoureunpyeongjeom,도그마캣 서울은평점,,恩平区,Eunpyeong-gu,서울 은평구 진관3로 70,0503-7152-7343,https://www.instagram.com/soymilk_the_dog,,37.641326,126.921923,,5,"https://www.google.com/maps/search/?api=1&query=37.641326,126.921923",반려동물용품
2141,ペットショップ,Pet shop,トグウォン,Dogeuwon,도그원,,恩平区,Eunpyeong-gu,서울 은평구 연서로29길 24,02-359-1591,,,37.619594,126.917766,,5,"https://www.google.com/maps/search/?api=1&query=37.619594,126.917766",반려동물용품
2142,ペットショップ,Pet shop,トグウォンペッセンター,Dogeuwonpet Center,도그원펫센터,,恩平区,Eunpyeong-gu,서울 은평구 연서로29길 24,02-359-1591,,http://blog.naver.com/cafedog1,37.619619,126.917752,4.0,9,"https://www.google.com/maps/search/?api=1&query=37.619619,126.917752",반려동물용품
2143,ペットショップ,Pet shop,トグケショングソ,Dogeukaesyeonguso,도그캣연구소,,恩平区,Eunpyeong-gu,서울 은평구 불광로 202,,,,37.624057,126.929838,,0,"https://www.google.com/maps/search/?api=1&query=37.624057,126.929838",반려동물용품
2144,ペットショップ,Pet shop,トギランニャンイラン シンサジョム,Dogirangnyangirang Sinsajeom,도기랑냥이랑 신사점,,恩平区,Eunpyeong-gu,서울 은평구 증산로 413,,,,37.593192,126.913909,4.5,0,"https://www.google.com/maps/search/?api=1&query=37.593192,126.913909",반려동물용품
2145,ペットショップ,Pet shop,トリドリペットショップ,Doridori Pet Shop,도리도리펫샵,,恩平区,Eunpyeong-gu,서울 은평구 응암로 279,02-357-2589,,http://blog.naver.com/gusels,37.596771,126.919385,,0,"https://www.google.com/maps/search/?api=1&query=37.596771,126.919385",반려동물용품
2146,ペットショップ,Pet shop,トクドク カンアジ タンイルケーキ スジェ カンシク,Dokeudokeu Gangaji Dangil Cake Suje Gansik,도크도크 강아지 당일케이크 수제 간식,,恩平区,Eunpyeong-gu,서울 은평구 역말로 54,070-8064-0343,https://www.instagram.com/dockdock__official,,37.605823,126.916476,5.0,19,"https://www.google.com/maps/search/?api=1&query=37.605823,126.916476",반려동물용품
2147,ペットショップ,Pet shop,トロオシゲニャン,Deureoosigaenyang,들어오시개냥,,恩平区,Eunpyeong-gu,서울 은평구 서오릉로 234,02-383-5500,,https://petsword.net/app/normal/company_detail?idx=311&preview=find&tab=2,37.615718,126.908628,5.0,1,"https://www.google.com/maps/search/?api=1&query=37.615718,126.908628",반려동물용품
2148,ペットショップ,Pet shop,チジタルヂジャイン,Dijitaldijain,디지탈디자인,,恩平区,Eunpyeong-gu,서울 은평구 수색로 217-1,02-308-8494,,http://interzoo.co.kr,37.578657,126.899439,,0,"https://www.google.com/maps/search/?api=1&query=37.578657,126.899439",반려동물용품
2149,ペットショップ,Pet shop,レプトヌリ,Reptonuri,렙토누리,,恩平区,Eunpyeong-gu,서울 은평구 통일로 896-1,0507-1364-5589,,,37.623008,126.920159,,1,"https://www.google.com/maps/search/?api=1&query=37.623008,126.920159",반려동물분양
2150,ペットショップ,Pet shop,モングレチュ,Meonggeurechyu,멍그레츄,,恩平区,Eunpyeong-gu,서울 은평구 진관3로 67,0507-1463-0826,https://www.instagram.com/mungratulation,,37.641797,126.921492,5.0,43,"https://www.google.com/maps/search/?api=1&query=37.641797,126.921492",반려동물용품
2151,ペットショップ,Pet shop,モンニャン24,Meongnyang 24,멍냥24,,恩平区,Eunpyeong-gu,서울 은평구 갈현로 128,0507-1323-8903,,,37.609284,126.911253,,0,"https://www.google.com/maps/search/?api=1&query=37.609284,126.911253",반려동물용품
2152,ペットショップ,Pet shop,モンニャンウィミンジョク ヨクチョンジョム,Meongnyanguiminjok Yeokchonjeom,멍냥의민족 역촌점,,恩平区,Eunpyeong-gu,서울 은평구 은평로3길 20,0507-1425-1374,https://www.instagram.com/dogs_cat_yc,,37.600646,126.915236,,13,"https://www.google.com/maps/search/?api=1&query=37.600646,126.915236",멍냥의민족
2153,ペットショップ,Pet shop,モンモンッカッカ,Meongmeongkkakka,멍멍까까,,恩平区,Eunpyeong-gu,서울 은평구 역말로 143,010-8384-3971,,https://smartstore.naver.com/mmtreat,37.611782,126.922404,,5,"https://www.google.com/maps/search/?api=1&query=37.611782,126.922404",반려동물용품
2154,ペットショップ,Pet shop,モモペッ,Momopet,모모펫,,恩平区,Eunpyeong-gu,서울 은평구 역말로 54,02-383-8270,,,37.605783,126.916467,,0,"https://www.google.com/maps/search/?api=1&query=37.605783,126.916467",반려동물용품
2155,ペットショップ,Pet shop,ミミココ,Mimikoko,미미코코,,恩平区,Eunpyeong-gu,서울 은평구 증산로17길 37,02-303-5199,https://www.instagram.com/mimicocoda,,37.590891,126.90919,,37,"https://www.google.com/maps/search/?api=1&query=37.590891,126.90919",반려동물용품
2156,ペットショップ,Pet shop,ペンジエルレア,Benjiaellea,벤지앤레아,,恩平区,Eunpyeong-gu,서울 은평구 녹번로 46,,,,37.605538,126.929807,,8,"https://www.google.com/maps/search/?api=1&query=37.605538,126.929807",반려동물용품
2157,ペットショップ,Pet shop,ッポッポソム,Ppopposom,뽀뽀솜,,恩平区,Eunpyeong-gu,서울 은평구 진흥로9길 12,010-2425-4612,,,37.605827,126.921102,,11,"https://www.google.com/maps/search/?api=1&query=37.605827,126.921102",반려동물용품
2158,ペットショップ,Pet shop,ソルタンイネ,Seoltangine,설탕이네,,恩平区,Eunpyeong-gu,서울 은평구 연서로29길 21,,https://www.instagram.com/seoltang2home,,37.619362,126.917847,5.0,6,"https://www.google.com/maps/search/?api=1&query=37.619362,126.917847",반려동물용품
2159,ペットショップ,Pet shop,ッシユペッ シンサジョム,Ssiyupet Sinsajeom,씨유펫 신사점,,恩平区,Eunpyeong-gu,서울 은평구 은평로 33-5,,,https://www.seeyoupet.com/,37.598571,126.911097,,1,"https://www.google.com/maps/search/?api=1&query=37.598571,126.911097",반려동물용품
2160,ペットショップ,Pet shop,アムドオプゲ ヨンシンネデジョジョム,Amudoeopgae Yeonsinnaedaejojeom,아무도없개 연신내대조점,,恩平区,Eunpyeong-gu,서울 은평구 연서로26길 25,1644-9896,,https://updog.kr,37.615828,126.921737,,10,"https://www.google.com/maps/search/?api=1&query=37.615828,126.921737",아무도없개
2161,ペットショップ,Pet shop,アムドオプゲ ウンアムジョム,Amudoeopgae Eungamjeom,아무도없개 응암점,,恩平区,Eunpyeong-gu,서울 은평구 응암로25길 9,1644-9896,,https://updog.kr,37.595151,126.91734,4.9,8,"https://www.google.com/maps/search/?api=1&query=37.595151,126.91734",아무도없개
2162,ペットショップ,Pet shop,アンジュペッ,Angjyupet,앙쥬펫,,恩平区,Eunpyeong-gu,서울 은평구 진관3로 33,,,,37.639671,126.920015,,0,"https://www.google.com/maps/search/?api=1&query=37.639671,126.920015",반려동물분양
2163,ペットショップ,Pet shop,アンジュペッ カンアジ分譲 ウンピョングジョム,Angjyupet Gangaji Adoption Eunpyeonggujeom,앙쥬펫 강아지분양 은평구점,,恩平区,Eunpyeong-gu,서울 은평구 진관3로 33,,,,37.639774,126.919981,3.0,179,"https://www.google.com/maps/search/?api=1&query=37.639774,126.919981",반려동물분양
2164,ペットショップ,Pet shop,愛犬パルジャグク,Dog Baljaguk,애견발자국,,恩平区,Eunpyeong-gu,서울 은평구 갈현로1길 20,,,,37.599452,126.908064,,0,"https://www.google.com/maps/search/?api=1&query=37.599452,126.908064",반려동물분양
2165,ペットショップ,Pet shop,ヤオンアモンモンヘブァ ウンアミョクジョム,Yaongameongmeonghaebwa Eungamyeokjeom,야옹아멍멍해봐 응암역점,,恩平区,Eunpyeong-gu,서울 은평구 증산로 지하 477,010-4545-8813,,http://www.yamungparadise.com,37.598742,126.915512,,2,"https://www.google.com/maps/search/?api=1&query=37.598742,126.915512",반려동물용품
2166,ペットショップ,Pet shop,オニストミル,Eoniseuteumil,어니스트밀,,恩平区,Eunpyeong-gu,서울 은평구 통일로 715,070-7687-2828,,http://honestmeal.kr,37.609373,126.930313,,0,"https://www.google.com/maps/search/?api=1&query=37.609373,126.930313",반려동물용품
2167,ペットショップ,Pet shop,オヌルップニゲ,Oneulppunigae,오늘뿐이개,,恩平区,Eunpyeong-gu,서울 은평구 역말로 70,0502-5551-4167,https://www.instagram.com/petfood_o.ppungae?igsh=MW00NzhuM3dkc3J2&utm_source=qr,,37.605976,126.918033,,28,"https://www.google.com/maps/search/?api=1&query=37.605976,126.918033",반려동물용품
2168,ペットショップ,Pet shop,オドゴドク,Odogodok,오독오독,,恩平区,Eunpyeong-gu,서울 은평구 연서로29길 6,02-356-0355,,,37.618808,126.919582,,2,"https://www.google.com/maps/search/?api=1&query=37.618808,126.919582",반려동물용품
2169,ペットショップ,Pet shop,オルリポプス カンアジ分譲 ウンピョンジョム,Ollipeopseu Gangaji Adoption Eunpyeongjeom,올리펍스 강아지분양 은평점,,恩平区,Eunpyeong-gu,서울 은평구 통일로 803,010-2783-3963,,https://blog.naver.com/ollypups1,37.615665,126.924446,,0,"https://www.google.com/maps/search/?api=1&query=37.615665,126.924446",반려동물분양
2170,ペットショップ,Pet shop,ウィペッ,Wipet,위펫,,恩平区,Eunpyeong-gu,서울 은평구 서오릉로 234,02-383-5500,,,37.615716,126.908627,5.0,0,"https://www.google.com/maps/search/?api=1&query=37.615716,126.908627",반려동물용품
2171,ペットショップ,Pet shop,ウンピョン愛犬 2ホジョム,Eunpyeong Dog 2 Hojeom,은평애견 2호점,,恩平区,Eunpyeong-gu,서울 은평구 연서로 46,02-359-0456,,,37.603169,126.916051,3.7,0,"https://www.google.com/maps/search/?api=1&query=37.603169,126.916051",반려동물분양
2172,ペットショップ,Pet shop,チェイワイッシ コリア,Jeiwaissi Koria,제이와이씨 코리아,,恩平区,Eunpyeong-gu,서울 은평구 진관3로 70,,,,37.641662,126.921858,,0,"https://www.google.com/maps/search/?api=1&query=37.641662,126.921858",반려동물용품
2173,ペットショップ,Pet shop,チョアヨケッドク,Joayokaetdok,조아요캣독,,恩平区,Eunpyeong-gu,서울 은평구 응암로 236,0507-0178-4366,,,37.592863,126.918021,,0,"https://www.google.com/maps/search/?api=1&query=37.592863,126.918021",반려동물분양
2174,ペットショップ,Pet shop,チョルリモン,Jollimeong,졸리멍,,恩平区,Eunpyeong-gu,서울 은평구 진관3로 77,,https://www.instagram.com/jolimung,,37.643479,126.921255,,0,"https://www.google.com/maps/search/?api=1&query=37.643479,126.921255",반려동물용품
2175,ペットショップ,Pet shop,チャクハンペッ#,Chakhanpet #,착한펫#,,恩平区,Eunpyeong-gu,서울 은평구 갈현로 85,,,,37.605585,126.910327,,0,"https://www.google.com/maps/search/?api=1&query=37.605585,126.910327",반려동물용품
2176,ペットショップ,Pet shop,コルリオルリ ロッデマート ウンピョンジョム,Kolliolli Rotde Mart Eunpyeongjeom,콜리올리 롯데마트 은평점,,恩平区,Eunpyeong-gu,서울 은평구 통일로 1050,02-2097-2600,,,37.637974,126.91766,,0,"https://www.google.com/maps/search/?api=1&query=37.637974,126.91766",반려동물용품
2177,ペットショップ,Pet shop,トントンペッ,Teunteunpet,튼튼펫,,恩平区,Eunpyeong-gu,서울 은평구 연서로33길 7,010-9849-1012,,,37.621261,126.924348,,0,"https://www.google.com/maps/search/?api=1&query=37.621261,126.924348",반려동물용품
2178,ペットショップ,Pet shop,ポピハウス愛犬シャプ,Peopi House Dog Syap,퍼피하우스애견샵,,恩平区,Eunpyeong-gu,서울 은평구 서오릉로8길 13,02-2212-5262,,,37.608443,126.922924,,0,"https://www.google.com/maps/search/?api=1&query=37.608443,126.922924",반려동물분양
2179,ペットショップ,Pet shop,ペッヂル ウンピョンニュタウンチョム,Petdil Eunpyeongnyu Town Jeom,펫딜 은평뉴타운점,,恩平区,Eunpyeong-gu,서울 은평구 진관3로 70,,,,37.642042,126.921859,,0,"https://www.google.com/maps/search/?api=1&query=37.642042,126.921859",반려동물용품
2180,ペットショップ,Pet shop,ペッブルラッソム,Petbeullasseom,펫블라썸,,恩平区,Eunpyeong-gu,서울 은평구 응암로22길 25,,,,37.593565,126.920983,,0,"https://www.google.com/maps/search/?api=1&query=37.593565,126.920983",반려동물용품
2181,ペットショップ,Pet shop,ペッストア24 ウンピョンジュンサンジョム,Pet Store 24 Eunpyeongjeungsanjeom,펫스토어24 은평증산점,,恩平区,Eunpyeong-gu,서울 은평구 증산동 184-9,,,,37.581325,126.905266,,0,"https://www.google.com/maps/search/?api=1&query=37.581325,126.905266",반려동물용품
2182,ペットショップ,Pet shop,ハッピーモン,Happy Meong,해피멍,,恩平区,Eunpyeong-gu,서울 은평구 역말로6길 12,02-749-3411,,,37.604707,126.914511,5.0,0,"https://www.google.com/maps/search/?api=1&query=37.604707,126.914511",반려동물분양
2183,ペットショップ,Pet shop,ハッピーペッ,Happy Pet,해피펫,,恩平区,Eunpyeong-gu,서울 은평구 연서로17길 18-5,02-352-1334,,,37.613379,126.915779,,0,"https://www.google.com/maps/search/?api=1&query=37.613379,126.915779",반려동물용품
2184,ペットショップ,Pet shop,ヘンボクハンガンアジ,Haengbokhangangaji,행복한강아지,,恩平区,Eunpyeong-gu,서울 은평구 통일로 905,,,,37.623783,126.91961,,0,"https://www.google.com/maps/search/?api=1&query=37.623783,126.91961",반려동물분양
2185,ペットショップ,Pet shop,キョンセンニャンプム 24時間 無人ペットショップ チョンノイクソンドンジョム,Gyeonsaengnyangpum 24h Unmanned Pet Shop Jongnoikseondongjeom,견생냥품 24시 무인펫샵 종로익선동점,はい/Yes,鍾路区,Jongno-gu,서울 종로구 돈화문로11나길 49,010-4461-8815,,https://petgz.com/,37.574795,126.989665,,5,"https://www.google.com/maps/search/?api=1&query=37.574795,126.989665",견생냥품 24시 무인펫샵
2186,ペットショップ,Pet shop,キムチュニ 愛犬ウィリュチャンオプ,Gimchuni Dog Uiryuchangeop,김춘이 애견의류창업,,鍾路区,Jongno-gu,서울 종로구 김상옥로 63,0507-1343-8332,,,37.573633,127.004814,,0,"https://www.google.com/maps/search/?api=1&query=37.573633,127.004814",반려동물용품
2187,ペットショップ,Pet shop,トグマケッ ヒェファジョム,Dogeumakaet Hyehwajeom,도그마캣 혜화점,,鍾路区,Jongno-gu,서울 종로구 대명길 42,,,https://dogmarcat.co.kr,37.582995,126.999312,5.0,6,"https://www.google.com/maps/search/?api=1&query=37.582995,126.999312",반려동물용품
2188,ペットショップ,Pet shop,トンデムン愛玩用品トメハリン,Dongdaemun Pet Supplies Domaeharin,동대문애완용품도매할인,,鍾路区,Jongno-gu,서울 종로구 종로 290,,,,37.571096,127.010471,3.7,3,"https://www.google.com/maps/search/?api=1&query=37.571096,127.010471",반려동물용품
2189,ペットショップ,Pet shop,マヨブチク,Mayobutikeu,마요부티크,,鍾路区,Jongno-gu,서울 종로구 율곡로 195,0507-1346-6644,,https://smartstore.naver.com/mayo_boutique/,37.576191,127.000437,,1,"https://www.google.com/maps/search/?api=1&query=37.576191,127.000437",반려동물용품
2190,ペットショップ,Pet shop,モンニャンウィミンジョク トンニムムンジョム,Meongnyanguiminjok Dongnimmunjeom,멍냥의민족 독립문점,,鍾路区,Jongno-gu,서울 종로구 통일로 222,,https://www.instagram.com/dogs_cat_dongnimmun,,37.572732,126.96003,,1,"https://www.google.com/maps/search/?api=1&query=37.572732,126.96003",멍냥의민족
2191,ペットショップ,Pet shop,ミストドク,Miseuteodok,미스터독,,鍾路区,Jongno-gu,서울 종로구 돈화문로 33-1,0505-828-1624,,,37.571524,126.991682,,0,"https://www.google.com/maps/search/?api=1&query=37.571524,126.991682",반려동물분양
2192,ペットショップ,Pet shop,ッパンデンイッ,Ppangdaengit,빵댕잇,,鍾路区,Jongno-gu,서울 종로구 자하문로1길 49-24,,https://instagram.com/bread4dogs_bde,,37.576463,126.969435,,0,"https://www.google.com/maps/search/?api=1&query=37.576463,126.969435",반려동물용품
2193,ペットショップ,Pet shop,スモルバイト,Seumolbaiteu,스몰바이트,,鍾路区,Jongno-gu,서울 종로구 난계로27길 15,02-6272-9295,,https://smolbite.com,37.572789,127.022326,,1,"https://www.google.com/maps/search/?api=1&query=37.572789,127.022326",반려동물용품
2194,ペットショップ,Pet shop,スプリングペッ チャンシンジョム,Spring Pet Changsinjeom,스프링펫 창신점,,鍾路区,Jongno-gu,서울 종로구 종로51길 16,02-765-5135,,,37.572709,127.011977,,0,"https://www.google.com/maps/search/?api=1&query=37.572709,127.011977",반려동물용품
2195,ペットショップ,Pet shop,アマジュ,Amajyu,아마쥬,,鍾路区,Jongno-gu,서울 종로구 청계천로 331,,https://www.instagram.com/ama_zoo21,,37.570114,127.014772,2.9,46,"https://www.google.com/maps/search/?api=1&query=37.570114,127.014772",반려동물분양
2196,ペットショップ,Pet shop,イダムゲコ,Idamgeko,이담게코,,鍾路区,Jongno-gu,서울 종로구 돈화문로 90-1,0507-1430-1118,https://www.instagram.com/edam.gecko,,37.57658,126.990568,5.0,5,"https://www.google.com/maps/search/?api=1&query=37.57658,126.990568",반려동물분양
2197,ペットショップ,Pet shop,チョムプケッ,Jeompukaet,점푸캣,,鍾路区,Jongno-gu,서울 종로구 혜화로 26-1,,,https://jumpoocat.com,37.587994,126.999918,,0,"https://www.google.com/maps/search/?api=1&query=37.587994,126.999918",반려동물용품
2198,ペットショップ,Pet shop,チョンギェチョンジョリュウォン,Cheonggyecheonjoryuwon,청계천조류원,,鍾路区,Jongno-gu,서울 종로구 청계천로 331,010-4745-9812,,,37.570113,127.014774,5.0,0,"https://www.google.com/maps/search/?api=1&query=37.570113,127.014774",반려동물분양
2199,ペットショップ,Pet shop,クナイエンチ,Kunaiaenti,쿠나이앤티,,鍾路区,Jongno-gu,서울 종로구 평창4길 78,02-395-1020,,http://www.hyponic.com,37.613833,126.96454,,0,"https://www.google.com/maps/search/?api=1&query=37.613833,126.96454",반려동물용품
2200,ペットショップ,Pet shop,ペチグレム,Petigeuraem,페티그램,,鍾路区,Jongno-gu,서울 종로구 창경궁로16길 75,0507-1420-2219,,https://www.petigram.kr/,37.575151,127.001749,,1,"https://www.google.com/maps/search/?api=1&query=37.575151,127.001749",반려동물용품
2201,ペットショップ,Pet shop,ペスォルド チョンノジョム,Peswoldeu Jongnojeom,펫월드 종로점,,鍾路区,Jongno-gu,서울 종로구 자하문로 266,02-395-9319,,,37.597806,126.963039,5.0,1,"https://www.google.com/maps/search/?api=1&query=37.597806,126.963039",반려동물용품
2202,ペットショップ,Pet shop,フードマストグルプ,Food Maseuteogeurup,푸드마스터그룹,,鍾路区,Jongno-gu,서울 종로구 혜화로 8,02-6925-6363,,http://www.drholipet.com,37.586481,127.00049,,0,"https://www.google.com/maps/search/?api=1&query=37.586481,127.00049",반려동물용품
2203,ペットショップ,Pet shop,Hペット ヒョンデシチアウルレッ トンデムンジョム,H Pet Hyeondaesitiaullet Dongdaemunjeom,H펫 현대시티아울렛 동대문점,,中区,Jung-gu,서울 중구 장충단로13길 20,02-2283-2221,,,37.568792,127.007733,,0,"https://www.google.com/maps/search/?api=1&query=37.568792,127.007733",반려동물용품
2204,トリミング,Grooming,クルミンドク,Geurumingdok,그루밍독,,中区,Jung-gu,서울 중구 퇴계로 39-2,010-3554-5149,,http://www.groomingdog.co.kr/,37.557927,126.97707,,1,"https://www.google.com/maps/search/?api=1&query=37.557927,126.97707",반려동물용품
2205,ペットショップ,Pet shop,ッカニスィ,Kkaniswi,까니쉬,,中区,Jung-gu,서울 중구 퇴계로 39,,,,37.557971,126.976934,,1,"https://www.google.com/maps/search/?api=1&query=37.557971,126.976934",반려동물용품
2206,ペットショップ,Pet shop,ニュミル,Nyumil,뉴밀,,中区,Jung-gu,서울 중구 청계천로 260-6,010-7657-8020,,,37.569163,127.00621,,0,"https://www.google.com/maps/search/?api=1&query=37.569163,127.00621",반려동물용품
2207,ペットショップ,Pet shop,タクトバイ ロッデベクファジョムボンジョム,Dakteobai Rotdebaekhwajeombonjeom,닥터바이 롯데백화점본점,,中区,Jung-gu,서울 중구 을지로 30,,,,37.565359,126.981813,,0,"https://www.google.com/maps/search/?api=1&query=37.565359,126.981813",반려동물용품
2208,ペットショップ,Pet shop,テンデンイオッバン,Daengdaengiotbang,댕댕이옷방,,中区,Jung-gu,서울 중구 마장로 3,,,,37.568799,127.010544,,0,"https://www.google.com/maps/search/?api=1&query=37.568799,127.010544",반려동물용품
2209,ペットショップ,Pet shop,動物ポユグォン ソウルボンブ,Animal Boyugwon Seoulbonbu,동물보육원 서울본부,,中区,Jung-gu,서울 중구 동호로7길 45,0507-1328-2513,,https://kanimal.org/,37.551802,127.01089,,563,"https://www.google.com/maps/search/?api=1&query=37.551802,127.01089",반려동물분양
2210,ペットショップ,Pet shop,マルペッ,Marupet,마루펫,,中区,Jung-gu,서울 중구 퇴계로 286,02-2277-8764,,http://www.marupet.co.kr,37.563022,127.003586,,0,"https://www.google.com/maps/search/?api=1&query=37.563022,127.003586",반려동물용품
2211,ペットショップ,Pet shop,モンニャンウィミンジョク ファンハクジョム,Meongnyanguiminjok Hwanghakjeom,멍냥의민족 황학점,,中区,Jung-gu,서울 중구 청계천로 400,,,https://www.mungmin.com/,37.571284,127.02144,,1,"https://www.google.com/maps/search/?api=1&query=37.571284,127.02144",멍냥의민족
2212,ペットショップ,Pet shop,モルリス チョンギェチョンジョム,Molliseu Cheonggyecheonjeom,몰리스 청계천점,,中区,Jung-gu,서울 중구 청계천로 400,02-2290-1224,https://www.instagram.com/mollys_cheonggye,,37.571486,127.021761,,5,"https://www.google.com/maps/search/?api=1&query=37.571486,127.021761",몰리스
2213,ペットショップ,Pet shop,ミミンコ ロッデベクファジョム ポンジョム,Mimingko Rotdebaekhwajeom Bonjeom,미밍코 롯데백화점 본점,,中区,Jung-gu,서울 중구 을지로 30,02-726-4012,,https://www.miminko.kr,37.565171,126.981399,,2,"https://www.google.com/maps/search/?api=1&query=37.565171,126.981399",반려동물용품
2214,ペットショップ,Pet shop,ペンコアト,Baenkoateu,밴코아트,,中区,Jung-gu,서울 중구 필동로8길 49-5,,,,37.555652,126.993757,,0,"https://www.google.com/maps/search/?api=1&query=37.555652,126.993757",반려동물용품
2215,ペットショップ,Pet shop,ポラム愛犬用品チョンムンジョム,Boram Dog Supplies Jeonmunjeom,보람애견용품전문점,,中区,Jung-gu,서울 중구 서애로 2,,,https://cafe.naver.com/allthatpet123,37.561878,126.998323,,1,"https://www.google.com/maps/search/?api=1&query=37.561878,126.998323",반려동물용품
2216,ペットショップ,Pet shop,ピエネストンサン,Bieneseutongsang,비엔에스통상,,中区,Jung-gu,서울 중구 퇴계로 39,,,,37.557884,126.97693,,0,"https://www.google.com/maps/search/?api=1&query=37.557884,126.97693",반려동물용품
2217,ペットショップ,Pet shop,ソウルレプタイル,Seoulleptail,서울렙타일,,中区,Jung-gu,서울 중구 서소문로 8,02-363-1112,,http://seoulreptile.co.kr,37.558983,126.962856,4.3,220,"https://www.google.com/maps/search/?api=1&query=37.558983,126.962856",반려동물용품
2218,ペットショップ,Pet shop,シュポペッ,Syupeopet,슈퍼펫,,中区,Jung-gu,서울 중구 명동10길 14-1,,,,37.563191,126.985204,,18,"https://www.google.com/maps/search/?api=1&query=37.563191,126.985204",반려동물용품
2219,ペットショップ,Pet shop,ッソウリッゲ,Ssouritgae,쏘울잇개,,中区,Jung-gu,서울 중구 퇴계로36길 2,0507-1377-0369,,http://www.soulitge.com,37.560643,126.993563,5.0,1,"https://www.google.com/maps/search/?api=1&query=37.560643,126.993563",반려동물용품
2220,ペットショップ,Pet shop,アンナ,Anna,안나,,中区,Jung-gu,서울 중구 소공로 지하 58,02-757-4526,https://www.instagram.com/annashop_kr,,37.560667,126.981846,,1,"https://www.google.com/maps/search/?api=1&query=37.560667,126.981846",반려동물용품
2221,ペットショップ,Pet shop,愛犬用品トメサンガ,Dog Supplies Domaesangga,애견용품도매상가,,中区,Jung-gu,서울 중구 퇴계로 39,,,,37.557971,126.976934,1.0,0,"https://www.google.com/maps/search/?api=1&query=37.557971,126.976934",반려동물용품
2222,ペットショップ,Pet shop,オルデッペッ,Oldaetpet,올댓펫,,中区,Jung-gu,서울 중구 동호로 204,,,,37.556217,127.009955,,0,"https://www.google.com/maps/search/?api=1&query=37.556217,127.009955",반려동물용품
2223,ペットショップ,Pet shop,チェイエンジェイ,Jeiaenjei,제이앤제이,,中区,Jung-gu,서울 중구 퇴계로 39,,,,37.557971,126.976934,,0,"https://www.google.com/maps/search/?api=1&query=37.557971,126.976934",반려동물용품
2224,ペットショップ,Pet shop,チュンアン愛犬,Jungang Dog,중앙애견,,中区,Jung-gu,서울 중구 퇴계로 252-2,02-2279-9944,,,37.562351,126.999842,4.0,1,"https://www.google.com/maps/search/?api=1&query=37.562351,126.999842",반려동물용품
2225,ペットショップ,Pet shop,チュビコ,Jyubiko,쥬비코,,中区,Jung-gu,서울 중구 퇴계로2길 15,070-7799-6550,,https://zoobico.com,37.556951,126.977415,,1,"https://www.google.com/maps/search/?api=1&query=37.556951,126.977415",반려동물용품
2226,ペットショップ,Pet shop,チャムピオン愛犬,Champion Dog,참피온애견,,中区,Jung-gu,서울 중구 퇴계로 223,,,,37.562027,126.99662,,0,"https://www.google.com/maps/search/?api=1&query=37.562027,126.99662",반려동물용품
2227,ペットショップ,Pet shop,ケイココペッ,Keikokopet,케이코코펫,,中区,Jung-gu,서울 중구 퇴계로6길 37,,,,37.556856,126.979259,,0,"https://www.google.com/maps/search/?api=1&query=37.556856,126.979259",반려동물용품
2228,ペットショップ,Pet shop,トトペンシ,Totopaensi,토토팬시,,中区,Jung-gu,서울 중구 퇴계로 39,,,,37.557884,126.97693,,0,"https://www.google.com/maps/search/?api=1&query=37.557884,126.97693",반려동물용품
2229,ペットショップ,Pet shop,ペションポピ,Paesyeonpeopi,패션퍼피,,中区,Jung-gu,서울 중구 퇴계로6길 5,010-5606-5097,https://www.instagram.com/fashionpuppy_official,,37.557994,126.978372,,0,"https://www.google.com/maps/search/?api=1&query=37.557994,126.978372",반려동물용품
2230,ペットショップ,Pet shop,ペッドグ シンダンジョム,Petdogeu Sindangjeom,펫도그 신당점,,中区,Jung-gu,서울 중구 퇴계로86길 47,02-2231-0620,,,37.563419,127.019503,,0,"https://www.google.com/maps/search/?api=1&query=37.563419,127.019503",반려동물용품
2231,ペットショップ,Pet shop,ペンミルリ,Penmilli,펫밀리,,中区,Jung-gu,서울 중구 퇴계로22길 11-4,0502-5552-6649,,,37.560354,126.986812,,0,"https://www.google.com/maps/search/?api=1&query=37.560354,126.986812",반려동물용품
2232,ペットショップ,Pet shop,ペッハウス,Pet House,펫하우스,,中区,Jung-gu,서울 중구 퇴계로 221,,,,37.561991,126.996478,1.0,0,"https://www.google.com/maps/search/?api=1&query=37.561991,126.996478",반려동물분양
2233,ペットショップ,Pet shop,ハイパイプ,High Pie Beu,하이파이브,,中区,Jung-gu,서울 중구 다산로20길 6,02-2235-1934,,,37.557221,127.012444,,0,"https://www.google.com/maps/search/?api=1&query=37.557221,127.012444",반려동물용품
2234,ペットショップ,Pet shop,ハッピー愛犬タウンカンアジゴヤンイ ソウルチュンムロジョム,Happy Dog Town Gangajigoyangi Seoulchungmurojeom,해피애견타운강아지고양이 서울충무로점,,中区,Jung-gu,서울 중구 퇴계로 248,,,,37.562198,126.999449,,10,"https://www.google.com/maps/search/?api=1&query=37.562198,126.999449",반려동물분양
2235,ペットショップ,Pet shop,24時間 無人 愛犬カンシク& 用品 アムドオプゲ シンネヨクジョム,24h Unmanned Dog Gansik & Supplies Amudoeopgae Sinnaeyeokjeom,24시 무인 애견간식& 용품 아무도없개 신내역점,はい/Yes,中浪区,Jungnang-gu,서울 중랑구 용마산로 670,,,,37.611944,127.102489,,0,"https://www.google.com/maps/search/?api=1&query=37.611944,127.102489",반려동물분양
2236,ペットショップ,Pet shop,カンアジゴヤンイピョヌィジョム サガジョンジョム,Gangajigoyangipyeonuijeom Sagajeongjeom,강아지고양이편의점 사가정점,,中浪区,Jungnang-gu,서울 중랑구 면목로44다길 21,010-5358-1819,,http://www.petstore24.co.kr/,37.582023,127.09084,,2,"https://www.google.com/maps/search/?api=1&query=37.582023,127.09084",강아지고양이편의점
2237,ペットショップ,Pet shop,コンガンハゲ,Geonganghagae,건강하개,,中浪区,Jungnang-gu,서울 중랑구 동일로151길 46,,,,37.608004,127.07558,,0,"https://www.google.com/maps/search/?api=1&query=37.608004,127.07558",반려동물용품
2238,ペットショップ,Pet shop,キョンセンニャンプム 24時間 無人ペットショップ ソウルサンボンジョム,Gyeonsaengnyangpum 24h Unmanned Pet Shop Seoulsangbongjeom,견생냥품 24시 무인펫샵 서울상봉점,はい/Yes,中浪区,Jungnang-gu,서울 중랑구 중랑천로10길 40,,,https://petgz.com/,37.591997,127.075199,5.0,6,"https://www.google.com/maps/search/?api=1&query=37.591997,127.075199",견생냥품 24시 무인펫샵
2239,ペットショップ,Pet shop,キョンセンニャンプム 24時間 無人ペットショップ ソウルソイルデジョム,Gyeonsaengnyangpum 24h Unmanned Pet Shop Seoulseoildaejeom,견생냥품 24시 무인펫샵 서울서일대점,はい/Yes,中浪区,Jungnang-gu,서울 중랑구 용마산로94가길 31,,,https://petgz.com/,37.587771,127.096857,,0,"https://www.google.com/maps/search/?api=1&query=37.587771,127.096857",견생냥품 24시 무인펫샵
2240,ペットショップ,Pet shop,キョンセンニャンプム 24時間 無人ペットショップ チュンナンシンネドンジョム,Gyeonsaengnyangpum 24h Unmanned Pet Shop Jungnangsinnaedongjeom,견생냥품 24시 무인펫샵 중랑신내동점,はい/Yes,中浪区,Jungnang-gu,서울 중랑구 신내로14길 21,,,https://petgz.com/,37.605937,127.097185,,6,"https://www.google.com/maps/search/?api=1&query=37.605937,127.097185",견생냥품 24시 무인펫샵
2241,ペットショップ,Pet shop,クムナン愛犬,Geumnan Dog,금란애견,,中浪区,Jungnang-gu,서울 중랑구 용마산로 532,02-496-7582,,,37.598446,127.100592,,0,"https://www.google.com/maps/search/?api=1&query=37.598446,127.100592",반려동물용품
2242,ペットショップ,Pet shop,ッコッガンアジ チュンナンジョム,Kkotgangaji Jungnangjeom,꽃강아지 중랑점,,中浪区,Jungnang-gu,서울 중랑구 동일로157길 65,0503-7152-7228,,,37.609336,127.074151,5.0,920,"https://www.google.com/maps/search/?api=1&query=37.609336,127.074151",반려동물분양
2243,ペットショップ,Pet shop,ニュトリベルリュ,Nyuteuribaellyu,뉴트리밸류,,中浪区,Jungnang-gu,서울 중랑구 용마산로 447,02-536-2776,,http://www.nutrivalue.co.kr,37.591247,127.097559,,0,"https://www.google.com/maps/search/?api=1&query=37.591247,127.097559",반려동물용품
2244,ペットショップ,Pet shop,トデイリーペットショップ,Deo Daily Pet Shop,더데일리펫샵,,中浪区,Jungnang-gu,서울 중랑구 중랑역로 209,,,,37.612073,127.075603,,2,"https://www.google.com/maps/search/?api=1&query=37.612073,127.075603",반려동물분양
2245,ペットショップ,Pet shop,トグマケッ ムクドンジョム,Dogeumakaet Mukdongjeom,도그마캣 묵동점,,中浪区,Jungnang-gu,서울 중랑구 공릉로2길 47,,,,37.612317,127.080616,,5,"https://www.google.com/maps/search/?api=1&query=37.612317,127.080616",반려동물용품
2246,ペットショップ,Pet shop,トグボヂ,Dogeubeodi,도그버디,,中浪区,Jungnang-gu,서울 중랑구 용마산로115길 54,02-434-9877,,https://blog.naver.com/jjang091004,37.598654,127.097359,,0,"https://www.google.com/maps/search/?api=1&query=37.598654,127.097359",반려동물용품
2247,ペットショップ,Pet shop,トグッパ チュンファジョム,Dogeuppa Junghwajeom,도그빠 중화점,,中浪区,Jungnang-gu,서울 중랑구 중랑천로 208-2,070-8833-5757,,,37.603365,127.074395,,0,"https://www.google.com/maps/search/?api=1&query=37.603365,127.074395",반려동물용품
2248,ペットショップ,Pet shop,トンバンプルロス ミョンモク,Dongbangpeulleoseu Myeonmok,동방플러스 면목,,中浪区,Jungnang-gu,서울 중랑구 사가정로50길 51,,,,37.578604,127.085581,,0,"https://www.google.com/maps/search/?api=1&query=37.578604,127.085581",반려동물용품
2249,ペットショップ,Pet shop,トリムドク,Deurimdok,드림독,,中浪区,Jungnang-gu,서울 중랑구 면목로91길 46,02-435-0279,,,37.594087,127.083373,,0,"https://www.google.com/maps/search/?api=1&query=37.594087,127.083373",반려동물분양
2250,ペットショップ,Pet shop,モンニャンウィミンジョク シンネシチジョム,Meongnyanguiminjok Sinnaesitijeom,멍냥의민족 신내시티점,,中浪区,Jungnang-gu,서울 중랑구 용마산로 670,,,https://www.mungmin.com,37.610512,127.101614,,6,"https://www.google.com/maps/search/?api=1&query=37.610512,127.101614",멍냥의민족
2251,ペットショップ,Pet shop,モンニャンウィミンジョク チュンナンムクドンジョム,Meongnyanguiminjok Jungnangmukdongjeom,멍냥의민족 중랑묵동점,,中浪区,Jungnang-gu,서울 중랑구 동일로157길 18,,,https://www.mungmin.com,37.609892,127.076798,,2,"https://www.google.com/maps/search/?api=1&query=37.609892,127.076798",멍냥의민족
2252,ペットショップ,Pet shop,モンニャンペッ24 マンウジョム,Meongnyangpet 24 Mangujeom,멍냥펫24 망우점,,中浪区,Jungnang-gu,서울 중랑구 송림길 5,,,,37.599332,127.095155,,0,"https://www.google.com/maps/search/?api=1&query=37.599332,127.095155",반려동물용품
2253,ペットショップ,Pet shop,モンニャンペッ24 サンボンヨクジョム,Meongnyangpet 24 Sangbongyeokjeom,멍냥펫24 상봉역점,,中浪区,Jungnang-gu,서울 중랑구 면목로92길 37,1833-8369,,,37.595832,127.087697,,5,"https://www.google.com/maps/search/?api=1&query=37.595832,127.087697",반려동물용품
2254,トリミング,Grooming,モンモンイチョングク(愛犬トリミングシャプ),Meongmeongicheonguk ( Dog Grooming Syap ),멍멍이천국(애견미용샵),,中浪区,Jungnang-gu,서울 중랑구 망우로77길 6,02-438-0023,,,37.600957,127.106117,,0,"https://www.google.com/maps/search/?api=1&query=37.600957,127.106117",반려동물분양
2255,ペットショップ,Pet shop,モンイニャンイ,Meonginyangi,멍이냥이,,中浪区,Jungnang-gu,서울 중랑구 망우로 226,02-492-0777,,,37.594146,127.077818,,0,"https://www.google.com/maps/search/?api=1&query=37.594146,127.077818",반려동물용품
2256,ペットショップ,Pet shop,モンイニャンイマーケット サガジョンヨクジョム,Meonginyangi Market Sagajeongyeokjeom,멍이냥이마켓 사가정역점,,中浪区,Jungnang-gu,서울 중랑구 면목로 304,,,,37.579372,127.087442,,0,"https://www.google.com/maps/search/?api=1&query=37.579372,127.087442",반려동물용품
2257,ペットショップ,Pet shop,モクットモク,Mokuttomoku,모쿠또모쿠,,中浪区,Jungnang-gu,서울 중랑구 용마산로 670,0503-7152-0725,https://www.instagram.com/moddomo_,,37.611771,127.101812,5.0,21,"https://www.google.com/maps/search/?api=1&query=37.611771,127.101812",반려동물용품
2258,ペットショップ,Pet shop,ミルレジュ,Millejyu,밀레쥬,,中浪区,Jungnang-gu,서울 중랑구 망우로 353,02-438-7494,,,37.597936,127.089835,,0,"https://www.google.com/maps/search/?api=1&query=37.597936,127.089835",반려동물용품
2259,ペットショップ,Pet shop,ミルォマジョッシ,Mirwomajeossi,밀웜아저씨,,中浪区,Jungnang-gu,서울 중랑구 망우로 479-7,,,,37.601026,127.105306,,0,"https://www.google.com/maps/search/?api=1&query=37.601026,127.105306",반려동물용품
2260,ペットショップ,Pet shop,伴侶動物用品チョム チュンナンジョム,Pet Supplies Jeom Jungnangjeom,반려동물용품점 중랑점,,中浪区,Jungnang-gu,서울 중랑구 망우로 224,02-492-0777,,,37.594101,127.077586,5.0,0,"https://www.google.com/maps/search/?api=1&query=37.594101,127.077586",반려동물용품
2261,ペットショップ,Pet shop,ペニペッ サンボンジョム,Benipet Sangbongjeom,베니펫 상봉점,,中浪区,Jungnang-gu,서울 중랑구 상봉로 96,,,,37.594415,127.093403,,0,"https://www.google.com/maps/search/?api=1&query=37.594415,127.093403",반려동물용품
2262,ペットショップ,Pet shop,ピュチペッ,Byutipet,뷰티펫,,中浪区,Jungnang-gu,서울 중랑구 망우로 377,,,,37.59875,127.094138,,0,"https://www.google.com/maps/search/?api=1&query=37.59875,127.094138",반려동물분양
2263,ペットショップ,Pet shop,ップッチモン,Ppeuttimeong,쁘띠멍,,中浪区,Jungnang-gu,서울 중랑구 용마산로51길 1,,,http://blog.naver.com/cyh0261,37.578549,127.090888,5.0,0,"https://www.google.com/maps/search/?api=1&query=37.578549,127.090888",반려동물분양
2264,ペットショップ,Pet shop,スンジンハン カンアジ,Sunjinhan Gangaji,순진한 강아지,,中浪区,Jungnang-gu,서울 중랑구 용마산로 463,02-493-4966,,http://blog.naver.com/jakman01,37.592683,127.098342,,0,"https://www.google.com/maps/search/?api=1&query=37.592683,127.098342",반려동물용품
2265,ペットショップ,Pet shop,シュシュペッ,Syusyupet,슈슈펫,,中浪区,Jungnang-gu,서울 중랑구 용마산로 494,,,,37.594983,127.100266,,9,"https://www.google.com/maps/search/?api=1&query=37.594983,127.100266",반려동물분양
2266,ペットショップ,Pet shop,シュシュペッ ミョンモクジョム,Syusyupet Myeonmokjeom,슈슈펫 면목점,,中浪区,Jungnang-gu,서울 중랑구 상봉로 69,010-8460-5445,,https://blog.naver.com/dogmeong/,37.592123,127.093192,1.0,0,"https://www.google.com/maps/search/?api=1&query=37.592123,127.093192",반려동물분양
2267,ペットショップ,Pet shop,ッサクドグ,Ssakdogeu,싹도그,,中浪区,Jungnang-gu,서울 중랑구 면목로40길 12,0502-5552-3954,,,37.579023,127.087876,,1,"https://www.google.com/maps/search/?api=1&query=37.579023,127.087876",반려동물용품
2268,ペットショップ,Pet shop,ッシユペッ ミョンモクジョム,Ssiyupet Myeonmokjeom,씨유펫 면목점,,中浪区,Jungnang-gu,서울 중랑구 동일로 599,010-3318-3035,https://www.instagram.com/seeyoupet_myonmok,,37.583839,127.079485,5.0,0,"https://www.google.com/maps/search/?api=1&query=37.583839,127.079485",씨유펫
2269,ペットショップ,Pet shop,ッシユペッ チュンファテルンジョム,Ssiyupet Junghwataereungjeom,씨유펫 중화태릉점,,中浪区,Jungnang-gu,서울 중랑구 동일로129길 35,010-7388-1211,,https://seeyoupet.com,37.599223,127.077506,5.0,0,"https://www.google.com/maps/search/?api=1&query=37.599223,127.077506",씨유펫
2270,ペットショップ,Pet shop,アムドオプゲ ミョンモクジョム,Amudoeopgae Myeonmokjeom,아무도없개 면목점,,中浪区,Jungnang-gu,서울 중랑구 동일로101길 57,010-3938-0911,,https://updog.kr/,37.588735,127.076754,5.0,4,"https://www.google.com/maps/search/?api=1&query=37.588735,127.076754",아무도없개
2271,ペットショップ,Pet shop,アムドオプゲ ポンファサニョクジョム,Amudoeopgae Bonghwasanyeokjeom,아무도없개 봉화산역점,,中浪区,Jungnang-gu,서울 중랑구 신내로 225,010-2306-6567,,https://updog.kr/,37.616818,127.091194,5.0,5,"https://www.google.com/maps/search/?api=1&query=37.616818,127.091194",아무도없개
2272,ペットショップ,Pet shop,アムドオプゲ シンネヨクジョム,Amudoeopgae Sinnaeyeokjeom,아무도없개 신내역점,,中浪区,Jungnang-gu,서울 중랑구 용마산로 670,1644-9896,,https://updog.kr,37.610668,127.101422,,11,"https://www.google.com/maps/search/?api=1&query=37.610668,127.101422",아무도없개
2273,ペットショップ,Pet shop,アテロコリア,Aterokoria,아테로코리아,,中浪区,Jungnang-gu,서울 중랑구 신내역로 111,02-6949-0850,,https://www.arterokorea.com,37.613121,127.112442,,0,"https://www.google.com/maps/search/?api=1&query=37.613121,127.112442",반려동물용품
2274,ペットショップ,Pet shop,愛犬サラン,Dog Sarang,애견사랑,,中浪区,Jungnang-gu,서울 중랑구 봉화산로3길 131,02-3296-2675,,,37.607454,127.074831,,0,"https://www.google.com/maps/search/?api=1&query=37.607454,127.074831",반려동물용품
2275,ペットショップ,Pet shop,オンアネ,Eongane,엉아네,,中浪区,Jungnang-gu,서울 중랑구 상봉중앙로1길 12,010-2145-2533,https://www.instagram.com/eonga_made,,37.599728,127.087427,,0,"https://www.google.com/maps/search/?api=1&query=37.599728,127.087427",반려동물용품
2276,ペットショップ,Pet shop,ワウペッ 愛犬用品ハリンマート,Waupet Dog Supplies Harin Mart,와우펫 애견용품할인마트,,中浪区,Jungnang-gu,서울 중랑구 망우로 203,02-434-1500,,,37.593996,127.075009,5.0,0,"https://www.google.com/maps/search/?api=1&query=37.593996,127.075009",반려동물용품
2277,ペットショップ,Pet shop,ワルァルチュ,Warwalcheu,왈왈츠,,中浪区,Jungnang-gu,서울 중랑구 상봉중앙로1길 12,0507-1345-6379,http://instagram.com/walwaltzz,,37.599617,127.08741,,0,"https://www.google.com/maps/search/?api=1&query=37.599617,127.08741",반려동물분양
2278,ペットショップ,Pet shop,ワッドペスォンチュ,Watdeopeswoncheu,왓더펫원츠,,中浪区,Jungnang-gu,서울 중랑구 봉화산로 121,02-3144-1897,,,37.603307,127.087559,,0,"https://www.google.com/maps/search/?api=1&query=37.603307,127.087559",반려동물용품
2279,ペットショップ,Pet shop,ユニペッ,Yunipet,유니펫,,中浪区,Jungnang-gu,서울 중랑구 용마산로125길 92,,,,37.603906,127.101043,,0,"https://www.google.com/maps/search/?api=1&query=37.603906,127.101043",반려동물용품
2280,ペットショップ,Pet shop,チュイミタウン,Chwimi Town,취미타운,,中浪区,Jungnang-gu,서울 중랑구 봉우재로 180,02-435-3111,,,37.593879,127.092779,,0,"https://www.google.com/maps/search/?api=1&query=37.593879,127.092779",반려동물용품
2281,ペットショップ,Pet shop,キュチペッ,Kyutipet,큐티펫,,中浪区,Jungnang-gu,서울 중랑구 동일로109길 61,,,http://blog.naver.com/qtpet78,37.591238,127.076832,3.7,0,"https://www.google.com/maps/search/?api=1&query=37.591238,127.076832",반려동물분양
2282,ペットショップ,Pet shop,クルマイチュ,Keuru My Jeu,크루마이즈,,中浪区,Jungnang-gu,서울 중랑구 신내역로 111,02-6949-0850,,https://www.kroomize.com,37.613121,127.112442,5.0,0,"https://www.google.com/maps/search/?api=1&query=37.613121,127.112442",반려동물용품
2283,ペットショップ,Pet shop,トッキバプサン,Tokkibapsang,토끼밥상,,中浪区,Jungnang-gu,서울 중랑구 동일로144길 88,,,,37.606374,127.08313,,0,"https://www.google.com/maps/search/?api=1&query=37.606374,127.08313",반려동물용품
2284,ペットショップ,Pet shop,パチュンニュシャプ シルキレプタイル,Pachungnyusyap Silkireptail,파충류샵 실키렙타일,,中浪区,Jungnang-gu,서울 중랑구 용마산로 670,010-8569-3949,,,37.610555,127.101444,,0,"https://www.google.com/maps/search/?api=1&query=37.610555,127.101444",반려동물용품
2285,ペットショップ,Pet shop,ポピコリア,Peopikoria,퍼피코리아,,中浪区,Jungnang-gu,서울 중랑구 겸재로29길 78,02-439-7754,,http://blog.naver.com/puppykorea11,37.591156,127.086143,5.0,0,"https://www.google.com/maps/search/?api=1&query=37.591156,127.086143",반려동물분양
2286,ペットショップ,Pet shop,ポピフラワー チュンナンジョム,Peopi Flower Jungnangjeom,퍼피플라워 중랑점,,中浪区,Jungnang-gu,서울 중랑구 중랑천로14길 48,010-7559-8047,,,37.594422,127.075333,,1300,"https://www.google.com/maps/search/?api=1&query=37.594422,127.075333",반려동물분양
2287,ペットショップ,Pet shop,ファンド トグ,Hwangdo Dogeu,황도 도그,,中浪区,Jungnang-gu,서울 중랑구 동일로144가길 2,010-5554-2791,https://www.instagram.com/HwangDodog/,,37.60546,127.080577,,0,"https://www.google.com/maps/search/?api=1&query=37.60546,127.080577",반려동물용품
2288,ペットショップ,Pet shop,フチュネ愛玩用品マート,Huchune Pet Supplies Mart,후추네애완용품마트,,中浪区,Jungnang-gu,서울 중랑구 사가정로52길 20,02-6012-4206,,,37.579958,127.086971,,0,"https://www.google.com/maps/search/?api=1&query=37.579958,127.086971",반려동물용품
2289,ペットショップ,Pet shop,ヒピ,Hipi,히피,,中浪区,Jungnang-gu,서울 중랑구 동일로126길 8,0507-1855-5241,https://www.instagram.com/_heepy__/,,37.598739,127.080688,5.0,33,"https://www.google.com/maps/search/?api=1&query=37.598739,127.080688",반려동물용품
